feature,region,channel,feature_class,metric,stat,mean_importance,std_importance,ci_lo,ci_hi,cv,rank,median_rank,rank_q025,rank_q975,top20_pct,top50_pct,spearman_rho,spearman_p_value,direction
adipose_H_original_firstorder_Uniformity_mean,adipose,H,firstorder,Uniformity,mean,0.00938,0.003784,0.009146,0.009615,0.403,1,7.0,1.0,72.0,81.9,95.2,-0.3865,0.0,higher feature -> lower survival_target
adipose_H_original_firstorder_InterquartileRange_mean,adipose,H,firstorder,InterquartileRange,mean,0.00891,0.003813,0.008674,0.009147,0.428,2,8.0,1.0,85.0,76.6,92.6,0.3786,0.0,higher feature -> higher survival_target
adipose_H_original_firstorder_Entropy_mean,adipose,H,firstorder,Entropy,mean,0.008747,0.00332,0.008541,0.008953,0.38,3,9.0,1.0,73.1,79.2,95.6,0.3819,0.0,higher feature -> higher survival_target
adipose_H_original_firstorder_RobustMeanAbsoluteDeviation_mean,adipose,H,firstorder,RobustMeanAbsoluteDeviation,mean,0.008349,0.003574,0.008127,0.00857,0.428,4,11.0,2.0,112.0,74.0,90.7,0.3756,0.0,higher feature -> higher survival_target
adipose_H_original_firstorder_Mean_mean,adipose,H,firstorder,Mean,mean,0.008264,0.003441,0.008051,0.008478,0.416,5,11.0,1.0,100.0,71.7,90.8,0.3669,0.0,higher feature -> higher survival_target
adipose_H_original_firstorder_Kurtosis_std,adipose,H,firstorder,Kurtosis,std,0.007934,0.004193,0.007674,0.008194,0.528,6,14.0,1.0,154.0,61.4,83.0,-0.2804,1.7e-05,higher feature -> lower survival_target
adipose_H_original_firstorder_Skewness_mean,adipose,H,firstorder,Skewness,mean,0.006936,0.003138,0.006741,0.00713,0.452,7,19.0,2.0,132.0,53.7,85.3,-0.3715,0.0,higher feature -> lower survival_target
adipose_H_original_firstorder_Kurtosis_mean,adipose,H,firstorder,Kurtosis,mean,0.006859,0.003365,0.006651,0.007068,0.491,8,20.0,2.0,157.0,52.0,80.6,-0.3633,0.0,higher feature -> lower survival_target
adipose_H_original_firstorder_MeanAbsoluteDeviation_mean,adipose,H,firstorder,MeanAbsoluteDeviation,mean,0.006853,0.002886,0.006674,0.007032,0.421,9,17.0,1.0,153.2,57.1,86.1,0.3549,0.0,higher feature -> higher survival_target
adipose_H_original_firstorder_90Percentile_mean,adipose,H,firstorder,90Percentile,mean,0.006541,0.002805,0.006368,0.006715,0.429,10,20.0,4.0,149.2,50.6,82.0,0.364,0.0,higher feature -> higher survival_target
immune_H_original_firstorder_InterquartileRange_mean,immune,H,firstorder,InterquartileRange,mean,0.005887,0.003094,0.005696,0.006079,0.526,11,27.0,2.0,220.0,40.8,70.5,0.3362,0.0,higher feature -> higher survival_target
immune_H_original_firstorder_Uniformity_mean,immune,H,firstorder,Uniformity,mean,0.005764,0.00307,0.005574,0.005954,0.533,12,29.0,2.0,237.1,38.1,68.5,-0.3436,0.0,higher feature -> lower survival_target
immune_H_original_firstorder_RobustMeanAbsoluteDeviation_mean,immune,H,firstorder,RobustMeanAbsoluteDeviation,mean,0.005758,0.003152,0.005563,0.005954,0.547,13,30.0,2.0,266.1,39.0,68.0,0.3317,0.0,higher feature -> higher survival_target
adipose_H_original_firstorder_Variance_mean,adipose,H,firstorder,Variance,mean,0.005568,0.002572,0.005408,0.005727,0.462,14,29.0,3.0,197.0,34.2,72.7,0.3329,0.0,higher feature -> higher survival_target
immune_H_original_firstorder_Entropy_mean,immune,H,firstorder,Entropy,mean,0.005535,0.002902,0.005355,0.005715,0.524,15,32.0,3.0,253.0,35.6,67.8,0.3369,0.0,higher feature -> higher survival_target
adipose_H_original_firstorder_Median_mean,adipose,H,firstorder,Median,mean,0.005507,0.003173,0.00531,0.005703,0.576,16,34.0,2.0,247.4,36.0,63.5,0.3379,0.0,higher feature -> higher survival_target
immune_H_original_firstorder_Skewness_mean,immune,H,firstorder,Skewness,mean,0.005503,0.002959,0.00532,0.005687,0.538,17,33.0,2.0,228.0,34.6,67.5,-0.3295,0.0,higher feature -> lower survival_target
lamina_H_original_firstorder_Kurtosis_std,lamina,H,firstorder,Kurtosis,std,0.00543,0.003187,0.005232,0.005627,0.587,18,34.0,1.0,246.1,34.0,63.2,-0.2585,7.9e-05,higher feature -> lower survival_target
immune_H_original_firstorder_Mean_mean,immune,H,firstorder,Mean,mean,0.005316,0.003077,0.005125,0.005507,0.579,19,37.0,2.0,280.2,31.7,61.4,0.3251,1e-06,higher feature -> higher survival_target
urothelium_E_original_firstorder_Entropy_std,urothelium,E,firstorder,Entropy,std,0.00506,0.00312,0.004867,0.005253,0.617,20,45.0,1.0,285.0,29.1,54.5,-0.2185,0.000898,higher feature -> lower survival_target
immune_H_original_firstorder_Kurtosis_mean,immune,H,firstorder,Kurtosis,mean,0.005022,0.002822,0.004847,0.005197,0.562,21,40.0,2.0,281.1,30.2,59.2,-0.3262,0.0,higher feature -> lower survival_target
adipose_H_original_firstorder_RootMeanSquared_mean,adipose,H,firstorder,RootMeanSquared,mean,0.004987,0.002226,0.004849,0.005125,0.446,22,36.0,7.0,224.1,25.1,64.3,0.3488,0.0,higher feature -> higher survival_target
adipose_H_original_firstorder_Skewness_std,adipose,H,firstorder,Skewness,std,0.004798,0.002875,0.00462,0.004976,0.599,23,45.0,2.0,270.0,26.3,53.0,-0.3024,3e-06,higher feature -> lower survival_target
adipose_H_original_firstorder_Energy_mean,adipose,H,firstorder,Energy,mean,0.004773,0.002262,0.004633,0.004914,0.474,24,39.0,7.0,251.0,23.7,60.1,0.3401,0.0,higher feature -> higher survival_target
adipose_H_original_firstorder_TotalEnergy_mean,adipose,H,firstorder,TotalEnergy,mean,0.004768,0.002275,0.004627,0.004909,0.477,25,39.5,7.0,248.0,24.1,59.0,0.3401,0.0,higher feature -> higher survival_target
lamina_E_original_firstorder_RobustMeanAbsoluteDeviation_std,lamina,E,firstorder,RobustMeanAbsoluteDeviation,std,0.004649,0.002682,0.004482,0.004815,0.577,26,47.5,2.0,265.1,25.3,51.8,-0.2679,4.2e-05,higher feature -> lower survival_target
immune_H_original_firstorder_90Percentile_mean,immune,H,firstorder,90Percentile,mean,0.004615,0.002573,0.004456,0.004775,0.558,27,45.0,5.0,307.0,22.0,54.1,0.3206,1e-06,higher feature -> higher survival_target
lamina_H_original_firstorder_Entropy_mean,lamina,H,firstorder,Entropy,mean,0.004339,0.002405,0.00419,0.004489,0.554,28,49.0,4.0,309.1,20.0,50.9,0.3068,2e-06,higher feature -> higher survival_target
muscularis_H_original_firstorder_Kurtosis_std,muscularis,H,firstorder,Kurtosis,std,0.004308,0.002946,0.004126,0.004491,0.684,29,61.5,2.0,332.1,20.8,43.6,-0.2616,6.4e-05,higher feature -> lower survival_target
urothelium_H_original_firstorder_RootMeanSquared_std,urothelium,H,firstorder,RootMeanSquared,std,0.004266,0.001866,0.00415,0.004381,0.438,30,48.0,7.0,200.1,16.9,52.5,-0.1813,0.006048,higher feature -> lower survival_target
urothelium_H_original_firstorder_Mean_std,urothelium,H,firstorder,Mean,std,0.004232,0.001932,0.004112,0.004352,0.457,31,50.0,6.0,205.1,16.0,50.5,-0.1686,0.010792,higher feature -> lower survival_target
lamina_E_original_firstorder_InterquartileRange_std,lamina,E,firstorder,InterquartileRange,std,0.00423,0.002429,0.00408,0.004381,0.574,32,57.0,4.0,290.0,19.8,44.5,-0.257,8.7e-05,higher feature -> lower survival_target
urothelium_H_original_firstorder_Median_std,urothelium,H,firstorder,Median,std,0.004217,0.002012,0.004092,0.004342,0.477,33,52.0,4.0,225.0,16.6,48.8,-0.1416,0.032639,higher feature -> lower survival_target
immune_H_original_firstorder_TotalEnergy_mean,immune,H,firstorder,TotalEnergy,mean,0.004177,0.002575,0.004018,0.004337,0.616,34,61.0,4.0,350.1,18.8,45.2,0.2918,7e-06,higher feature -> higher survival_target
immune_H_original_firstorder_Energy_mean,immune,H,firstorder,Energy,mean,0.004175,0.002546,0.004017,0.004333,0.61,35,59.0,5.0,353.1,18.4,44.6,0.2918,7e-06,higher feature -> higher survival_target
necrosis_E_original_firstorder_RobustMeanAbsoluteDeviation_std,necrosis,E,firstorder,RobustMeanAbsoluteDeviation,std,0.004033,0.001737,0.003925,0.00414,0.431,36,54.0,8.0,212.0,13.7,46.4,-0.116,0.080464,higher feature -> lower survival_target
muscularis_E_original_firstorder_InterquartileRange_std,muscularis,E,firstorder,InterquartileRange,std,0.004017,0.002313,0.003873,0.00416,0.576,37,63.0,4.0,298.0,17.4,42.4,-0.2487,0.000148,higher feature -> lower survival_target
necrosis_E_original_firstorder_InterquartileRange_std,necrosis,E,firstorder,InterquartileRange,std,0.003921,0.001733,0.003814,0.004029,0.442,38,57.0,9.0,227.0,13.4,44.4,-0.1099,0.09789,higher feature -> lower survival_target
urothelium_E_original_firstorder_Kurtosis_mean,urothelium,E,firstorder,Kurtosis,mean,0.003903,0.00227,0.003762,0.004043,0.582,39,65.0,4.0,343.1,16.4,40.5,-0.2206,0.000797,higher feature -> lower survival_target
immune_H_original_firstorder_MeanAbsoluteDeviation_mean,immune,H,firstorder,MeanAbsoluteDeviation,mean,0.003863,0.00242,0.003713,0.004013,0.626,40,71.0,6.0,367.0,15.7,39.0,0.3001,4e-06,higher feature -> higher survival_target
urothelium_H_original_firstorder_10Percentile_std,urothelium,H,firstorder,10Percentile,std,0.003858,0.001686,0.003753,0.003962,0.437,41,60.0,8.0,217.0,10.8,41.4,-0.1597,0.015773,higher feature -> lower survival_target
muscularis_H_original_firstorder_Entropy_mean,muscularis,H,firstorder,Entropy,mean,0.003852,0.002322,0.003708,0.003996,0.603,42,67.5,5.0,324.2,13.6,38.7,0.3169,1e-06,higher feature -> higher survival_target
necrosis_E_original_firstorder_MeanAbsoluteDeviation_std,necrosis,E,firstorder,MeanAbsoluteDeviation,std,0.003834,0.001629,0.003733,0.003935,0.425,43,58.0,11.0,239.1,9.6,42.6,-0.1283,0.052948,higher feature -> lower survival_target
lamina_H_original_firstorder_Uniformity_mean,lamina,H,firstorder,Uniformity,mean,0.003809,0.002112,0.003678,0.00394,0.554,44,66.0,8.0,342.0,13.0,41.2,-0.3086,2e-06,higher feature -> lower survival_target
lamina_H_original_firstorder_Skewness_std,lamina,H,firstorder,Skewness,std,0.003787,0.002232,0.003648,0.003925,0.589,45,70.0,5.0,306.1,13.0,38.6,-0.2879,1e-05,higher feature -> lower survival_target
lamina_H_original_firstorder_Mean_mean,lamina,H,firstorder,Mean,mean,0.003784,0.002172,0.003649,0.003919,0.574,46,69.0,6.0,353.0,13.2,38.7,0.3022,3e-06,higher feature -> higher survival_target
urothelium_E_original_firstorder_90Percentile_std,urothelium,E,firstorder,90Percentile,std,0.003747,0.002423,0.003597,0.003898,0.647,47,79.0,3.0,341.1,13.7,35.3,-0.2334,0.000378,higher feature -> lower survival_target
urothelium_H_original_firstorder_90Percentile_std,urothelium,H,firstorder,90Percentile,std,0.00372,0.001518,0.003626,0.003814,0.408,48,60.5,11.0,274.1,7.9,41.2,-0.1845,0.005207,higher feature -> lower survival_target
urothelium_H_original_firstorder_TotalEnergy_std,urothelium,H,firstorder,TotalEnergy,std,0.003695,0.001831,0.003581,0.003808,0.496,49,67.0,8.0,269.0,10.5,36.7,-0.1622,0.014221,higher feature -> lower survival_target
immune_H_original_firstorder_RootMeanSquared_mean,immune,H,firstorder,RootMeanSquared,mean,0.003693,0.002052,0.003566,0.00382,0.556,50,71.0,9.0,347.1,11.2,37.6,0.3065,2e-06,higher feature -> higher survival_target
urothelium_H_original_firstorder_Energy_std,urothelium,H,firstorder,Energy,std,0.003689,0.001817,0.003577,0.003802,0.493,51,67.0,8.0,263.2,10.4,35.4,-0.1622,0.014221,higher feature -> lower survival_target
immune_H_original_firstorder_Median_mean,immune,H,firstorder,Median,mean,0.003682,0.002455,0.00353,0.003834,0.667,52,80.0,6.0,396.0,14.4,34.8,0.2962,5e-06,higher feature -> higher survival_target
immune_H_original_firstorder_Kurtosis_std,immune,H,firstorder,Kurtosis,std,0.003624,0.00254,0.003466,0.003781,0.701,53,88.0,4.0,381.0,13.9,34.4,-0.2458,0.000178,higher feature -> lower survival_target
muscularis_E_original_firstorder_RobustMeanAbsoluteDeviation_std,muscularis,E,firstorder,RobustMeanAbsoluteDeviation,std,0.003525,0.001909,0.003407,0.003643,0.542,54,79.0,8.0,313.1,9.6,34.0,-0.254,0.000105,higher feature -> lower survival_target
lamina_H_original_firstorder_Median_mean,lamina,H,firstorder,Median,mean,0.003375,0.002167,0.00324,0.003509,0.642,55,90.5,6.0,401.0,10.7,32.2,0.2917,8e-06,higher feature -> higher survival_target
muscularis_H_original_firstorder_Median_mean,muscularis,H,firstorder,Median,mean,0.003304,0.002134,0.003172,0.003436,0.646,56,98.5,8.0,401.0,10.0,29.5,0.2868,1.1e-05,higher feature -> higher survival_target
immune_H_original_firstorder_Median_std,immune,H,firstorder,Median,std,0.003225,0.002069,0.003097,0.003354,0.642,57,100.0,5.0,342.0,9.3,26.9,0.1933,0.003382,higher feature -> higher survival_target
immune_H_original_firstorder_InterquartileRange_std,immune,H,firstorder,InterquartileRange,std,0.003219,0.002223,0.003082,0.003357,0.691,58,104.0,5.0,383.0,10.0,25.4,0.181,0.00612,higher feature -> higher survival_target
necrosis_E_original_firstorder_10Percentile_mean,necrosis,E,firstorder,10Percentile,mean,0.003178,0.001762,0.003069,0.003287,0.554,59,100.5,8.0,317.1,8.8,26.4,0.1542,0.019855,higher feature -> higher survival_target
muscularis_H_original_firstorder_Uniformity_mean,muscularis,H,firstorder,Uniformity,mean,0.003152,0.001763,0.003043,0.003261,0.559,60,96.0,12.0,367.0,5.4,27.0,-0.3129,1e-06,higher feature -> lower survival_target
vessels_H_original_firstorder_Kurtosis_std,vessels,H,firstorder,Kurtosis,std,0.003131,0.002055,0.003004,0.003258,0.656,61,105.0,7.0,363.0,8.7,24.9,-0.2449,0.000189,higher feature -> lower survival_target
muscularis_H_original_firstorder_InterquartileRange_mean,muscularis,H,firstorder,InterquartileRange,mean,0.003125,0.00179,0.003014,0.003236,0.573,62,97.0,12.0,359.0,5.8,25.5,0.3086,2e-06,higher feature -> higher survival_target
muscularis_E_original_firstorder_10Percentile_mean,muscularis,E,firstorder,10Percentile,mean,0.003114,0.001774,0.003004,0.003224,0.57,63,96.5,10.0,349.1,7.0,26.2,0.1762,0.007663,higher feature -> higher survival_target
immune_H_original_firstorder_RobustMeanAbsoluteDeviation_std,immune,H,firstorder,RobustMeanAbsoluteDeviation,std,0.003113,0.00197,0.002991,0.003235,0.633,64,106.0,7.0,365.0,9.1,25.1,0.1748,0.008177,higher feature -> higher survival_target
urothelium_E_original_firstorder_Skewness_mean,urothelium,E,firstorder,Skewness,mean,0.003072,0.001786,0.002962,0.003183,0.581,65,99.0,9.0,354.0,7.0,24.1,-0.1878,0.004441,higher feature -> lower survival_target
muscularis_E_original_firstorder_Variance_std,muscularis,E,firstorder,Variance,std,0.003044,0.001734,0.002937,0.003152,0.57,66,106.5,10.0,342.1,6.2,21.4,-0.209,0.001509,higher feature -> lower survival_target
necrosis_H_original_firstorder_RobustMeanAbsoluteDeviation_std,necrosis,H,firstorder,RobustMeanAbsoluteDeviation,std,0.00304,0.001516,0.002946,0.003134,0.499,67,95.0,9.0,292.0,5.8,21.7,-0.038,0.568312,higher feature -> lower survival_target
urothelium_E_original_firstorder_MeanAbsoluteDeviation_std,urothelium,E,firstorder,MeanAbsoluteDeviation,std,0.003034,0.001941,0.002913,0.003154,0.64,68,108.0,8.0,364.1,7.3,21.6,-0.1803,0.006348,higher feature -> lower survival_target
urothelium_E_original_firstorder_Skewness_std,urothelium,E,firstorder,Skewness,std,0.002981,0.00151,0.002887,0.003074,0.506,69,97.5,14.0,370.1,4.3,22.0,-0.209,0.001505,higher feature -> lower survival_target
muscularis_E_original_firstorder_MeanAbsoluteDeviation_std,muscularis,E,firstorder,MeanAbsoluteDeviation,std,0.002973,0.001448,0.002883,0.003063,0.487,70,98.0,15.0,356.0,4.0,22.0,-0.2459,0.000176,higher feature -> lower survival_target
tumor_H_original_firstorder_Kurtosis_std,tumor,H,firstorder,Kurtosis,std,0.002934,0.001675,0.00283,0.003038,0.571,71,107.0,10.0,321.0,6.5,19.2,-0.1896,0.004057,higher feature -> lower survival_target
immune_H_original_firstorder_Variance_mean,immune,H,firstorder,Variance,mean,0.002926,0.002072,0.002798,0.003054,0.708,72,123.5,8.0,438.0,8.7,23.8,0.2677,4.2e-05,higher feature -> higher survival_target
urothelium_H_original_firstorder_Entropy_std,urothelium,H,firstorder,Entropy,std,0.002898,0.001328,0.002815,0.00298,0.458,73,104.5,18.0,327.0,3.6,20.0,-0.1713,0.00956,higher feature -> lower survival_target
muscularis_E_original_firstorder_Median_std,muscularis,E,firstorder,Median,std,0.002894,0.001561,0.002797,0.00299,0.539,74,110.5,12.0,339.1,5.2,19.1,-0.1905,0.003895,higher feature -> lower survival_target
lamina_H_original_firstorder_Kurtosis_mean,lamina,H,firstorder,Kurtosis,mean,0.002876,0.001882,0.002759,0.002992,0.654,75,129.0,10.0,401.1,6.8,22.0,-0.2716,3.2e-05,higher feature -> lower survival_target
necrosis_H_original_firstorder_90Percentile_std,necrosis,H,firstorder,90Percentile,std,0.002836,0.001219,0.002761,0.002912,0.43,76,104.0,19.0,275.0,3.3,16.5,-0.0666,0.316364,higher feature -> lower survival_target
muscularis_H_original_firstorder_Kurtosis_mean,muscularis,H,firstorder,Kurtosis,mean,0.002797,0.001728,0.00269,0.002904,0.618,77,126.0,14.0,407.3,4.9,20.2,-0.3006,4e-06,higher feature -> lower survival_target
adipose_H_original_firstorder_InterquartileRange_std,adipose,H,firstorder,InterquartileRange,std,0.00279,0.001853,0.002675,0.002905,0.664,78,132.5,10.0,378.0,6.5,17.9,0.2478,0.000156,higher feature -> higher survival_target
urothelium_H_original_firstorder_Variance_std,urothelium,H,firstorder,Variance,std,0.002789,0.001136,0.002719,0.002859,0.407,79,101.0,26.0,330.0,1.2,15.2,-0.1274,0.054681,higher feature -> lower survival_target
muscularis_H_original_firstorder_RootMeanSquared_mean,muscularis,H,firstorder,RootMeanSquared,mean,0.002783,0.001501,0.00269,0.002876,0.539,80,119.0,20.0,406.0,2.6,19.8,0.3105,2e-06,higher feature -> higher survival_target
adipose_H_original_firstorder_Median_std,adipose,H,firstorder,Median,std,0.002762,0.001734,0.002654,0.002869,0.628,81,126.0,11.0,393.0,5.3,18.4,0.2461,0.000174,higher feature -> higher survival_target
necrosis_H_original_firstorder_MeanAbsoluteDeviation_std,necrosis,H,firstorder,MeanAbsoluteDeviation,std,0.002707,0.001338,0.002624,0.00279,0.494,82,117.0,16.0,329.0,3.4,15.2,-0.114,0.085871,higher feature -> lower survival_target
lamina_E_original_firstorder_MeanAbsoluteDeviation_std,lamina,E,firstorder,MeanAbsoluteDeviation,std,0.002702,0.001637,0.0026,0.002803,0.606,83,131.0,14.0,422.1,4.5,19.4,-0.2363,0.000318,higher feature -> lower survival_target
necrosis_E_original_firstorder_90Percentile_std,necrosis,E,firstorder,90Percentile,std,0.002696,0.000977,0.002635,0.002756,0.362,84,107.0,30.0,291.0,1.1,12.2,-0.0277,0.677403,higher feature -> lower survival_target
urothelium_H_original_firstorder_10Percentile_mean,urothelium,H,firstorder,10Percentile,mean,0.002687,0.001031,0.002623,0.002751,0.384,85,109.0,29.0,311.1,0.7,13.0,-0.0856,0.197819,higher feature -> lower survival_target
lamina_E_original_firstorder_Variance_std,lamina,E,firstorder,Variance,std,0.00268,0.001404,0.002593,0.002767,0.524,86,125.5,17.0,350.0,3.2,14.8,-0.1904,0.003906,higher feature -> lower survival_target
urothelium_H_original_firstorder_MeanAbsoluteDeviation_std,urothelium,H,firstorder,MeanAbsoluteDeviation,std,0.002654,0.001101,0.002585,0.002722,0.415,87,112.5,25.0,361.0,1.6,13.1,-0.1585,0.016585,higher feature -> lower survival_target
muscularis_E_original_firstorder_Entropy_std,muscularis,E,firstorder,Entropy,std,0.00265,0.001395,0.002563,0.002736,0.526,88,124.0,19.0,388.0,3.2,15.5,-0.1274,0.054791,higher feature -> lower survival_target
necrosis_H_original_firstorder_InterquartileRange_mean,necrosis,H,firstorder,InterquartileRange,mean,0.002643,0.001811,0.002531,0.002755,0.685,89,146.0,12.0,412.0,6.1,17.2,0.2403,0.00025,higher feature -> higher survival_target
urothelium_H_original_firstorder_RobustMeanAbsoluteDeviation_std,urothelium,H,firstorder,RobustMeanAbsoluteDeviation,std,0.002635,0.001008,0.002572,0.002697,0.383,90,109.0,29.0,344.0,0.8,11.1,-0.1429,0.030962,higher feature -> lower survival_target
muscularis_H_original_firstorder_Mean_mean,muscularis,H,firstorder,Mean,mean,0.002619,0.001563,0.002522,0.002716,0.597,91,143.0,19.0,417.0,2.7,16.7,0.3,4e-06,higher feature -> higher survival_target
urothelium_H_original_firstorder_InterquartileRange_std,urothelium,H,firstorder,InterquartileRange,std,0.002617,0.001031,0.002553,0.002681,0.394,92,112.0,28.0,357.1,0.8,10.7,-0.1312,0.047912,higher feature -> lower survival_target
necrosis_H_original_firstorder_InterquartileRange_std,necrosis,H,firstorder,InterquartileRange,std,0.002606,0.001159,0.002534,0.002677,0.445,93,120.0,22.0,316.0,2.3,13.5,-0.0251,0.705904,higher feature -> lower survival_target
muscularis_H_original_firstorder_RobustMeanAbsoluteDeviation_mean,muscularis,H,firstorder,RobustMeanAbsoluteDeviation,mean,0.002598,0.001394,0.002512,0.002685,0.537,94,131.0,19.0,391.0,3.0,14.8,0.3029,3e-06,higher feature -> higher survival_target
necrosis_H_original_firstorder_Energy_std,necrosis,H,firstorder,Energy,std,0.002556,0.001087,0.002489,0.002623,0.425,95,123.5,25.0,327.0,1.8,9.9,0.1586,0.016556,higher feature -> higher survival_target
necrosis_H_original_firstorder_TotalEnergy_std,necrosis,H,firstorder,TotalEnergy,std,0.002554,0.001082,0.002487,0.002621,0.424,96,124.0,25.0,320.0,2.1,10.1,0.1586,0.016556,higher feature -> higher survival_target
muscularis_H_original_firstorder_Energy_mean,muscularis,H,firstorder,Energy,mean,0.002545,0.001409,0.002458,0.002632,0.554,97,141.0,22.0,427.1,1.8,15.3,0.3051,3e-06,higher feature -> higher survival_target
muscularis_H_original_firstorder_TotalEnergy_mean,muscularis,H,firstorder,TotalEnergy,mean,0.00254,0.001401,0.002453,0.002627,0.552,98,142.0,23.0,419.0,1.8,15.6,0.3051,3e-06,higher feature -> higher survival_target
lamina_H_original_firstorder_RootMeanSquared_mean,lamina,H,firstorder,RootMeanSquared,mean,0.002534,0.001579,0.002436,0.002632,0.623,99,148.0,15.0,431.0,4.2,14.6,0.2841,1.3e-05,higher feature -> higher survival_target
tumor_H_original_firstorder_MeanAbsoluteDeviation_std,tumor,H,firstorder,MeanAbsoluteDeviation,std,0.002533,0.001091,0.002465,0.0026,0.431,100,128.5,28.0,310.0,1.3,9.9,-0.084,0.206349,higher feature -> lower survival_target
adipose_H_original_firstorder_Mean_std,adipose,H,firstorder,Mean,std,0.002529,0.001519,0.002435,0.002623,0.601,101,149.0,17.0,390.0,3.7,15.7,0.2279,0.000523,higher feature -> higher survival_target
lamina_E_original_firstorder_10Percentile_mean,lamina,E,firstorder,10Percentile,mean,0.002515,0.001413,0.002428,0.002603,0.562,102,139.0,19.0,403.0,2.8,12.9,0.1437,0.030036,higher feature -> higher survival_target
necrosis_E_original_firstorder_Entropy_std,necrosis,E,firstorder,Entropy,std,0.002511,0.000881,0.002457,0.002566,0.351,103,115.5,35.0,333.1,0.2,8.5,-0.0373,0.575054,higher feature -> lower survival_target
tumor_H_original_firstorder_Variance_mean,tumor,H,firstorder,Variance,mean,0.00251,0.001769,0.002401,0.00262,0.705,104,164.5,9.0,416.0,6.2,14.9,0.2064,0.001725,higher feature -> higher survival_target
necrosis_E_original_firstorder_RootMeanSquared_std,necrosis,E,firstorder,RootMeanSquared,std,0.002506,0.000933,0.002449,0.002564,0.372,105,125.0,31.0,303.0,0.9,9.5,-0.001,0.988088,higher feature -> lower survival_target
muscularis_H_original_firstorder_Median_std,muscularis,H,firstorder,Median,std,0.002506,0.001481,0.002414,0.002598,0.591,106,150.0,17.0,402.0,3.8,14.8,0.2721,3.1e-05,higher feature -> higher survival_target
necrosis_H_original_firstorder_Uniformity_mean,necrosis,H,firstorder,Uniformity,mean,0.002495,0.001615,0.002394,0.002595,0.647,107,162.0,14.0,412.0,4.3,14.1,-0.2319,0.000415,higher feature -> lower survival_target
adipose_H_original_firstorder_10Percentile_mean,adipose,H,firstorder,10Percentile,mean,0.002485,0.001436,0.002396,0.002574,0.578,108,142.0,19.0,398.0,3.1,11.9,0.2182,0.000911,higher feature -> higher survival_target
vessels_H_original_firstorder_Kurtosis_mean,vessels,H,firstorder,Kurtosis,mean,0.002481,0.001641,0.00238,0.002583,0.661,109,157.5,18.0,444.0,3.6,15.7,-0.2797,1.8e-05,higher feature -> lower survival_target
necrosis_E_original_firstorder_Median_mean,necrosis,E,firstorder,Median,mean,0.002455,0.001405,0.002368,0.002542,0.572,110,154.0,16.0,417.1,3.8,14.6,0.1745,0.008263,higher feature -> higher survival_target
muscularis_H_original_firstorder_Skewness_std,muscularis,H,firstorder,Skewness,std,0.002424,0.001243,0.002347,0.002501,0.513,111,149.0,23.0,363.1,2.1,9.9,-0.2373,0.0003,higher feature -> lower survival_target
urothelium_E_original_firstorder_RootMeanSquared_std,urothelium,E,firstorder,RootMeanSquared,std,0.002419,0.001411,0.002331,0.002506,0.583,112,153.5,18.0,411.0,3.0,13.0,-0.208,0.001592,higher feature -> lower survival_target
urothelium_E_original_firstorder_RobustMeanAbsoluteDeviation_std,urothelium,E,firstorder,RobustMeanAbsoluteDeviation,std,0.002408,0.001392,0.002322,0.002495,0.578,113,151.0,18.0,390.0,3.0,10.0,-0.1308,0.04859,higher feature -> lower survival_target
tumor_H_original_firstorder_InterquartileRange_std,tumor,H,firstorder,InterquartileRange,std,0.002403,0.001103,0.002334,0.002471,0.459,114,136.0,27.0,355.0,1.7,7.9,-0.0653,0.326266,higher feature -> lower survival_target
tumor_E_original_firstorder_MeanAbsoluteDeviation_std,tumor,E,firstorder,MeanAbsoluteDeviation,std,0.002393,0.00092,0.002336,0.00245,0.384,115,135.0,29.0,362.0,0.7,7.5,0.0242,0.716034,higher feature -> higher survival_target
necrosis_E_original_firstorder_Variance_std,necrosis,E,firstorder,Variance,std,0.002387,0.001079,0.002321,0.002454,0.452,116,144.5,28.0,364.0,1.3,10.0,-0.0492,0.45951,higher feature -> lower survival_target
urothelium_H_original_firstorder_TotalEnergy_mean,urothelium,H,firstorder,TotalEnergy,mean,0.002387,0.000784,0.002338,0.002435,0.329,117,126.0,42.0,329.1,0.0,4.1,-0.053,0.426056,higher feature -> lower survival_target
urothelium_H_original_firstorder_Energy_mean,urothelium,H,firstorder,Energy,mean,0.002381,0.000787,0.002332,0.00243,0.331,118,128.0,44.0,323.0,0.1,4.4,-0.053,0.426056,higher feature -> lower survival_target
urothelium_H_original_firstorder_Kurtosis_std,urothelium,H,firstorder,Kurtosis,std,0.002369,0.001478,0.002277,0.00246,0.624,119,179.5,15.0,396.0,3.9,11.8,-0.1994,0.002488,higher feature -> lower survival_target
tumor_H_original_firstorder_10Percentile_std,tumor,H,firstorder,10Percentile,std,0.002364,0.001395,0.002278,0.002451,0.59,120,160.5,18.0,388.0,3.3,10.3,0.1052,0.113032,higher feature -> higher survival_target
necrosis_H_original_firstorder_Entropy_mean,necrosis,H,firstorder,Entropy,mean,0.002361,0.001535,0.002266,0.002456,0.65,121,173.0,16.0,413.0,3.6,12.0,0.2287,0.0005,higher feature -> higher survival_target
tumor_E_original_firstorder_InterquartileRange_std,tumor,E,firstorder,InterquartileRange,std,0.002356,0.000864,0.002302,0.002409,0.367,122,138.0,36.0,332.0,0.3,7.1,0.035,0.598978,higher feature -> higher survival_target
muscularis_H_original_firstorder_MeanAbsoluteDeviation_mean,muscularis,H,firstorder,MeanAbsoluteDeviation,mean,0.002334,0.001256,0.002256,0.002411,0.538,123,162.0,24.0,399.1,1.3,10.5,0.3016,4e-06,higher feature -> higher survival_target
necrosis_H_original_firstorder_RootMeanSquared_mean,necrosis,H,firstorder,RootMeanSquared,mean,0.002321,0.001748,0.002212,0.002429,0.753,124,194.0,12.0,443.0,4.5,13.2,0.2181,0.000914,higher feature -> higher survival_target
necrosis_H_original_firstorder_Mean_std,necrosis,H,firstorder,Mean,std,0.002304,0.000753,0.002257,0.002351,0.327,125,138.0,42.0,306.1,0.2,4.7,0.0869,0.191256,higher feature -> higher survival_target
muscularis_H_original_firstorder_Mean_std,muscularis,H,firstorder,Mean,std,0.002283,0.001307,0.002202,0.002364,0.573,126,169.0,22.0,412.0,2.4,10.1,0.2438,0.000202,higher feature -> higher survival_target
necrosis_H_original_firstorder_Median_mean,necrosis,H,firstorder,Median,mean,0.002261,0.001149,0.002189,0.002332,0.508,127,167.5,27.0,380.0,1.4,8.5,0.2169,0.000981,higher feature -> higher survival_target
muscularis_H_original_firstorder_Skewness_mean,muscularis,H,firstorder,Skewness,mean,0.002256,0.001181,0.002183,0.00233,0.524,128,170.0,27.0,409.1,1.3,9.0,-0.2947,6e-06,higher feature -> lower survival_target
vessels_H_original_firstorder_10Percentile_std,vessels,H,firstorder,10Percentile,std,0.002252,0.001053,0.002186,0.002317,0.468,129,158.0,32.0,395.0,0.9,7.9,0.0013,0.984316,higher feature -> higher survival_target
necrosis_H_original_firstorder_RobustMeanAbsoluteDeviation_mean,necrosis,H,firstorder,RobustMeanAbsoluteDeviation,mean,0.002251,0.001588,0.002152,0.002349,0.706,130,194.5,16.0,433.0,3.7,10.8,0.2265,0.00057,higher feature -> higher survival_target
tumor_H_original_firstorder_RobustMeanAbsoluteDeviation_std,tumor,H,firstorder,RobustMeanAbsoluteDeviation,std,0.002248,0.000978,0.002187,0.002308,0.435,131,155.0,31.0,359.1,1.2,5.3,-0.062,0.351545,higher feature -> lower survival_target
adipose_H_original_firstorder_10Percentile_std,adipose,H,firstorder,10Percentile,std,0.002238,0.00133,0.002156,0.002321,0.594,132,173.0,23.0,399.0,2.3,9.6,0.1765,0.007544,higher feature -> higher survival_target
muscularis_H_original_firstorder_Variance_mean,muscularis,H,firstorder,Variance,mean,0.002203,0.001429,0.002114,0.002292,0.649,133,190.0,23.0,438.0,2.3,9.0,0.289,9e-06,higher feature -> higher survival_target
lamina_H_original_firstorder_90Percentile_mean,lamina,H,firstorder,90Percentile,mean,0.002201,0.001388,0.002115,0.002287,0.631,134,192.0,23.0,439.0,1.9,10.0,0.2737,2.8e-05,higher feature -> higher survival_target
lamina_H_original_firstorder_InterquartileRange_mean,lamina,H,firstorder,InterquartileRange,mean,0.002196,0.001326,0.002114,0.002278,0.604,135,189.0,24.0,426.0,1.7,9.8,0.2618,6.3e-05,higher feature -> higher survival_target
necrosis_E_original_firstorder_Uniformity_mean,necrosis,E,firstorder,Uniformity,mean,0.002194,0.001194,0.00212,0.002268,0.544,136,177.0,22.0,415.0,2.5,8.6,-0.1608,0.015049,higher feature -> lower survival_target
tumor_E_original_firstorder_RobustMeanAbsoluteDeviation_std,tumor,E,firstorder,RobustMeanAbsoluteDeviation,std,0.002192,0.000775,0.002144,0.00224,0.354,137,152.0,44.0,356.0,0.1,4.1,0.0212,0.750625,higher feature -> higher survival_target
lamina_H_original_firstorder_RobustMeanAbsoluteDeviation_mean,lamina,H,firstorder,RobustMeanAbsoluteDeviation,mean,0.00219,0.001421,0.002102,0.002278,0.649,138,195.0,22.0,428.0,2.3,9.7,0.2566,8.9e-05,higher feature -> higher survival_target
muscularis_E_original_firstorder_RobustMeanAbsoluteDeviation_mean,muscularis,E,firstorder,RobustMeanAbsoluteDeviation,mean,0.002178,0.000951,0.002119,0.002237,0.437,139,162.0,35.0,385.0,0.4,6.0,-0.0609,0.359676,higher feature -> lower survival_target
lamina_H_original_firstorder_MeanAbsoluteDeviation_std,lamina,H,firstorder,MeanAbsoluteDeviation,std,0.002163,0.001084,0.002096,0.00223,0.501,140,176.0,29.0,396.0,1.1,7.5,-0.0781,0.239921,higher feature -> lower survival_target
vessels_E_original_firstorder_Entropy_std,vessels,E,firstorder,Entropy,std,0.002153,0.001252,0.002076,0.002231,0.581,141,189.0,25.0,432.0,1.8,8.5,-0.1851,0.005051,higher feature -> lower survival_target
urothelium_H_original_firstorder_Variance_mean,urothelium,H,firstorder,Variance,mean,0.00215,0.000707,0.002106,0.002193,0.329,142,154.0,49.0,345.0,0.0,2.9,0.0056,0.932679,higher feature -> higher survival_target
muscularis_E_original_firstorder_InterquartileRange_mean,muscularis,E,firstorder,InterquartileRange,mean,0.002118,0.000888,0.002063,0.002173,0.419,143,168.0,38.0,394.1,0.4,4.9,-0.0545,0.413162,higher feature -> lower survival_target
lamina_H_original_firstorder_RobustMeanAbsoluteDeviation_std,lamina,H,firstorder,RobustMeanAbsoluteDeviation,std,0.002118,0.000858,0.002065,0.002172,0.405,144,167.5,40.0,374.0,0.4,5.0,-0.0457,0.49185,higher feature -> lower survival_target
necrosis_H_original_firstorder_Median_std,necrosis,H,firstorder,Median,std,0.002118,0.000828,0.002067,0.002169,0.391,145,169.0,39.0,366.2,0.1,4.7,0.1476,0.025855,higher feature -> higher survival_target
necrosis_H_original_firstorder_RootMeanSquared_std,necrosis,H,firstorder,RootMeanSquared,std,0.002116,0.000787,0.002067,0.002164,0.372,146,167.0,45.0,348.0,0.6,3.6,-0.0139,0.834712,higher feature -> lower survival_target
vessels_H_original_firstorder_10Percentile_mean,vessels,H,firstorder,10Percentile,mean,0.002113,0.000965,0.002053,0.002173,0.457,147,178.0,33.0,392.0,0.5,7.2,0.0807,0.224735,higher feature -> higher survival_target
necrosis_E_original_firstorder_10Percentile_std,necrosis,E,firstorder,10Percentile,std,0.002107,0.001057,0.002042,0.002173,0.502,148,176.5,35.0,401.1,1.2,5.7,0.0936,0.158836,higher feature -> higher survival_target
lamina_H_original_firstorder_InterquartileRange_std,lamina,H,firstorder,InterquartileRange,std,0.002104,0.000879,0.00205,0.002158,0.418,149,173.0,38.0,375.0,0.9,4.9,-0.0474,0.476393,higher feature -> lower survival_target
vessels_E_original_firstorder_MeanAbsoluteDeviation_std,vessels,E,firstorder,MeanAbsoluteDeviation,std,0.002093,0.001402,0.002006,0.00218,0.67,150,205.0,22.0,425.0,2.4,7.9,-0.1694,0.010406,higher feature -> lower survival_target
muscularis_H_original_firstorder_90Percentile_mean,muscularis,H,firstorder,90Percentile,mean,0.002087,0.001063,0.002021,0.002153,0.509,151,190.5,31.0,431.0,0.6,6.4,0.3024,3e-06,higher feature -> higher survival_target
tumor_H_original_firstorder_Energy_mean,tumor,H,firstorder,Energy,mean,0.002083,0.001486,0.001991,0.002175,0.713,152,230.0,17.0,451.0,3.0,10.0,0.2096,0.001459,higher feature -> higher survival_target
urothelium_E_original_firstorder_Kurtosis_std,urothelium,E,firstorder,Kurtosis,std,0.002081,0.00091,0.002025,0.002138,0.437,153,175.0,42.0,408.0,0.5,4.3,-0.1776,0.00717,higher feature -> lower survival_target
tumor_H_original_firstorder_TotalEnergy_mean,tumor,H,firstorder,TotalEnergy,mean,0.00208,0.001479,0.001988,0.002171,0.711,154,233.0,17.0,446.0,3.2,9.3,0.2096,0.001459,higher feature -> higher survival_target
tumor_H_original_firstorder_RootMeanSquared_mean,tumor,H,firstorder,RootMeanSquared,mean,0.002079,0.001527,0.001984,0.002174,0.734,155,235.0,16.0,453.0,3.8,10.7,0.2255,0.000603,higher feature -> higher survival_target
necrosis_E_original_firstorder_Entropy_mean,necrosis,E,firstorder,Entropy,mean,0.002078,0.001082,0.002011,0.002145,0.521,156,190.5,26.0,424.0,1.7,7.3,0.1422,0.031884,higher feature -> higher survival_target
urothelium_E_original_firstorder_InterquartileRange_std,urothelium,E,firstorder,InterquartileRange,std,0.002076,0.001166,0.002004,0.002148,0.561,157,195.5,26.0,400.0,1.7,5.7,-0.0864,0.193651,higher feature -> lower survival_target
necrosis_H_original_firstorder_Mean_mean,necrosis,H,firstorder,Mean,mean,0.002043,0.001265,0.001965,0.002122,0.619,158,221.0,24.0,434.1,2.0,8.2,0.218,0.000923,higher feature -> higher survival_target
tumor_E_original_firstorder_90Percentile_std,tumor,E,firstorder,90Percentile,std,0.002035,0.000792,0.001986,0.002084,0.389,159,176.0,49.0,400.0,0.3,2.9,0.0212,0.750475,higher feature -> higher survival_target
tumor_H_original_firstorder_10Percentile_mean,tumor,H,firstorder,10Percentile,mean,0.002034,0.000997,0.001973,0.002096,0.49,160,191.5,32.0,380.0,1.0,4.6,0.1134,0.087668,higher feature -> higher survival_target
tumor_E_original_firstorder_Entropy_std,tumor,E,firstorder,Entropy,std,0.002034,0.00077,0.001987,0.002082,0.378,161,180.0,47.0,401.0,0.1,3.5,-0.0353,0.595978,higher feature -> lower survival_target
tumor_H_original_firstorder_90Percentile_std,tumor,H,firstorder,90Percentile,std,0.002034,0.000711,0.00199,0.002078,0.35,162,171.0,52.0,377.1,0.2,2.3,-0.0122,0.855094,higher feature -> lower survival_target
immune_H_original_firstorder_Skewness_std,immune,H,firstorder,Skewness,std,0.002031,0.00117,0.001958,0.002103,0.576,163,212.5,27.0,417.0,1.4,7.9,-0.2412,0.000236,higher feature -> lower survival_target
muscularis_E_original_firstorder_Mean_std,muscularis,E,firstorder,Mean,std,0.002029,0.000939,0.001971,0.002088,0.463,164,188.0,35.0,411.0,0.8,4.8,-0.1232,0.06332,higher feature -> lower survival_target
necrosis_E_original_firstorder_Mean_std,necrosis,E,firstorder,Mean,std,0.002028,0.000672,0.001987,0.00207,0.332,165,176.0,54.0,357.0,0.2,2.3,0.0335,0.615072,higher feature -> higher survival_target
tumor_H_original_firstorder_Entropy_std,tumor,H,firstorder,Entropy,std,0.002028,0.001047,0.001963,0.002093,0.516,166,202.0,29.0,406.0,1.6,5.8,-0.1345,0.042401,higher feature -> lower survival_target
muscularis_H_original_firstorder_TotalEnergy_std,muscularis,H,firstorder,TotalEnergy,std,0.002021,0.00117,0.001949,0.002094,0.579,167,208.0,30.0,433.0,1.1,7.3,0.2611,6.6e-05,higher feature -> higher survival_target
tumor_E_original_firstorder_TotalEnergy_mean,tumor,E,firstorder,TotalEnergy,mean,0.002019,0.001128,0.001949,0.002089,0.559,168,203.5,28.0,431.0,1.7,6.5,0.1158,0.08111,higher feature -> higher survival_target
muscularis_H_original_firstorder_Energy_std,muscularis,H,firstorder,Energy,std,0.002012,0.001167,0.00194,0.002084,0.58,169,208.5,30.0,444.0,1.4,6.8,0.2611,6.6e-05,higher feature -> higher survival_target
tumor_E_original_firstorder_Energy_mean,tumor,E,firstorder,Energy,mean,0.002009,0.001139,0.001939,0.00208,0.567,170,202.5,27.0,442.0,1.8,6.6,0.1158,0.08111,higher feature -> higher survival_target
necrosis_E_original_firstorder_Mean_mean,necrosis,E,firstorder,Mean,mean,0.001961,0.001153,0.001889,0.002032,0.588,171,226.5,30.0,441.0,1.4,7.3,0.1534,0.020496,higher feature -> higher survival_target
vessels_H_original_firstorder_Skewness_std,vessels,H,firstorder,Skewness,std,0.001961,0.001127,0.001891,0.002031,0.575,172,218.0,33.0,432.0,1.3,5.6,-0.228,0.00052,higher feature -> lower survival_target
urothelium_H_original_firstorder_Median_mean,urothelium,H,firstorder,Median,mean,0.001954,0.000815,0.001904,0.002005,0.417,173,199.0,47.0,405.0,0.4,3.6,0.0202,0.761564,higher feature -> higher survival_target
adipose_H_original_firstorder_RobustMeanAbsoluteDeviation_std,adipose,H,firstorder,RobustMeanAbsoluteDeviation,std,0.001947,0.001065,0.001881,0.002013,0.547,174,217.0,32.0,425.0,0.9,5.9,0.2153,0.001072,higher feature -> higher survival_target
urothelium_H_original_firstorder_Mean_mean,urothelium,H,firstorder,Mean,mean,0.001945,0.000693,0.001903,0.001988,0.356,175,188.0,60.9,391.0,0.1,1.5,0.0221,0.740172,higher feature -> higher survival_target
necrosis_E_original_firstorder_Skewness_mean,necrosis,E,firstorder,Skewness,mean,0.001943,0.00094,0.001884,0.002001,0.484,176,205.0,42.0,423.0,0.7,4.8,-0.1035,0.119123,higher feature -> lower survival_target
urothelium_H_original_firstorder_Skewness_mean,urothelium,H,firstorder,Skewness,mean,0.001942,0.000796,0.001892,0.001991,0.41,177,198.0,49.0,406.0,0.5,3.0,-0.0863,0.194397,higher feature -> lower survival_target
immune_H_original_firstorder_Variance_std,immune,H,firstorder,Variance,std,0.001942,0.001161,0.00187,0.002014,0.598,178,221.0,27.0,444.0,1.5,6.9,0.1496,0.02383,higher feature -> higher survival_target
vessels_E_original_firstorder_RobustMeanAbsoluteDeviation_std,vessels,E,firstorder,RobustMeanAbsoluteDeviation,std,0.001933,0.001262,0.001855,0.002011,0.653,179,237.0,25.0,440.0,1.8,7.5,-0.126,0.05752,higher feature -> lower survival_target
immune_E_original_firstorder_Kurtosis_std,immune,E,firstorder,Kurtosis,std,0.001926,0.000891,0.001871,0.001981,0.463,180,203.5,41.0,432.0,0.6,4.8,0.0074,0.91135,higher feature -> higher survival_target
vessels_E_original_firstorder_10Percentile_mean,vessels,E,firstorder,10Percentile,mean,0.001919,0.001023,0.001855,0.001982,0.533,181,215.0,31.0,434.0,1.0,6.2,0.1216,0.066773,higher feature -> higher survival_target
urothelium_H_original_firstorder_MeanAbsoluteDeviation_mean,urothelium,H,firstorder,MeanAbsoluteDeviation,mean,0.001913,0.000631,0.001874,0.001952,0.33,182,188.5,61.0,383.0,0.0,1.4,0.0426,0.522568,higher feature -> higher survival_target
necrosis_H_original_firstorder_Kurtosis_std,necrosis,H,firstorder,Kurtosis,std,0.001913,0.000752,0.001866,0.001959,0.393,183,200.5,51.0,387.1,0.3,2.4,-0.0957,0.149873,higher feature -> lower survival_target
tumor_H_original_firstorder_Entropy_mean,tumor,H,firstorder,Entropy,mean,0.001893,0.001418,0.001805,0.001981,0.749,184,273.0,23.0,449.0,2.3,7.4,0.2201,0.000819,higher feature -> higher survival_target
necrosis_H_original_firstorder_TotalEnergy_mean,necrosis,H,firstorder,TotalEnergy,mean,0.001888,0.001206,0.001813,0.001963,0.639,185,245.0,31.0,437.0,1.1,6.3,0.2089,0.00151,higher feature -> higher survival_target
tumor_E_original_firstorder_Variance_mean,tumor,E,firstorder,Variance,mean,0.001886,0.0009,0.001831,0.001942,0.477,186,217.0,40.0,428.0,0.8,3.7,0.1336,0.043944,higher feature -> higher survival_target
necrosis_H_original_firstorder_Energy_mean,necrosis,H,firstorder,Energy,mean,0.001886,0.001197,0.001811,0.00196,0.635,187,242.5,31.0,442.0,1.0,6.5,0.2089,0.00151,higher feature -> higher survival_target
lamina_H_original_firstorder_10Percentile_mean,lamina,H,firstorder,10Percentile,mean,0.001884,0.001027,0.00182,0.001947,0.545,188,237.0,35.0,434.0,0.8,5.4,0.1893,0.004116,higher feature -> higher survival_target
muscularis_E_original_firstorder_90Percentile_std,muscularis,E,firstorder,90Percentile,std,0.00188,0.000763,0.001833,0.001927,0.406,189,205.5,48.0,419.1,0.2,3.1,-0.1159,0.080714,higher feature -> lower survival_target
urothelium_H_original_firstorder_RootMeanSquared_mean,urothelium,H,firstorder,RootMeanSquared,mean,0.001875,0.000596,0.001838,0.001912,0.318,190,197.5,61.0,382.0,0.0,0.5,0.0114,0.863885,higher feature -> higher survival_target
tumor_H_original_firstorder_Mean_mean,tumor,H,firstorder,Mean,mean,0.001872,0.001328,0.001789,0.001954,0.71,191,277.0,19.0,448.0,2.7,7.8,0.2047,0.001886,higher feature -> higher survival_target
tumor_H_original_firstorder_90Percentile_mean,tumor,H,firstorder,90Percentile,mean,0.001871,0.001376,0.001786,0.001957,0.735,192,269.5,22.0,449.0,2.3,7.2,0.1961,0.002936,higher feature -> higher survival_target
vessels_H_original_firstorder_Median_mean,vessels,H,firstorder,Median,mean,0.001861,0.000831,0.001809,0.001912,0.446,193,212.5,46.0,427.0,0.4,3.0,0.2087,0.001527,higher feature -> higher survival_target
tumor_H_original_firstorder_MeanAbsoluteDeviation_mean,tumor,H,firstorder,MeanAbsoluteDeviation,mean,0.001852,0.00133,0.001769,0.001934,0.718,194,261.0,25.0,447.0,1.8,7.2,0.1853,0.00501,higher feature -> higher survival_target
lamina_H_original_firstorder_MeanAbsoluteDeviation_mean,lamina,H,firstorder,MeanAbsoluteDeviation,mean,0.00185,0.001131,0.00178,0.00192,0.611,195,254.0,26.0,440.0,1.4,6.6,0.2409,0.000241,higher feature -> higher survival_target
urothelium_H_original_firstorder_InterquartileRange_mean,urothelium,H,firstorder,InterquartileRange,mean,0.001848,0.000625,0.001809,0.001887,0.338,196,207.0,63.0,386.0,0.1,1.5,0.0493,0.459261,higher feature -> higher survival_target
tumor_H_original_firstorder_Median_mean,tumor,H,firstorder,Median,mean,0.001848,0.001039,0.001784,0.001912,0.562,197,238.5,33.0,422.0,0.8,4.9,0.2116,0.00131,higher feature -> higher survival_target
muscularis_H_original_firstorder_InterquartileRange_std,muscularis,H,firstorder,InterquartileRange,std,0.001845,0.000923,0.001788,0.001903,0.5,198,231.0,40.0,427.0,0.7,4.6,0.1582,0.016805,higher feature -> higher survival_target
necrosis_E_original_firstorder_Median_std,necrosis,E,firstorder,Median,std,0.001845,0.00062,0.001807,0.001883,0.336,199,205.0,67.9,391.0,0.1,1.3,0.0144,0.828917,higher feature -> higher survival_target
immune_H_original_firstorder_10Percentile_std,immune,H,firstorder,10Percentile,std,0.001834,0.000799,0.001784,0.001883,0.435,200,220.0,43.0,417.0,0.3,3.5,0.1439,0.029838,higher feature -> higher survival_target
lamina_H_original_firstorder_90Percentile_std,lamina,H,firstorder,90Percentile,std,0.001829,0.000758,0.001782,0.001876,0.415,201,217.5,49.0,411.0,0.2,2.6,-0.0388,0.560207,higher feature -> lower survival_target
vessels_H_original_firstorder_Energy_std,vessels,H,firstorder,Energy,std,0.001828,0.000754,0.001781,0.001875,0.413,202,216.0,56.0,416.0,0.1,1.9,-0.01,0.881071,higher feature -> lower survival_target
vessels_H_original_firstorder_TotalEnergy_std,vessels,H,firstorder,TotalEnergy,std,0.001828,0.000766,0.00178,0.001875,0.419,203,213.0,53.0,420.0,0.2,2.3,-0.01,0.881071,higher feature -> lower survival_target
tumor_E_original_firstorder_Median_mean,tumor,E,firstorder,Median,mean,0.001826,0.001044,0.001761,0.001891,0.572,204,235.5,34.9,442.0,1.4,4.7,0.1105,0.096089,higher feature -> higher survival_target
urothelium_E_original_firstorder_Mean_std,urothelium,E,firstorder,Mean,std,0.001823,0.000858,0.00177,0.001876,0.471,205,227.0,42.0,430.0,0.7,3.3,-0.1571,0.017624,higher feature -> lower survival_target
tumor_E_original_firstorder_10Percentile_mean,tumor,E,firstorder,10Percentile,mean,0.001815,0.000833,0.001763,0.001867,0.459,206,227.0,48.0,423.0,0.6,3.0,0.0966,0.145743,higher feature -> higher survival_target
muscularis_E_original_firstorder_RootMeanSquared_std,muscularis,E,firstorder,RootMeanSquared,std,0.001815,0.000843,0.001762,0.001867,0.465,207,230.0,40.0,434.0,0.3,3.7,-0.127,0.055535,higher feature -> lower survival_target
vessels_H_original_firstorder_Skewness_mean,vessels,H,firstorder,Skewness,mean,0.001812,0.001115,0.001743,0.001882,0.615,208,256.0,32.0,453.0,0.9,5.8,-0.2662,4.7e-05,higher feature -> lower survival_target
adipose_H_original_firstorder_Energy_std,adipose,H,firstorder,Energy,std,0.001811,0.000973,0.001751,0.001871,0.537,209,238.5,34.0,431.0,1.0,4.6,0.1699,0.01019,higher feature -> higher survival_target
muscularis_E_original_firstorder_Variance_mean,muscularis,E,firstorder,Variance,mean,0.001809,0.000583,0.001773,0.001845,0.322,210,205.5,67.0,395.0,0.0,0.5,-0.0466,0.483683,higher feature -> lower survival_target
adipose_H_original_firstorder_TotalEnergy_std,adipose,H,firstorder,TotalEnergy,std,0.001808,0.00097,0.001748,0.001868,0.536,211,239.0,35.0,434.0,1.1,4.1,0.1699,0.01019,higher feature -> higher survival_target
adipose_H_original_firstorder_Variance_std,adipose,H,firstorder,Variance,std,0.001805,0.00091,0.001748,0.001861,0.504,212,233.0,43.0,434.0,0.6,3.4,0.1692,0.010465,higher feature -> higher survival_target
urothelium_E_original_firstorder_Variance_std,urothelium,E,firstorder,Variance,std,0.001801,0.000758,0.001754,0.001848,0.421,213,222.5,48.0,414.0,0.5,2.7,-0.0575,0.387839,higher feature -> lower survival_target
lamina_H_original_firstorder_Energy_mean,lamina,H,firstorder,Energy,mean,0.001799,0.001101,0.00173,0.001867,0.612,214,263.0,33.0,456.0,0.8,5.4,0.2661,4.7e-05,higher feature -> higher survival_target
lamina_H_original_firstorder_TotalEnergy_mean,lamina,H,firstorder,TotalEnergy,mean,0.001799,0.001096,0.001731,0.001866,0.609,215,256.5,31.0,458.0,0.7,5.2,0.2661,4.7e-05,higher feature -> higher survival_target
lamina_E_original_firstorder_Entropy_std,lamina,E,firstorder,Entropy,std,0.001798,0.000868,0.001744,0.001852,0.483,216,227.0,44.0,448.0,0.2,3.7,-0.1712,0.009613,higher feature -> lower survival_target
urothelium_E_original_firstorder_Median_std,urothelium,E,firstorder,Median,std,0.001792,0.000876,0.001738,0.001846,0.489,217,236.0,41.0,434.0,0.6,3.9,-0.1129,0.088995,higher feature -> lower survival_target
lamina_H_original_firstorder_Skewness_mean,lamina,H,firstorder,Skewness,mean,0.001789,0.000843,0.001737,0.001841,0.471,218,232.0,47.0,428.0,0.3,2.8,-0.2303,0.000455,higher feature -> lower survival_target
necrosis_H_original_firstorder_Variance_std,necrosis,H,firstorder,Variance,std,0.001786,0.000704,0.001743,0.00183,0.394,219,218.5,55.0,409.1,0.2,1.7,0.037,0.578062,higher feature -> higher survival_target
vessels_E_original_firstorder_Skewness_std,vessels,E,firstorder,Skewness,std,0.001785,0.000991,0.001724,0.001847,0.555,220,252.0,34.0,448.0,0.6,4.7,-0.1729,0.008903,higher feature -> lower survival_target
muscularis_E_original_firstorder_MeanAbsoluteDeviation_mean,muscularis,E,firstorder,MeanAbsoluteDeviation,mean,0.00178,0.000592,0.001744,0.001817,0.332,221,210.0,70.0,407.0,0.0,0.8,-0.0334,0.615724,higher feature -> lower survival_target
tumor_E_original_firstorder_InterquartileRange_mean,tumor,E,firstorder,InterquartileRange,mean,0.001777,0.000782,0.001729,0.001826,0.44,222,225.0,51.9,431.0,0.2,2.5,0.1293,0.051254,higher feature -> higher survival_target
urothelium_H_original_firstorder_90Percentile_mean,urothelium,H,firstorder,90Percentile,mean,0.001768,0.000575,0.001733,0.001804,0.325,223,213.0,69.0,396.0,0.0,0.7,0.0346,0.603193,higher feature -> higher survival_target
tumor_E_original_firstorder_Mean_mean,tumor,E,firstorder,Mean,mean,0.001766,0.000959,0.001707,0.001826,0.543,224,249.0,40.0,448.0,0.8,3.9,0.118,0.075434,higher feature -> higher survival_target
tumor_H_original_firstorder_Variance_std,tumor,H,firstorder,Variance,std,0.001761,0.000648,0.00172,0.001801,0.368,225,223.0,69.0,409.0,0.2,1.1,0.0316,0.634677,higher feature -> higher survival_target
tumor_E_original_firstorder_MeanAbsoluteDeviation_mean,tumor,E,firstorder,MeanAbsoluteDeviation,mean,0.00176,0.000782,0.001711,0.001808,0.445,226,233.5,45.0,430.1,0.2,3.1,0.1328,0.045132,higher feature -> higher survival_target
necrosis_H_original_firstorder_MeanAbsoluteDeviation_mean,necrosis,H,firstorder,MeanAbsoluteDeviation,mean,0.001759,0.001155,0.001687,0.001831,0.657,227,276.0,35.0,449.0,1.3,5.0,0.2046,0.001898,higher feature -> higher survival_target
tumor_H_original_firstorder_RootMeanSquared_std,tumor,H,firstorder,RootMeanSquared,std,0.001755,0.000641,0.001715,0.001795,0.365,228,222.5,59.0,423.0,0.0,1.2,-0.0192,0.773191,higher feature -> lower survival_target
tumor_H_original_firstorder_Kurtosis_mean,tumor,H,firstorder,Kurtosis,mean,0.001753,0.000757,0.001706,0.0018,0.432,229,236.0,59.0,407.1,0.3,1.8,-0.1771,0.007349,higher feature -> lower survival_target
vessels_E_original_firstorder_90Percentile_std,vessels,E,firstorder,90Percentile,std,0.001752,0.000883,0.001697,0.001807,0.504,230,242.0,49.0,439.0,0.3,2.9,-0.1364,0.039548,higher feature -> lower survival_target
necrosis_E_original_firstorder_MeanAbsoluteDeviation_mean,necrosis,E,firstorder,MeanAbsoluteDeviation,mean,0.001749,0.000678,0.001707,0.001791,0.388,231,228.0,61.0,414.0,0.1,1.1,0.0804,0.226596,higher feature -> higher survival_target
muscularis_H_original_firstorder_RobustMeanAbsoluteDeviation_std,muscularis,H,firstorder,RobustMeanAbsoluteDeviation,std,0.001748,0.000829,0.001697,0.0018,0.474,232,241.0,48.0,432.0,0.5,3.1,0.1484,0.025036,higher feature -> higher survival_target
immune_H_original_firstorder_Mean_std,immune,H,firstorder,Mean,std,0.001748,0.000846,0.001696,0.0018,0.484,233,236.0,52.0,422.0,0.7,2.3,0.1426,0.031385,higher feature -> higher survival_target
immune_H_original_firstorder_Energy_std,immune,H,firstorder,Energy,std,0.001734,0.000897,0.001679,0.00179,0.518,234,248.5,46.0,437.0,0.7,3.0,0.1623,0.014139,higher feature -> higher survival_target
immune_H_original_firstorder_TotalEnergy_std,immune,H,firstorder,TotalEnergy,std,0.001733,0.000898,0.001678,0.001789,0.518,235,254.0,47.0,428.0,0.7,2.8,0.1623,0.014139,higher feature -> higher survival_target
immune_H_original_firstorder_90Percentile_std,immune,H,firstorder,90Percentile,std,0.001728,0.000686,0.001686,0.001771,0.397,236,228.0,60.0,428.0,0.0,1.7,0.0904,0.173605,higher feature -> higher survival_target
necrosis_H_original_firstorder_Kurtosis_mean,necrosis,H,firstorder,Kurtosis,mean,0.001727,0.000861,0.001674,0.00178,0.499,237,240.0,53.0,430.0,0.9,2.2,-0.1496,0.023894,higher feature -> lower survival_target
tumor_E_original_firstorder_Entropy_mean,tumor,E,firstorder,Entropy,mean,0.001727,0.000842,0.001675,0.001779,0.488,238,248.0,44.9,441.0,0.5,3.0,0.1413,0.032973,higher feature -> higher survival_target
urothelium_H_original_firstorder_Skewness_std,urothelium,H,firstorder,Skewness,std,0.001719,0.00077,0.001671,0.001767,0.448,239,235.5,54.0,414.0,0.3,1.7,-0.1889,0.004214,higher feature -> lower survival_target
necrosis_E_original_firstorder_InterquartileRange_mean,necrosis,E,firstorder,InterquartileRange,mean,0.001717,0.000647,0.001676,0.001757,0.377,240,235.0,66.0,412.0,0.0,1.2,0.0864,0.193557,higher feature -> higher survival_target
vessels_H_original_firstorder_MeanAbsoluteDeviation_mean,vessels,H,firstorder,MeanAbsoluteDeviation,mean,0.001716,0.001238,0.00164,0.001793,0.722,241,289.5,28.0,456.0,1.7,5.1,0.2365,0.000314,higher feature -> higher survival_target
tumor_H_original_firstorder_Skewness_std,tumor,H,firstorder,Skewness,std,0.001713,0.000669,0.001672,0.001755,0.391,242,234.5,64.0,419.0,0.1,1.7,-0.071,0.285519,higher feature -> lower survival_target
necrosis_E_original_firstorder_RobustMeanAbsoluteDeviation_mean,necrosis,E,firstorder,RobustMeanAbsoluteDeviation,mean,0.001713,0.000641,0.001673,0.001753,0.374,243,236.0,63.0,413.1,0.1,1.0,0.0767,0.248666,higher feature -> higher survival_target
tumor_E_original_firstorder_Variance_std,tumor,E,firstorder,Variance,std,0.001712,0.000752,0.001665,0.001759,0.439,244,240.5,57.0,431.0,0.2,1.9,0.1012,0.127558,higher feature -> higher survival_target
tumor_E_original_firstorder_Uniformity_mean,tumor,E,firstorder,Uniformity,mean,0.001711,0.000823,0.00166,0.001762,0.481,245,250.5,44.0,443.0,0.3,2.9,-0.1495,0.02394,higher feature -> lower survival_target
tumor_H_original_firstorder_Median_std,tumor,H,firstorder,Median,std,0.001706,0.000969,0.001646,0.001766,0.568,246,262.0,34.0,441.0,1.1,4.1,0.0721,0.278494,higher feature -> higher survival_target
vessels_E_original_firstorder_Variance_std,vessels,E,firstorder,Variance,std,0.001696,0.000836,0.001645,0.001748,0.493,247,253.5,55.0,434.0,0.2,2.0,-0.0642,0.334327,higher feature -> lower survival_target
tumor_E_original_firstorder_RootMeanSquared_std,tumor,E,firstorder,RootMeanSquared,std,0.001696,0.000568,0.001661,0.001732,0.335,248,232.5,80.0,420.0,0.2,0.6,0.0145,0.827092,higher feature -> higher survival_target
lamina_E_original_firstorder_10Percentile_std,lamina,E,firstorder,10Percentile,std,0.001691,0.000734,0.001645,0.001736,0.434,249,247.5,51.0,433.0,0.1,2.5,0.0127,0.848763,higher feature -> higher survival_target
lamina_H_original_firstorder_10Percentile_std,lamina,H,firstorder,10Percentile,std,0.001691,0.000826,0.001639,0.001742,0.489,250,262.0,51.0,433.0,0.5,2.5,0.1673,0.011388,higher feature -> higher survival_target
muscularis_H_original_firstorder_10Percentile_std,muscularis,H,firstorder,10Percentile,std,0.001686,0.000992,0.001624,0.001747,0.588,251,276.0,37.0,452.0,1.0,3.6,0.1884,0.004306,higher feature -> higher survival_target
tumor_E_original_firstorder_RobustMeanAbsoluteDeviation_mean,tumor,E,firstorder,RobustMeanAbsoluteDeviation,mean,0.001685,0.000713,0.001641,0.00173,0.423,252,248.0,59.0,436.0,0.1,1.6,0.1258,0.057893,higher feature -> higher survival_target
immune_E_original_firstorder_Entropy_std,immune,E,firstorder,Entropy,std,0.001669,0.000634,0.00163,0.001709,0.38,253,241.0,63.0,427.0,0.2,1.3,-0.1202,0.069972,higher feature -> lower survival_target
necrosis_E_original_firstorder_Variance_mean,necrosis,E,firstorder,Variance,mean,0.001667,0.000645,0.001627,0.001707,0.387,254,249.0,69.0,429.0,0.1,1.1,0.0697,0.294457,higher feature -> higher survival_target
urothelium_E_original_firstorder_Uniformity_mean,urothelium,E,firstorder,Uniformity,mean,0.001664,0.000799,0.001615,0.001714,0.48,255,260.0,53.0,446.0,0.4,2.2,-0.1554,0.018905,higher feature -> lower survival_target
muscularis_H_original_firstorder_90Percentile_std,muscularis,H,firstorder,90Percentile,std,0.001661,0.000714,0.001617,0.001706,0.43,256,252.5,64.0,430.0,0.3,1.6,0.1595,0.015932,higher feature -> higher survival_target
vessels_E_original_firstorder_InterquartileRange_std,vessels,E,firstorder,InterquartileRange,std,0.001657,0.000929,0.0016,0.001715,0.56,257,266.5,41.0,447.0,0.7,3.3,-0.1018,0.125534,higher feature -> lower survival_target
necrosis_E_original_firstorder_Energy_std,necrosis,E,firstorder,Energy,std,0.001657,0.000694,0.001614,0.0017,0.419,258,254.5,61.0,424.0,0.3,1.7,0.0709,0.286387,higher feature -> higher survival_target
vessels_E_original_firstorder_Kurtosis_mean,vessels,E,firstorder,Kurtosis,mean,0.001657,0.000859,0.001603,0.00171,0.518,259,274.5,51.0,446.0,0.5,2.4,-0.1653,0.012446,higher feature -> lower survival_target
tumor_E_original_firstorder_RootMeanSquared_mean,tumor,E,firstorder,RootMeanSquared,mean,0.001656,0.000851,0.001604,0.001709,0.514,260,268.5,46.0,452.0,0.8,3.1,0.1149,0.083509,higher feature -> higher survival_target
necrosis_E_original_firstorder_TotalEnergy_std,necrosis,E,firstorder,TotalEnergy,std,0.001656,0.000696,0.001613,0.001699,0.42,261,252.0,60.0,429.0,0.4,1.8,0.0709,0.286387,higher feature -> higher survival_target
muscularis_E_original_firstorder_Uniformity_mean,muscularis,E,firstorder,Uniformity,mean,0.001655,0.000704,0.001611,0.001699,0.425,262,252.0,60.0,432.0,0.3,1.7,-0.0945,0.155139,higher feature -> lower survival_target
tumor_H_original_firstorder_Skewness_mean,tumor,H,firstorder,Skewness,mean,0.001654,0.000509,0.001622,0.001685,0.308,263,234.5,73.0,413.0,0.0,0.4,-0.1011,0.128049,higher feature -> lower survival_target
tumor_H_original_firstorder_TotalEnergy_std,tumor,H,firstorder,TotalEnergy,std,0.001652,0.000667,0.001611,0.001694,0.404,264,242.0,73.0,425.0,0.2,1.2,0.0876,0.18761,higher feature -> higher survival_target
urothelium_H_original_firstorder_Uniformity_mean,urothelium,H,firstorder,Uniformity,mean,0.001652,0.000536,0.001619,0.001685,0.324,265,236.0,80.0,405.0,0.0,0.8,-0.1,0.132319,higher feature -> lower survival_target
tumor_H_original_firstorder_Energy_std,tumor,H,firstorder,Energy,std,0.001646,0.000672,0.001605,0.001688,0.409,266,243.0,72.0,430.0,0.1,1.1,0.0876,0.18761,higher feature -> higher survival_target
necrosis_E_original_firstorder_TotalEnergy_mean,necrosis,E,firstorder,TotalEnergy,mean,0.001646,0.000887,0.001591,0.001701,0.539,267,284.0,45.0,452.0,0.3,3.6,0.1312,0.047891,higher feature -> higher survival_target
muscularis_E_original_firstorder_Kurtosis_mean,muscularis,E,firstorder,Kurtosis,mean,0.001645,0.000691,0.001602,0.001687,0.42,268,250.5,61.0,447.0,0.0,1.5,-0.0952,0.151945,higher feature -> lower survival_target
necrosis_E_original_firstorder_Energy_mean,necrosis,E,firstorder,Energy,mean,0.001639,0.000874,0.001585,0.001693,0.533,269,281.5,46.0,455.0,0.1,3.7,0.1312,0.047891,higher feature -> higher survival_target
urothelium_H_original_firstorder_RobustMeanAbsoluteDeviation_mean,urothelium,H,firstorder,RobustMeanAbsoluteDeviation,mean,0.001636,0.00053,0.001604,0.001669,0.324,270,244.0,83.0,407.0,0.0,0.3,0.0493,0.458873,higher feature -> higher survival_target
tumor_E_original_firstorder_10Percentile_std,tumor,E,firstorder,10Percentile,std,0.001633,0.00069,0.00159,0.001676,0.422,271,253.0,71.0,424.0,0.3,1.4,0.0789,0.235086,higher feature -> higher survival_target
immune_H_original_firstorder_MeanAbsoluteDeviation_std,immune,H,firstorder,MeanAbsoluteDeviation,std,0.001631,0.000709,0.001587,0.001675,0.435,272,257.5,56.0,443.0,0.1,1.9,0.0759,0.253937,higher feature -> higher survival_target
muscularis_E_original_firstorder_Skewness_std,muscularis,E,firstorder,Skewness,std,0.00163,0.000774,0.001582,0.001678,0.475,273,267.0,50.0,450.0,0.1,2.7,-0.1178,0.075826,higher feature -> lower survival_target
necrosis_H_original_firstorder_10Percentile_mean,necrosis,H,firstorder,10Percentile,mean,0.001629,0.000585,0.001592,0.001665,0.359,274,248.5,79.0,424.0,0.1,1.0,0.0699,0.293222,higher feature -> higher survival_target
immune_E_original_firstorder_10Percentile_mean,immune,E,firstorder,10Percentile,mean,0.001625,0.000854,0.001572,0.001678,0.526,275,279.0,45.0,445.0,0.3,3.2,0.1197,0.071171,higher feature -> higher survival_target
tumor_E_original_firstorder_Mean_std,tumor,E,firstorder,Mean,std,0.001623,0.000524,0.001591,0.001656,0.323,276,244.0,82.0,422.1,0.0,0.5,0.0357,0.592259,higher feature -> higher survival_target
lamina_E_original_firstorder_Mean_mean,lamina,E,firstorder,Mean,mean,0.00162,0.000846,0.001568,0.001673,0.522,277,272.0,47.0,452.0,0.6,3.3,0.108,0.103804,higher feature -> higher survival_target
adipose_E_original_firstorder_RootMeanSquared_std,adipose,E,firstorder,RootMeanSquared,std,0.001618,0.000683,0.001576,0.00166,0.422,278,266.5,55.0,431.0,0.1,2.0,-0.0664,0.317857,higher feature -> lower survival_target
muscularis_H_original_firstorder_10Percentile_mean,muscularis,H,firstorder,10Percentile,mean,0.001617,0.000853,0.001564,0.00167,0.527,279,283.0,46.0,449.0,0.6,3.0,0.1773,0.007289,higher feature -> higher survival_target
lamina_E_original_firstorder_Uniformity_mean,lamina,E,firstorder,Uniformity,mean,0.001615,0.000845,0.001562,0.001667,0.523,280,272.5,48.0,452.0,0.4,2.6,-0.1446,0.029042,higher feature -> lower survival_target
muscularis_H_original_firstorder_RootMeanSquared_std,muscularis,H,firstorder,RootMeanSquared,std,0.001606,0.000708,0.001562,0.00165,0.441,281,268.0,62.0,439.0,0.3,1.6,0.1975,0.002737,higher feature -> higher survival_target
vessels_H_original_firstorder_InterquartileRange_mean,vessels,H,firstorder,InterquartileRange,mean,0.0016,0.001052,0.001535,0.001666,0.658,282,306.0,43.0,458.0,0.7,3.5,0.2421,0.000224,higher feature -> higher survival_target
lamina_H_original_firstorder_Variance_mean,lamina,H,firstorder,Variance,mean,0.0016,0.000927,0.001543,0.001658,0.579,283,300.0,42.0,453.0,0.9,3.7,0.2278,0.000529,higher feature -> higher survival_target
necrosis_H_original_firstorder_90Percentile_mean,necrosis,H,firstorder,90Percentile,mean,0.001596,0.000815,0.001546,0.001647,0.51,284,285.0,54.0,443.0,0.5,2.1,0.1909,0.003817,higher feature -> higher survival_target
lamina_E_original_firstorder_Median_mean,lamina,E,firstorder,Median,mean,0.001593,0.000835,0.001541,0.001645,0.524,285,281.5,48.0,451.0,0.3,3.4,0.0934,0.159943,higher feature -> higher survival_target
immune_H_original_firstorder_10Percentile_mean,immune,H,firstorder,10Percentile,mean,0.00159,0.00073,0.001544,0.001635,0.459,286,274.0,54.0,447.0,0.2,2.2,0.1763,0.007607,higher feature -> higher survival_target
immune_E_original_firstorder_Skewness_std,immune,E,firstorder,Skewness,std,0.001589,0.000704,0.001545,0.001632,0.443,287,265.0,62.0,453.0,0.1,1.8,-0.0411,0.537211,higher feature -> lower survival_target
muscularis_E_original_firstorder_Entropy_mean,muscularis,E,firstorder,Entropy,mean,0.001585,0.00066,0.001544,0.001626,0.416,288,270.0,59.0,438.0,0.1,1.4,0.075,0.259276,higher feature -> higher survival_target
adipose_H_original_firstorder_RootMeanSquared_std,adipose,H,firstorder,RootMeanSquared,std,0.001584,0.000726,0.001539,0.001629,0.458,289,274.0,59.0,438.0,0.1,2.0,0.1733,0.008753,higher feature -> higher survival_target
vessels_H_original_firstorder_RootMeanSquared_std,vessels,H,firstorder,RootMeanSquared,std,0.001584,0.000617,0.001546,0.001622,0.389,290,265.0,73.0,437.0,0.1,0.7,-0.0142,0.831158,higher feature -> lower survival_target
muscularis_E_original_firstorder_Mean_mean,muscularis,E,firstorder,Mean,mean,0.001584,0.000809,0.001534,0.001634,0.511,291,283.0,50.0,451.0,0.6,2.6,0.0558,0.40174,higher feature -> higher survival_target
urothelium_E_original_firstorder_10Percentile_mean,urothelium,E,firstorder,10Percentile,mean,0.001577,0.000698,0.001534,0.00162,0.443,292,272.0,63.0,443.0,0.2,1.4,0.0052,0.938133,higher feature -> higher survival_target
adipose_E_original_firstorder_90Percentile_std,adipose,E,firstorder,90Percentile,std,0.00157,0.000688,0.001527,0.001613,0.438,293,277.5,68.0,440.0,0.3,1.6,-0.0988,0.136948,higher feature -> lower survival_target
immune_E_original_firstorder_10Percentile_std,immune,E,firstorder,10Percentile,std,0.001563,0.000753,0.001517,0.00161,0.482,294,279.0,61.0,443.0,0.4,1.4,0.0987,0.137286,higher feature -> higher survival_target
tumor_H_original_firstorder_Mean_std,tumor,H,firstorder,Mean,std,0.001563,0.000534,0.00153,0.001596,0.342,295,259.0,81.0,438.0,0.0,0.2,0.0332,0.618253,higher feature -> higher survival_target
necrosis_E_original_firstorder_RootMeanSquared_mean,necrosis,E,firstorder,RootMeanSquared,mean,0.001562,0.000856,0.001509,0.001615,0.548,296,304.0,47.0,459.0,0.4,3.0,0.1316,0.047097,higher feature -> higher survival_target
tumor_H_original_firstorder_InterquartileRange_mean,tumor,H,firstorder,InterquartileRange,mean,0.00156,0.000929,0.001502,0.001617,0.595,297,298.0,47.0,444.0,1.1,2.9,0.1573,0.017472,higher feature -> higher survival_target
necrosis_E_original_firstorder_90Percentile_mean,necrosis,E,firstorder,90Percentile,mean,0.001559,0.00079,0.00151,0.001608,0.507,298,291.0,54.0,454.0,0.2,2.2,0.1097,0.098349,higher feature -> higher survival_target
necrosis_E_original_firstorder_Kurtosis_mean,necrosis,E,firstorder,Kurtosis,mean,0.001558,0.000646,0.001518,0.001598,0.415,299,271.0,72.0,445.0,0.1,1.1,-0.1082,0.103279,higher feature -> lower survival_target
vessels_H_original_firstorder_Mean_std,vessels,H,firstorder,Mean,std,0.001556,0.000585,0.00152,0.001592,0.376,300,268.0,84.0,436.0,0.1,0.6,0.0173,0.795268,higher feature -> higher survival_target
immune_E_original_firstorder_Variance_std,immune,E,firstorder,Variance,std,0.001547,0.000551,0.001513,0.001582,0.356,301,267.5,84.0,435.0,0.1,0.7,-0.0588,0.37681,higher feature -> lower survival_target
adipose_H_original_firstorder_90Percentile_std,adipose,H,firstorder,90Percentile,std,0.001539,0.000636,0.0015,0.001579,0.413,302,275.0,69.0,439.0,0.1,1.3,0.1661,0.01201,higher feature -> higher survival_target
adipose_E_original_firstorder_Skewness_std,adipose,E,firstorder,Skewness,std,0.001532,0.000815,0.001482,0.001583,0.532,303,300.0,53.9,454.0,0.5,2.4,-0.1363,0.039713,higher feature -> lower survival_target
adipose_E_original_firstorder_10Percentile_mean,adipose,E,firstorder,10Percentile,mean,0.001529,0.000694,0.001486,0.001572,0.454,304,292.5,63.0,443.0,0.2,1.8,0.1418,0.032287,higher feature -> higher survival_target
vessels_H_original_firstorder_Median_std,vessels,H,firstorder,Median,std,0.001526,0.000597,0.001489,0.001563,0.391,305,277.5,80.0,434.0,0.1,0.9,0.0689,0.300592,higher feature -> higher survival_target
tumor_E_original_firstorder_90Percentile_mean,tumor,E,firstorder,90Percentile,mean,0.001522,0.000791,0.001473,0.001571,0.52,306,300.0,54.0,456.0,0.3,2.0,0.1216,0.066908,higher feature -> higher survival_target
necrosis_H_original_firstorder_10Percentile_std,necrosis,H,firstorder,10Percentile,std,0.001521,0.000446,0.001493,0.001549,0.294,307,268.0,94.9,413.0,0.0,0.3,0.1078,0.104583,higher feature -> higher survival_target
lamina_E_original_firstorder_Entropy_mean,lamina,E,firstorder,Entropy,mean,0.00151,0.000747,0.001463,0.001556,0.495,308,297.0,54.0,456.0,0.1,2.0,0.1325,0.045606,higher feature -> higher survival_target
urothelium_E_original_firstorder_Entropy_mean,urothelium,E,firstorder,Entropy,mean,0.001509,0.000742,0.001463,0.001555,0.492,309,298.0,58.0,455.0,0.2,1.8,0.1481,0.025331,higher feature -> higher survival_target
tumor_E_original_firstorder_Median_std,tumor,E,firstorder,Median,std,0.001508,0.000456,0.00148,0.001536,0.302,310,269.5,97.9,428.0,0.0,0.1,0.0358,0.590314,higher feature -> higher survival_target
adipose_E_original_firstorder_Entropy_std,adipose,E,firstorder,Entropy,std,0.001507,0.000606,0.00147,0.001545,0.402,311,286.5,75.0,446.0,0.1,0.6,-0.0828,0.21291,higher feature -> lower survival_target
muscularis_E_original_firstorder_10Percentile_std,muscularis,E,firstorder,10Percentile,std,0.001506,0.000643,0.001466,0.001546,0.427,312,286.0,73.0,445.0,0.2,1.0,-0.0033,0.960105,higher feature -> lower survival_target
vessels_H_original_firstorder_RobustMeanAbsoluteDeviation_mean,vessels,H,firstorder,RobustMeanAbsoluteDeviation,mean,0.001505,0.000986,0.001443,0.001566,0.655,313,333.0,41.0,460.0,0.7,3.6,0.2344,0.000358,higher feature -> higher survival_target
necrosis_H_original_firstorder_Skewness_std,necrosis,H,firstorder,Skewness,std,0.001504,0.000453,0.001476,0.001532,0.301,314,269.0,101.0,427.0,0.0,0.1,-0.0878,0.186317,higher feature -> lower survival_target
urothelium_E_original_firstorder_Energy_mean,urothelium,E,firstorder,Energy,mean,0.001503,0.000781,0.001454,0.001551,0.52,315,309.0,55.0,449.0,0.3,2.1,0.0188,0.777117,higher feature -> higher survival_target
urothelium_E_original_firstorder_TotalEnergy_mean,urothelium,E,firstorder,TotalEnergy,mean,0.001501,0.000774,0.001453,0.001549,0.516,316,310.0,56.9,450.0,0.2,2.0,0.0188,0.777117,higher feature -> higher survival_target
tumor_H_original_firstorder_Uniformity_mean,tumor,H,firstorder,Uniformity,mean,0.001498,0.000821,0.001447,0.001549,0.548,317,320.0,53.0,454.0,0.3,2.4,-0.2209,0.000785,higher feature -> lower survival_target
urothelium_H_original_firstorder_Entropy_mean,urothelium,H,firstorder,Entropy,mean,0.00149,0.000442,0.001463,0.001518,0.297,318,277.0,103.0,423.1,0.0,0.0,0.0842,0.205412,higher feature -> higher survival_target
tumor_H_original_firstorder_RobustMeanAbsoluteDeviation_mean,tumor,H,firstorder,RobustMeanAbsoluteDeviation,mean,0.001488,0.000866,0.001434,0.001542,0.582,319,314.5,53.0,449.0,0.8,2.2,0.1565,0.018051,higher feature -> higher survival_target
vessels_E_original_firstorder_RootMeanSquared_std,vessels,E,firstorder,RootMeanSquared,std,0.001486,0.000574,0.001451,0.001522,0.386,320,287.0,93.9,424.0,0.2,0.9,-0.1025,0.122696,higher feature -> lower survival_target
urothelium_E_original_firstorder_RootMeanSquared_mean,urothelium,E,firstorder,RootMeanSquared,mean,0.001482,0.000836,0.00143,0.001534,0.564,321,314.5,54.0,454.0,0.3,2.3,0.065,0.328821,higher feature -> higher survival_target
necrosis_H_original_firstorder_Skewness_mean,necrosis,H,firstorder,Skewness,mean,0.001482,0.000549,0.001448,0.001516,0.37,322,290.0,89.0,440.0,0.1,0.6,-0.1416,0.0326,higher feature -> lower survival_target
adipose_H_original_firstorder_MeanAbsoluteDeviation_std,adipose,H,firstorder,MeanAbsoluteDeviation,std,0.001474,0.000556,0.00144,0.001509,0.377,323,288.0,71.9,444.0,0.0,0.8,0.1322,0.046087,higher feature -> higher survival_target
immune_H_original_firstorder_Entropy_std,immune,H,firstorder,Entropy,std,0.001473,0.000632,0.001434,0.001513,0.429,324,296.5,75.0,446.0,0.4,0.7,0.0856,0.197881,higher feature -> higher survival_target
vessels_E_original_firstorder_10Percentile_std,vessels,E,firstorder,10Percentile,std,0.001473,0.000628,0.001434,0.001512,0.426,325,300.0,72.0,449.0,0.0,1.0,0.0908,0.172049,higher feature -> higher survival_target
vessels_E_original_firstorder_Median_std,vessels,E,firstorder,Median,std,0.001472,0.000505,0.00144,0.001503,0.343,326,287.0,86.0,431.0,0.0,0.6,-0.0015,0.982557,higher feature -> lower survival_target
muscularis_H_original_firstorder_MeanAbsoluteDeviation_std,muscularis,H,firstorder,MeanAbsoluteDeviation,std,0.001471,0.000525,0.001438,0.001503,0.357,327,290.5,88.0,438.0,0.0,0.2,0.1057,0.111293,higher feature -> higher survival_target
urothelium_H_original_firstorder_Kurtosis_mean,urothelium,H,firstorder,Kurtosis,mean,0.001471,0.000529,0.001438,0.001504,0.36,328,289.0,86.0,437.0,0.0,0.7,-0.1509,0.02262,higher feature -> lower survival_target
immune_E_original_firstorder_InterquartileRange_std,immune,E,firstorder,InterquartileRange,std,0.001468,0.000532,0.001435,0.001501,0.362,329,284.5,87.0,444.1,0.0,0.9,-0.108,0.103766,higher feature -> lower survival_target
necrosis_H_original_firstorder_Variance_mean,necrosis,H,firstorder,Variance,mean,0.001467,0.000703,0.001423,0.00151,0.479,330,313.0,61.0,448.0,0.1,1.8,0.1883,0.004318,higher feature -> higher survival_target
vessels_H_original_firstorder_Uniformity_mean,vessels,H,firstorder,Uniformity,mean,0.00146,0.000738,0.001414,0.001505,0.506,331,317.0,66.9,460.0,0.1,1.7,-0.254,0.000105,higher feature -> lower survival_target
lamina_E_original_firstorder_Median_std,lamina,E,firstorder,Median,std,0.001458,0.000644,0.001419,0.001498,0.442,332,302.0,70.0,449.0,0.1,1.0,-0.1392,0.03567,higher feature -> lower survival_target
lamina_H_original_firstorder_RootMeanSquared_std,lamina,H,firstorder,RootMeanSquared,std,0.001454,0.000523,0.001422,0.001487,0.36,333,294.0,88.0,437.0,0.0,0.3,0.0069,0.918017,higher feature -> higher survival_target
muscularis_E_original_firstorder_90Percentile_mean,muscularis,E,firstorder,90Percentile,mean,0.001451,0.000544,0.001417,0.001484,0.375,334,299.5,81.0,440.0,0.0,0.3,0.0284,0.6697,higher feature -> higher survival_target
adipose_E_original_firstorder_Mean_std,adipose,E,firstorder,Mean,std,0.001443,0.000451,0.001415,0.001471,0.312,335,290.5,100.0,430.0,0.0,0.1,-0.0149,0.822397,higher feature -> lower survival_target
lamina_H_original_firstorder_Variance_std,lamina,H,firstorder,Variance,std,0.00144,0.000561,0.001405,0.001474,0.39,336,302.0,82.0,451.0,0.0,0.6,0.0683,0.304247,higher feature -> higher survival_target
adipose_E_original_firstorder_MeanAbsoluteDeviation_std,adipose,E,firstorder,MeanAbsoluteDeviation,std,0.001436,0.000646,0.001396,0.001476,0.45,337,311.0,70.9,444.0,0.3,1.5,-0.1304,0.049169,higher feature -> lower survival_target
immune_E_original_firstorder_TotalEnergy_std,immune,E,firstorder,TotalEnergy,std,0.001431,0.000634,0.001392,0.00147,0.443,338,314.5,75.9,446.0,0.0,1.2,0.0586,0.378066,higher feature -> higher survival_target
muscularis_E_original_firstorder_Energy_std,muscularis,E,firstorder,Energy,std,0.00143,0.000489,0.001399,0.00146,0.342,339,292.5,105.0,444.0,0.0,0.3,-0.085,0.201155,higher feature -> lower survival_target
immune_E_original_firstorder_Energy_std,immune,E,firstorder,Energy,std,0.001429,0.000636,0.001389,0.001468,0.445,340,317.0,77.0,448.0,0.0,1.1,0.0586,0.378066,higher feature -> higher survival_target
muscularis_E_original_firstorder_TotalEnergy_std,muscularis,E,firstorder,TotalEnergy,std,0.001428,0.000504,0.001396,0.001459,0.353,341,292.0,99.0,445.0,0.0,0.4,-0.085,0.201155,higher feature -> lower survival_target
vessels_E_original_firstorder_Mean_std,vessels,E,firstorder,Mean,std,0.001427,0.000503,0.001396,0.001458,0.353,342,299.0,94.0,435.0,0.1,0.3,-0.0375,0.573172,higher feature -> lower survival_target
vessels_H_original_firstorder_90Percentile_std,vessels,H,firstorder,90Percentile,std,0.001426,0.000527,0.001394,0.001459,0.369,343,297.0,89.0,445.0,0.1,0.5,-0.0096,0.88556,higher feature -> lower survival_target
urothelium_E_original_firstorder_90Percentile_mean,urothelium,E,firstorder,90Percentile,mean,0.001421,0.000805,0.001371,0.001471,0.567,344,331.0,63.0,459.0,0.4,1.8,0.1012,0.127539,higher feature -> higher survival_target
vessels_H_original_firstorder_RobustMeanAbsoluteDeviation_std,vessels,H,firstorder,RobustMeanAbsoluteDeviation,std,0.001414,0.000542,0.001381,0.001448,0.383,345,311.0,95.0,446.0,0.2,0.4,0.0493,0.459261,higher feature -> higher survival_target
vessels_H_original_firstorder_MeanAbsoluteDeviation_std,vessels,H,firstorder,MeanAbsoluteDeviation,std,0.001414,0.000499,0.001383,0.001445,0.353,346,304.0,95.0,439.0,0.1,0.4,0.0084,0.899637,higher feature -> higher survival_target
vessels_H_original_firstorder_Mean_mean,vessels,H,firstorder,Mean,mean,0.001414,0.00068,0.001371,0.001456,0.481,347,318.5,69.0,452.0,0.2,1.6,0.2056,0.001807,higher feature -> higher survival_target
immune_E_original_firstorder_90Percentile_std,immune,E,firstorder,90Percentile,std,0.001404,0.000437,0.001377,0.001431,0.311,348,296.5,111.0,441.0,0.0,0.3,-0.0599,0.36773,higher feature -> lower survival_target
adipose_E_original_firstorder_InterquartileRange_std,adipose,E,firstorder,InterquartileRange,std,0.001401,0.000645,0.001361,0.001441,0.46,349,319.5,83.0,450.0,0.4,1.3,-0.111,0.094629,higher feature -> lower survival_target
lamina_E_original_firstorder_90Percentile_mean,lamina,E,firstorder,90Percentile,mean,0.001398,0.000615,0.00136,0.001436,0.44,350,320.0,78.9,457.0,0.1,0.6,0.1083,0.102889,higher feature -> higher survival_target
vessels_H_original_firstorder_Entropy_mean,vessels,H,firstorder,Entropy,mean,0.001396,0.000724,0.001351,0.001441,0.519,351,336.0,63.0,462.0,0.1,1.5,0.2511,0.000127,higher feature -> higher survival_target
lamina_E_original_firstorder_InterquartileRange_mean,lamina,E,firstorder,InterquartileRange,mean,0.001388,0.000545,0.001354,0.001422,0.392,352,306.5,91.9,450.0,0.0,0.5,0.06,0.367121,higher feature -> higher survival_target
adipose_E_original_firstorder_10Percentile_std,adipose,E,firstorder,10Percentile,std,0.001388,0.000442,0.001361,0.001415,0.319,353,302.0,110.0,437.0,0.0,0.2,0.0686,0.302448,higher feature -> higher survival_target
lamina_E_original_firstorder_RootMeanSquared_mean,lamina,E,firstorder,RootMeanSquared,mean,0.001386,0.000686,0.001343,0.001428,0.495,354,327.0,67.0,461.0,0.1,1.4,0.1048,0.114686,higher feature -> higher survival_target
lamina_E_original_firstorder_90Percentile_std,lamina,E,firstorder,90Percentile,std,0.001386,0.000624,0.001347,0.001424,0.45,355,333.5,82.0,456.0,0.1,1.0,-0.1426,0.031313,higher feature -> lower survival_target
urothelium_E_original_firstorder_TotalEnergy_std,urothelium,E,firstorder,TotalEnergy,std,0.001385,0.000566,0.00135,0.00142,0.409,356,324.5,83.0,452.0,0.0,0.6,-0.1186,0.073974,higher feature -> lower survival_target
vessels_E_original_firstorder_Kurtosis_std,vessels,E,firstorder,Kurtosis,std,0.001383,0.00063,0.001344,0.001422,0.456,357,329.0,80.0,451.0,0.1,1.4,-0.1442,0.029445,higher feature -> lower survival_target
tumor_E_original_firstorder_Kurtosis_mean,tumor,E,firstorder,Kurtosis,mean,0.001382,0.00055,0.001348,0.001416,0.398,358,316.0,100.0,451.0,0.2,0.7,-0.128,0.053686,higher feature -> lower survival_target
immune_E_original_firstorder_MeanAbsoluteDeviation_std,immune,E,firstorder,MeanAbsoluteDeviation,std,0.001382,0.000444,0.001355,0.00141,0.321,359,305.0,103.0,451.0,0.0,0.0,-0.1171,0.077571,higher feature -> lower survival_target
vessels_H_original_firstorder_Entropy_std,vessels,H,firstorder,Entropy,std,0.001381,0.000426,0.001355,0.001408,0.308,360,300.5,114.0,443.0,0.0,0.0,0.0568,0.39302,higher feature -> higher survival_target
adipose_E_original_firstorder_RobustMeanAbsoluteDeviation_std,adipose,E,firstorder,RobustMeanAbsoluteDeviation,std,0.001379,0.000611,0.001342,0.001417,0.443,361,320.0,86.0,452.0,0.2,1.0,-0.1024,0.123232,higher feature -> lower survival_target
lamina_E_original_firstorder_Mean_std,lamina,E,firstorder,Mean,std,0.001375,0.000496,0.001344,0.001406,0.361,362,309.0,103.0,449.0,0.0,0.6,-0.1261,0.057196,higher feature -> lower survival_target
urothelium_E_original_firstorder_Energy_std,urothelium,E,firstorder,Energy,std,0.001375,0.000562,0.00134,0.00141,0.409,363,320.0,90.0,455.0,0.0,0.6,-0.1186,0.073974,higher feature -> lower survival_target
urothelium_E_original_firstorder_Mean_mean,urothelium,E,firstorder,Mean,mean,0.001372,0.000607,0.001334,0.001409,0.443,364,326.0,85.0,454.0,0.1,0.9,0.0508,0.445533,higher feature -> higher survival_target
lamina_E_original_firstorder_TotalEnergy_std,lamina,E,firstorder,TotalEnergy,std,0.001372,0.000474,0.001342,0.001401,0.346,365,311.0,99.0,446.0,0.0,0.2,-0.0866,0.192798,higher feature -> lower survival_target
lamina_E_original_firstorder_Energy_std,lamina,E,firstorder,Energy,std,0.001367,0.000479,0.001337,0.001396,0.35,366,315.0,103.0,447.0,0.0,0.2,-0.0866,0.192798,higher feature -> lower survival_target
immune_H_original_firstorder_RootMeanSquared_std,immune,H,firstorder,RootMeanSquared,std,0.001366,0.000445,0.001338,0.001393,0.326,367,309.0,108.0,442.0,0.1,0.2,0.0655,0.324721,higher feature -> higher survival_target
lamina_E_original_firstorder_RootMeanSquared_std,lamina,E,firstorder,RootMeanSquared,std,0.001363,0.000503,0.001332,0.001394,0.369,368,318.0,96.0,450.0,0.0,0.4,-0.1404,0.034106,higher feature -> lower survival_target
vessels_H_original_firstorder_90Percentile_mean,vessels,H,firstorder,90Percentile,mean,0.001361,0.000664,0.00132,0.001403,0.488,369,339.0,78.0,456.0,0.2,1.0,0.219,0.000869,higher feature -> higher survival_target
tumor_E_original_firstorder_Skewness_std,tumor,E,firstorder,Skewness,std,0.00136,0.000598,0.001323,0.001397,0.44,370,328.0,100.0,448.0,0.1,1.1,-0.133,0.044799,higher feature -> lower survival_target
vessels_E_original_firstorder_TotalEnergy_std,vessels,E,firstorder,TotalEnergy,std,0.001356,0.000587,0.00132,0.001393,0.433,371,330.0,88.0,452.0,0.2,0.7,0.0232,0.727527,higher feature -> higher survival_target
urothelium_E_original_firstorder_RobustMeanAbsoluteDeviation_mean,urothelium,E,firstorder,RobustMeanAbsoluteDeviation,mean,0.001355,0.000548,0.001321,0.001389,0.404,372,328.0,96.0,454.0,0.0,0.7,0.1156,0.081539,higher feature -> higher survival_target
vessels_E_original_firstorder_Energy_std,vessels,E,firstorder,Energy,std,0.001351,0.000581,0.001315,0.001387,0.43,373,328.0,93.0,453.0,0.2,0.8,0.0232,0.727527,higher feature -> higher survival_target
urothelium_E_original_firstorder_Maximum_mean,urothelium,E,firstorder,Maximum,mean,0.001346,0.00108,0.001279,0.001413,0.802,374,383.0,40.0,464.0,0.7,3.4,0.2108,0.001368,higher feature -> higher survival_target
urothelium_E_original_firstorder_Range_mean,urothelium,E,firstorder,Range,mean,0.001346,0.00109,0.001278,0.001413,0.81,375,381.0,42.0,464.0,0.6,3.6,0.2108,0.001368,higher feature -> higher survival_target
urothelium_E_original_firstorder_Maximum_std,urothelium,E,firstorder,Maximum,std,0.001338,0.001073,0.001271,0.001404,0.802,376,382.5,43.0,464.0,0.8,3.0,-0.2109,0.001363,higher feature -> lower survival_target
urothelium_E_original_firstorder_InterquartileRange_mean,urothelium,E,firstorder,InterquartileRange,mean,0.001334,0.00055,0.0013,0.001368,0.412,377,333.0,96.0,457.0,0.0,0.5,0.1179,0.075745,higher feature -> higher survival_target
urothelium_E_original_firstorder_Range_std,urothelium,E,firstorder,Range,std,0.001334,0.001076,0.001267,0.0014,0.807,378,389.0,42.0,464.0,0.9,3.6,-0.2109,0.001363,higher feature -> lower survival_target
vessels_H_original_firstorder_RootMeanSquared_mean,vessels,H,firstorder,RootMeanSquared,mean,0.001333,0.000565,0.001298,0.001368,0.424,379,334.0,100.8,453.0,0.2,0.7,0.2046,0.001901,higher feature -> higher survival_target
vessels_E_original_firstorder_Uniformity_mean,vessels,E,firstorder,Uniformity,mean,0.001331,0.00064,0.001291,0.001371,0.481,380,346.0,73.0,457.0,0.1,1.1,-0.1382,0.037074,higher feature -> lower survival_target
lamina_E_original_firstorder_Kurtosis_mean,lamina,E,firstorder,Kurtosis,mean,0.00133,0.000624,0.001292,0.001369,0.469,381,339.0,82.9,458.0,0.2,1.4,-0.1341,0.043084,higher feature -> lower survival_target
adipose_E_original_firstorder_Kurtosis_mean,adipose,E,firstorder,Kurtosis,mean,0.00133,0.00059,0.001294,0.001367,0.443,382,339.5,85.0,458.0,0.2,0.6,-0.112,0.091654,higher feature -> lower survival_target
muscularis_H_original_firstorder_Variance_std,muscularis,H,firstorder,Variance,std,0.00133,0.000537,0.001297,0.001363,0.404,383,335.5,94.0,454.0,0.0,0.6,0.1792,0.006661,higher feature -> higher survival_target
adipose_E_original_firstorder_Kurtosis_std,adipose,E,firstorder,Kurtosis,std,0.001326,0.000588,0.00129,0.001363,0.443,384,340.0,81.0,454.0,0.1,1.0,-0.1151,0.082834,higher feature -> lower survival_target
immune_E_original_firstorder_RobustMeanAbsoluteDeviation_std,immune,E,firstorder,RobustMeanAbsoluteDeviation,std,0.001325,0.000467,0.001296,0.001354,0.352,385,325.0,110.0,455.0,0.0,0.6,-0.1187,0.073742,higher feature -> lower survival_target
vessels_H_original_firstorder_Energy_mean,vessels,H,firstorder,Energy,mean,0.001324,0.000464,0.001295,0.001353,0.35,386,322.5,120.0,449.0,0.1,0.3,0.1663,0.011904,higher feature -> higher survival_target
vessels_H_original_firstorder_TotalEnergy_mean,vessels,H,firstorder,TotalEnergy,mean,0.001321,0.000458,0.001292,0.001349,0.347,387,322.0,117.0,447.0,0.1,0.2,0.1663,0.011904,higher feature -> higher survival_target
vessels_H_original_firstorder_InterquartileRange_std,vessels,H,firstorder,InterquartileRange,std,0.00132,0.000454,0.001292,0.001349,0.344,388,330.0,118.0,449.0,0.0,0.2,0.0684,0.303609,higher feature -> higher survival_target
adipose_E_original_firstorder_Median_std,adipose,E,firstorder,Median,std,0.001315,0.000451,0.001287,0.001343,0.343,389,327.0,109.0,449.0,0.0,0.1,-0.0357,0.59229,higher feature -> lower survival_target
lamina_E_original_firstorder_RobustMeanAbsoluteDeviation_mean,lamina,E,firstorder,RobustMeanAbsoluteDeviation,mean,0.001312,0.000486,0.001282,0.001343,0.37,390,327.5,105.9,453.0,0.0,0.4,0.0575,0.387446,higher feature -> higher survival_target
necrosis_E_original_firstorder_Kurtosis_std,necrosis,E,firstorder,Kurtosis,std,0.001311,0.000446,0.001283,0.001338,0.34,391,324.5,111.0,450.0,0.0,0.2,-0.0143,0.830108,higher feature -> lower survival_target
muscularis_E_original_firstorder_Skewness_mean,muscularis,E,firstorder,Skewness,mean,0.001304,0.000494,0.001273,0.001335,0.379,392,337.0,96.0,454.0,0.0,0.3,-0.0359,0.590093,higher feature -> lower survival_target
muscularis_E_original_firstorder_Median_mean,muscularis,E,firstorder,Median,mean,0.001299,0.000535,0.001266,0.001332,0.412,393,345.0,87.0,456.0,0.1,0.2,0.0397,0.550968,higher feature -> higher survival_target
immune_E_original_firstorder_RootMeanSquared_std,immune,E,firstorder,RootMeanSquared,std,0.001296,0.000425,0.001269,0.001322,0.328,394,330.0,124.0,449.0,0.0,0.2,-0.0402,0.545463,higher feature -> lower survival_target
tumor_E_original_firstorder_Kurtosis_std,tumor,E,firstorder,Kurtosis,std,0.001295,0.000537,0.001261,0.001328,0.415,395,339.0,124.0,449.0,0.2,0.7,-0.1131,0.08834,higher feature -> lower survival_target
muscularis_E_original_firstorder_RootMeanSquared_mean,muscularis,E,firstorder,RootMeanSquared,mean,0.001294,0.000489,0.001264,0.001324,0.378,396,340.0,104.0,453.0,0.0,0.3,0.0408,0.540172,higher feature -> higher survival_target
lamina_E_original_firstorder_Skewness_mean,lamina,E,firstorder,Skewness,mean,0.001288,0.000581,0.001252,0.001324,0.451,397,349.5,95.0,462.0,0.1,0.6,-0.1141,0.085627,higher feature -> lower survival_target
immune_E_original_firstorder_Skewness_mean,immune,E,firstorder,Skewness,mean,0.001283,0.000555,0.001248,0.001317,0.432,398,351.0,97.9,459.0,0.0,0.7,-0.0878,0.186323,higher feature -> lower survival_target
lamina_E_original_firstorder_Energy_mean,lamina,E,firstorder,Energy,mean,0.001279,0.000547,0.001246,0.001313,0.427,399,350.0,90.0,458.0,0.0,0.8,0.0725,0.275869,higher feature -> higher survival_target
lamina_E_original_firstorder_TotalEnergy_mean,lamina,E,firstorder,TotalEnergy,mean,0.001276,0.000535,0.001243,0.001309,0.42,400,354.5,98.9,457.0,0.0,0.4,0.0725,0.275869,higher feature -> higher survival_target
tumor_E_original_firstorder_Skewness_mean,tumor,E,firstorder,Skewness,mean,0.00127,0.00047,0.001241,0.001299,0.37,401,343.0,121.0,459.0,0.0,0.1,-0.0889,0.181138,higher feature -> lower survival_target
urothelium_E_original_firstorder_Median_mean,urothelium,E,firstorder,Median,mean,0.001269,0.000504,0.001237,0.0013,0.397,402,349.0,105.0,456.0,0.0,0.2,0.0264,0.691254,higher feature -> higher survival_target
muscularis_E_original_firstorder_TotalEnergy_mean,muscularis,E,firstorder,TotalEnergy,mean,0.001259,0.000465,0.00123,0.001288,0.369,403,345.0,110.9,456.0,0.0,0.2,0.0179,0.787839,higher feature -> higher survival_target
muscularis_E_original_firstorder_Energy_mean,muscularis,E,firstorder,Energy,mean,0.001259,0.00046,0.00123,0.001287,0.366,404,345.0,117.9,456.0,0.0,0.2,0.0179,0.787839,higher feature -> higher survival_target
immune_E_original_firstorder_Median_std,immune,E,firstorder,Median,std,0.001258,0.000373,0.001235,0.001281,0.297,405,337.0,135.9,449.0,0.0,0.0,-0.0076,0.908886,higher feature -> lower survival_target
immune_E_original_firstorder_Mean_std,immune,E,firstorder,Mean,std,0.001254,0.000414,0.001228,0.00128,0.33,406,340.0,124.0,453.0,0.0,0.3,-0.0062,0.926358,higher feature -> lower survival_target
lamina_E_original_firstorder_MeanAbsoluteDeviation_mean,lamina,E,firstorder,MeanAbsoluteDeviation,mean,0.001253,0.000503,0.001222,0.001284,0.402,407,350.0,104.0,458.0,0.0,0.2,0.0785,0.237553,higher feature -> higher survival_target
vessels_H_original_firstorder_Variance_std,vessels,H,firstorder,Variance,std,0.001251,0.000429,0.001225,0.001278,0.343,408,344.0,131.0,453.0,0.0,0.2,0.0527,0.428345,higher feature -> higher survival_target
adipose_E_original_firstorder_TotalEnergy_std,adipose,E,firstorder,TotalEnergy,std,0.00125,0.000371,0.001227,0.001273,0.297,409,341.0,138.9,449.0,0.0,0.0,0.001,0.987894,higher feature -> higher survival_target
adipose_E_original_firstorder_Energy_std,adipose,E,firstorder,Energy,std,0.001247,0.000376,0.001224,0.00127,0.301,410,347.0,131.9,449.0,0.0,0.0,0.001,0.987894,higher feature -> higher survival_target
lamina_H_original_firstorder_Mean_std,lamina,H,firstorder,Mean,std,0.001245,0.000363,0.001222,0.001267,0.292,411,342.0,145.0,451.0,0.0,0.1,0.0729,0.272826,higher feature -> higher survival_target
immune_E_original_firstorder_Kurtosis_mean,immune,E,firstorder,Kurtosis,mean,0.00124,0.000429,0.001213,0.001266,0.346,412,347.0,125.9,458.0,0.0,0.0,-0.0717,0.280894,higher feature -> lower survival_target
vessels_E_original_firstorder_Skewness_mean,vessels,E,firstorder,Skewness,mean,0.001239,0.000513,0.001207,0.00127,0.414,413,356.0,110.0,459.0,0.1,0.6,-0.0846,0.203249,higher feature -> lower survival_target
adipose_E_original_firstorder_Uniformity_mean,adipose,E,firstorder,Uniformity,mean,0.001234,0.000624,0.001196,0.001273,0.505,414,369.5,84.0,461.0,0.3,1.2,-0.0994,0.13446,higher feature -> lower survival_target
urothelium_E_original_firstorder_MeanAbsoluteDeviation_mean,urothelium,E,firstorder,MeanAbsoluteDeviation,mean,0.001233,0.000484,0.001203,0.001263,0.393,415,357.0,107.0,459.0,0.0,0.2,0.1212,0.067709,higher feature -> higher survival_target
tumor_E_original_firstorder_Energy_std,tumor,E,firstorder,Energy,std,0.001225,0.000454,0.001197,0.001253,0.371,416,357.0,123.0,457.0,0.0,0.3,0.076,0.253036,higher feature -> higher survival_target
urothelium_E_original_firstorder_Variance_mean,urothelium,E,firstorder,Variance,mean,0.00122,0.000471,0.001191,0.001249,0.386,417,359.0,123.0,453.0,0.1,0.3,0.1008,0.129016,higher feature -> higher survival_target
tumor_E_original_firstorder_TotalEnergy_std,tumor,E,firstorder,TotalEnergy,std,0.001219,0.000457,0.00119,0.001247,0.375,418,358.0,127.0,457.0,0.0,0.3,0.076,0.253036,higher feature -> higher survival_target
adipose_E_original_firstorder_Skewness_mean,adipose,E,firstorder,Skewness,mean,0.001211,0.000479,0.001181,0.00124,0.395,419,364.5,108.0,457.0,0.0,0.4,-0.0745,0.262708,higher feature -> lower survival_target
necrosis_E_original_firstorder_Skewness_std,necrosis,E,firstorder,Skewness,std,0.001203,0.000347,0.001182,0.001225,0.288,420,350.5,149.0,458.0,0.0,0.0,-0.0653,0.326191,higher feature -> lower survival_target
immune_E_original_firstorder_Uniformity_mean,immune,E,firstorder,Uniformity,mean,0.001196,0.000577,0.00116,0.001232,0.483,421,384.0,91.0,463.0,0.0,0.7,-0.1172,0.077283,higher feature -> lower survival_target
immune_E_original_firstorder_InterquartileRange_mean,immune,E,firstorder,InterquartileRange,mean,0.001193,0.000337,0.001172,0.001214,0.283,422,352.0,159.9,454.0,0.0,0.0,0.0387,0.561265,higher feature -> higher survival_target
adipose_E_original_firstorder_Variance_std,adipose,E,firstorder,Variance,std,0.001182,0.000423,0.001156,0.001208,0.358,423,370.0,125.0,457.0,0.0,0.2,-0.0697,0.295012,higher feature -> lower survival_target
muscularis_E_original_firstorder_Kurtosis_std,muscularis,E,firstorder,Kurtosis,std,0.001176,0.000449,0.001148,0.001203,0.382,424,368.0,133.0,461.0,0.0,0.3,-0.0702,0.291333,higher feature -> lower survival_target
lamina_E_original_firstorder_Kurtosis_std,lamina,E,firstorder,Kurtosis,std,0.001174,0.000369,0.001151,0.001197,0.314,425,363.5,158.0,454.0,0.0,0.2,-0.0482,0.469274,higher feature -> lower survival_target
lamina_H_original_firstorder_Median_std,lamina,H,firstorder,Median,std,0.001172,0.000338,0.001151,0.001193,0.289,426,360.5,166.9,455.0,0.0,0.0,0.1368,0.039014,higher feature -> higher survival_target
vessels_H_original_firstorder_Variance_mean,vessels,H,firstorder,Variance,mean,0.001166,0.000496,0.001136,0.001197,0.425,427,386.0,111.0,461.0,0.0,0.3,0.206,0.001766,higher feature -> higher survival_target
lamina_E_original_firstorder_Variance_mean,lamina,E,firstorder,Variance,mean,0.001161,0.000414,0.001135,0.001186,0.357,428,371.0,131.8,461.0,0.0,0.2,0.063,0.343796,higher feature -> higher survival_target
immune_E_original_firstorder_Entropy_mean,immune,E,firstorder,Entropy,mean,0.00116,0.000461,0.001131,0.001189,0.398,429,382.5,108.9,461.0,0.0,0.1,0.11,0.097459,higher feature -> higher survival_target
immune_E_original_firstorder_Variance_mean,immune,E,firstorder,Variance,mean,0.001156,0.000365,0.001134,0.001179,0.316,430,364.0,147.9,459.0,0.0,0.0,0.0543,0.414768,higher feature -> higher survival_target
urothelium_E_original_firstorder_10Percentile_std,urothelium,E,firstorder,10Percentile,std,0.001154,0.00039,0.00113,0.001178,0.338,431,372.0,144.0,459.0,0.0,0.0,-0.0644,0.33281,higher feature -> lower survival_target
immune_E_original_firstorder_90Percentile_mean,immune,E,firstorder,90Percentile,mean,0.001153,0.000397,0.001129,0.001178,0.344,432,374.0,132.0,458.0,0.0,0.0,0.0861,0.19504,higher feature -> higher survival_target
immune_E_original_firstorder_MeanAbsoluteDeviation_mean,immune,E,firstorder,MeanAbsoluteDeviation,mean,0.001149,0.000386,0.001125,0.001173,0.336,433,378.0,144.9,459.0,0.0,0.1,0.0681,0.306004,higher feature -> higher survival_target
immune_E_original_firstorder_RobustMeanAbsoluteDeviation_mean,immune,E,firstorder,RobustMeanAbsoluteDeviation,mean,0.001134,0.000315,0.001114,0.001153,0.278,434,369.0,169.9,457.0,0.0,0.0,0.0445,0.504183,higher feature -> higher survival_target
adipose_E_original_firstorder_Median_mean,adipose,E,firstorder,Median,mean,0.001125,0.000377,0.001101,0.001148,0.335,435,381.0,146.0,459.0,0.0,0.0,0.0957,0.149576,higher feature -> higher survival_target
lamina_E_original_firstorder_Skewness_std,lamina,E,firstorder,Skewness,std,0.001116,0.000471,0.001087,0.001145,0.422,436,395.0,126.0,462.0,0.0,0.5,-0.1194,0.072066,higher feature -> lower survival_target
immune_E_original_firstorder_RootMeanSquared_mean,immune,E,firstorder,RootMeanSquared,mean,0.001113,0.000418,0.001087,0.001139,0.375,437,391.0,132.0,461.0,0.0,0.2,0.0897,0.176924,higher feature -> higher survival_target
lamina_H_original_firstorder_Energy_std,lamina,H,firstorder,Energy,std,0.001106,0.000336,0.001085,0.001126,0.304,438,384.0,166.0,460.0,0.0,0.0,0.1312,0.047867,higher feature -> higher survival_target
lamina_H_original_firstorder_TotalEnergy_std,lamina,H,firstorder,TotalEnergy,std,0.001101,0.000329,0.00108,0.001121,0.299,439,385.5,172.9,460.0,0.0,0.0,0.1312,0.047867,higher feature -> higher survival_target
adipose_E_original_firstorder_Entropy_mean,adipose,E,firstorder,Entropy,mean,0.001096,0.000451,0.001068,0.001124,0.411,440,401.0,126.0,462.0,0.0,0.1,0.0847,0.20277,higher feature -> higher survival_target
vessels_E_original_firstorder_Entropy_mean,vessels,E,firstorder,Entropy,mean,0.001078,0.000451,0.00105,0.001106,0.418,441,409.0,133.0,463.0,0.0,0.3,0.1278,0.053881,higher feature -> higher survival_target
immune_E_original_firstorder_Mean_mean,immune,E,firstorder,Mean,mean,0.001073,0.000419,0.001047,0.001099,0.39,442,401.0,153.9,462.0,0.0,0.4,0.0903,0.174225,higher feature -> higher survival_target
adipose_E_original_firstorder_Variance_mean,adipose,E,firstorder,Variance,mean,0.001062,0.000325,0.001041,0.001082,0.306,443,394.0,167.9,460.0,0.0,0.1,-0.006,0.928184,higher feature -> lower survival_target
immune_E_original_firstorder_Median_mean,immune,E,firstorder,Median,mean,0.001061,0.000472,0.001032,0.001091,0.444,444,407.5,134.9,464.0,0.0,0.3,0.0832,0.210948,higher feature -> higher survival_target
immune_E_original_firstorder_TotalEnergy_mean,immune,E,firstorder,TotalEnergy,mean,0.001055,0.000451,0.001027,0.001083,0.427,445,410.0,143.0,463.0,0.0,0.4,0.0816,0.2199,higher feature -> higher survival_target
adipose_E_original_firstorder_MeanAbsoluteDeviation_mean,adipose,E,firstorder,MeanAbsoluteDeviation,mean,0.001052,0.000324,0.001032,0.001072,0.308,446,398.0,184.9,460.0,0.0,0.1,-0.0034,0.959669,higher feature -> lower survival_target
immune_E_original_firstorder_Energy_mean,immune,E,firstorder,Energy,mean,0.00105,0.000436,0.001023,0.001077,0.415,447,411.0,147.0,463.0,0.0,0.4,0.0816,0.2199,higher feature -> higher survival_target
vessels_E_original_firstorder_RobustMeanAbsoluteDeviation_mean,vessels,E,firstorder,RobustMeanAbsoluteDeviation,mean,0.001045,0.000265,0.001028,0.001061,0.254,448,393.5,219.0,458.0,0.0,0.0,0.0654,0.325485,higher feature -> higher survival_target
vessels_E_original_firstorder_InterquartileRange_mean,vessels,E,firstorder,InterquartileRange,mean,0.001029,0.00027,0.001012,0.001045,0.263,449,399.0,218.9,459.0,0.0,0.0,0.0665,0.3174,higher feature -> higher survival_target
adipose_E_original_firstorder_RobustMeanAbsoluteDeviation_mean,adipose,E,firstorder,RobustMeanAbsoluteDeviation,mean,0.001029,0.000328,0.001008,0.001049,0.319,450,403.0,189.0,461.0,0.0,0.2,-0.0033,0.960117,higher feature -> lower survival_target
vessels_E_original_firstorder_Variance_mean,vessels,E,firstorder,Variance,mean,0.000996,0.000246,0.000981,0.001011,0.247,451,405.0,231.9,460.0,0.0,0.0,0.0673,0.311631,higher feature -> higher survival_target
vessels_E_original_firstorder_MeanAbsoluteDeviation_mean,vessels,E,firstorder,MeanAbsoluteDeviation,mean,0.000994,0.000263,0.000977,0.00101,0.265,452,408.0,234.0,460.0,0.0,0.0,0.0854,0.19879,higher feature -> higher survival_target
adipose_E_original_firstorder_InterquartileRange_mean,adipose,E,firstorder,InterquartileRange,mean,0.000979,0.000309,0.00096,0.000998,0.316,453,416.0,198.0,462.0,0.0,0.1,-0.0018,0.977888,higher feature -> lower survival_target
adipose_E_original_firstorder_90Percentile_mean,adipose,E,firstorder,90Percentile,mean,0.000947,0.000338,0.000926,0.000968,0.357,454,427.0,199.0,464.0,0.0,0.2,0.0297,0.655424,higher feature -> higher survival_target
vessels_E_original_firstorder_Median_mean,vessels,E,firstorder,Median,mean,0.00094,0.000335,0.00092,0.000961,0.356,455,431.0,185.8,464.0,0.0,0.0,0.0718,0.280244,higher feature -> higher survival_target
vessels_E_original_firstorder_Mean_mean,vessels,E,firstorder,Mean,mean,0.000935,0.000357,0.000913,0.000957,0.382,456,434.0,190.9,464.0,0.0,0.1,0.094,0.157276,higher feature -> higher survival_target
vessels_E_original_firstorder_90Percentile_mean,vessels,E,firstorder,90Percentile,mean,0.000899,0.000277,0.000882,0.000916,0.308,457,437.0,249.9,463.0,0.0,0.1,0.1005,0.130295,higher feature -> higher survival_target
adipose_E_original_firstorder_Mean_mean,adipose,E,firstorder,Mean,mean,0.000891,0.000263,0.000875,0.000907,0.295,458,438.0,236.9,463.0,0.0,0.0,0.0635,0.33963,higher feature -> higher survival_target
vessels_E_original_firstorder_Energy_mean,vessels,E,firstorder,Energy,mean,0.000887,0.000291,0.000869,0.000905,0.328,459,439.0,234.9,464.0,0.0,0.0,0.0743,0.264026,higher feature -> higher survival_target
vessels_E_original_firstorder_TotalEnergy_mean,vessels,E,firstorder,TotalEnergy,mean,0.000885,0.000286,0.000868,0.000903,0.323,460,439.0,226.9,464.0,0.0,0.0,0.0743,0.264026,higher feature -> higher survival_target
adipose_E_original_firstorder_Energy_mean,adipose,E,firstorder,Energy,mean,0.000849,0.000242,0.000834,0.000864,0.286,461,443.5,249.9,464.0,0.0,0.0,0.0352,0.596684,higher feature -> higher survival_target
adipose_E_original_firstorder_TotalEnergy_mean,adipose,E,firstorder,TotalEnergy,mean,0.000848,0.000241,0.000833,0.000863,0.285,462,444.0,261.0,464.0,0.0,0.0,0.0352,0.596684,higher feature -> higher survival_target
adipose_E_original_firstorder_RootMeanSquared_mean,adipose,E,firstorder,RootMeanSquared,mean,0.000838,0.000239,0.000823,0.000853,0.285,463,446.0,254.0,464.0,0.0,0.0,0.0427,0.520787,higher feature -> higher survival_target
vessels_E_original_firstorder_RootMeanSquared_mean,vessels,E,firstorder,RootMeanSquared,mean,0.000832,0.000261,0.000816,0.000848,0.314,464,447.0,266.9,464.0,0.0,0.0,0.0917,0.167752,higher feature -> higher survival_target
vessels_E_original_firstorder_Range_mean,vessels,E,firstorder,Range,mean,0.000337,0.000275,0.00032,0.000354,0.814,465,466.0,366.8,468.0,0.0,0.0,0.2002,0.002385,higher feature -> higher survival_target
vessels_E_original_firstorder_Range_std,vessels,E,firstorder,Range,std,0.000333,0.000263,0.000317,0.00035,0.79,466,466.0,372.9,468.0,0.0,0.0,-0.2002,0.002385,higher feature -> lower survival_target
vessels_E_original_firstorder_Maximum_mean,vessels,E,firstorder,Maximum,mean,0.000332,0.00026,0.000316,0.000348,0.782,467,466.0,384.9,468.0,0.0,0.0,0.2002,0.002385,higher feature -> higher survival_target
vessels_E_original_firstorder_Maximum_std,vessels,E,firstorder,Maximum,std,0.000331,0.000266,0.000315,0.000348,0.802,468,466.0,373.9,468.0,0.0,0.0,-0.2002,0.002385,higher feature -> lower survival_target
urothelium_H_original_firstorder_Maximum_std,urothelium,H,firstorder,Maximum,std,4e-06,1.2e-05,3e-06,5e-06,3.198,469,479.0,469.0,503.0,0.0,0.0,-0.0825,0.214791,higher feature -> lower survival_target
tumor_E_original_firstorder_Range_std,tumor,E,firstorder,Range,std,4e-06,1.4e-05,3e-06,5e-06,3.732,470,492.0,469.0,504.0,0.0,0.0,-0.1124,0.090268,higher feature -> lower survival_target
urothelium_H_original_firstorder_Range_mean,urothelium,H,firstorder,Range,mean,4e-06,1.1e-05,3e-06,4e-06,2.849,471,480.0,469.0,503.0,0.0,0.0,0.0825,0.214791,higher feature -> higher survival_target
tumor_E_original_firstorder_Maximum_mean,tumor,E,firstorder,Maximum,mean,4e-06,1.3e-05,3e-06,4e-06,3.567,472,495.0,469.0,504.0,0.0,0.0,0.1124,0.090268,higher feature -> higher survival_target
tumor_E_original_firstorder_Maximum_std,tumor,E,firstorder,Maximum,std,4e-06,1.3e-05,3e-06,4e-06,3.782,473,494.0,469.0,504.0,0.0,0.0,-0.1124,0.090268,higher feature -> lower survival_target
urothelium_H_original_firstorder_Maximum_mean,urothelium,H,firstorder,Maximum,mean,3e-06,1e-05,3e-06,4e-06,2.84,474,481.0,469.0,503.0,0.0,0.0,0.0825,0.214791,higher feature -> higher survival_target
urothelium_H_original_firstorder_Range_std,urothelium,H,firstorder,Range,std,3e-06,8e-06,3e-06,4e-06,2.399,475,480.0,469.0,503.0,0.0,0.0,-0.0825,0.214791,higher feature -> lower survival_target
tumor_E_original_firstorder_Range_mean,tumor,E,firstorder,Range,mean,3e-06,1.2e-05,3e-06,4e-06,3.445,476,494.5,469.0,504.0,0.0,0.0,0.1124,0.090268,higher feature -> higher survival_target
adipose_E_original_firstorder_Maximum_std,adipose,E,firstorder,Maximum,std,2e-06,6e-06,2e-06,3e-06,2.618,477,479.0,469.0,501.0,0.0,0.0,-0.0912,0.170083,higher feature -> lower survival_target
adipose_E_original_firstorder_Maximum_mean,adipose,E,firstorder,Maximum,mean,2e-06,6e-06,2e-06,3e-06,2.601,478,479.0,469.0,502.0,0.0,0.0,0.0912,0.170083,higher feature -> higher survival_target
adipose_E_original_firstorder_Range_mean,adipose,E,firstorder,Range,mean,2e-06,6e-06,2e-06,2e-06,2.734,479,479.0,469.0,500.0,0.0,0.0,0.0912,0.170083,higher feature -> higher survival_target
adipose_E_original_firstorder_Range_std,adipose,E,firstorder,Range,std,2e-06,6e-06,2e-06,2e-06,2.787,480,479.0,469.0,500.0,0.0,0.0,-0.0912,0.170083,higher feature -> lower survival_target
lamina_E_original_firstorder_Range_mean,lamina,E,firstorder,Range,mean,1e-06,4e-06,1e-06,2e-06,2.484,481,483.0,469.0,503.0,0.0,0.0,0.0083,0.901245,higher feature -> higher survival_target
lamina_E_original_firstorder_Maximum_mean,lamina,E,firstorder,Maximum,mean,1e-06,4e-06,1e-06,2e-06,2.658,482,482.0,469.0,502.0,0.0,0.0,0.0083,0.901245,higher feature -> higher survival_target
lamina_E_original_firstorder_Maximum_std,lamina,E,firstorder,Maximum,std,1e-06,3e-06,1e-06,2e-06,2.62,483,482.0,469.0,503.0,0.0,0.0,-0.0083,0.901245,higher feature -> lower survival_target
lamina_E_original_firstorder_Range_std,lamina,E,firstorder,Range,std,1e-06,3e-06,1e-06,1e-06,2.57,484,482.0,469.0,504.0,0.0,0.0,-0.0083,0.901245,higher feature -> lower survival_target
vessels_H_original_firstorder_Range_mean,vessels,H,firstorder,Range,mean,1e-06,2e-06,1e-06,1e-06,3.323,485,500.0,471.0,504.0,0.0,0.0,0.043,0.518244,higher feature -> higher survival_target
vessels_H_original_firstorder_Maximum_std,vessels,H,firstorder,Maximum,std,1e-06,2e-06,1e-06,1e-06,3.312,486,496.0,470.0,504.0,0.0,0.0,-0.0435,0.512999,higher feature -> lower survival_target
vessels_H_original_firstorder_Range_std,vessels,H,firstorder,Range,std,1e-06,2e-06,1e-06,1e-06,3.598,487,499.0,470.0,504.0,0.0,0.0,-0.0435,0.512999,higher feature -> lower survival_target
vessels_H_original_firstorder_Maximum_mean,vessels,H,firstorder,Maximum,mean,1e-06,2e-06,0.0,1e-06,3.393,488,495.5,471.0,504.0,0.0,0.0,0.043,0.518244,higher feature -> higher survival_target
necrosis_E_original_firstorder_Range_mean,necrosis,E,firstorder,Range,mean,0.0,3e-06,-0.0,0.0,21.478,489,485.0,473.0,499.0,0.0,0.0,-0.0449,0.500173,higher feature -> lower survival_target
necrosis_E_original_firstorder_Range_std,necrosis,E,firstorder,Range,std,0.0,2e-06,-0.0,0.0,24.62,490,485.0,473.0,499.0,0.0,0.0,0.0449,0.500173,higher feature -> higher survival_target
necrosis_E_original_firstorder_Maximum_mean,necrosis,E,firstorder,Maximum,mean,0.0,1e-06,-0.0,0.0,19.774,491,484.0,473.0,498.0,0.0,0.0,-0.0449,0.500173,higher feature -> lower survival_target
necrosis_E_original_firstorder_Maximum_std,necrosis,E,firstorder,Maximum,std,0.0,1e-06,-0.0,0.0,20.94,492,484.0,472.0,498.0,0.0,0.0,0.0449,0.500173,higher feature -> higher survival_target
immune_E_original_firstorder_Maximum_std,immune,E,firstorder,Maximum,std,0.0,1e-06,-0.0,0.0,22.015,493,490.0,473.0,502.0,0.0,0.0,-0.0751,0.258571,higher feature -> lower survival_target
immune_E_original_firstorder_Range_std,immune,E,firstorder,Range,std,0.0,0.0,-0.0,0.0,31.377,494,492.0,474.0,503.0,0.0,0.0,-0.0751,0.258571,higher feature -> lower survival_target
immune_E_original_firstorder_Range_mean,immune,E,firstorder,Range,mean,0.0,0.0,-0.0,0.0,31.623,495,492.0,473.0,503.0,0.0,0.0,0.0751,0.258571,higher feature -> higher survival_target
immune_E_original_firstorder_Maximum_mean,immune,E,firstorder,Maximum,mean,0.0,0.0,-0.0,0.0,31.623,496,490.0,473.0,502.0,0.0,0.0,0.0751,0.258571,higher feature -> higher survival_target
lamina_H_original_firstorder_Range_mean,lamina,H,firstorder,Range,mean,0.0,0.0,0.0,0.0,,497,488.0,474.0,503.0,0.0,0.0,,,undetermined
lamina_H_original_firstorder_Range_std,lamina,H,firstorder,Range,std,0.0,0.0,0.0,0.0,,498,488.0,473.0,502.0,0.0,0.0,,,undetermined
lamina_H_original_firstorder_Maximum_mean,lamina,H,firstorder,Maximum,mean,0.0,0.0,0.0,0.0,,499,488.0,473.0,503.0,0.0,0.0,,,undetermined
lamina_H_original_firstorder_Maximum_std,lamina,H,firstorder,Maximum,std,0.0,0.0,0.0,0.0,,500,488.0,473.0,502.0,0.0,0.0,,,undetermined
immune_H_original_firstorder_Maximum_std,immune,H,firstorder,Maximum,std,0.0,0.0,0.0,0.0,,501,486.0,472.0,500.0,0.0,0.0,,,undetermined
immune_H_original_firstorder_Maximum_mean,immune,H,firstorder,Maximum,mean,0.0,0.0,0.0,0.0,,502,486.0,472.0,500.0,0.0,0.0,,,undetermined
immune_H_original_firstorder_Range_std,immune,H,firstorder,Range,std,0.0,0.0,0.0,0.0,,503,488.0,473.0,500.0,0.0,0.0,,,undetermined
immune_H_original_firstorder_Range_mean,immune,H,firstorder,Range,mean,0.0,0.0,0.0,0.0,,504,488.0,473.0,500.0,0.0,0.0,,,undetermined
