feature,region,channel,feature_class,metric,stat,mean_importance,std_importance,ci_lo,ci_hi,cv,rank,median_rank,rank_q025,rank_q975,top20_pct,top50_pct,spearman_rho,spearman_p_value,direction
adipose_E_original_firstorder_InterquartileRange_std,adipose,E,firstorder,InterquartileRange,std,0.0187,0.003533,0.018481,0.018919,0.189,1,2.0,1.0,4.0,100.0,100.0,-0.3265,0.0,higher feature -> lower survival_target
adipose_E_original_firstorder_RobustMeanAbsoluteDeviation_std,adipose,E,firstorder,RobustMeanAbsoluteDeviation,std,0.018608,0.003319,0.018403,0.018814,0.178,2,2.0,1.0,4.0,100.0,100.0,-0.3285,0.0,higher feature -> lower survival_target
adipose_E_original_firstorder_Variance_std,adipose,E,firstorder,Variance,std,0.01397,0.003265,0.013768,0.014173,0.234,3,3.0,2.0,11.0,99.5,100.0,-0.2944,0.0,higher feature -> lower survival_target
adipose_E_original_firstorder_MeanAbsoluteDeviation_std,adipose,E,firstorder,MeanAbsoluteDeviation,std,0.011752,0.003129,0.011558,0.011946,0.266,4,4.0,3.0,18.0,98.3,99.9,-0.2919,0.0,higher feature -> lower survival_target
tils_H_original_firstorder_90Percentile_std,tils,H,firstorder,90Percentile,std,0.00931,0.003198,0.009112,0.009508,0.344,5,7.0,2.0,37.0,90.7,99.2,-0.2837,0.0,higher feature -> lower survival_target
dcis_E_original_firstorder_10Percentile_mean,dcis,E,firstorder,10Percentile,mean,0.007885,0.003811,0.007649,0.008121,0.483,6,11.0,2.0,83.0,69.9,92.0,0.1178,0.002923,higher feature -> higher survival_target
tils_H_original_firstorder_MeanAbsoluteDeviation_std,tils,H,firstorder,MeanAbsoluteDeviation,std,0.00727,0.002888,0.007091,0.007449,0.397,7,12.0,4.0,77.0,71.2,94.4,-0.2557,0.0,higher feature -> lower survival_target
tils_H_original_firstorder_RobustMeanAbsoluteDeviation_std,tils,H,firstorder,RobustMeanAbsoluteDeviation,std,0.006909,0.002816,0.006735,0.007084,0.408,8,14.0,4.0,82.1,67.2,92.0,-0.2471,0.0,higher feature -> lower survival_target
tils_H_original_firstorder_Variance_std,tils,H,firstorder,Variance,std,0.006755,0.002635,0.006592,0.006918,0.39,9,14.5,4.0,79.0,67.1,90.9,-0.2458,0.0,higher feature -> lower survival_target
tils_H_original_firstorder_RootMeanSquared_std,tils,H,firstorder,RootMeanSquared,std,0.006079,0.002568,0.005919,0.006238,0.423,10,18.0,5.0,105.1,55.4,85.0,-0.2447,0.0,higher feature -> lower survival_target
tils_H_original_firstorder_Entropy_std,tils,H,firstorder,Entropy,std,0.005941,0.002764,0.00577,0.006113,0.465,11,20.0,4.0,131.0,50.6,80.3,-0.2253,0.0,higher feature -> lower survival_target
tils_H_original_firstorder_InterquartileRange_std,tils,H,firstorder,InterquartileRange,std,0.005913,0.002563,0.005754,0.006072,0.434,12,20.0,5.0,112.0,52.1,82.9,-0.2375,0.0,higher feature -> lower survival_target
dcis_H_original_firstorder_Variance_mean,dcis,H,firstorder,Variance,mean,0.00563,0.002237,0.005491,0.005769,0.397,13,22.0,5.0,85.0,45.9,86.3,-0.0876,0.027081,higher feature -> lower survival_target
adipose_E_original_firstorder_Median_std,adipose,E,firstorder,Median,std,0.005629,0.00208,0.0055,0.005758,0.37,14,21.5,5.0,99.1,48.3,85.7,-0.2089,0.0,higher feature -> lower survival_target
stroma_H_original_firstorder_90Percentile_std,stroma,H,firstorder,90Percentile,std,0.005425,0.002257,0.005286,0.005565,0.416,15,23.0,5.0,117.0,44.7,80.9,-0.2337,0.0,higher feature -> lower survival_target
dcis_H_original_firstorder_MeanAbsoluteDeviation_mean,dcis,H,firstorder,MeanAbsoluteDeviation,mean,0.005368,0.002027,0.005242,0.005493,0.378,16,24.0,5.0,106.0,42.6,84.1,-0.0785,0.047721,higher feature -> lower survival_target
adipose_H_original_firstorder_Skewness_mean,adipose,H,firstorder,Skewness,mean,0.005204,0.001851,0.005089,0.005318,0.356,17,24.0,6.0,93.0,40.8,82.8,-0.2319,0.0,higher feature -> lower survival_target
adipose_H_original_firstorder_Kurtosis_mean,adipose,H,firstorder,Kurtosis,mean,0.005134,0.001994,0.005011,0.005258,0.388,18,25.0,5.0,103.0,38.5,78.3,-0.2205,0.0,higher feature -> lower survival_target
tils_H_original_firstorder_Mean_std,tils,H,firstorder,Mean,std,0.004905,0.002279,0.004763,0.005046,0.465,19,31.0,6.0,168.0,33.9,68.8,-0.2166,0.0,higher feature -> lower survival_target
adipose_H_original_firstorder_Median_mean,adipose,H,firstorder,Median,mean,0.004736,0.002261,0.004596,0.004876,0.477,20,33.0,5.0,163.0,30.5,64.9,0.1661,2.6e-05,higher feature -> higher survival_target
tdlu_H_original_firstorder_Entropy_std,tdlu,H,firstorder,Entropy,std,0.004701,0.002108,0.00457,0.004831,0.448,21,32.0,6.0,203.0,32.0,67.7,-0.2421,0.0,higher feature -> lower survival_target
stroma_H_original_firstorder_MeanAbsoluteDeviation_std,stroma,H,firstorder,MeanAbsoluteDeviation,std,0.004612,0.002169,0.004477,0.004746,0.47,22,35.0,6.0,180.1,28.1,64.0,-0.2214,0.0,higher feature -> lower survival_target
adipose_E_original_firstorder_RootMeanSquared_std,adipose,E,firstorder,RootMeanSquared,std,0.004593,0.001899,0.004475,0.004711,0.413,23,33.0,7.0,156.0,29.8,67.8,-0.2165,0.0,higher feature -> lower survival_target
stroma_H_original_firstorder_RootMeanSquared_std,stroma,H,firstorder,RootMeanSquared,std,0.004399,0.001845,0.004285,0.004514,0.419,24,37.0,7.0,168.1,24.8,65.1,-0.2132,0.0,higher feature -> lower survival_target
dcis_E_original_firstorder_Median_mean,dcis,E,firstorder,Median,mean,0.004301,0.002059,0.004173,0.004429,0.479,25,42.0,7.0,204.0,25.1,58.5,0.1002,0.01142,higher feature -> higher survival_target
stroma_H_original_firstorder_Variance_std,stroma,H,firstorder,Variance,std,0.004295,0.001766,0.004185,0.004404,0.411,26,40.0,7.0,161.0,21.8,62.8,-0.2183,0.0,higher feature -> lower survival_target
tils_E_original_firstorder_Median_mean,tils,E,firstorder,Median,mean,0.004281,0.001361,0.004196,0.004365,0.318,27,36.0,9.0,123.0,20.8,69.8,0.1481,0.000178,higher feature -> higher survival_target
muscle_E_original_firstorder_Median_std,muscle,E,firstorder,Median,std,0.004015,0.001833,0.003901,0.004129,0.457,28,45.0,7.0,280.3,20.2,55.8,-0.1912,1e-06,higher feature -> lower survival_target
adipose_E_original_firstorder_90Percentile_std,adipose,E,firstorder,90Percentile,std,0.003981,0.001783,0.00387,0.004091,0.448,29,46.0,7.0,216.1,19.4,53.2,-0.2155,0.0,higher feature -> lower survival_target
tdlu_H_original_firstorder_Skewness_std,tdlu,H,firstorder,Skewness,std,0.003979,0.00174,0.003871,0.004086,0.437,30,47.0,8.0,209.0,16.8,53.9,-0.1769,7e-06,higher feature -> lower survival_target
adipose_H_original_firstorder_Uniformity_mean,adipose,H,firstorder,Uniformity,mean,0.003924,0.001507,0.003831,0.004017,0.384,31,46.0,10.0,170.0,15.5,54.9,-0.2,0.0,higher feature -> lower survival_target
dcis_H_original_firstorder_InterquartileRange_std,dcis,H,firstorder,InterquartileRange,std,0.003919,0.00204,0.003793,0.004046,0.52,32,53.0,6.0,246.1,19.9,47.4,-0.0932,0.018768,higher feature -> lower survival_target
dcis_H_original_firstorder_RobustMeanAbsoluteDeviation_mean,dcis,H,firstorder,RobustMeanAbsoluteDeviation,mean,0.003903,0.00147,0.003811,0.003994,0.377,33,45.0,10.0,166.0,14.1,55.2,-0.0373,0.347418,higher feature -> lower survival_target
adipose_E_original_firstorder_RobustMeanAbsoluteDeviation_mean,adipose,E,firstorder,RobustMeanAbsoluteDeviation,mean,0.003806,0.001303,0.003726,0.003887,0.342,34,49.0,11.0,154.0,12.9,51.6,-0.1638,3.3e-05,higher feature -> lower survival_target
adipose_E_original_firstorder_Variance_mean,adipose,E,firstorder,Variance,mean,0.003774,0.001407,0.003687,0.003862,0.373,35,49.5,10.0,166.0,13.1,51.0,-0.1809,4e-06,higher feature -> lower survival_target
dcis_H_original_firstorder_InterquartileRange_mean,dcis,H,firstorder,InterquartileRange,mean,0.00376,0.001709,0.003654,0.003866,0.455,36,54.0,8.0,217.0,15.3,45.7,-0.0365,0.357488,higher feature -> lower survival_target
tdlu_H_original_firstorder_90Percentile_std,tdlu,H,firstorder,90Percentile,std,0.003738,0.00159,0.00364,0.003837,0.425,37,49.0,10.0,248.0,14.3,50.3,-0.2323,0.0,higher feature -> lower survival_target
adipose_H_original_firstorder_Skewness_std,adipose,H,firstorder,Skewness,std,0.003626,0.001719,0.003519,0.003732,0.474,38,62.0,9.0,239.1,13.1,42.2,-0.195,1e-06,higher feature -> lower survival_target
vessels_E_original_firstorder_Entropy_std,vessels,E,firstorder,Entropy,std,0.003606,0.00208,0.003477,0.003735,0.577,39,67.0,8.0,312.1,15.5,39.3,-0.1397,0.000408,higher feature -> lower survival_target
tils_E_original_firstorder_MeanAbsoluteDeviation_std,tils,E,firstorder,MeanAbsoluteDeviation,std,0.00359,0.001778,0.00348,0.0037,0.495,40,59.5,8.0,295.1,14.8,42.2,-0.1328,0.000788,higher feature -> lower survival_target
tdlu_H_original_firstorder_MeanAbsoluteDeviation_std,tdlu,H,firstorder,MeanAbsoluteDeviation,std,0.003534,0.001553,0.003438,0.003631,0.439,41,61.0,11.0,281.1,12.0,42.1,-0.2183,0.0,higher feature -> lower survival_target
vessels_H_original_firstorder_MeanAbsoluteDeviation_std,vessels,H,firstorder,MeanAbsoluteDeviation,std,0.003525,0.001928,0.003406,0.003645,0.547,42,66.0,8.0,348.0,15.8,40.6,-0.1797,5e-06,higher feature -> lower survival_target
adipose_E_original_firstorder_Entropy_std,adipose,E,firstorder,Entropy,std,0.003506,0.001449,0.003416,0.003596,0.413,43,60.0,10.0,200.1,10.3,41.0,-0.1154,0.003566,higher feature -> lower survival_target
dcis_E_original_firstorder_10Percentile_std,dcis,E,firstorder,10Percentile,std,0.003428,0.001503,0.003335,0.003522,0.438,44,61.0,10.0,239.0,9.7,40.1,0.0811,0.040934,higher feature -> higher survival_target
adipose_E_original_firstorder_InterquartileRange_mean,adipose,E,firstorder,InterquartileRange,mean,0.003424,0.001138,0.003353,0.003494,0.332,45,60.0,15.0,180.0,6.5,38.1,-0.1499,0.000148,higher feature -> lower survival_target
stroma_H_original_firstorder_Mean_std,stroma,H,firstorder,Mean,std,0.003346,0.001506,0.003252,0.003439,0.45,46,66.0,11.0,261.0,9.9,36.5,-0.2044,0.0,higher feature -> lower survival_target
adipose_H_original_firstorder_Entropy_mean,adipose,H,firstorder,Entropy,mean,0.003327,0.001201,0.003252,0.003401,0.361,47,65.0,15.0,197.0,5.4,36.5,0.1925,1e-06,higher feature -> higher survival_target
muscle_E_original_firstorder_RobustMeanAbsoluteDeviation_std,muscle,E,firstorder,RobustMeanAbsoluteDeviation,std,0.003316,0.001641,0.003214,0.003418,0.495,48,72.0,10.0,338.0,10.5,36.4,-0.1791,6e-06,higher feature -> lower survival_target
adipose_E_original_firstorder_Uniformity_mean,adipose,E,firstorder,Uniformity,mean,0.003313,0.001259,0.003235,0.003391,0.38,49,65.0,14.0,215.0,7.4,36.1,-0.0438,0.269805,higher feature -> lower survival_target
tils_E_original_firstorder_Mean_mean,tils,E,firstorder,Mean,mean,0.003297,0.001,0.003235,0.003359,0.303,50,60.0,19.0,189.0,3.6,36.8,0.1281,0.001203,higher feature -> higher survival_target
tils_E_original_firstorder_Uniformity_mean,tils,E,firstorder,Uniformity,mean,0.003263,0.001151,0.003192,0.003334,0.353,51,62.0,16.0,220.0,5.8,36.2,-0.1535,0.000102,higher feature -> lower survival_target
tils_E_original_firstorder_RobustMeanAbsoluteDeviation_std,tils,E,firstorder,RobustMeanAbsoluteDeviation,std,0.003247,0.001529,0.003153,0.003342,0.471,52,73.0,11.0,279.0,9.7,35.0,-0.1433,0.000288,higher feature -> lower survival_target
adipose_H_original_firstorder_InterquartileRange_mean,adipose,H,firstorder,InterquartileRange,mean,0.003226,0.001117,0.003156,0.003295,0.346,53,65.0,16.0,202.0,5.1,32.8,0.1862,2e-06,higher feature -> higher survival_target
tils_H_original_firstorder_Energy_std,tils,H,firstorder,Energy,std,0.003204,0.001296,0.003124,0.003285,0.405,54,71.5,14.0,233.1,6.1,32.3,-0.1967,1e-06,higher feature -> lower survival_target
tils_H_original_firstorder_TotalEnergy_std,tils,H,firstorder,TotalEnergy,std,0.003195,0.001284,0.003115,0.003274,0.402,55,72.0,16.0,233.0,5.9,31.3,-0.1967,1e-06,higher feature -> lower survival_target
muscle_E_original_firstorder_TotalEnergy_std,muscle,E,firstorder,TotalEnergy,std,0.003192,0.001385,0.003106,0.003278,0.434,56,72.0,13.0,286.0,7.7,33.2,-0.1732,1.1e-05,higher feature -> lower survival_target
stroma_H_original_firstorder_Energy_std,stroma,H,firstorder,Energy,std,0.003191,0.00114,0.003121,0.003262,0.357,57,69.0,17.0,216.0,4.3,31.8,-0.1855,2e-06,higher feature -> lower survival_target
tumor_H_original_firstorder_Variance_std,tumor,H,firstorder,Variance,std,0.003191,0.001362,0.003106,0.003275,0.427,58,73.0,12.0,239.0,6.2,31.5,-0.1073,0.00675,higher feature -> lower survival_target
muscle_E_original_firstorder_Energy_std,muscle,E,firstorder,Energy,std,0.00319,0.001381,0.003104,0.003275,0.433,59,72.0,12.0,281.2,7.2,32.6,-0.1732,1.1e-05,higher feature -> lower survival_target
stroma_H_original_firstorder_TotalEnergy_std,stroma,H,firstorder,TotalEnergy,std,0.003182,0.001128,0.003112,0.003252,0.355,60,68.0,17.0,221.0,4.7,31.6,-0.1855,2e-06,higher feature -> lower survival_target
dcis_E_original_firstorder_Mean_mean,dcis,E,firstorder,Mean,mean,0.003159,0.001442,0.00307,0.003249,0.457,61,76.0,11.0,291.1,9.0,31.8,0.0671,0.090689,higher feature -> higher survival_target
stroma_E_original_firstorder_RobustMeanAbsoluteDeviation_mean,stroma,E,firstorder,RobustMeanAbsoluteDeviation,mean,0.003159,0.001088,0.003091,0.003226,0.345,62,68.0,17.0,225.0,4.7,32.7,0.0866,0.02897,higher feature -> higher survival_target
tils_E_original_firstorder_10Percentile_mean,tils,E,firstorder,10Percentile,mean,0.003156,0.001087,0.003089,0.003223,0.344,63,70.0,17.0,215.0,4.2,31.4,0.091,0.021736,higher feature -> higher survival_target
stroma_E_original_firstorder_Variance_mean,stroma,E,firstorder,Variance,mean,0.003139,0.001012,0.003076,0.003202,0.322,64,69.0,20.0,209.1,3.0,33.5,0.0806,0.042167,higher feature -> higher survival_target
muscle_E_original_firstorder_10Percentile_std,muscle,E,firstorder,10Percentile,std,0.003137,0.001586,0.003039,0.003236,0.506,65,82.0,10.0,326.0,9.4,32.2,-0.1624,3.9e-05,higher feature -> lower survival_target
vessels_E_original_firstorder_MeanAbsoluteDeviation_std,vessels,E,firstorder,MeanAbsoluteDeviation,std,0.003136,0.001395,0.003049,0.003222,0.445,66,76.5,11.0,281.0,8.9,30.5,-0.1817,4e-06,higher feature -> lower survival_target
stroma_E_original_firstorder_InterquartileRange_mean,stroma,E,firstorder,InterquartileRange,mean,0.003126,0.001097,0.003058,0.003194,0.351,67,71.5,17.0,215.0,4.2,30.5,0.0841,0.034049,higher feature -> higher survival_target
stroma_E_original_firstorder_MeanAbsoluteDeviation_mean,stroma,E,firstorder,MeanAbsoluteDeviation,mean,0.003122,0.001011,0.00306,0.003185,0.324,68,70.0,20.0,195.0,2.6,32.9,0.0868,0.028626,higher feature -> higher survival_target
adipose_E_original_firstorder_Energy_std,adipose,E,firstorder,Energy,std,0.003114,0.001248,0.003036,0.003191,0.401,69,76.0,16.0,280.0,5.1,31.4,-0.1838,3e-06,higher feature -> lower survival_target
adipose_E_original_firstorder_TotalEnergy_std,adipose,E,firstorder,TotalEnergy,std,0.003103,0.001249,0.003026,0.003181,0.403,70,77.0,15.0,281.1,5.5,31.1,-0.1838,3e-06,higher feature -> lower survival_target
adipose_E_original_firstorder_Mean_std,adipose,E,firstorder,Mean,std,0.003094,0.001353,0.00301,0.003178,0.437,71,80.0,13.0,278.0,6.4,29.6,-0.1922,1e-06,higher feature -> lower survival_target
adipose_H_original_firstorder_Mean_mean,adipose,H,firstorder,Mean,mean,0.003084,0.001154,0.003013,0.003156,0.374,72,74.0,16.0,229.0,4.5,27.0,0.1675,2.2e-05,higher feature -> higher survival_target
adipose_E_original_firstorder_MeanAbsoluteDeviation_mean,adipose,E,firstorder,MeanAbsoluteDeviation,mean,0.003033,0.001085,0.002966,0.003101,0.358,73,77.0,18.0,231.0,4.3,25.4,-0.1611,4.5e-05,higher feature -> lower survival_target
tils_E_original_firstorder_InterquartileRange_std,tils,E,firstorder,InterquartileRange,std,0.003032,0.001468,0.002941,0.003123,0.484,74,87.5,14.0,325.1,7.1,30.0,-0.1417,0.000336,higher feature -> lower survival_target
tdlu_H_original_firstorder_RobustMeanAbsoluteDeviation_std,tdlu,H,firstorder,RobustMeanAbsoluteDeviation,std,0.002984,0.001325,0.002902,0.003066,0.444,75,85.0,15.0,313.1,4.7,27.0,-0.2115,0.0,higher feature -> lower survival_target
tils_H_original_firstorder_Skewness_mean,tils,H,firstorder,Skewness,mean,0.002913,0.001314,0.002831,0.002994,0.451,76,89.0,14.0,317.0,6.2,26.0,-0.06,0.130762,higher feature -> lower survival_target
muscle_E_original_firstorder_InterquartileRange_std,muscle,E,firstorder,InterquartileRange,std,0.002901,0.001487,0.002808,0.002993,0.513,77,94.5,13.0,396.0,6.5,26.0,-0.1749,9e-06,higher feature -> lower survival_target
dcis_H_original_firstorder_Entropy_mean,dcis,H,firstorder,Entropy,mean,0.002893,0.001445,0.002803,0.002983,0.5,78,95.5,12.0,324.0,6.5,24.5,0.0001,0.997035,higher feature -> higher survival_target
adipose_E_original_firstorder_Median_mean,adipose,E,firstorder,Median,mean,0.002883,0.000936,0.002825,0.002941,0.325,79,79.0,21.0,258.0,2.1,23.6,-0.0026,0.948566,higher feature -> lower survival_target
dcis_E_original_firstorder_RobustMeanAbsoluteDeviation_std,dcis,E,firstorder,RobustMeanAbsoluteDeviation,std,0.00285,0.001214,0.002774,0.002925,0.426,80,92.0,16.0,304.0,4.5,23.2,-0.1647,3e-05,higher feature -> lower survival_target
dcis_H_original_firstorder_Variance_std,dcis,H,firstorder,Variance,std,0.002772,0.001143,0.002701,0.002843,0.412,81,92.0,19.0,301.0,3.5,20.6,-0.0264,0.506764,higher feature -> lower survival_target
dcis_H_original_firstorder_RobustMeanAbsoluteDeviation_std,dcis,H,firstorder,RobustMeanAbsoluteDeviation,std,0.002733,0.001144,0.002662,0.002804,0.419,82,100.0,18.0,302.0,3.3,20.4,-0.0639,0.107315,higher feature -> lower survival_target
adipose_H_original_firstorder_RobustMeanAbsoluteDeviation_mean,adipose,H,firstorder,RobustMeanAbsoluteDeviation,mean,0.002727,0.000897,0.002671,0.002783,0.329,83,89.0,25.0,258.0,1.3,17.6,0.1751,9e-06,higher feature -> higher survival_target
dcis_E_original_firstorder_InterquartileRange_std,dcis,E,firstorder,InterquartileRange,std,0.002714,0.001155,0.002642,0.002785,0.426,84,98.0,19.0,318.0,3.1,19.5,-0.1574,6.7e-05,higher feature -> lower survival_target
tumor_H_original_firstorder_MeanAbsoluteDeviation_std,tumor,H,firstorder,MeanAbsoluteDeviation,std,0.002705,0.001298,0.002625,0.002786,0.48,85,104.0,17.0,338.1,3.7,20.1,-0.134,0.000701,higher feature -> lower survival_target
stroma_H_original_firstorder_Median_std,stroma,H,firstorder,Median,std,0.002703,0.001212,0.002628,0.002778,0.449,86,103.0,18.0,350.1,3.4,20.5,-0.1732,1.1e-05,higher feature -> lower survival_target
dcis_E_original_firstorder_Variance_std,dcis,E,firstorder,Variance,std,0.0027,0.00115,0.002628,0.002771,0.426,87,101.0,19.0,331.0,3.3,19.7,-0.1567,7.2e-05,higher feature -> lower survival_target
tumor_H_original_firstorder_RobustMeanAbsoluteDeviation_std,tumor,H,firstorder,RobustMeanAbsoluteDeviation,std,0.002638,0.001251,0.00256,0.002715,0.474,88,112.5,16.0,338.0,4.0,17.8,-0.1006,0.011172,higher feature -> lower survival_target
tils_E_original_firstorder_RootMeanSquared_mean,tils,E,firstorder,RootMeanSquared,mean,0.002636,0.000785,0.002587,0.002684,0.298,89,94.0,30.0,285.0,0.4,12.6,0.1072,0.006801,higher feature -> higher survival_target
muscle_E_original_firstorder_Mean_std,muscle,E,firstorder,Mean,std,0.002578,0.001112,0.002509,0.002647,0.431,90,112.0,20.0,357.0,3.0,16.1,-0.1779,6e-06,higher feature -> lower survival_target
tils_E_original_firstorder_Entropy_mean,tils,E,firstorder,Entropy,mean,0.00256,0.00086,0.002506,0.002613,0.336,91,103.0,29.0,341.1,0.4,14.3,0.1341,0.000701,higher feature -> higher survival_target
dcis_H_original_firstorder_90Percentile_mean,dcis,H,firstorder,90Percentile,mean,0.002559,0.000916,0.002502,0.002616,0.358,92,103.5,26.0,308.1,1.1,14.2,-0.0544,0.170455,higher feature -> lower survival_target
tdlu_H_original_firstorder_InterquartileRange_std,tdlu,H,firstorder,InterquartileRange,std,0.002539,0.001109,0.002471,0.002608,0.437,93,116.0,23.0,359.0,1.7,16.2,-0.2032,0.0,higher feature -> lower survival_target
dcis_E_original_firstorder_MeanAbsoluteDeviation_std,dcis,E,firstorder,MeanAbsoluteDeviation,std,0.002535,0.000995,0.002473,0.002596,0.393,94,111.0,24.0,332.0,1.9,13.9,-0.1636,3.4e-05,higher feature -> lower survival_target
tils_E_original_firstorder_TotalEnergy_mean,tils,E,firstorder,TotalEnergy,mean,0.00253,0.000699,0.002487,0.002573,0.276,95,100.0,37.0,280.0,0.4,8.4,0.0937,0.018072,higher feature -> higher survival_target
dcis_H_original_firstorder_Skewness_std,dcis,H,firstorder,Skewness,std,0.00253,0.001021,0.002467,0.002593,0.404,96,112.0,22.0,310.1,2.0,13.9,-0.1171,0.003101,higher feature -> lower survival_target
muscle_E_original_firstorder_MeanAbsoluteDeviation_std,muscle,E,firstorder,MeanAbsoluteDeviation,std,0.002529,0.001198,0.002455,0.002603,0.474,97,120.0,17.0,378.0,3.6,16.4,-0.1628,3.7e-05,higher feature -> lower survival_target
tils_E_original_firstorder_Energy_mean,tils,E,firstorder,Energy,mean,0.002528,0.000701,0.002485,0.002572,0.277,98,99.5,35.0,266.3,0.3,8.5,0.0937,0.018072,higher feature -> higher survival_target
stroma_H_original_firstorder_RobustMeanAbsoluteDeviation_std,stroma,H,firstorder,RobustMeanAbsoluteDeviation,std,0.002505,0.001088,0.002437,0.002572,0.435,99,118.0,22.0,368.0,2.3,14.9,-0.1869,2e-06,higher feature -> lower survival_target
adipose_E_original_firstorder_10Percentile_mean,adipose,E,firstorder,10Percentile,mean,0.002503,0.000749,0.002456,0.002549,0.299,100,104.0,32.0,283.0,0.7,10.5,0.0233,0.557674,higher feature -> higher survival_target
vessels_H_original_firstorder_RobustMeanAbsoluteDeviation_std,vessels,H,firstorder,RobustMeanAbsoluteDeviation,std,0.002495,0.001086,0.002428,0.002563,0.435,101,116.0,22.0,385.0,2.0,15.9,-0.1598,5.2e-05,higher feature -> lower survival_target
muscle_E_original_firstorder_Variance_std,muscle,E,firstorder,Variance,std,0.00245,0.001108,0.002381,0.002519,0.452,102,124.0,19.0,387.0,2.9,13.5,-0.1715,1.4e-05,higher feature -> lower survival_target
tils_E_original_firstorder_Variance_std,tils,E,firstorder,Variance,std,0.002442,0.00104,0.002378,0.002507,0.426,103,125.0,25.0,374.1,1.3,14.8,-0.108,0.006424,higher feature -> lower survival_target
tumor_H_original_firstorder_Variance_mean,tumor,H,firstorder,Variance,mean,0.002425,0.000875,0.002371,0.00248,0.361,104,118.0,25.0,329.0,1.5,10.7,-0.1002,0.011456,higher feature -> lower survival_target
vessels_H_original_firstorder_Variance_std,vessels,H,firstorder,Variance,std,0.002413,0.001161,0.002341,0.002484,0.481,105,132.0,20.0,411.0,2.7,14.3,-0.1535,0.000102,higher feature -> lower survival_target
tumor_H_original_firstorder_RootMeanSquared_std,tumor,H,firstorder,RootMeanSquared,std,0.002407,0.000919,0.00235,0.002464,0.382,106,121.0,27.0,336.0,1.1,11.1,-0.0491,0.215827,higher feature -> lower survival_target
adipose_H_original_firstorder_10Percentile_mean,adipose,H,firstorder,10Percentile,mean,0.002388,0.000891,0.002333,0.002444,0.373,107,122.0,28.0,339.0,1.2,11.0,0.0799,0.043957,higher feature -> higher survival_target
vessels_H_original_firstorder_Skewness_std,vessels,H,firstorder,Skewness,std,0.002383,0.001001,0.002321,0.002445,0.42,108,129.5,24.0,327.0,2.3,10.3,-0.1363,0.000569,higher feature -> lower survival_target
tumor_H_original_firstorder_TotalEnergy_std,tumor,H,firstorder,TotalEnergy,std,0.002382,0.000887,0.002327,0.002437,0.372,109,124.0,29.0,321.0,1.2,10.9,-0.0043,0.913897,higher feature -> lower survival_target
dcis_H_original_firstorder_Uniformity_mean,dcis,H,firstorder,Uniformity,mean,0.002381,0.001146,0.00231,0.002452,0.481,110,136.5,20.0,371.0,2.7,12.9,-0.0686,0.083782,higher feature -> lower survival_target
tumor_H_original_firstorder_Energy_std,tumor,H,firstorder,Energy,std,0.00238,0.000876,0.002325,0.002434,0.368,111,122.0,28.0,315.2,1.1,10.7,-0.0043,0.913897,higher feature -> lower survival_target
adipose_H_original_firstorder_90Percentile_mean,adipose,H,firstorder,90Percentile,mean,0.002373,0.000765,0.002325,0.00242,0.322,112,119.0,34.0,317.0,0.5,8.1,0.1714,1.4e-05,higher feature -> higher survival_target
tumor_H_original_firstorder_Kurtosis_std,tumor,H,firstorder,Kurtosis,std,0.002365,0.000969,0.002305,0.002425,0.41,113,132.0,25.0,364.1,1.8,11.3,-0.125,0.001584,higher feature -> lower survival_target
vessels_E_original_firstorder_90Percentile_std,vessels,E,firstorder,90Percentile,std,0.002321,0.000999,0.002259,0.002382,0.43,114,142.0,25.0,366.0,1.4,12.0,-0.1571,7e-05,higher feature -> lower survival_target
vessels_H_original_firstorder_90Percentile_std,vessels,H,firstorder,90Percentile,std,0.002276,0.001122,0.002206,0.002346,0.493,115,155.0,23.0,421.0,2.3,12.5,-0.1534,0.000103,higher feature -> lower survival_target
tils_E_original_firstorder_Skewness_mean,tils,E,firstorder,Skewness,mean,0.002274,0.000723,0.002229,0.002319,0.318,116,128.0,38.0,345.0,0.3,5.7,-0.1213,0.002178,higher feature -> lower survival_target
tumor_H_original_firstorder_90Percentile_std,tumor,H,firstorder,90Percentile,std,0.002243,0.000941,0.002185,0.002301,0.419,117,144.0,30.0,358.0,1.1,8.4,-0.1074,0.006723,higher feature -> lower survival_target
tils_H_original_firstorder_Kurtosis_mean,tils,H,firstorder,Kurtosis,mean,0.002236,0.000792,0.002187,0.002285,0.354,118,136.0,33.0,338.0,0.6,8.1,-0.0485,0.221736,higher feature -> lower survival_target
tumor_H_original_firstorder_InterquartileRange_std,tumor,H,firstorder,InterquartileRange,std,0.002226,0.001097,0.002158,0.002294,0.493,119,158.0,21.0,411.0,2.5,10.6,-0.1116,0.004832,higher feature -> lower survival_target
tils_H_original_firstorder_Median_std,tils,H,firstorder,Median,std,0.002222,0.000822,0.002171,0.002273,0.37,120,143.0,34.0,332.0,1.0,6.8,-0.1374,0.000512,higher feature -> lower survival_target
muscle_H_original_firstorder_Skewness_mean,muscle,H,firstorder,Skewness,mean,0.002214,0.00072,0.002169,0.002259,0.325,121,135.0,37.0,329.0,0.4,5.5,-0.1399,0.000403,higher feature -> lower survival_target
tils_E_original_firstorder_90Percentile_mean,tils,E,firstorder,90Percentile,mean,0.002176,0.000677,0.002134,0.002218,0.311,122,138.5,42.0,375.1,0.1,4.6,0.101,0.010791,higher feature -> higher survival_target
tils_H_original_firstorder_Variance_mean,tils,H,firstorder,Variance,mean,0.002168,0.000685,0.002126,0.002211,0.316,123,143.0,41.0,337.0,0.6,5.2,-0.0968,0.01461,higher feature -> lower survival_target
stroma_H_original_firstorder_Variance_mean,stroma,H,firstorder,Variance,mean,0.00216,0.000749,0.002114,0.002207,0.347,124,144.5,36.0,368.0,0.6,7.0,-0.1315,0.000884,higher feature -> lower survival_target
dcis_H_original_firstorder_MeanAbsoluteDeviation_std,dcis,H,firstorder,MeanAbsoluteDeviation,std,0.002147,0.000714,0.002102,0.002191,0.333,125,143.0,39.0,366.1,0.1,6.2,-0.0543,0.171118,higher feature -> lower survival_target
stroma_H_original_firstorder_InterquartileRange_std,stroma,H,firstorder,InterquartileRange,std,0.002146,0.000888,0.002091,0.002201,0.414,126,157.0,33.0,408.0,0.6,7.8,-0.1738,1e-05,higher feature -> lower survival_target
tils_E_original_firstorder_10Percentile_std,tils,E,firstorder,10Percentile,std,0.002132,0.000624,0.002094,0.002171,0.293,127,142.0,48.0,345.1,0.2,3.2,0.0394,0.321276,higher feature -> higher survival_target
vessels_E_original_firstorder_RobustMeanAbsoluteDeviation_std,vessels,E,firstorder,RobustMeanAbsoluteDeviation,std,0.002121,0.000832,0.00207,0.002173,0.392,128,157.5,31.0,395.0,0.6,7.3,-0.1751,9e-06,higher feature -> lower survival_target
tils_H_original_firstorder_10Percentile_std,tils,H,firstorder,10Percentile,std,0.002099,0.000722,0.002054,0.002144,0.344,129,155.0,38.0,357.1,0.5,5.4,-0.0673,0.089901,higher feature -> lower survival_target
vessels_E_original_firstorder_RootMeanSquared_std,vessels,E,firstorder,RootMeanSquared,std,0.00209,0.00088,0.002036,0.002145,0.421,130,171.5,30.0,390.0,1.0,7.9,-0.1438,0.000274,higher feature -> lower survival_target
tumor_E_original_firstorder_10Percentile_mean,tumor,E,firstorder,10Percentile,mean,0.002067,0.000608,0.002029,0.002104,0.294,131,150.0,49.0,361.1,0.4,2.7,0.0194,0.626034,higher feature -> higher survival_target
tils_E_original_firstorder_90Percentile_std,tils,E,firstorder,90Percentile,std,0.002061,0.000979,0.002001,0.002122,0.475,132,181.0,28.0,412.0,1.7,7.8,-0.1183,0.002809,higher feature -> lower survival_target
adipose_E_original_firstorder_Skewness_std,adipose,E,firstorder,Skewness,std,0.002046,0.000741,0.002001,0.002092,0.362,133,165.0,34.0,383.0,0.3,5.6,-0.101,0.01081,higher feature -> lower survival_target
stroma_E_original_firstorder_Entropy_mean,stroma,E,firstorder,Entropy,mean,0.002026,0.000641,0.001987,0.002066,0.316,134,158.0,48.0,374.0,0.1,3.0,0.0578,0.145545,higher feature -> higher survival_target
vessels_H_original_firstorder_InterquartileRange_std,vessels,H,firstorder,InterquartileRange,std,0.002023,0.00079,0.001974,0.002072,0.39,135,172.5,38.0,424.1,0.3,5.4,-0.1495,0.000155,higher feature -> lower survival_target
tils_H_original_firstorder_Skewness_std,tils,H,firstorder,Skewness,std,0.002012,0.00069,0.001969,0.002055,0.343,136,169.5,42.0,380.0,0.2,4.6,-0.1384,0.000465,higher feature -> lower survival_target
tumor_H_original_firstorder_Skewness_std,tumor,H,firstorder,Skewness,std,0.001994,0.000728,0.001949,0.002039,0.365,137,171.5,38.0,393.0,0.5,4.0,-0.1337,0.000722,higher feature -> lower survival_target
vessels_E_original_firstorder_Skewness_std,vessels,E,firstorder,Skewness,std,0.00199,0.00089,0.001935,0.002045,0.447,138,187.5,37.0,418.0,0.9,5.7,-0.1104,0.005336,higher feature -> lower survival_target
tdlu_H_original_firstorder_Variance_std,tdlu,H,firstorder,Variance,std,0.001981,0.000763,0.001933,0.002028,0.385,139,180.0,41.0,397.0,0.3,5.0,-0.1591,5.6e-05,higher feature -> lower survival_target
tumor_H_original_firstorder_MeanAbsoluteDeviation_mean,tumor,H,firstorder,MeanAbsoluteDeviation,mean,0.00198,0.000706,0.001936,0.002024,0.357,140,173.0,40.0,397.0,0.3,4.1,-0.0744,0.060936,higher feature -> lower survival_target
adipose_H_original_firstorder_MeanAbsoluteDeviation_mean,adipose,H,firstorder,MeanAbsoluteDeviation,mean,0.001975,0.000615,0.001937,0.002013,0.312,141,166.5,52.0,379.1,0.1,2.1,0.1479,0.000181,higher feature -> higher survival_target
stroma_E_original_firstorder_Mean_std,stroma,E,firstorder,Mean,std,0.001972,0.000875,0.001917,0.002026,0.444,142,202.5,30.0,417.1,0.9,6.7,-0.1551,8.6e-05,higher feature -> lower survival_target
dcis_E_original_firstorder_Mean_std,dcis,E,firstorder,Mean,std,0.00197,0.000705,0.001926,0.002013,0.358,143,178.5,40.0,409.0,0.2,4.3,0.0021,0.957494,higher feature -> higher survival_target
stroma_E_original_firstorder_RootMeanSquared_std,stroma,E,firstorder,RootMeanSquared,std,0.001969,0.000852,0.001917,0.002022,0.433,144,190.0,32.0,427.1,1.1,5.7,-0.1548,8.8e-05,higher feature -> lower survival_target
adipose_H_original_firstorder_RobustMeanAbsoluteDeviation_std,adipose,H,firstorder,RobustMeanAbsoluteDeviation,std,0.001965,0.000594,0.001928,0.002002,0.302,145,167.5,54.0,383.0,0.0,2.0,0.0097,0.807935,higher feature -> higher survival_target
stroma_H_original_firstorder_TotalEnergy_mean,stroma,H,firstorder,TotalEnergy,mean,0.001957,0.000551,0.001923,0.001991,0.282,146,168.0,56.0,374.0,0.0,2.2,-0.1125,0.00449,higher feature -> lower survival_target
stroma_H_original_firstorder_Energy_mean,stroma,H,firstorder,Energy,mean,0.001952,0.000549,0.001918,0.001986,0.281,147,166.0,58.0,371.1,0.2,1.6,-0.1125,0.00449,higher feature -> lower survival_target
stroma_E_original_firstorder_Variance_std,stroma,E,firstorder,Variance,std,0.001945,0.000546,0.001911,0.001978,0.281,148,168.0,55.0,370.0,0.0,1.7,-0.0324,0.414151,higher feature -> lower survival_target
dcis_H_original_firstorder_RootMeanSquared_mean,dcis,H,firstorder,RootMeanSquared,mean,0.001941,0.000616,0.001902,0.001979,0.317,149,173.0,52.0,411.0,0.1,2.3,-0.0429,0.280405,higher feature -> lower survival_target
tumor_H_original_firstorder_10Percentile_std,tumor,H,firstorder,10Percentile,std,0.001929,0.000671,0.001887,0.00197,0.348,150,183.0,44.0,416.0,0.3,3.7,0.0083,0.833835,higher feature -> higher survival_target
stroma_H_original_firstorder_RootMeanSquared_mean,stroma,H,firstorder,RootMeanSquared,mean,0.001918,0.000546,0.001884,0.001952,0.285,151,173.0,56.0,374.0,0.1,1.8,-0.1012,0.010659,higher feature -> lower survival_target
stroma_H_original_firstorder_Skewness_std,stroma,H,firstorder,Skewness,std,0.001896,0.000637,0.001857,0.001936,0.336,152,186.0,49.0,374.0,0.1,2.8,-0.0931,0.018891,higher feature -> lower survival_target
tils_E_original_firstorder_Energy_std,tils,E,firstorder,Energy,std,0.001894,0.000539,0.001861,0.001928,0.284,153,184.0,61.0,388.0,0.0,1.5,-0.0053,0.894252,higher feature -> lower survival_target
muscle_E_original_firstorder_RootMeanSquared_std,muscle,E,firstorder,RootMeanSquared,std,0.001889,0.000609,0.001851,0.001927,0.323,154,194.0,52.0,385.0,0.0,2.3,-0.1584,6e-05,higher feature -> lower survival_target
tils_E_original_firstorder_TotalEnergy_std,tils,E,firstorder,TotalEnergy,std,0.001888,0.000549,0.001854,0.001922,0.291,155,182.5,58.0,393.0,0.0,1.5,-0.0053,0.894252,higher feature -> lower survival_target
muscle_H_original_firstorder_Median_mean,muscle,H,firstorder,Median,mean,0.001887,0.000685,0.001844,0.001929,0.363,156,194.0,44.0,416.0,0.2,3.7,0.1111,0.005028,higher feature -> higher survival_target
tils_E_original_firstorder_InterquartileRange_mean,tils,E,firstorder,InterquartileRange,mean,0.001865,0.000611,0.001827,0.001903,0.328,157,194.0,53.0,413.0,0.2,1.9,0.1012,0.010647,higher feature -> higher survival_target
adipose_H_original_firstorder_RootMeanSquared_mean,adipose,H,firstorder,RootMeanSquared,mean,0.001865,0.000533,0.001832,0.001898,0.286,158,182.0,58.0,393.0,0.1,1.3,0.1374,0.000511,higher feature -> higher survival_target
muscle_E_original_firstorder_Skewness_std,muscle,E,firstorder,Skewness,std,0.001856,0.000605,0.001819,0.001894,0.326,159,194.0,53.0,407.0,0.1,2.3,0.0096,0.809662,higher feature -> higher survival_target
dcis_H_original_firstorder_Kurtosis_mean,dcis,H,firstorder,Kurtosis,mean,0.001856,0.000497,0.001825,0.001887,0.268,160,184.5,63.0,377.0,0.0,0.9,-0.0171,0.667329,higher feature -> lower survival_target
tils_H_original_firstorder_MeanAbsoluteDeviation_mean,tils,H,firstorder,MeanAbsoluteDeviation,mean,0.001856,0.000518,0.001824,0.001888,0.279,161,186.0,62.0,389.0,0.0,1.6,-0.0378,0.34144,higher feature -> lower survival_target
adipose_H_original_firstorder_Energy_mean,adipose,H,firstorder,Energy,mean,0.001839,0.000513,0.001807,0.001871,0.279,162,185.0,68.0,392.0,0.0,1.2,0.1151,0.00365,higher feature -> higher survival_target
adipose_H_original_firstorder_TotalEnergy_mean,adipose,H,firstorder,TotalEnergy,mean,0.001837,0.000518,0.001805,0.001869,0.282,163,184.0,69.0,394.0,0.0,1.3,0.1151,0.00365,higher feature -> higher survival_target
dcis_E_original_firstorder_Uniformity_mean,dcis,E,firstorder,Uniformity,mean,0.001835,0.00066,0.001795,0.001876,0.36,164,204.0,53.0,435.0,0.3,2.2,-0.0779,0.049586,higher feature -> lower survival_target
vessels_H_original_firstorder_Entropy_std,vessels,H,firstorder,Entropy,std,0.001829,0.000584,0.001792,0.001865,0.319,165,197.0,60.0,387.0,0.2,1.3,-0.14,0.000398,higher feature -> lower survival_target
dcis_E_original_firstorder_RootMeanSquared_std,dcis,E,firstorder,RootMeanSquared,std,0.001828,0.000606,0.001791,0.001866,0.332,166,203.0,56.0,411.0,0.3,1.9,-0.0423,0.286868,higher feature -> lower survival_target
tdlu_E_original_firstorder_Variance_std,tdlu,E,firstorder,Variance,std,0.001827,0.000504,0.001796,0.001858,0.276,167,194.0,64.0,385.0,0.1,1.0,-0.0721,0.069284,higher feature -> lower survival_target
tils_H_original_firstorder_90Percentile_mean,tils,H,firstorder,90Percentile,mean,0.001827,0.000547,0.001793,0.001861,0.299,168,198.0,61.0,402.0,0.0,1.5,-0.0232,0.559126,higher feature -> lower survival_target
stroma_E_original_firstorder_InterquartileRange_std,stroma,E,firstorder,InterquartileRange,std,0.001819,0.000529,0.001786,0.001852,0.291,169,197.0,59.0,420.0,0.0,1.3,-0.0394,0.320747,higher feature -> lower survival_target
dcis_H_original_firstorder_Energy_mean,dcis,H,firstorder,Energy,mean,0.001817,0.000527,0.001785,0.00185,0.29,170,197.0,63.0,409.1,0.0,0.8,-0.0443,0.264234,higher feature -> lower survival_target
dcis_H_original_firstorder_TotalEnergy_mean,dcis,H,firstorder,TotalEnergy,mean,0.001817,0.000524,0.001785,0.00185,0.289,171,195.0,65.0,407.0,0.0,0.7,-0.0443,0.264234,higher feature -> lower survival_target
tumor_H_original_firstorder_Median_std,tumor,H,firstorder,Median,std,0.001809,0.000597,0.001772,0.001846,0.33,172,210.0,56.0,411.0,0.1,2.0,0.0035,0.929277,higher feature -> higher survival_target
tumor_E_original_firstorder_Skewness_std,tumor,E,firstorder,Skewness,std,0.001794,0.000492,0.001764,0.001825,0.274,173,200.0,64.9,388.0,0.0,1.2,0.0278,0.483435,higher feature -> higher survival_target
stroma_H_original_firstorder_10Percentile_std,stroma,H,firstorder,10Percentile,std,0.001793,0.000532,0.00176,0.001826,0.297,174,203.0,61.0,403.0,0.0,1.5,-0.0982,0.013181,higher feature -> lower survival_target
tumor_H_original_firstorder_Mean_std,tumor,H,firstorder,Mean,std,0.001788,0.000624,0.001749,0.001827,0.349,175,216.5,60.0,423.0,0.2,1.4,-0.0306,0.440347,higher feature -> lower survival_target
tdlu_H_original_firstorder_Mean_std,tdlu,H,firstorder,Mean,std,0.001785,0.000672,0.001743,0.001827,0.377,176,222.0,49.0,439.0,0.3,2.9,-0.1602,5e-05,higher feature -> lower survival_target
tils_H_original_firstorder_Entropy_mean,tils,H,firstorder,Entropy,mean,0.001781,0.000556,0.001747,0.001816,0.312,177,206.0,61.0,422.0,0.0,1.8,0.0361,0.36317,higher feature -> higher survival_target
tils_H_original_firstorder_10Percentile_mean,tils,H,firstorder,10Percentile,mean,0.00178,0.000612,0.001742,0.001818,0.344,178,215.0,54.0,418.0,0.3,2.3,-0.0164,0.678838,higher feature -> lower survival_target
vessels_E_original_firstorder_10Percentile_mean,vessels,E,firstorder,10Percentile,mean,0.00178,0.000545,0.001746,0.001814,0.306,179,206.5,64.0,431.0,0.0,1.2,-0.0178,0.653975,higher feature -> lower survival_target
vessels_E_original_firstorder_Mean_std,vessels,E,firstorder,Mean,std,0.001777,0.0006,0.00174,0.001814,0.338,180,220.0,50.0,413.0,0.1,2.6,-0.1206,0.002308,higher feature -> lower survival_target
adipose_H_original_firstorder_Median_std,adipose,H,firstorder,Median,std,0.001769,0.000531,0.001736,0.001802,0.3,181,214.0,63.0,402.0,0.1,0.9,0.0292,0.462083,higher feature -> higher survival_target
adipose_E_original_firstorder_Entropy_mean,adipose,E,firstorder,Entropy,mean,0.001769,0.000474,0.001739,0.001798,0.268,182,201.5,69.0,415.0,0.0,0.3,-0.012,0.762194,higher feature -> lower survival_target
stroma_E_original_firstorder_RobustMeanAbsoluteDeviation_std,stroma,E,firstorder,RobustMeanAbsoluteDeviation,std,0.001767,0.000495,0.001737,0.001798,0.28,183,204.0,68.0,408.0,0.0,1.0,-0.0411,0.300886,higher feature -> lower survival_target
adipose_E_original_firstorder_90Percentile_mean,adipose,E,firstorder,90Percentile,mean,0.001764,0.000472,0.001734,0.001793,0.268,184,203.0,68.0,410.0,0.0,0.6,-0.1146,0.003804,higher feature -> lower survival_target
stroma_E_original_firstorder_Uniformity_mean,stroma,E,firstorder,Uniformity,mean,0.001761,0.000565,0.001726,0.001796,0.321,185,214.0,60.0,426.0,0.0,1.1,-0.0585,0.140602,higher feature -> lower survival_target
adipose_H_original_firstorder_InterquartileRange_std,adipose,H,firstorder,InterquartileRange,std,0.001758,0.00047,0.001729,0.001788,0.267,186,206.0,67.0,394.0,0.0,0.8,0.0224,0.572479,higher feature -> higher survival_target
vessels_E_original_firstorder_Kurtosis_mean,vessels,E,firstorder,Kurtosis,mean,0.001758,0.000586,0.001722,0.001794,0.333,187,214.0,57.0,418.0,0.1,1.8,-0.1009,0.010878,higher feature -> lower survival_target
adipose_E_original_firstorder_Mean_mean,adipose,E,firstorder,Mean,mean,0.001757,0.000529,0.001724,0.00179,0.301,188,207.0,65.0,433.1,0.0,0.8,-0.0517,0.193006,higher feature -> lower survival_target
tdlu_E_original_firstorder_Mean_std,tdlu,E,firstorder,Mean,std,0.001753,0.000751,0.001706,0.0018,0.429,189,243.5,39.0,442.0,0.5,3.8,-0.1463,0.000214,higher feature -> lower survival_target
adipose_H_original_firstorder_Mean_std,adipose,H,firstorder,Mean,std,0.001752,0.000458,0.001724,0.001781,0.261,190,205.5,76.0,401.0,0.0,0.6,0.0178,0.654707,higher feature -> higher survival_target
tils_H_original_firstorder_Uniformity_mean,tils,H,firstorder,Uniformity,mean,0.00175,0.000568,0.001715,0.001786,0.324,191,220.0,56.0,425.0,0.0,1.6,-0.0642,0.105884,higher feature -> lower survival_target
vessels_E_original_firstorder_InterquartileRange_std,vessels,E,firstorder,InterquartileRange,std,0.001749,0.000514,0.001718,0.001781,0.294,192,221.0,63.0,407.0,0.0,1.2,-0.1576,6.5e-05,higher feature -> lower survival_target
tumor_E_original_firstorder_Kurtosis_std,tumor,E,firstorder,Kurtosis,std,0.001745,0.000521,0.001713,0.001778,0.299,193,218.0,65.0,409.0,0.1,1.2,0.0426,0.283836,higher feature -> higher survival_target
adipose_H_original_firstorder_Kurtosis_std,adipose,H,firstorder,Kurtosis,std,0.001743,0.000517,0.001711,0.001775,0.297,194,217.0,60.9,388.0,0.1,1.4,-0.1298,0.001037,higher feature -> lower survival_target
tumor_H_original_firstorder_10Percentile_mean,tumor,H,firstorder,10Percentile,mean,0.00174,0.00054,0.001707,0.001774,0.31,195,220.0,67.0,420.0,0.1,1.0,0.0117,0.76907,higher feature -> higher survival_target
tdlu_E_original_firstorder_Median_std,tdlu,E,firstorder,Median,std,0.001739,0.000737,0.001694,0.001785,0.424,196,245.0,42.0,442.0,0.1,3.5,-0.1441,0.000266,higher feature -> lower survival_target
vessels_H_original_firstorder_Kurtosis_std,vessels,H,firstorder,Kurtosis,std,0.001738,0.000517,0.001706,0.00177,0.298,197,215.5,66.0,413.1,0.0,1.3,-0.0417,0.29419,higher feature -> lower survival_target
stroma_H_original_firstorder_MeanAbsoluteDeviation_mean,stroma,H,firstorder,MeanAbsoluteDeviation,mean,0.001728,0.000539,0.001694,0.001761,0.312,198,224.0,65.0,415.0,0.1,1.6,-0.0989,0.012544,higher feature -> lower survival_target
adipose_H_original_firstorder_RootMeanSquared_std,adipose,H,firstorder,RootMeanSquared,std,0.001726,0.000479,0.001697,0.001756,0.278,199,217.0,69.0,412.0,0.0,0.6,-0.0144,0.717281,higher feature -> lower survival_target
dcis_E_original_firstorder_Entropy_std,dcis,E,firstorder,Entropy,std,0.001725,0.000822,0.001674,0.001776,0.477,200,258.5,35.0,446.0,0.9,3.9,-0.0551,0.16481,higher feature -> lower survival_target
adipose_H_original_firstorder_Energy_std,adipose,H,firstorder,Energy,std,0.001725,0.000511,0.001693,0.001757,0.296,201,219.5,71.0,424.0,0.0,0.8,-0.0044,0.912375,higher feature -> lower survival_target
dcis_E_original_firstorder_RootMeanSquared_mean,dcis,E,firstorder,RootMeanSquared,mean,0.001723,0.000606,0.001685,0.00176,0.352,202,224.5,59.0,447.0,0.0,1.3,0.0363,0.360549,higher feature -> higher survival_target
adipose_H_original_firstorder_TotalEnergy_std,adipose,H,firstorder,TotalEnergy,std,0.001721,0.000513,0.001689,0.001753,0.298,203,225.0,69.0,428.0,0.0,0.9,-0.0044,0.912375,higher feature -> lower survival_target
tumor_H_original_firstorder_Entropy_std,tumor,H,firstorder,Entropy,std,0.00172,0.000617,0.001682,0.001758,0.359,204,234.0,60.0,430.0,0.2,2.0,-0.143,0.000298,higher feature -> lower survival_target
tdlu_H_original_firstorder_RootMeanSquared_std,tdlu,H,firstorder,RootMeanSquared,std,0.001719,0.000659,0.001678,0.001759,0.383,205,236.5,49.0,448.1,0.1,2.9,-0.1744,1e-05,higher feature -> lower survival_target
adipose_E_original_firstorder_Skewness_mean,adipose,E,firstorder,Skewness,mean,0.001718,0.00046,0.001689,0.001747,0.268,206,220.0,73.0,407.0,0.0,0.8,-0.0297,0.453992,higher feature -> lower survival_target
tumor_E_original_firstorder_Range_std,tumor,E,firstorder,Range,std,0.001717,0.00116,0.001645,0.001788,0.676,207,296.0,26.0,470.0,1.9,7.9,0.1276,0.001258,higher feature -> higher survival_target
tdlu_E_original_firstorder_MeanAbsoluteDeviation_std,tdlu,E,firstorder,MeanAbsoluteDeviation,std,0.001715,0.00042,0.001689,0.001741,0.245,208,211.0,81.0,403.0,0.0,0.6,-0.0972,0.014182,higher feature -> lower survival_target
tumor_E_original_firstorder_Maximum_std,tumor,E,firstorder,Maximum,std,0.001713,0.001156,0.001641,0.001785,0.675,209,298.5,27.0,470.0,1.9,7.5,0.1276,0.001258,higher feature -> higher survival_target
muscle_E_original_firstorder_Kurtosis_std,muscle,E,firstorder,Kurtosis,std,0.001708,0.000572,0.001673,0.001744,0.335,210,231.5,55.0,437.0,0.1,1.5,0.0349,0.37987,higher feature -> higher survival_target
tdlu_H_original_firstorder_TotalEnergy_std,tdlu,H,firstorder,TotalEnergy,std,0.001708,0.000601,0.001671,0.001745,0.352,211,236.0,54.0,430.0,0.1,2.0,-0.0933,0.018539,higher feature -> lower survival_target
tumor_E_original_firstorder_Maximum_mean,tumor,E,firstorder,Maximum,mean,0.001708,0.00115,0.001637,0.001779,0.673,212,294.0,26.0,470.0,1.3,7.9,-0.1276,0.001256,higher feature -> lower survival_target
tdlu_H_original_firstorder_Energy_std,tdlu,H,firstorder,Energy,std,0.001707,0.000605,0.00167,0.001745,0.354,213,240.0,55.0,436.0,0.2,1.9,-0.0933,0.018539,higher feature -> lower survival_target
tils_H_original_firstorder_RobustMeanAbsoluteDeviation_mean,tils,H,firstorder,RobustMeanAbsoluteDeviation,mean,0.001706,0.000493,0.001676,0.001737,0.289,214,218.0,68.9,426.0,0.0,0.7,-0.0069,0.861616,higher feature -> lower survival_target
tdlu_H_original_firstorder_10Percentile_std,tdlu,H,firstorder,10Percentile,std,0.001706,0.000522,0.001673,0.001738,0.306,215,228.5,64.0,426.0,0.0,0.9,-0.0242,0.541943,higher feature -> lower survival_target
tumor_E_original_firstorder_Range_mean,tumor,E,firstorder,Range,mean,0.001705,0.001156,0.001633,0.001776,0.678,216,296.5,25.0,470.0,1.7,7.6,-0.1276,0.001256,higher feature -> lower survival_target
dcis_E_original_firstorder_Energy_mean,dcis,E,firstorder,Energy,mean,0.001703,0.000544,0.001669,0.001736,0.32,217,232.0,68.0,445.0,0.0,1.0,0.03,0.450552,higher feature -> higher survival_target
stroma_H_original_firstorder_Mean_mean,stroma,H,firstorder,Mean,mean,0.001698,0.000421,0.001672,0.001724,0.248,218,213.0,82.0,413.0,0.0,0.2,-0.069,0.081953,higher feature -> lower survival_target
tumor_E_original_firstorder_Median_mean,tumor,E,firstorder,Median,mean,0.001697,0.000454,0.001669,0.001726,0.268,219,219.0,81.0,419.0,0.0,0.3,0.0391,0.324478,higher feature -> higher survival_target
dcis_E_original_firstorder_TotalEnergy_mean,dcis,E,firstorder,TotalEnergy,mean,0.001696,0.000541,0.001663,0.00173,0.319,220,236.5,68.0,449.0,0.0,1.0,0.03,0.450552,higher feature -> higher survival_target
muscle_H_original_firstorder_Kurtosis_mean,muscle,H,firstorder,Kurtosis,mean,0.001687,0.000455,0.001659,0.001716,0.269,221,227.5,75.0,403.0,0.0,0.5,-0.1225,0.001964,higher feature -> lower survival_target
stroma_E_original_firstorder_90Percentile_mean,stroma,E,firstorder,90Percentile,mean,0.001684,0.000417,0.001658,0.001709,0.248,222,221.0,87.0,416.0,0.0,0.1,0.0242,0.542262,higher feature -> higher survival_target
tils_E_original_firstorder_Entropy_std,tils,E,firstorder,Entropy,std,0.001682,0.000498,0.001651,0.001713,0.296,223,234.0,69.0,414.0,0.0,1.5,-0.0934,0.018511,higher feature -> lower survival_target
adipose_H_original_firstorder_Variance_std,adipose,H,firstorder,Variance,std,0.001679,0.000691,0.001636,0.001722,0.412,224,257.0,47.0,438.0,0.7,2.9,-0.0559,0.15885,higher feature -> lower survival_target
dcis_H_original_firstorder_90Percentile_std,dcis,H,firstorder,90Percentile,std,0.001676,0.000499,0.001645,0.001707,0.298,225,232.0,68.0,427.0,0.0,1.3,-0.0767,0.05304,higher feature -> lower survival_target
tdlu_H_original_firstorder_Kurtosis_std,tdlu,H,firstorder,Kurtosis,std,0.001675,0.000495,0.001645,0.001706,0.295,226,231.5,69.0,426.0,0.0,0.5,-0.1155,0.003544,higher feature -> lower survival_target
vessels_H_original_firstorder_10Percentile_std,vessels,H,firstorder,10Percentile,std,0.001674,0.000514,0.001643,0.001706,0.307,227,237.0,68.0,435.0,0.0,1.1,0.0143,0.719473,higher feature -> higher survival_target
vessels_E_original_firstorder_Variance_std,vessels,E,firstorder,Variance,std,0.00167,0.000474,0.001641,0.0017,0.284,228,237.0,70.0,405.0,0.1,0.8,-0.1364,0.000565,higher feature -> lower survival_target
vessels_E_original_firstorder_Median_mean,vessels,E,firstorder,Median,mean,0.001667,0.000454,0.001639,0.001695,0.273,229,228.0,76.0,428.0,0.0,0.3,-0.0161,0.685741,higher feature -> lower survival_target
tdlu_E_original_firstorder_90Percentile_std,tdlu,E,firstorder,90Percentile,std,0.001666,0.000543,0.001632,0.001699,0.326,230,246.0,64.0,431.0,0.0,1.2,-0.1262,0.001424,higher feature -> lower survival_target
tils_E_original_firstorder_RobustMeanAbsoluteDeviation_mean,tils,E,firstorder,RobustMeanAbsoluteDeviation,mean,0.001663,0.000488,0.001633,0.001693,0.294,231,233.5,71.0,432.0,0.0,1.0,0.0928,0.019215,higher feature -> higher survival_target
muscle_E_original_firstorder_Kurtosis_mean,muscle,E,firstorder,Kurtosis,mean,0.001662,0.000442,0.001634,0.001689,0.266,232,230.5,82.0,421.0,0.0,0.4,0.019,0.632301,higher feature -> higher survival_target
tdlu_E_original_firstorder_InterquartileRange_std,tdlu,E,firstorder,InterquartileRange,std,0.001661,0.000378,0.001637,0.001684,0.228,233,224.0,94.0,401.0,0.0,0.3,-0.0892,0.024483,higher feature -> lower survival_target
tils_H_original_firstorder_InterquartileRange_mean,tils,H,firstorder,InterquartileRange,mean,0.001657,0.000487,0.001627,0.001688,0.294,234,237.5,73.0,429.0,0.0,0.6,0.0152,0.702028,higher feature -> higher survival_target
vessels_E_original_firstorder_Uniformity_mean,vessels,E,firstorder,Uniformity,mean,0.001656,0.000543,0.001622,0.00169,0.328,235,240.5,63.0,445.0,0.1,1.1,-0.0637,0.108439,higher feature -> lower survival_target
adipose_H_original_firstorder_90Percentile_std,adipose,H,firstorder,90Percentile,std,0.001653,0.000468,0.001624,0.001682,0.283,236,236.0,73.0,426.0,0.0,0.6,-0.0173,0.663716,higher feature -> lower survival_target
stroma_H_original_firstorder_InterquartileRange_mean,stroma,H,firstorder,InterquartileRange,mean,0.001653,0.000447,0.001625,0.00168,0.271,237,233.0,78.0,428.0,0.0,0.8,-0.0653,0.100044,higher feature -> lower survival_target
stroma_H_original_firstorder_Median_mean,stroma,H,firstorder,Median,mean,0.001651,0.000455,0.001623,0.001679,0.275,238,235.5,77.0,425.0,0.0,0.7,-0.0407,0.305617,higher feature -> lower survival_target
stroma_H_original_firstorder_Kurtosis_mean,stroma,H,firstorder,Kurtosis,mean,0.001651,0.000408,0.001626,0.001676,0.247,239,234.0,91.0,416.0,0.0,0.0,0.0189,0.63475,higher feature -> higher survival_target
tdlu_E_original_firstorder_Skewness_mean,tdlu,E,firstorder,Skewness,mean,0.001649,0.000488,0.001619,0.00168,0.296,240,236.0,74.0,429.0,0.1,0.6,-0.0406,0.307098,higher feature -> lower survival_target
tumor_E_original_firstorder_Entropy_std,tumor,E,firstorder,Entropy,std,0.001642,0.00043,0.001616,0.001669,0.262,241,237.0,83.0,428.0,0.0,0.3,-0.0318,0.423143,higher feature -> lower survival_target
tdlu_E_original_firstorder_MeanAbsoluteDeviation_mean,tdlu,E,firstorder,MeanAbsoluteDeviation,mean,0.001639,0.000452,0.001611,0.001667,0.276,242,237.0,81.9,428.0,0.0,0.5,0.0668,0.092332,higher feature -> higher survival_target
tumor_E_original_firstorder_90Percentile_std,tumor,E,firstorder,90Percentile,std,0.001637,0.000404,0.001612,0.001662,0.247,243,235.5,84.0,416.0,0.0,0.1,-0.0595,0.134101,higher feature -> lower survival_target
tdlu_E_original_firstorder_RootMeanSquared_std,tdlu,E,firstorder,RootMeanSquared,std,0.001634,0.000631,0.001595,0.001673,0.386,244,277.5,49.0,441.0,0.1,2.7,-0.1463,0.000215,higher feature -> lower survival_target
tdlu_E_original_firstorder_RobustMeanAbsoluteDeviation_mean,tdlu,E,firstorder,RobustMeanAbsoluteDeviation,mean,0.00163,0.000452,0.001602,0.001658,0.277,245,238.0,83.0,432.0,0.0,0.6,0.0662,0.09524,higher feature -> higher survival_target
muscle_H_original_firstorder_10Percentile_mean,muscle,H,firstorder,10Percentile,mean,0.00163,0.000517,0.001598,0.001662,0.317,246,251.0,67.0,443.0,0.1,0.8,0.0732,0.065134,higher feature -> higher survival_target
tdlu_E_original_firstorder_InterquartileRange_mean,tdlu,E,firstorder,InterquartileRange,mean,0.001627,0.000456,0.001599,0.001656,0.28,247,240.0,77.0,428.0,0.0,0.4,0.0662,0.095354,higher feature -> higher survival_target
vessels_E_original_firstorder_Kurtosis_std,vessels,E,firstorder,Kurtosis,std,0.001627,0.000458,0.001599,0.001656,0.282,248,242.0,83.0,431.0,0.0,0.5,-0.0899,0.023403,higher feature -> lower survival_target
muscle_E_original_firstorder_90Percentile_std,muscle,E,firstorder,90Percentile,std,0.001625,0.000448,0.001597,0.001653,0.276,249,250.0,76.0,408.0,0.0,0.6,-0.1168,0.00319,higher feature -> lower survival_target
vessels_H_original_firstorder_Variance_mean,vessels,H,firstorder,Variance,mean,0.001621,0.000477,0.001592,0.001651,0.294,250,248.0,71.0,437.0,0.0,0.7,-0.079,0.046403,higher feature -> lower survival_target
vessels_E_original_firstorder_Energy_std,vessels,E,firstorder,Energy,std,0.001619,0.000496,0.001588,0.001649,0.306,251,249.0,73.0,440.0,0.1,0.8,-0.1003,0.011384,higher feature -> lower survival_target
stroma_H_original_firstorder_10Percentile_mean,stroma,H,firstorder,10Percentile,mean,0.001615,0.000386,0.001591,0.001639,0.239,252,239.0,94.0,415.0,0.0,0.2,-0.0359,0.365416,higher feature -> lower survival_target
vessels_E_original_firstorder_TotalEnergy_std,vessels,E,firstorder,TotalEnergy,std,0.001614,0.000481,0.001584,0.001644,0.298,253,247.0,76.0,433.0,0.1,0.6,-0.1003,0.011384,higher feature -> lower survival_target
tdlu_E_original_firstorder_RobustMeanAbsoluteDeviation_std,tdlu,E,firstorder,RobustMeanAbsoluteDeviation,std,0.001608,0.000344,0.001586,0.001629,0.214,254,238.0,105.0,415.0,0.0,0.0,-0.0958,0.015617,higher feature -> lower survival_target
tumor_E_original_firstorder_Mean_mean,tumor,E,firstorder,Mean,mean,0.001595,0.000422,0.001568,0.001621,0.265,255,242.5,89.0,441.0,0.0,0.3,0.0366,0.356704,higher feature -> higher survival_target
tdlu_H_original_firstorder_Variance_mean,tdlu,H,firstorder,Variance,mean,0.001594,0.000461,0.001566,0.001623,0.289,256,254.0,79.9,439.0,0.0,0.6,-0.0676,0.088401,higher feature -> lower survival_target
dcis_E_original_firstorder_Entropy_mean,dcis,E,firstorder,Entropy,mean,0.001589,0.000545,0.001555,0.001623,0.343,257,268.0,69.0,450.0,0.0,1.1,0.055,0.166287,higher feature -> higher survival_target
tdlu_E_original_firstorder_Variance_mean,tdlu,E,firstorder,Variance,mean,0.001579,0.000425,0.001552,0.001605,0.269,258,251.5,92.0,434.0,0.0,0.3,0.0546,0.16943,higher feature -> higher survival_target
dcis_E_original_firstorder_90Percentile_std,dcis,E,firstorder,90Percentile,std,0.001578,0.000459,0.001549,0.001606,0.291,259,261.0,86.9,428.0,0.0,0.7,-0.0944,0.017299,higher feature -> lower survival_target
muscle_E_original_firstorder_TotalEnergy_mean,muscle,E,firstorder,TotalEnergy,mean,0.001578,0.000456,0.001549,0.001606,0.289,260,257.0,83.0,447.0,0.0,0.5,-0.0901,0.023008,higher feature -> lower survival_target
tils_E_original_firstorder_Median_std,tils,E,firstorder,Median,std,0.001575,0.000452,0.001547,0.001603,0.287,261,256.0,83.0,445.0,0.0,0.8,-0.0242,0.541698,higher feature -> lower survival_target
vessels_H_original_firstorder_RootMeanSquared_std,vessels,H,firstorder,RootMeanSquared,std,0.001573,0.000548,0.001539,0.001607,0.348,262,273.0,74.9,451.0,0.1,1.1,-0.0975,0.013899,higher feature -> lower survival_target
muscle_E_original_firstorder_Energy_mean,muscle,E,firstorder,Energy,mean,0.001572,0.000452,0.001544,0.0016,0.287,263,261.0,82.9,444.0,0.0,0.5,-0.0901,0.023008,higher feature -> lower survival_target
stroma_H_original_firstorder_RobustMeanAbsoluteDeviation_mean,stroma,H,firstorder,RobustMeanAbsoluteDeviation,mean,0.001571,0.000415,0.001545,0.001597,0.264,264,256.0,89.0,432.0,0.0,0.3,-0.0723,0.068272,higher feature -> lower survival_target
adipose_E_original_firstorder_10Percentile_std,adipose,E,firstorder,10Percentile,std,0.001568,0.000395,0.001543,0.001592,0.252,265,255.0,94.0,435.0,0.0,0.2,-0.0644,0.104647,higher feature -> lower survival_target
stroma_H_original_firstorder_90Percentile_mean,stroma,H,firstorder,90Percentile,mean,0.001562,0.000389,0.001538,0.001586,0.249,266,253.0,103.0,433.1,0.1,0.1,-0.0885,0.02559,higher feature -> lower survival_target
tdlu_H_original_firstorder_Kurtosis_mean,tdlu,H,firstorder,Kurtosis,mean,0.00156,0.000373,0.001537,0.001583,0.239,267,256.5,94.0,422.0,0.0,0.2,-0.0767,0.053313,higher feature -> lower survival_target
tils_H_original_firstorder_Energy_mean,tils,H,firstorder,Energy,mean,0.001556,0.000385,0.001532,0.00158,0.247,268,259.0,94.0,433.0,0.0,0.1,-0.0553,0.163687,higher feature -> lower survival_target
tils_H_original_firstorder_TotalEnergy_mean,tils,H,firstorder,TotalEnergy,mean,0.001554,0.000389,0.00153,0.001578,0.25,269,258.0,94.0,437.0,0.0,0.2,-0.0553,0.163687,higher feature -> lower survival_target
vessels_E_original_firstorder_Skewness_mean,vessels,E,firstorder,Skewness,mean,0.001547,0.000433,0.00152,0.001574,0.28,270,269.5,83.9,443.0,0.0,0.6,-0.0406,0.306137,higher feature -> lower survival_target
tils_E_original_firstorder_RootMeanSquared_std,tils,E,firstorder,RootMeanSquared,std,0.001547,0.000446,0.001519,0.001574,0.288,271,270.0,82.0,439.0,0.0,0.8,-0.0733,0.064557,higher feature -> lower survival_target
vessels_H_original_firstorder_10Percentile_mean,vessels,H,firstorder,10Percentile,mean,0.001541,0.000459,0.001513,0.00157,0.298,272,273.0,82.0,446.0,0.0,0.5,0.0475,0.231556,higher feature -> higher survival_target
stroma_E_original_firstorder_Median_std,stroma,E,firstorder,Median,std,0.00154,0.000489,0.001509,0.00157,0.318,273,280.0,81.0,445.0,0.1,1.0,-0.1293,0.001086,higher feature -> lower survival_target
muscle_E_original_firstorder_Entropy_std,muscle,E,firstorder,Entropy,std,0.001539,0.000354,0.001517,0.001561,0.23,274,262.0,104.0,421.0,0.0,0.1,-0.0631,0.111886,higher feature -> lower survival_target
tumor_E_original_firstorder_Skewness_mean,tumor,E,firstorder,Skewness,mean,0.001537,0.000359,0.001515,0.001559,0.234,275,257.0,106.0,423.0,0.0,0.1,-0.0035,0.929895,higher feature -> lower survival_target
tils_H_original_firstorder_RootMeanSquared_mean,tils,H,firstorder,RootMeanSquared,mean,0.001536,0.000375,0.001513,0.001559,0.244,276,263.0,103.0,431.0,0.0,0.2,-0.0283,0.476878,higher feature -> lower survival_target
muscle_E_original_firstorder_Skewness_mean,muscle,E,firstorder,Skewness,mean,0.001534,0.000346,0.001512,0.001555,0.226,277,262.0,108.0,426.0,0.0,0.1,0.0588,0.138252,higher feature -> higher survival_target
adipose_H_original_firstorder_MeanAbsoluteDeviation_std,adipose,H,firstorder,MeanAbsoluteDeviation,std,0.001531,0.000412,0.001505,0.001556,0.269,278,273.0,87.0,443.0,0.0,0.0,-0.0406,0.30691,higher feature -> lower survival_target
muscle_H_original_firstorder_InterquartileRange_mean,muscle,H,firstorder,InterquartileRange,mean,0.001528,0.000391,0.001504,0.001552,0.256,279,267.0,98.0,434.0,0.0,0.3,0.1041,0.008599,higher feature -> higher survival_target
adipose_E_original_firstorder_TotalEnergy_mean,adipose,E,firstorder,TotalEnergy,mean,0.001526,0.000398,0.001501,0.001551,0.261,280,266.0,95.9,445.0,0.0,0.1,-0.1089,0.005988,higher feature -> lower survival_target
tils_E_original_firstorder_MeanAbsoluteDeviation_mean,tils,E,firstorder,MeanAbsoluteDeviation,mean,0.001525,0.000449,0.001497,0.001553,0.294,281,275.0,88.0,447.0,0.0,0.5,0.0735,0.063948,higher feature -> higher survival_target
adipose_E_original_firstorder_Energy_mean,adipose,E,firstorder,Energy,mean,0.001522,0.000405,0.001497,0.001548,0.266,282,273.0,93.0,450.0,0.0,0.0,-0.1089,0.005988,higher feature -> lower survival_target
dcis_E_original_firstorder_Variance_mean,dcis,E,firstorder,Variance,mean,0.00152,0.000484,0.00149,0.00155,0.318,283,283.5,83.0,451.0,0.0,0.8,-0.0691,0.081616,higher feature -> lower survival_target
tils_H_original_firstorder_Mean_mean,tils,H,firstorder,Mean,mean,0.001515,0.000345,0.001494,0.001537,0.228,284,265.0,116.0,438.0,0.0,0.0,0.0045,0.910648,higher feature -> higher survival_target
dcis_E_original_firstorder_TotalEnergy_std,dcis,E,firstorder,TotalEnergy,std,0.001512,0.00049,0.001482,0.001543,0.324,285,294.0,74.0,455.0,0.0,0.5,-0.0203,0.608598,higher feature -> lower survival_target
dcis_E_original_firstorder_Energy_std,dcis,E,firstorder,Energy,std,0.001509,0.000488,0.001479,0.00154,0.324,286,293.0,75.0,454.0,0.0,0.3,-0.0203,0.608598,higher feature -> lower survival_target
tumor_E_original_firstorder_10Percentile_std,tumor,E,firstorder,10Percentile,std,0.001509,0.000421,0.001483,0.001535,0.279,287,284.0,88.0,437.0,0.0,0.4,-0.0566,0.153985,higher feature -> lower survival_target
adipose_H_original_firstorder_10Percentile_std,adipose,H,firstorder,10Percentile,std,0.0015,0.000436,0.001473,0.001527,0.291,288,285.0,92.0,442.0,0.1,0.4,-0.0176,0.657514,higher feature -> lower survival_target
tdlu_E_original_firstorder_Kurtosis_std,tdlu,E,firstorder,Kurtosis,std,0.001498,0.000378,0.001474,0.001521,0.252,289,286.0,98.0,432.0,0.0,0.2,-0.0831,0.036202,higher feature -> lower survival_target
dcis_H_original_firstorder_Kurtosis_std,dcis,H,firstorder,Kurtosis,std,0.001494,0.000382,0.001471,0.001518,0.256,290,280.0,101.0,433.0,0.0,0.4,-0.0273,0.491429,higher feature -> lower survival_target
muscle_H_original_firstorder_RobustMeanAbsoluteDeviation_mean,muscle,H,firstorder,RobustMeanAbsoluteDeviation,mean,0.001494,0.000369,0.001471,0.001517,0.247,291,273.5,106.0,440.0,0.0,0.2,0.0936,0.01819,higher feature -> higher survival_target
stroma_H_original_firstorder_Uniformity_mean,stroma,H,firstorder,Uniformity,mean,0.001492,0.000353,0.00147,0.001514,0.237,292,274.5,113.0,442.0,0.0,0.1,0.0415,0.295759,higher feature -> higher survival_target
stroma_E_original_firstorder_90Percentile_std,stroma,E,firstorder,90Percentile,std,0.001491,0.000422,0.001465,0.001517,0.283,293,284.5,86.9,442.0,0.0,0.5,-0.1238,0.001765,higher feature -> lower survival_target
muscle_H_original_firstorder_InterquartileRange_std,muscle,H,firstorder,InterquartileRange,std,0.001488,0.000359,0.001466,0.00151,0.241,294,281.0,109.9,437.0,0.0,0.3,-0.0372,0.348599,higher feature -> lower survival_target
tumor_H_original_firstorder_Kurtosis_mean,tumor,H,firstorder,Kurtosis,mean,0.001477,0.000362,0.001455,0.0015,0.245,295,281.0,109.0,442.1,0.0,0.1,-0.0314,0.42881,higher feature -> lower survival_target
dcis_H_original_firstorder_10Percentile_mean,dcis,H,firstorder,10Percentile,mean,0.001477,0.00044,0.00145,0.001504,0.298,296,297.0,88.0,456.0,0.0,0.1,0.0012,0.975558,higher feature -> higher survival_target
tdlu_H_original_firstorder_Median_std,tdlu,H,firstorder,Median,std,0.001475,0.000379,0.001452,0.001499,0.257,297,289.0,102.0,438.0,0.0,0.4,-0.1022,0.009885,higher feature -> lower survival_target
stroma_H_original_firstorder_Entropy_mean,stroma,H,firstorder,Entropy,mean,0.001474,0.000338,0.001453,0.001495,0.229,298,283.5,120.0,444.0,0.0,0.0,-0.0593,0.13554,higher feature -> lower survival_target
vessels_E_original_firstorder_10Percentile_std,vessels,E,firstorder,10Percentile,std,0.001468,0.000377,0.001444,0.001491,0.257,299,281.0,102.0,453.0,0.0,0.1,-0.0533,0.179348,higher feature -> lower survival_target
adipose_E_original_firstorder_RootMeanSquared_mean,adipose,E,firstorder,RootMeanSquared,mean,0.001466,0.000385,0.001442,0.00149,0.263,300,290.0,103.0,449.0,0.0,0.1,-0.0903,0.022748,higher feature -> lower survival_target
muscle_H_original_firstorder_Uniformity_mean,muscle,H,firstorder,Uniformity,mean,0.001465,0.000368,0.001443,0.001488,0.251,301,288.0,103.0,447.0,0.0,0.1,-0.1176,0.002973,higher feature -> lower survival_target
adipose_E_original_firstorder_Kurtosis_mean,adipose,E,firstorder,Kurtosis,mean,0.001457,0.000298,0.001439,0.001476,0.205,302,285.0,130.0,424.0,0.0,0.0,-0.0448,0.259475,higher feature -> lower survival_target
tdlu_E_original_firstorder_Energy_std,tdlu,E,firstorder,Energy,std,0.001454,0.000476,0.001424,0.001483,0.327,303,319.0,86.0,458.0,0.0,0.5,-0.1257,0.00149,higher feature -> lower survival_target
tdlu_E_original_firstorder_TotalEnergy_std,tdlu,E,firstorder,TotalEnergy,std,0.001453,0.000472,0.001424,0.001482,0.325,304,316.0,84.0,457.0,0.1,0.4,-0.1257,0.00149,higher feature -> lower survival_target
adipose_E_original_firstorder_Kurtosis_std,adipose,E,firstorder,Kurtosis,std,0.001448,0.000371,0.001425,0.001471,0.256,305,301.0,102.0,441.0,0.1,0.1,-0.0683,0.085369,higher feature -> lower survival_target
muscle_H_original_firstorder_10Percentile_std,muscle,H,firstorder,10Percentile,std,0.001447,0.000415,0.001421,0.001472,0.287,306,299.0,99.0,449.0,0.0,0.5,0.0219,0.580637,higher feature -> higher survival_target
stroma_H_original_firstorder_Kurtosis_std,stroma,H,firstorder,Kurtosis,std,0.001439,0.000282,0.001422,0.001457,0.196,307,288.0,133.0,436.0,0.0,0.0,-0.0317,0.424164,higher feature -> lower survival_target
vessels_E_original_firstorder_Mean_mean,vessels,E,firstorder,Mean,mean,0.001438,0.000416,0.001412,0.001464,0.29,308,302.0,103.0,458.0,0.0,0.4,-0.0078,0.844248,higher feature -> lower survival_target
muscle_H_original_firstorder_Entropy_std,muscle,H,firstorder,Entropy,std,0.001437,0.000358,0.001415,0.001459,0.249,309,300.0,120.0,446.0,0.0,0.2,-0.0652,0.100273,higher feature -> lower survival_target
muscle_H_original_firstorder_Skewness_std,muscle,H,firstorder,Skewness,std,0.001436,0.000339,0.001415,0.001457,0.236,310,295.0,109.0,446.0,0.0,0.0,-0.118,0.002872,higher feature -> lower survival_target
tdlu_E_original_firstorder_Kurtosis_mean,tdlu,E,firstorder,Kurtosis,mean,0.001434,0.000398,0.001409,0.001458,0.278,311,302.0,96.0,452.0,0.0,0.1,-0.0949,0.016713,higher feature -> lower survival_target
dcis_H_original_firstorder_TotalEnergy_std,dcis,H,firstorder,TotalEnergy,std,0.001433,0.000385,0.001409,0.001457,0.268,312,305.5,103.0,455.0,0.0,0.4,-0.0477,0.229912,higher feature -> lower survival_target
stroma_H_original_firstorder_Skewness_mean,stroma,H,firstorder,Skewness,mean,0.00143,0.000324,0.00141,0.00145,0.226,313,297.0,124.0,443.0,0.0,0.0,0.0203,0.609331,higher feature -> higher survival_target
dcis_H_original_firstorder_Energy_std,dcis,H,firstorder,Energy,std,0.001428,0.000379,0.001405,0.001452,0.265,314,307.0,105.0,451.0,0.0,0.3,-0.0477,0.229912,higher feature -> lower survival_target
dcis_H_original_firstorder_Skewness_mean,dcis,H,firstorder,Skewness,mean,0.001426,0.00036,0.001404,0.001448,0.252,315,306.0,116.0,448.0,0.0,0.1,-0.0458,0.24922,higher feature -> lower survival_target
tils_H_original_firstorder_Median_mean,tils,H,firstorder,Median,mean,0.001423,0.000304,0.001404,0.001442,0.213,316,296.5,129.0,437.0,0.0,0.0,0.0319,0.422402,higher feature -> higher survival_target
tumor_H_original_firstorder_RobustMeanAbsoluteDeviation_mean,tumor,H,firstorder,RobustMeanAbsoluteDeviation,mean,0.001419,0.000406,0.001394,0.001444,0.286,317,309.0,98.0,458.0,0.0,0.3,-0.0424,0.285448,higher feature -> lower survival_target
muscle_H_original_firstorder_Kurtosis_std,muscle,H,firstorder,Kurtosis,std,0.001418,0.000364,0.001395,0.00144,0.257,318,311.0,105.0,451.0,0.0,0.0,-0.065,0.101606,higher feature -> lower survival_target
dcis_H_original_firstorder_Mean_mean,dcis,H,firstorder,Mean,mean,0.001414,0.000376,0.001391,0.001438,0.266,319,311.5,110.0,457.0,0.0,0.1,-0.0117,0.768565,higher feature -> lower survival_target
tdlu_E_original_firstorder_90Percentile_mean,tdlu,E,firstorder,90Percentile,mean,0.001412,0.000396,0.001387,0.001436,0.28,320,310.0,104.0,456.0,0.0,0.1,0.0306,0.441199,higher feature -> higher survival_target
tils_E_original_firstorder_Mean_std,tils,E,firstorder,Mean,std,0.00141,0.000367,0.001387,0.001433,0.26,321,308.5,116.9,450.0,0.0,0.1,-0.0404,0.308443,higher feature -> lower survival_target
muscle_E_original_firstorder_Variance_mean,muscle,E,firstorder,Variance,mean,0.001409,0.000326,0.001389,0.00143,0.231,322,305.0,124.0,442.0,0.0,0.1,-0.0639,0.107256,higher feature -> lower survival_target
muscle_E_original_firstorder_RootMeanSquared_mean,muscle,E,firstorder,RootMeanSquared,mean,0.001408,0.000359,0.001386,0.001431,0.255,323,311.0,107.0,454.0,0.0,0.0,-0.0678,0.087721,higher feature -> lower survival_target
tumor_H_original_firstorder_InterquartileRange_mean,tumor,H,firstorder,InterquartileRange,mean,0.001407,0.00041,0.001382,0.001433,0.291,324,311.0,102.9,459.0,0.0,0.4,-0.0326,0.411186,higher feature -> lower survival_target
tils_E_original_firstorder_Variance_mean,tils,E,firstorder,Variance,mean,0.001404,0.000364,0.001382,0.001427,0.259,325,311.0,113.0,453.0,0.0,0.0,0.0393,0.322253,higher feature -> higher survival_target
muscle_H_original_firstorder_RobustMeanAbsoluteDeviation_std,muscle,H,firstorder,RobustMeanAbsoluteDeviation,std,0.001402,0.00035,0.00138,0.001423,0.25,326,310.0,114.9,449.0,0.0,0.0,-0.0484,0.222633,higher feature -> lower survival_target
stroma_E_original_firstorder_MeanAbsoluteDeviation_std,stroma,E,firstorder,MeanAbsoluteDeviation,std,0.001399,0.000319,0.001379,0.001419,0.228,327,308.0,133.0,443.0,0.0,0.1,-0.0656,0.098521,higher feature -> lower survival_target
muscle_E_original_firstorder_90Percentile_mean,muscle,E,firstorder,90Percentile,mean,0.001397,0.000341,0.001376,0.001419,0.244,328,307.5,118.0,453.0,0.0,0.1,-0.0594,0.134524,higher feature -> lower survival_target
dcis_H_original_firstorder_10Percentile_std,dcis,H,firstorder,10Percentile,std,0.001396,0.000327,0.001376,0.001416,0.234,329,309.0,125.0,452.0,0.0,0.0,-0.0275,0.489058,higher feature -> lower survival_target
tdlu_H_original_firstorder_MeanAbsoluteDeviation_mean,tdlu,H,firstorder,MeanAbsoluteDeviation,mean,0.001393,0.000364,0.001371,0.001416,0.261,330,315.0,114.0,456.0,0.0,0.1,-0.0438,0.270207,higher feature -> lower survival_target
adipose_H_original_firstorder_Variance_mean,adipose,H,firstorder,Variance,mean,0.001392,0.000349,0.001371,0.001414,0.25,331,315.0,123.0,452.0,0.0,0.1,0.0852,0.031721,higher feature -> higher survival_target
dcis_E_original_firstorder_Skewness_std,dcis,E,firstorder,Skewness,std,0.001391,0.000364,0.001368,0.001413,0.262,332,322.0,112.0,454.0,0.0,0.2,-0.0064,0.872017,higher feature -> lower survival_target
tdlu_E_original_firstorder_Skewness_std,tdlu,E,firstorder,Skewness,std,0.001388,0.000396,0.001364,0.001413,0.285,333,317.0,106.9,451.0,0.1,0.4,-0.0925,0.019642,higher feature -> lower survival_target
stroma_E_original_firstorder_Energy_mean,stroma,E,firstorder,Energy,mean,0.001387,0.000335,0.001367,0.001408,0.242,334,310.5,130.9,459.0,0.0,0.0,-0.0153,0.699491,higher feature -> lower survival_target
stroma_E_original_firstorder_TotalEnergy_mean,stroma,E,firstorder,TotalEnergy,mean,0.001387,0.000333,0.001366,0.001408,0.24,335,313.0,132.0,459.0,0.0,0.0,-0.0153,0.699491,higher feature -> lower survival_target
muscle_H_original_firstorder_Mean_mean,muscle,H,firstorder,Mean,mean,0.001386,0.000434,0.001359,0.001413,0.314,336,337.0,92.0,462.0,0.0,0.2,0.0937,0.01808,higher feature -> higher survival_target
dcis_E_original_firstorder_Kurtosis_std,dcis,E,firstorder,Kurtosis,std,0.001385,0.000338,0.001364,0.001406,0.244,337,315.0,113.0,452.0,0.0,0.0,-0.0008,0.984342,higher feature -> lower survival_target
tumor_H_original_firstorder_90Percentile_mean,tumor,H,firstorder,90Percentile,mean,0.001383,0.000379,0.00136,0.001407,0.274,338,324.0,107.0,455.0,0.0,0.1,-0.0557,0.16061,higher feature -> lower survival_target
muscle_E_original_firstorder_Entropy_mean,muscle,E,firstorder,Entropy,mean,0.001381,0.000325,0.00136,0.001401,0.235,339,316.0,122.0,453.0,0.0,0.1,0.0136,0.731523,higher feature -> higher survival_target
dcis_H_original_firstorder_RootMeanSquared_std,dcis,H,firstorder,RootMeanSquared,std,0.00138,0.000366,0.001358,0.001403,0.265,340,322.5,120.0,454.0,0.0,0.2,-0.0524,0.186549,higher feature -> lower survival_target
tumor_E_original_firstorder_Kurtosis_mean,tumor,E,firstorder,Kurtosis,mean,0.001376,0.000297,0.001358,0.001394,0.216,341,314.5,133.9,443.0,0.0,0.0,0.0135,0.73376,higher feature -> higher survival_target
dcis_H_original_firstorder_Entropy_std,dcis,H,firstorder,Entropy,std,0.001375,0.000373,0.001352,0.001398,0.271,342,332.0,114.0,456.0,0.0,0.4,-0.1082,0.00633,higher feature -> lower survival_target
muscle_E_original_firstorder_Median_mean,muscle,E,firstorder,Median,mean,0.001375,0.000352,0.001353,0.001396,0.256,343,320.0,117.0,458.0,0.0,0.1,-0.0634,0.110286,higher feature -> lower survival_target
dcis_H_original_firstorder_Median_mean,dcis,H,firstorder,Median,mean,0.001374,0.000381,0.001351,0.001398,0.277,344,327.0,109.0,458.0,0.0,0.1,0.0227,0.567199,higher feature -> higher survival_target
stroma_E_original_firstorder_RootMeanSquared_mean,stroma,E,firstorder,RootMeanSquared,mean,0.001373,0.000338,0.001352,0.001394,0.246,345,318.0,124.0,459.0,0.0,0.0,0.0034,0.931498,higher feature -> higher survival_target
tdlu_E_original_firstorder_10Percentile_std,tdlu,E,firstorder,10Percentile,std,0.001364,0.00041,0.001339,0.001389,0.301,346,339.0,96.0,457.0,0.0,0.6,-0.1111,0.005032,higher feature -> lower survival_target
dcis_E_original_firstorder_Skewness_mean,dcis,E,firstorder,Skewness,mean,0.001363,0.000394,0.001339,0.001388,0.289,347,337.5,102.0,462.0,0.0,0.1,-0.0429,0.280498,higher feature -> lower survival_target
stroma_E_original_firstorder_Energy_std,stroma,E,firstorder,Energy,std,0.001363,0.000377,0.00134,0.001387,0.277,348,333.0,105.9,456.0,0.0,0.2,-0.1298,0.001038,higher feature -> lower survival_target
tumor_E_original_firstorder_Variance_std,tumor,E,firstorder,Variance,std,0.001363,0.000382,0.001339,0.001386,0.28,349,330.0,117.9,456.0,0.0,0.5,-0.1114,0.004913,higher feature -> lower survival_target
stroma_E_original_firstorder_TotalEnergy_std,stroma,E,firstorder,TotalEnergy,std,0.00136,0.000378,0.001337,0.001384,0.278,350,335.0,103.9,456.0,0.0,0.1,-0.1298,0.001038,higher feature -> lower survival_target
tumor_E_original_firstorder_RootMeanSquared_std,tumor,E,firstorder,RootMeanSquared,std,0.001358,0.000269,0.001341,0.001375,0.198,351,317.0,148.9,444.0,0.0,0.0,-0.077,0.052131,higher feature -> lower survival_target
tdlu_H_original_firstorder_Skewness_mean,tdlu,H,firstorder,Skewness,mean,0.001356,0.000288,0.001339,0.001374,0.212,352,317.0,136.9,450.0,0.0,0.0,-0.0559,0.158885,higher feature -> lower survival_target
tils_E_original_firstorder_Kurtosis_mean,tils,E,firstorder,Kurtosis,mean,0.001354,0.000308,0.001335,0.001373,0.227,353,328.0,136.0,450.0,0.0,0.1,-0.0712,0.072772,higher feature -> lower survival_target
stroma_E_original_firstorder_Kurtosis_mean,stroma,E,firstorder,Kurtosis,mean,0.001351,0.000326,0.001331,0.001371,0.241,354,328.0,130.0,456.0,0.0,0.1,-0.0647,0.102863,higher feature -> lower survival_target
tils_E_original_firstorder_Skewness_std,tils,E,firstorder,Skewness,std,0.001343,0.000286,0.001325,0.001361,0.213,355,323.0,146.9,451.0,0.0,0.0,-0.0605,0.127208,higher feature -> lower survival_target
muscle_H_original_firstorder_Median_std,muscle,H,firstorder,Median,std,0.001342,0.000311,0.001323,0.001361,0.232,356,330.0,131.9,452.0,0.0,0.0,0.0132,0.739001,higher feature -> higher survival_target
tumor_E_original_firstorder_Energy_mean,tumor,E,firstorder,Energy,mean,0.00134,0.000347,0.001319,0.001362,0.259,357,333.0,123.0,460.0,0.0,0.0,0.0232,0.559244,higher feature -> higher survival_target
muscle_H_original_firstorder_MeanAbsoluteDeviation_std,muscle,H,firstorder,MeanAbsoluteDeviation,std,0.00134,0.000327,0.00132,0.00136,0.244,358,331.0,132.9,456.0,0.0,0.2,-0.0849,0.032261,higher feature -> lower survival_target
tumor_E_original_firstorder_InterquartileRange_std,tumor,E,firstorder,InterquartileRange,std,0.001338,0.00031,0.001319,0.001358,0.232,359,335.0,132.0,451.0,0.0,0.1,-0.101,0.010777,higher feature -> lower survival_target
tumor_E_original_firstorder_TotalEnergy_mean,tumor,E,firstorder,TotalEnergy,mean,0.001334,0.000339,0.001313,0.001355,0.254,360,336.0,125.0,461.0,0.0,0.0,0.0232,0.559244,higher feature -> higher survival_target
muscle_E_original_firstorder_Mean_mean,muscle,E,firstorder,Mean,mean,0.001334,0.000335,0.001313,0.001354,0.251,361,338.5,125.0,461.0,0.0,0.0,-0.0634,0.109958,higher feature -> lower survival_target
tumor_E_original_firstorder_RobustMeanAbsoluteDeviation_std,tumor,E,firstorder,RobustMeanAbsoluteDeviation,std,0.001333,0.000324,0.001313,0.001353,0.243,362,338.0,136.0,456.0,0.0,0.2,-0.103,0.009305,higher feature -> lower survival_target
tdlu_E_original_firstorder_Entropy_mean,tdlu,E,firstorder,Entropy,mean,0.001327,0.000349,0.001306,0.001349,0.263,363,342.0,120.0,459.0,0.0,0.0,0.0666,0.093258,higher feature -> higher survival_target
vessels_H_original_firstorder_Kurtosis_mean,vessels,H,firstorder,Kurtosis,mean,0.001326,0.000275,0.001309,0.001343,0.207,364,330.0,151.0,451.0,0.0,0.0,-0.0464,0.242715,higher feature -> lower survival_target
vessels_E_original_firstorder_90Percentile_mean,vessels,E,firstorder,90Percentile,mean,0.001323,0.000373,0.0013,0.001346,0.282,365,341.5,116.0,464.0,0.0,0.0,0.0018,0.963464,higher feature -> higher survival_target
dcis_E_original_firstorder_MeanAbsoluteDeviation_mean,dcis,E,firstorder,MeanAbsoluteDeviation,mean,0.001321,0.000374,0.001298,0.001344,0.283,366,343.0,126.0,460.0,0.1,0.2,-0.0385,0.332533,higher feature -> lower survival_target
tdlu_E_original_firstorder_Energy_mean,tdlu,E,firstorder,Energy,mean,0.001319,0.00033,0.001298,0.001339,0.25,367,341.0,122.0,459.0,0.0,0.0,-0.0028,0.943357,higher feature -> lower survival_target
tdlu_E_original_firstorder_Uniformity_mean,tdlu,E,firstorder,Uniformity,mean,0.001316,0.000387,0.001292,0.00134,0.294,368,353.5,106.9,463.0,0.0,0.3,-0.0687,0.083516,higher feature -> lower survival_target
muscle_H_original_firstorder_Entropy_mean,muscle,H,firstorder,Entropy,mean,0.001316,0.000296,0.001297,0.001334,0.225,369,338.0,144.0,457.0,0.0,0.0,0.1025,0.009691,higher feature -> higher survival_target
muscle_H_original_firstorder_Variance_std,muscle,H,firstorder,Variance,std,0.001312,0.000301,0.001293,0.001331,0.23,370,341.0,140.8,457.0,0.0,0.0,-0.0667,0.092846,higher feature -> lower survival_target
tumor_E_original_firstorder_TotalEnergy_std,tumor,E,firstorder,TotalEnergy,std,0.001312,0.00033,0.001291,0.001332,0.252,371,343.0,129.9,458.0,0.0,0.0,-0.085,0.032118,higher feature -> lower survival_target
tdlu_E_original_firstorder_TotalEnergy_mean,tdlu,E,firstorder,TotalEnergy,mean,0.001311,0.000332,0.001291,0.001332,0.253,372,347.5,126.0,460.0,0.0,0.0,-0.0028,0.943357,higher feature -> lower survival_target
tumor_E_original_firstorder_Energy_std,tumor,E,firstorder,Energy,std,0.00131,0.000322,0.00129,0.00133,0.246,373,346.0,131.0,459.0,0.0,0.0,-0.085,0.032118,higher feature -> lower survival_target
tdlu_E_original_firstorder_RootMeanSquared_mean,tdlu,E,firstorder,RootMeanSquared,mean,0.00131,0.000353,0.001288,0.001332,0.27,374,350.0,126.9,461.0,0.0,0.1,0.0198,0.617528,higher feature -> higher survival_target
tdlu_H_original_firstorder_RootMeanSquared_mean,tdlu,H,firstorder,RootMeanSquared,mean,0.001308,0.000331,0.001288,0.001329,0.253,375,345.0,136.0,457.0,0.0,0.1,-0.0174,0.66182,higher feature -> lower survival_target
tdlu_H_original_firstorder_Median_mean,tdlu,H,firstorder,Median,mean,0.001307,0.000301,0.001288,0.001326,0.23,376,336.0,136.0,458.0,0.0,0.1,0.0396,0.318623,higher feature -> higher survival_target
vessels_H_original_firstorder_Mean_std,vessels,H,firstorder,Mean,std,0.001305,0.000317,0.001285,0.001325,0.243,377,342.0,128.0,460.0,0.0,0.0,-0.0698,0.078775,higher feature -> lower survival_target
vessels_E_original_firstorder_Median_std,vessels,E,firstorder,Median,std,0.001304,0.000294,0.001286,0.001322,0.225,378,344.0,142.0,454.0,0.0,0.0,-0.1131,0.004281,higher feature -> lower survival_target
vessels_H_original_firstorder_MeanAbsoluteDeviation_mean,vessels,H,firstorder,MeanAbsoluteDeviation,mean,0.001303,0.000306,0.001284,0.001322,0.235,379,341.0,137.0,457.0,0.0,0.0,-0.0334,0.40008,higher feature -> lower survival_target
muscle_H_original_firstorder_TotalEnergy_std,muscle,H,firstorder,TotalEnergy,std,0.001303,0.000389,0.001278,0.001327,0.299,380,359.5,107.0,462.0,0.0,0.1,0.0068,0.865056,higher feature -> higher survival_target
muscle_H_original_firstorder_Energy_std,muscle,H,firstorder,Energy,std,0.001302,0.000391,0.001278,0.001326,0.3,381,360.0,111.0,462.0,0.0,0.1,0.0068,0.865056,higher feature -> higher survival_target
tumor_E_original_firstorder_Mean_std,tumor,E,firstorder,Mean,std,0.001298,0.000253,0.001283,0.001314,0.195,382,341.0,164.9,451.0,0.0,0.0,-0.0797,0.044598,higher feature -> lower survival_target
tils_H_original_firstorder_Kurtosis_std,tils,H,firstorder,Kurtosis,std,0.001297,0.000261,0.001281,0.001313,0.201,383,343.0,164.9,455.0,0.0,0.0,-0.0397,0.317479,higher feature -> lower survival_target
tumor_E_original_firstorder_RootMeanSquared_mean,tumor,E,firstorder,RootMeanSquared,mean,0.001296,0.000324,0.001276,0.001316,0.25,384,347.0,133.0,464.0,0.0,0.0,0.0327,0.409738,higher feature -> higher survival_target
dcis_E_original_firstorder_Median_std,dcis,E,firstorder,Median,std,0.001292,0.000365,0.001269,0.001314,0.283,385,363.0,119.0,464.0,0.0,0.1,-0.0284,0.473909,higher feature -> lower survival_target
tdlu_E_original_firstorder_Entropy_std,tdlu,E,firstorder,Entropy,std,0.00129,0.000274,0.001273,0.001307,0.212,386,345.0,149.9,454.0,0.0,0.0,-0.075,0.05863,higher feature -> lower survival_target
muscle_E_original_firstorder_Uniformity_mean,muscle,E,firstorder,Uniformity,mean,0.00129,0.000306,0.001271,0.001309,0.237,387,354.0,138.9,461.0,0.0,0.0,-0.0383,0.335321,higher feature -> lower survival_target
dcis_H_original_firstorder_Mean_std,dcis,H,firstorder,Mean,std,0.001289,0.00032,0.001269,0.001309,0.248,388,351.0,132.9,458.0,0.0,0.2,-0.0691,0.081696,higher feature -> lower survival_target
vessels_E_original_firstorder_Entropy_mean,vessels,E,firstorder,Entropy,mean,0.001288,0.000346,0.001267,0.001309,0.268,389,355.0,119.0,465.0,0.0,0.0,0.0462,0.244606,higher feature -> higher survival_target
tdlu_H_original_firstorder_90Percentile_mean,tdlu,H,firstorder,90Percentile,mean,0.001287,0.000334,0.001266,0.001307,0.259,390,351.0,130.9,461.0,0.0,0.1,-0.0292,0.461923,higher feature -> lower survival_target
tils_E_original_firstorder_Kurtosis_std,tils,E,firstorder,Kurtosis,std,0.001286,0.000265,0.00127,0.001302,0.206,391,347.0,159.9,458.0,0.0,0.0,-0.0247,0.533633,higher feature -> lower survival_target
muscle_E_original_firstorder_RobustMeanAbsoluteDeviation_mean,muscle,E,firstorder,RobustMeanAbsoluteDeviation,mean,0.001284,0.000286,0.001266,0.001302,0.223,392,350.0,149.0,458.0,0.0,0.0,-0.0425,0.284024,higher feature -> lower survival_target
tdlu_H_original_firstorder_Mean_mean,tdlu,H,firstorder,Mean,mean,0.001271,0.00032,0.001251,0.001291,0.252,393,355.5,134.0,462.0,0.0,0.1,0.0075,0.850285,higher feature -> higher survival_target
dcis_E_original_firstorder_90Percentile_mean,dcis,E,firstorder,90Percentile,mean,0.001268,0.000333,0.001247,0.001288,0.263,394,365.0,132.0,463.0,0.0,0.0,0.0196,0.622209,higher feature -> higher survival_target
muscle_E_original_firstorder_InterquartileRange_mean,muscle,E,firstorder,InterquartileRange,mean,0.001267,0.000273,0.001251,0.001284,0.215,395,352.0,157.0,460.0,0.0,0.0,-0.0363,0.361277,higher feature -> lower survival_target
muscle_H_original_firstorder_MeanAbsoluteDeviation_mean,muscle,H,firstorder,MeanAbsoluteDeviation,mean,0.001267,0.000282,0.00125,0.001285,0.223,396,354.5,156.0,458.0,0.0,0.0,0.0616,0.120656,higher feature -> higher survival_target
tdlu_H_original_firstorder_10Percentile_mean,tdlu,H,firstorder,10Percentile,mean,0.001264,0.000309,0.001245,0.001283,0.244,397,360.0,145.9,462.0,0.0,0.0,0.0063,0.874345,higher feature -> higher survival_target
tumor_E_original_firstorder_MeanAbsoluteDeviation_std,tumor,E,firstorder,MeanAbsoluteDeviation,std,0.001261,0.000287,0.001243,0.001279,0.228,398,359.5,161.9,459.0,0.0,0.1,-0.0818,0.039186,higher feature -> lower survival_target
vessels_H_original_firstorder_Median_mean,vessels,H,firstorder,Median,mean,0.001251,0.000281,0.001234,0.001269,0.225,399,355.0,159.0,461.0,0.0,0.1,0.0465,0.241375,higher feature -> higher survival_target
tumor_E_original_firstorder_Median_std,tumor,E,firstorder,Median,std,0.001251,0.000267,0.001234,0.001267,0.214,400,364.0,165.0,457.0,0.0,0.1,-0.0911,0.021641,higher feature -> lower survival_target
tdlu_H_original_firstorder_RobustMeanAbsoluteDeviation_mean,tdlu,H,firstorder,RobustMeanAbsoluteDeviation,mean,0.001248,0.000298,0.001229,0.001266,0.239,401,367.5,157.9,465.0,0.0,0.0,-0.0231,0.561215,higher feature -> lower survival_target
tumor_H_original_firstorder_Skewness_mean,tumor,H,firstorder,Skewness,mean,0.001242,0.000307,0.001223,0.001261,0.247,402,372.0,146.0,463.0,0.0,0.0,-0.027,0.496914,higher feature -> lower survival_target
tumor_H_original_firstorder_Entropy_mean,tumor,H,firstorder,Entropy,mean,0.001241,0.000306,0.001222,0.00126,0.247,403,370.0,143.0,465.0,0.0,0.0,-0.0241,0.544288,higher feature -> lower survival_target
tdlu_E_original_firstorder_10Percentile_mean,tdlu,E,firstorder,10Percentile,mean,0.001241,0.00026,0.001225,0.001257,0.21,404,366.0,165.0,462.0,0.0,0.0,-0.0356,0.370531,higher feature -> lower survival_target
stroma_E_original_firstorder_Kurtosis_std,stroma,E,firstorder,Kurtosis,std,0.001237,0.000245,0.001222,0.001253,0.198,405,366.0,168.0,456.0,0.0,0.0,-0.0269,0.497738,higher feature -> lower survival_target
muscle_E_original_firstorder_MeanAbsoluteDeviation_mean,muscle,E,firstorder,MeanAbsoluteDeviation,mean,0.001237,0.000268,0.00122,0.001253,0.216,406,370.5,165.9,460.0,0.0,0.0,-0.0412,0.299491,higher feature -> lower survival_target
dcis_E_original_firstorder_Kurtosis_mean,dcis,E,firstorder,Kurtosis,mean,0.001236,0.000297,0.001218,0.001255,0.24,407,374.0,159.0,462.0,0.0,0.2,-0.014,0.72548,higher feature -> lower survival_target
tumor_E_original_firstorder_90Percentile_mean,tumor,E,firstorder,90Percentile,mean,0.001235,0.000319,0.001215,0.001255,0.259,408,372.0,146.0,466.0,0.0,0.0,0.0311,0.433466,higher feature -> higher survival_target
dcis_H_original_firstorder_Median_std,dcis,H,firstorder,Median,std,0.001228,0.000285,0.001211,0.001246,0.232,409,373.0,154.9,462.0,0.0,0.0,-0.0587,0.139323,higher feature -> lower survival_target
vessels_H_original_firstorder_90Percentile_mean,vessels,H,firstorder,90Percentile,mean,0.001228,0.000343,0.001207,0.001249,0.279,410,383.0,140.9,464.0,0.0,0.3,-0.0,0.999414,higher feature -> lower survival_target
muscle_H_original_firstorder_Mean_std,muscle,H,firstorder,Mean,std,0.001227,0.000275,0.00121,0.001244,0.224,411,374.0,160.9,461.0,0.0,0.0,-0.0107,0.788325,higher feature -> lower survival_target
tdlu_E_original_firstorder_Median_mean,tdlu,E,firstorder,Median,mean,0.001218,0.000303,0.001199,0.001237,0.249,412,382.0,158.0,467.0,0.0,0.0,0.0035,0.93027,higher feature -> higher survival_target
vessels_H_original_firstorder_Energy_std,vessels,H,firstorder,Energy,std,0.001215,0.000279,0.001197,0.001232,0.23,413,378.0,161.0,465.0,0.0,0.0,-0.0576,0.147075,higher feature -> lower survival_target
vessels_H_original_firstorder_TotalEnergy_std,vessels,H,firstorder,TotalEnergy,std,0.001211,0.000274,0.001194,0.001228,0.226,414,377.5,159.0,465.0,0.0,0.0,-0.0576,0.147075,higher feature -> lower survival_target
tdlu_H_original_firstorder_InterquartileRange_mean,tdlu,H,firstorder,InterquartileRange,mean,0.001211,0.000275,0.001194,0.001228,0.227,415,380.0,172.9,466.0,0.0,0.0,-0.0116,0.769403,higher feature -> lower survival_target
tumor_E_original_firstorder_Uniformity_mean,tumor,E,firstorder,Uniformity,mean,0.001207,0.000306,0.001188,0.001226,0.253,416,384.0,150.0,467.0,0.0,0.0,-0.0602,0.129078,higher feature -> lower survival_target
tdlu_E_original_firstorder_Mean_mean,tdlu,E,firstorder,Mean,mean,0.001206,0.000304,0.001187,0.001225,0.252,417,385.0,153.0,465.0,0.0,0.1,0.0107,0.788414,higher feature -> higher survival_target
tdlu_H_original_firstorder_Entropy_mean,tdlu,H,firstorder,Entropy,mean,0.001204,0.000265,0.001188,0.00122,0.22,418,380.0,170.9,464.0,0.0,0.0,0.0223,0.574331,higher feature -> higher survival_target
dcis_E_original_firstorder_RobustMeanAbsoluteDeviation_mean,dcis,E,firstorder,RobustMeanAbsoluteDeviation,mean,0.001203,0.000269,0.001187,0.00122,0.223,419,382.0,171.0,463.0,0.0,0.0,-0.038,0.338123,higher feature -> lower survival_target
muscle_E_original_firstorder_10Percentile_mean,muscle,E,firstorder,10Percentile,mean,0.001202,0.000249,0.001187,0.001217,0.207,420,378.0,182.9,462.0,0.0,0.0,-0.0768,0.053028,higher feature -> lower survival_target
stroma_E_original_firstorder_Mean_mean,stroma,E,firstorder,Mean,mean,0.001195,0.000273,0.001178,0.001212,0.228,421,382.0,162.9,466.0,0.0,0.0,-0.0141,0.722723,higher feature -> lower survival_target
tdlu_H_original_firstorder_TotalEnergy_mean,tdlu,H,firstorder,TotalEnergy,mean,0.001195,0.000291,0.001177,0.001213,0.243,422,389.5,159.9,465.0,0.0,0.0,-0.0323,0.41556,higher feature -> lower survival_target
tdlu_H_original_firstorder_Energy_mean,tdlu,H,firstorder,Energy,mean,0.001194,0.000285,0.001176,0.001211,0.238,423,387.0,165.9,466.0,0.0,0.0,-0.0323,0.41556,higher feature -> lower survival_target
vessels_E_original_firstorder_RootMeanSquared_mean,vessels,E,firstorder,RootMeanSquared,mean,0.001193,0.000295,0.001175,0.001211,0.247,424,384.0,154.0,467.0,0.0,0.0,-0.0065,0.870731,higher feature -> lower survival_target
muscle_H_original_firstorder_90Percentile_mean,muscle,H,firstorder,90Percentile,mean,0.001187,0.000257,0.001171,0.001203,0.216,425,384.0,190.9,462.0,0.0,0.0,0.081,0.041211,higher feature -> higher survival_target
stroma_E_original_firstorder_Entropy_std,stroma,E,firstorder,Entropy,std,0.001187,0.000246,0.001172,0.001203,0.207,426,384.5,181.0,465.0,0.0,0.1,-0.0784,0.048025,higher feature -> lower survival_target
tumor_H_original_firstorder_Uniformity_mean,tumor,H,firstorder,Uniformity,mean,0.001187,0.00025,0.001171,0.001202,0.21,427,382.5,194.9,463.0,0.0,0.0,-0.0012,0.975482,higher feature -> lower survival_target
muscle_H_original_firstorder_TotalEnergy_mean,muscle,H,firstorder,TotalEnergy,mean,0.001181,0.000303,0.001162,0.0012,0.257,428,391.0,156.0,466.0,0.0,0.0,0.0525,0.186455,higher feature -> higher survival_target
muscle_H_original_firstorder_Energy_mean,muscle,H,firstorder,Energy,mean,0.001177,0.000298,0.001158,0.001195,0.254,429,394.0,165.9,465.0,0.0,0.0,0.0525,0.186455,higher feature -> higher survival_target
stroma_E_original_firstorder_10Percentile_std,stroma,E,firstorder,10Percentile,std,0.001176,0.000273,0.001159,0.001193,0.232,430,396.0,165.9,466.0,0.0,0.0,-0.118,0.002879,higher feature -> lower survival_target
tumor_H_original_firstorder_RootMeanSquared_mean,tumor,H,firstorder,RootMeanSquared,mean,0.001176,0.000248,0.00116,0.001191,0.211,431,388.0,189.9,465.0,0.0,0.0,-0.0405,0.30792,higher feature -> lower survival_target
stroma_E_original_firstorder_Skewness_std,stroma,E,firstorder,Skewness,std,0.001176,0.000232,0.001161,0.00119,0.198,432,386.0,195.0,464.0,0.0,0.0,-0.039,0.326678,higher feature -> lower survival_target
vessels_E_original_firstorder_TotalEnergy_mean,vessels,E,firstorder,TotalEnergy,mean,0.001176,0.000289,0.001158,0.001193,0.246,433,394.0,159.9,467.0,0.0,0.0,-0.0292,0.461875,higher feature -> lower survival_target
vessels_E_original_firstorder_Energy_mean,vessels,E,firstorder,Energy,mean,0.001174,0.00029,0.001156,0.001192,0.247,434,394.0,157.0,467.0,0.0,0.0,-0.0292,0.461875,higher feature -> lower survival_target
vessels_H_original_firstorder_Mean_mean,vessels,H,firstorder,Mean,mean,0.001167,0.000308,0.001148,0.001186,0.264,435,397.5,168.9,466.0,0.0,0.2,0.0232,0.559193,higher feature -> higher survival_target
muscle_H_original_firstorder_RootMeanSquared_std,muscle,H,firstorder,RootMeanSquared,std,0.001165,0.000267,0.001149,0.001182,0.229,436,398.0,174.0,464.0,0.0,0.0,-0.0321,0.418511,higher feature -> lower survival_target
vessels_E_original_firstorder_MeanAbsoluteDeviation_mean,vessels,E,firstorder,MeanAbsoluteDeviation,mean,0.001162,0.000288,0.001144,0.00118,0.248,437,400.5,166.0,466.0,0.0,0.0,0.0079,0.842645,higher feature -> higher survival_target
vessels_H_original_firstorder_Energy_mean,vessels,H,firstorder,Energy,mean,0.001155,0.00025,0.00114,0.001171,0.217,438,397.5,198.0,465.0,0.0,0.0,-0.0249,0.530689,higher feature -> lower survival_target
vessels_H_original_firstorder_TotalEnergy_mean,vessels,H,firstorder,TotalEnergy,mean,0.001155,0.000248,0.001139,0.00117,0.215,439,398.0,195.9,464.0,0.0,0.0,-0.0249,0.530689,higher feature -> lower survival_target
vessels_H_original_firstorder_RootMeanSquared_mean,vessels,H,firstorder,RootMeanSquared,mean,0.001151,0.000258,0.001135,0.001167,0.224,440,400.0,183.0,466.0,0.0,0.0,-0.0172,0.665798,higher feature -> lower survival_target
vessels_H_original_firstorder_Median_std,vessels,H,firstorder,Median,std,0.001143,0.000232,0.001129,0.001158,0.203,441,397.0,208.0,466.0,0.0,0.0,-0.0542,0.172373,higher feature -> lower survival_target
muscle_H_original_firstorder_Variance_mean,muscle,H,firstorder,Variance,mean,0.001136,0.000225,0.001122,0.00115,0.198,442,400.0,221.9,465.0,0.0,0.0,0.0113,0.77678,higher feature -> higher survival_target
stroma_E_original_firstorder_10Percentile_mean,stroma,E,firstorder,10Percentile,mean,0.001135,0.000234,0.001121,0.00115,0.206,443,402.5,206.0,465.0,0.0,0.0,-0.0811,0.040824,higher feature -> lower survival_target
tdlu_H_original_firstorder_Uniformity_mean,tdlu,H,firstorder,Uniformity,mean,0.001134,0.000227,0.00112,0.001148,0.2,444,403.0,216.0,465.0,0.0,0.0,-0.0524,0.186897,higher feature -> lower survival_target
tumor_E_original_firstorder_Entropy_mean,tumor,E,firstorder,Entropy,mean,0.00113,0.000259,0.001114,0.001146,0.229,445,408.0,189.0,468.0,0.0,0.0,0.0529,0.182722,higher feature -> higher survival_target
vessels_H_original_firstorder_Skewness_mean,vessels,H,firstorder,Skewness,mean,0.00113,0.000205,0.001117,0.001143,0.181,446,401.0,225.9,464.0,0.0,0.0,-0.0538,0.175304,higher feature -> lower survival_target
tumor_H_original_firstorder_Mean_mean,tumor,H,firstorder,Mean,mean,0.001124,0.000218,0.001111,0.001138,0.194,447,405.0,218.0,465.0,0.0,0.0,-0.0111,0.779283,higher feature -> lower survival_target
stroma_E_original_firstorder_Median_mean,stroma,E,firstorder,Median,mean,0.001119,0.000232,0.001105,0.001134,0.208,448,407.0,215.9,468.0,0.0,0.0,-0.0306,0.440672,higher feature -> lower survival_target
tumor_H_original_firstorder_TotalEnergy_mean,tumor,H,firstorder,TotalEnergy,mean,0.001112,0.000209,0.0011,0.001125,0.188,449,409.0,219.0,465.0,0.0,0.0,-0.0333,0.401406,higher feature -> lower survival_target
tumor_H_original_firstorder_Energy_mean,tumor,H,firstorder,Energy,mean,0.001111,0.000212,0.001098,0.001124,0.19,450,411.0,233.0,466.0,0.0,0.0,-0.0333,0.401406,higher feature -> lower survival_target
tumor_E_original_firstorder_Variance_mean,tumor,E,firstorder,Variance,mean,0.001107,0.000214,0.001094,0.00112,0.193,451,412.0,226.9,465.0,0.0,0.0,0.017,0.669422,higher feature -> higher survival_target
vessels_E_original_firstorder_RobustMeanAbsoluteDeviation_mean,vessels,E,firstorder,RobustMeanAbsoluteDeviation,mean,0.001104,0.00026,0.001088,0.00112,0.236,452,419.0,192.0,468.0,0.0,0.0,-0.0013,0.973445,higher feature -> lower survival_target
vessels_E_original_firstorder_Variance_mean,vessels,E,firstorder,Variance,mean,0.0011,0.000226,0.001086,0.001114,0.206,453,416.0,214.0,468.0,0.0,0.0,-0.017,0.668525,higher feature -> lower survival_target
muscle_H_original_firstorder_90Percentile_std,muscle,H,firstorder,90Percentile,std,0.001098,0.000224,0.001084,0.001112,0.204,454,416.0,221.0,467.0,0.0,0.0,-0.0709,0.074148,higher feature -> lower survival_target
tumor_H_original_firstorder_Median_mean,tumor,H,firstorder,Median,mean,0.001095,0.000193,0.001083,0.001107,0.177,455,413.5,249.9,464.0,0.0,0.0,0.0167,0.673593,higher feature -> higher survival_target
vessels_E_original_firstorder_InterquartileRange_mean,vessels,E,firstorder,InterquartileRange,mean,0.001084,0.000247,0.001069,0.001099,0.228,456,420.0,211.9,468.0,0.0,0.0,0.0018,0.963456,higher feature -> higher survival_target
vessels_H_original_firstorder_Uniformity_mean,vessels,H,firstorder,Uniformity,mean,0.001073,0.000218,0.001059,0.001086,0.203,457,423.5,239.9,467.0,0.0,0.0,-0.06,0.130459,higher feature -> lower survival_target
stroma_E_original_firstorder_Skewness_mean,stroma,E,firstorder,Skewness,mean,0.001072,0.000208,0.001059,0.001085,0.194,458,422.0,236.0,468.0,0.0,0.0,-0.0033,0.934536,higher feature -> lower survival_target
vessels_H_original_firstorder_Entropy_mean,vessels,H,firstorder,Entropy,mean,0.001069,0.00023,0.001055,0.001083,0.215,459,426.0,236.0,468.0,0.0,0.0,0.0344,0.386629,higher feature -> higher survival_target
tumor_E_original_firstorder_InterquartileRange_mean,tumor,E,firstorder,InterquartileRange,mean,0.001065,0.000175,0.001054,0.001076,0.165,460,423.0,282.0,466.0,0.0,0.0,0.0171,0.66692,higher feature -> higher survival_target
tumor_E_original_firstorder_MeanAbsoluteDeviation_mean,tumor,E,firstorder,MeanAbsoluteDeviation,mean,0.001057,0.00019,0.001045,0.001069,0.18,461,427.0,257.0,468.0,0.0,0.0,0.023,0.56195,higher feature -> higher survival_target
vessels_H_original_firstorder_RobustMeanAbsoluteDeviation_mean,vessels,H,firstorder,RobustMeanAbsoluteDeviation,mean,0.001055,0.000211,0.001042,0.001068,0.2,462,427.5,232.0,469.0,0.0,0.0,-0.004,0.92022,higher feature -> lower survival_target
tumor_E_original_firstorder_RobustMeanAbsoluteDeviation_mean,tumor,E,firstorder,RobustMeanAbsoluteDeviation,mean,0.001055,0.000173,0.001044,0.001065,0.164,463,424.5,276.9,467.0,0.0,0.0,0.016,0.686846,higher feature -> higher survival_target
muscle_H_original_firstorder_RootMeanSquared_mean,muscle,H,firstorder,RootMeanSquared,mean,0.001045,0.000207,0.001032,0.001057,0.199,464,430.0,247.0,469.0,0.0,0.0,0.0618,0.119649,higher feature -> higher survival_target
vessels_H_original_firstorder_InterquartileRange_mean,vessels,H,firstorder,InterquartileRange,mean,0.001039,0.000198,0.001027,0.001052,0.191,465,432.0,253.0,468.0,0.0,0.0,0.0055,0.88895,higher feature -> higher survival_target
dcis_E_original_firstorder_InterquartileRange_mean,dcis,E,firstorder,InterquartileRange,mean,0.00102,0.000181,0.001009,0.001031,0.177,466,435.5,281.9,468.0,0.0,0.0,-0.0238,0.549767,higher feature -> lower survival_target
dcis_E_original_firstorder_Range_mean,dcis,E,firstorder,Range,mean,0.000947,0.000614,0.000909,0.000986,0.648,467,464.0,105.0,474.0,0.1,0.7,0.0359,0.366003,higher feature -> higher survival_target
dcis_E_original_firstorder_Maximum_mean,dcis,E,firstorder,Maximum,mean,0.000947,0.000619,0.000909,0.000986,0.653,468,465.0,95.9,474.0,0.2,0.6,0.0359,0.366003,higher feature -> higher survival_target
dcis_E_original_firstorder_Range_std,dcis,E,firstorder,Range,std,0.000655,0.000254,0.000639,0.00067,0.387,469,469.0,337.9,477.0,0.0,0.0,-0.0403,0.309729,higher feature -> lower survival_target
dcis_E_original_firstorder_Maximum_std,dcis,E,firstorder,Maximum,std,0.000652,0.000247,0.000636,0.000667,0.379,470,469.0,348.9,477.0,0.0,0.0,-0.0403,0.309729,higher feature -> lower survival_target
muscle_E_original_firstorder_Maximum_std,muscle,E,firstorder,Maximum,std,0.000539,0.000359,0.000517,0.000561,0.666,471,472.0,250.0,478.0,0.0,0.1,0.0394,0.321605,higher feature -> higher survival_target
muscle_E_original_firstorder_Range_mean,muscle,E,firstorder,Range,mean,0.000538,0.000344,0.000517,0.00056,0.639,472,472.0,273.8,478.0,0.0,0.0,-0.0394,0.320664,higher feature -> lower survival_target
muscle_E_original_firstorder_Range_std,muscle,E,firstorder,Range,std,0.000538,0.00035,0.000516,0.000559,0.65,473,472.0,272.9,478.0,0.0,0.0,0.0394,0.321605,higher feature -> higher survival_target
muscle_E_original_firstorder_Maximum_mean,muscle,E,firstorder,Maximum,mean,0.000537,0.000349,0.000515,0.000559,0.651,474,472.0,273.7,478.0,0.0,0.0,-0.0394,0.320664,higher feature -> lower survival_target
vessels_E_original_firstorder_Maximum_std,vessels,E,firstorder,Maximum,std,0.00021,0.000184,0.000199,0.000222,0.875,475,478.0,470.0,488.0,0.0,0.0,-0.0413,0.29862,higher feature -> lower survival_target
vessels_E_original_firstorder_Maximum_mean,vessels,E,firstorder,Maximum,mean,0.00021,0.000183,0.000199,0.000221,0.873,476,478.0,470.0,487.0,0.0,0.0,0.0413,0.298297,higher feature -> higher survival_target
vessels_E_original_firstorder_Range_std,vessels,E,firstorder,Range,std,0.00021,0.000182,0.000198,0.000221,0.867,477,478.0,470.0,487.0,0.0,0.0,-0.0413,0.29862,higher feature -> lower survival_target
vessels_E_original_firstorder_Range_mean,vessels,E,firstorder,Range,mean,0.00021,0.000183,0.000198,0.000221,0.872,478,478.0,471.0,487.0,0.0,0.0,0.0413,0.298297,higher feature -> higher survival_target
adipose_E_original_firstorder_Range_std,adipose,E,firstorder,Range,std,0.000121,0.000232,0.000106,0.000135,1.921,479,487.0,468.0,513.0,0.0,0.0,-0.1525,0.000113,higher feature -> lower survival_target
adipose_E_original_firstorder_Maximum_std,adipose,E,firstorder,Maximum,std,0.000119,0.000227,0.000105,0.000133,1.906,480,487.0,470.0,513.0,0.0,0.0,-0.1525,0.000113,higher feature -> lower survival_target
adipose_E_original_firstorder_Range_mean,adipose,E,firstorder,Range,mean,0.000118,0.000228,0.000104,0.000132,1.933,481,487.0,470.0,512.0,0.0,0.0,0.1525,0.000113,higher feature -> higher survival_target
adipose_E_original_firstorder_Maximum_mean,adipose,E,firstorder,Maximum,mean,0.000117,0.000221,0.000103,0.000131,1.893,482,487.0,469.0,513.0,0.0,0.0,0.1525,0.000113,higher feature -> higher survival_target
dcis_H_original_firstorder_Maximum_mean,dcis,H,firstorder,Maximum,mean,8.2e-05,0.000152,7.3e-05,9.1e-05,1.855,483,488.0,471.0,503.0,0.0,0.0,-0.0301,0.448934,higher feature -> lower survival_target
dcis_H_original_firstorder_Range_mean,dcis,H,firstorder,Range,mean,8.2e-05,0.000149,7.3e-05,9.1e-05,1.824,484,487.5,472.0,504.0,0.0,0.0,-0.0301,0.448934,higher feature -> lower survival_target
dcis_H_original_firstorder_Range_std,dcis,H,firstorder,Range,std,8.1e-05,0.000147,7.2e-05,9e-05,1.809,485,488.0,471.0,504.0,0.0,0.0,0.0301,0.448934,higher feature -> higher survival_target
dcis_H_original_firstorder_Maximum_std,dcis,H,firstorder,Maximum,std,8e-05,0.000147,7.1e-05,8.9e-05,1.837,486,488.0,472.0,503.0,0.0,0.0,0.0301,0.448934,higher feature -> higher survival_target
tdlu_H_original_firstorder_Maximum_std,tdlu,H,firstorder,Maximum,std,6.5e-05,8.9e-05,6e-05,7.1e-05,1.363,487,486.0,476.0,499.0,0.0,0.0,0.0604,0.128369,higher feature -> higher survival_target
tdlu_H_original_firstorder_Range_std,tdlu,H,firstorder,Range,std,6.5e-05,8.4e-05,6e-05,7e-05,1.297,488,486.0,476.0,499.0,0.0,0.0,0.0604,0.128369,higher feature -> higher survival_target
tdlu_H_original_firstorder_Range_mean,tdlu,H,firstorder,Range,mean,6.4e-05,9.3e-05,5.8e-05,7e-05,1.451,489,486.0,475.0,500.0,0.0,0.0,-0.0601,0.130045,higher feature -> lower survival_target
tdlu_H_original_firstorder_Maximum_mean,tdlu,H,firstorder,Maximum,mean,6.3e-05,8.3e-05,5.8e-05,6.8e-05,1.321,490,486.0,476.0,499.0,0.0,0.0,-0.0601,0.130045,higher feature -> lower survival_target
tdlu_E_original_firstorder_Maximum_mean,tdlu,E,firstorder,Maximum,mean,5.2e-05,9.1e-05,4.6e-05,5.8e-05,1.744,491,489.0,479.0,504.0,0.0,0.0,0.0899,0.02335,higher feature -> higher survival_target
tdlu_E_original_firstorder_Maximum_std,tdlu,E,firstorder,Maximum,std,5.2e-05,9.1e-05,4.6e-05,5.7e-05,1.767,492,490.0,479.0,503.0,0.0,0.0,-0.0899,0.023417,higher feature -> lower survival_target
tdlu_E_original_firstorder_Range_std,tdlu,E,firstorder,Range,std,5.1e-05,8.7e-05,4.6e-05,5.7e-05,1.703,493,489.0,479.0,504.0,0.0,0.0,-0.0899,0.023417,higher feature -> lower survival_target
tdlu_E_original_firstorder_Range_mean,tdlu,E,firstorder,Range,mean,5.1e-05,9e-05,4.6e-05,5.7e-05,1.758,494,489.0,479.0,504.0,0.0,0.0,0.0899,0.02335,higher feature -> higher survival_target
tils_E_original_firstorder_Range_std,tils,E,firstorder,Range,std,3.4e-05,7.1e-05,2.9e-05,3.8e-05,2.115,495,495.0,479.0,512.0,0.0,0.0,-0.0779,0.049605,higher feature -> lower survival_target
tils_E_original_firstorder_Maximum_std,tils,E,firstorder,Maximum,std,3.4e-05,7.2e-05,2.9e-05,3.8e-05,2.138,496,496.0,479.0,513.0,0.0,0.0,-0.0779,0.049605,higher feature -> lower survival_target
tils_E_original_firstorder_Range_mean,tils,E,firstorder,Range,mean,3.3e-05,7.4e-05,2.8e-05,3.7e-05,2.247,497,496.0,479.0,512.0,0.0,0.0,0.0779,0.049605,higher feature -> higher survival_target
tils_E_original_firstorder_Maximum_mean,tils,E,firstorder,Maximum,mean,3.3e-05,6.9e-05,2.8e-05,3.7e-05,2.125,498,496.0,479.0,513.0,0.0,0.0,0.0779,0.049605,higher feature -> higher survival_target
muscle_H_original_firstorder_Maximum_mean,muscle,H,firstorder,Maximum,mean,1.1e-05,1.4e-05,1e-05,1.2e-05,1.357,499,498.0,484.0,509.0,0.0,0.0,0.0174,0.660567,higher feature -> higher survival_target
muscle_H_original_firstorder_Maximum_std,muscle,H,firstorder,Maximum,std,1.1e-05,1.4e-05,1e-05,1.1e-05,1.295,500,498.0,484.0,509.0,0.0,0.0,-0.0174,0.660567,higher feature -> lower survival_target
muscle_H_original_firstorder_Range_mean,muscle,H,firstorder,Range,mean,1.1e-05,1.4e-05,1e-05,1.1e-05,1.281,501,498.0,484.0,509.0,0.0,0.0,0.0174,0.660567,higher feature -> higher survival_target
muscle_H_original_firstorder_Range_std,muscle,H,firstorder,Range,std,1e-05,1.3e-05,9e-06,1.1e-05,1.288,502,498.0,484.0,509.0,0.0,0.0,-0.0174,0.660567,higher feature -> lower survival_target
vessels_H_original_firstorder_Range_mean,vessels,H,firstorder,Range,mean,6e-06,9e-06,5e-06,7e-06,1.488,503,501.0,488.0,513.0,0.0,0.0,-0.0065,0.870074,higher feature -> lower survival_target
vessels_H_original_firstorder_Maximum_std,vessels,H,firstorder,Maximum,std,6e-06,8e-06,5e-06,6e-06,1.427,504,501.0,488.0,513.0,0.0,0.0,0.0065,0.870074,higher feature -> higher survival_target
vessels_H_original_firstorder_Maximum_mean,vessels,H,firstorder,Maximum,mean,6e-06,8e-06,5e-06,6e-06,1.381,505,501.0,489.0,513.0,0.0,0.0,-0.0065,0.870074,higher feature -> lower survival_target
vessels_H_original_firstorder_Range_std,vessels,H,firstorder,Range,std,6e-06,8e-06,5e-06,6e-06,1.368,506,501.0,488.0,513.0,0.0,0.0,0.0065,0.870074,higher feature -> higher survival_target
stroma_E_original_firstorder_Maximum_mean,stroma,E,firstorder,Maximum,mean,0.0,2e-06,0.0,0.0,6.356,507,509.0,500.0,513.0,0.0,0.0,0.055,0.166211,higher feature -> higher survival_target
stroma_E_original_firstorder_Range_std,stroma,E,firstorder,Range,std,0.0,2e-06,0.0,0.0,9.071,508,508.5,500.0,513.0,0.0,0.0,-0.055,0.166211,higher feature -> lower survival_target
stroma_E_original_firstorder_Maximum_std,stroma,E,firstorder,Maximum,std,0.0,2e-06,0.0,0.0,6.309,509,509.0,499.0,514.0,0.0,0.0,-0.055,0.166211,higher feature -> lower survival_target
stroma_E_original_firstorder_Range_mean,stroma,E,firstorder,Range,mean,0.0,2e-06,0.0,0.0,7.944,510,509.0,500.0,513.0,0.0,0.0,0.055,0.166211,higher feature -> higher survival_target
adipose_H_original_firstorder_Maximum_std,adipose,H,firstorder,Maximum,std,0.0,0.0,0.0,0.0,13.757,511,508.0,501.0,513.0,0.0,0.0,-0.0522,0.188958,higher feature -> lower survival_target
adipose_H_original_firstorder_Range_std,adipose,H,firstorder,Range,std,0.0,0.0,0.0,0.0,15.28,512,514.0,505.0,514.0,0.0,0.0,-0.0522,0.188958,higher feature -> lower survival_target
tumor_H_original_firstorder_Maximum_std,tumor,H,firstorder,Maximum,std,0.0,0.0,-0.0,0.0,30.727,513,509.0,502.0,513.0,0.0,0.0,-0.0583,0.142267,higher feature -> lower survival_target
tumor_H_original_firstorder_Range_std,tumor,H,firstorder,Range,std,0.0,0.0,0.0,0.0,,514,508.0,502.0,513.0,0.0,0.0,-0.0583,0.142267,higher feature -> lower survival_target
