feature,region,channel,feature_class,metric,stat,mean_importance,std_importance,ci_lo,ci_hi,cv,rank,median_rank,rank_q025,rank_q975,top20_pct,top50_pct,spearman_rho,spearman_p_value,direction
adipose_H_original_firstorder_Skewness_mean,adipose,H,firstorder,Skewness,mean,0.013968,0.004212,0.013707,0.01423,0.302,1,3.5,1.0,20.0,97.5,99.7,-0.4377,0.0,higher feature -> lower survival_target
adipose_H_original_firstorder_InterquartileRange_mean,adipose,H,firstorder,InterquartileRange,mean,0.013931,0.003944,0.013687,0.014176,0.283,2,3.0,1.0,19.0,97.8,100.0,0.4377,0.0,higher feature -> higher survival_target
adipose_H_original_firstorder_RobustMeanAbsoluteDeviation_mean,adipose,H,firstorder,RobustMeanAbsoluteDeviation,mean,0.012975,0.00369,0.012746,0.013204,0.284,3,5.0,1.0,21.0,97.4,99.7,0.4314,0.0,higher feature -> higher survival_target
adipose_H_original_firstorder_Kurtosis_mean,adipose,H,firstorder,Kurtosis,mean,0.012674,0.004275,0.012409,0.012939,0.337,4,5.0,1.0,31.0,94.2,99.2,-0.4226,0.0,higher feature -> lower survival_target
adipose_H_original_firstorder_Uniformity_mean,adipose,H,firstorder,Uniformity,mean,0.012304,0.003645,0.012078,0.01253,0.296,5,6.0,1.0,25.0,96.0,99.6,-0.4399,0.0,higher feature -> lower survival_target
adipose_H_original_firstorder_Entropy_mean,adipose,H,firstorder,Entropy,mean,0.011446,0.00337,0.011237,0.011655,0.294,6,7.0,2.0,27.0,95.0,98.9,0.4324,0.0,higher feature -> higher survival_target
adipose_H_original_firstorder_90Percentile_mean,adipose,H,firstorder,90Percentile,mean,0.01031,0.003029,0.010122,0.010498,0.294,7,9.0,3.0,31.0,92.7,99.0,0.4202,0.0,higher feature -> higher survival_target
adipose_H_original_firstorder_Skewness_std,adipose,H,firstorder,Skewness,std,0.009956,0.004886,0.009653,0.010259,0.491,8,11.0,1.0,93.0,74.2,93.3,-0.3564,0.0,higher feature -> lower survival_target
adipose_H_original_firstorder_Mean_mean,adipose,H,firstorder,Mean,mean,0.00957,0.003214,0.009371,0.009769,0.336,9,11.0,2.0,43.0,85.5,98.6,0.4201,0.0,higher feature -> higher survival_target
adipose_H_original_firstorder_MeanAbsoluteDeviation_mean,adipose,H,firstorder,MeanAbsoluteDeviation,mean,0.008963,0.002791,0.00879,0.009136,0.311,10,12.0,4.0,43.0,82.4,98.6,0.4033,0.0,higher feature -> higher survival_target
adipose_H_original_firstorder_Kurtosis_std,adipose,H,firstorder,Kurtosis,std,0.008501,0.00472,0.008208,0.008793,0.555,11,16.0,1.0,120.0,61.6,86.9,-0.2876,1.1e-05,higher feature -> lower survival_target
adipose_H_original_firstorder_Median_mean,adipose,H,firstorder,Median,mean,0.007949,0.003328,0.007742,0.008155,0.419,12,16.0,3.0,80.0,66.4,92.9,0.3993,0.0,higher feature -> higher survival_target
adipose_H_original_firstorder_RootMeanSquared_mean,adipose,H,firstorder,RootMeanSquared,mean,0.007279,0.002652,0.007115,0.007443,0.364,13,18.0,7.0,77.0,61.4,94.8,0.3988,0.0,higher feature -> higher survival_target
muscularis_E_original_firstorder_InterquartileRange_std,muscularis,E,firstorder,InterquartileRange,std,0.007211,0.0042,0.006951,0.007471,0.582,14,19.0,1.0,170.0,52.6,78.8,-0.3023,4e-06,higher feature -> lower survival_target
adipose_H_original_firstorder_TotalEnergy_mean,adipose,H,firstorder,TotalEnergy,mean,0.007066,0.002716,0.006897,0.007234,0.384,15,19.0,6.0,83.0,56.4,91.7,0.3938,0.0,higher feature -> higher survival_target
adipose_H_original_firstorder_Energy_mean,adipose,H,firstorder,Energy,mean,0.007046,0.002725,0.006877,0.007215,0.387,16,19.0,5.0,86.0,57.0,91.1,0.3938,0.0,higher feature -> higher survival_target
muscularis_E_original_firstorder_RobustMeanAbsoluteDeviation_std,muscularis,E,firstorder,RobustMeanAbsoluteDeviation,std,0.006543,0.003881,0.006302,0.006783,0.593,17,23.0,2.0,201.0,45.2,74.4,-0.3046,3e-06,higher feature -> lower survival_target
adipose_H_original_firstorder_Variance_mean,adipose,H,firstorder,Variance,mean,0.005578,0.002509,0.005423,0.005734,0.45,18,27.5,9.0,157.0,32.5,75.9,0.3621,0.0,higher feature -> higher survival_target
immune_H_original_firstorder_Uniformity_mean,immune,H,firstorder,Uniformity,mean,0.004866,0.002783,0.004694,0.005039,0.572,19,39.0,5.0,247.0,24.3,61.1,-0.3428,0.0,higher feature -> lower survival_target
muscularis_H_original_firstorder_Median_mean,muscularis,H,firstorder,Median,mean,0.004751,0.002828,0.004576,0.004927,0.595,20,40.0,6.0,319.0,23.5,59.3,0.3171,1e-06,higher feature -> higher survival_target
immune_H_original_firstorder_Entropy_mean,immune,H,firstorder,Entropy,mean,0.004709,0.002674,0.004543,0.004874,0.568,21,40.0,6.0,295.0,22.9,58.7,0.3332,0.0,higher feature -> higher survival_target
urothelium_E_original_firstorder_RootMeanSquared_std,urothelium,E,firstorder,RootMeanSquared,std,0.004619,0.00285,0.004442,0.004796,0.617,22,45.0,3.0,237.1,22.1,54.2,-0.2536,0.000112,higher feature -> lower survival_target
muscularis_E_original_firstorder_Variance_std,muscularis,E,firstorder,Variance,std,0.004616,0.003007,0.004429,0.004802,0.651,23,48.0,5.0,282.0,22.4,51.8,-0.2634,5.9e-05,higher feature -> lower survival_target
lamina_E_original_firstorder_RobustMeanAbsoluteDeviation_std,lamina,E,firstorder,RobustMeanAbsoluteDeviation,std,0.004324,0.002641,0.00416,0.004488,0.611,24,50.0,5.0,258.4,16.2,50.6,-0.2785,2.1e-05,higher feature -> lower survival_target
muscularis_E_original_firstorder_MeanAbsoluteDeviation_std,muscularis,E,firstorder,MeanAbsoluteDeviation,std,0.004173,0.002496,0.004018,0.004328,0.598,25,52.0,6.0,312.1,16.3,48.7,-0.2837,1.4e-05,higher feature -> lower survival_target
lamina_E_original_firstorder_InterquartileRange_std,lamina,E,firstorder,InterquartileRange,std,0.004013,0.002395,0.003865,0.004162,0.597,26,55.0,7.0,263.1,12.7,47.2,-0.2683,4.2e-05,higher feature -> lower survival_target
immune_H_original_firstorder_Mean_mean,immune,H,firstorder,Mean,mean,0.0039,0.002516,0.003744,0.004056,0.645,27,60.5,9.0,334.0,13.5,43.0,0.3167,1e-06,higher feature -> higher survival_target
muscularis_H_original_firstorder_Uniformity_mean,muscularis,H,firstorder,Uniformity,mean,0.003818,0.002218,0.003681,0.003956,0.581,28,57.0,10.0,355.0,11.8,44.7,-0.3292,0.0,higher feature -> lower survival_target
necrosis_E_original_firstorder_InterquartileRange_std,necrosis,E,firstorder,InterquartileRange,std,0.003796,0.001579,0.003698,0.003894,0.416,29,54.0,13.0,209.0,8.9,46.8,-0.0949,0.154131,higher feature -> lower survival_target
urothelium_E_original_firstorder_Mean_std,urothelium,E,firstorder,Mean,std,0.003699,0.002287,0.003557,0.003841,0.618,30,65.0,9.0,320.2,12.6,39.2,-0.2298,0.000482,higher feature -> lower survival_target
lamina_H_original_firstorder_Skewness_std,lamina,H,firstorder,Skewness,std,0.003685,0.002183,0.00355,0.00382,0.592,31,65.0,10.0,298.0,11.1,39.6,-0.2891,1e-05,higher feature -> lower survival_target
lamina_H_original_firstorder_Median_mean,lamina,H,firstorder,Median,mean,0.003665,0.00211,0.003534,0.003796,0.576,32,61.0,12.0,351.0,10.6,41.9,0.3043,3e-06,higher feature -> higher survival_target
urothelium_E_original_firstorder_90Percentile_std,urothelium,E,firstorder,90Percentile,std,0.003664,0.002217,0.003527,0.003802,0.605,33,69.0,9.0,306.0,10.6,39.1,-0.2217,0.000767,higher feature -> lower survival_target
immune_H_original_firstorder_Kurtosis_mean,immune,H,firstorder,Kurtosis,mean,0.003656,0.002252,0.003516,0.003795,0.616,34,69.0,11.0,341.0,11.3,39.2,-0.317,1e-06,higher feature -> lower survival_target
muscularis_E_original_firstorder_Median_std,muscularis,E,firstorder,Median,std,0.003643,0.002053,0.003515,0.00377,0.564,35,62.0,11.0,280.1,9.1,40.0,-0.2193,0.000878,higher feature -> lower survival_target
muscularis_H_original_firstorder_10Percentile_std,muscularis,H,firstorder,10Percentile,std,0.003617,0.002211,0.00348,0.003754,0.611,36,67.0,9.0,301.0,10.4,38.9,0.2822,1.6e-05,higher feature -> higher survival_target
vessels_H_original_firstorder_Kurtosis_mean,vessels,H,firstorder,Kurtosis,mean,0.003559,0.002131,0.003427,0.003691,0.599,37,66.5,13.0,383.0,9.4,40.2,-0.2997,4e-06,higher feature -> lower survival_target
adipose_H_original_firstorder_Median_std,adipose,H,firstorder,Median,std,0.003549,0.0021,0.003419,0.003679,0.592,38,68.5,12.0,363.0,11.6,38.4,0.3114,2e-06,higher feature -> higher survival_target
adipose_H_original_firstorder_10Percentile_mean,adipose,H,firstorder,10Percentile,mean,0.003483,0.002088,0.003353,0.003612,0.6,39,70.0,13.0,352.1,9.5,37.6,0.3169,1e-06,higher feature -> higher survival_target
immune_H_original_firstorder_Skewness_mean,immune,H,firstorder,Skewness,mean,0.003429,0.002086,0.0033,0.003558,0.608,40,78.0,11.0,331.0,10.1,36.1,-0.3056,3e-06,higher feature -> lower survival_target
muscularis_H_original_firstorder_Entropy_mean,muscularis,H,firstorder,Entropy,mean,0.003427,0.001899,0.003309,0.003544,0.554,41,70.0,14.0,346.1,7.1,36.3,0.3226,1e-06,higher feature -> higher survival_target
muscularis_H_original_firstorder_Mean_mean,muscularis,H,firstorder,Mean,mean,0.00337,0.002093,0.003241,0.0035,0.621,42,76.0,11.0,401.0,7.7,36.6,0.3144,1e-06,higher feature -> higher survival_target
vessels_H_original_firstorder_Skewness_std,vessels,H,firstorder,Skewness,std,0.003338,0.002133,0.003206,0.00347,0.639,43,86.0,11.0,363.0,9.4,32.5,-0.2471,0.000169,higher feature -> lower survival_target
necrosis_E_original_firstorder_RobustMeanAbsoluteDeviation_std,necrosis,E,firstorder,RobustMeanAbsoluteDeviation,std,0.003303,0.001366,0.003219,0.003388,0.413,44,69.0,16.0,239.1,4.9,33.9,-0.0979,0.141575,higher feature -> lower survival_target
lamina_H_original_firstorder_10Percentile_std,lamina,H,firstorder,10Percentile,std,0.003289,0.002359,0.003143,0.003436,0.717,45,96.0,9.0,352.0,10.5,29.3,0.2166,0.001023,higher feature -> higher survival_target
muscularis_H_original_firstorder_Kurtosis_std,muscularis,H,firstorder,Kurtosis,std,0.003253,0.002106,0.003122,0.003384,0.647,46,88.5,8.0,341.1,8.6,29.8,-0.1973,0.002827,higher feature -> lower survival_target
lamina_H_original_firstorder_Mean_mean,lamina,H,firstorder,Mean,mean,0.003238,0.001933,0.003118,0.003358,0.597,47,82.5,15.0,369.0,6.3,31.0,0.2984,5e-06,higher feature -> higher survival_target
muscularis_H_original_firstorder_Median_std,muscularis,H,firstorder,Median,std,0.003188,0.002118,0.003057,0.003319,0.664,48,95.0,11.0,371.0,7.5,30.3,0.2808,1.8e-05,higher feature -> higher survival_target
lamina_H_original_firstorder_Entropy_mean,lamina,H,firstorder,Entropy,mean,0.003185,0.001711,0.003079,0.003291,0.537,49,83.0,15.0,327.0,5.9,30.7,0.295,6e-06,higher feature -> higher survival_target
immune_H_original_firstorder_90Percentile_mean,immune,H,firstorder,90Percentile,mean,0.003175,0.001957,0.003053,0.003296,0.616,50,87.0,12.0,387.0,7.4,30.9,0.3002,4e-06,higher feature -> higher survival_target
necrosis_E_original_firstorder_MeanAbsoluteDeviation_std,necrosis,E,firstorder,MeanAbsoluteDeviation,std,0.003138,0.001241,0.003061,0.003215,0.395,51,72.5,22.0,262.1,1.9,30.8,-0.1156,0.082147,higher feature -> lower survival_target
urothelium_E_original_firstorder_Skewness_std,urothelium,E,firstorder,Skewness,std,0.003091,0.001499,0.002998,0.003184,0.485,52,82.0,18.0,285.0,4.3,29.1,-0.1591,0.016422,higher feature -> lower survival_target
adipose_H_original_firstorder_InterquartileRange_std,adipose,H,firstorder,InterquartileRange,std,0.003064,0.001955,0.002943,0.003185,0.638,53,94.5,12.0,381.0,7.3,28.9,0.2822,1.6e-05,higher feature -> higher survival_target
immune_H_original_firstorder_RobustMeanAbsoluteDeviation_mean,immune,H,firstorder,RobustMeanAbsoluteDeviation,mean,0.003033,0.001923,0.002913,0.003152,0.634,54,99.5,14.0,401.1,6.2,28.3,0.3056,3e-06,higher feature -> higher survival_target
immune_H_original_firstorder_InterquartileRange_mean,immune,H,firstorder,InterquartileRange,mean,0.003028,0.001982,0.002906,0.003151,0.654,55,102.0,13.0,405.0,7.3,27.3,0.3068,2e-06,higher feature -> higher survival_target
immune_H_original_firstorder_Skewness_std,immune,H,firstorder,Skewness,std,0.003008,0.001986,0.002885,0.003131,0.66,56,107.0,13.0,389.0,6.5,26.3,-0.2729,3.1e-05,higher feature -> lower survival_target
lamina_H_original_firstorder_Uniformity_mean,lamina,H,firstorder,Uniformity,mean,0.00299,0.00165,0.002888,0.003093,0.552,57,94.0,18.0,348.0,4.3,25.7,-0.3006,4e-06,higher feature -> lower survival_target
vessels_H_original_firstorder_Kurtosis_std,vessels,H,firstorder,Kurtosis,std,0.002989,0.001914,0.00287,0.003107,0.64,58,105.5,11.0,359.1,7.0,25.6,-0.1974,0.002822,higher feature -> lower survival_target
vessels_H_original_firstorder_Uniformity_mean,vessels,H,firstorder,Uniformity,mean,0.002983,0.001887,0.002866,0.0031,0.633,59,99.0,15.0,418.1,5.6,26.7,-0.307,2e-06,higher feature -> lower survival_target
immune_H_original_firstorder_Median_std,immune,H,firstorder,Median,std,0.00295,0.002106,0.002819,0.00308,0.714,60,107.0,10.0,381.0,6.8,24.4,0.2254,0.000624,higher feature -> higher survival_target
urothelium_E_original_firstorder_Kurtosis_mean,urothelium,E,firstorder,Kurtosis,mean,0.002934,0.001455,0.002844,0.003025,0.496,61,90.0,17.0,314.1,4.3,25.3,-0.1531,0.021022,higher feature -> lower survival_target
vessels_E_original_firstorder_Entropy_std,vessels,E,firstorder,Entropy,std,0.002918,0.001712,0.002812,0.003024,0.587,62,97.5,16.0,347.1,4.0,24.2,-0.1376,0.038279,higher feature -> lower survival_target
lamina_E_original_firstorder_MeanAbsoluteDeviation_std,lamina,E,firstorder,MeanAbsoluteDeviation,std,0.002895,0.00175,0.002787,0.003004,0.604,63,103.0,16.0,358.0,4.3,22.8,-0.2322,0.00042,higher feature -> lower survival_target
necrosis_E_original_firstorder_Entropy_std,necrosis,E,firstorder,Entropy,std,0.002856,0.001088,0.002789,0.002924,0.381,64,86.5,24.0,266.0,1.2,22.2,-0.0351,0.599148,higher feature -> lower survival_target
muscularis_H_original_firstorder_Skewness_std,muscularis,H,firstorder,Skewness,std,0.002831,0.001804,0.002719,0.002942,0.637,65,112.0,14.0,349.2,4.8,21.7,-0.2618,6.5e-05,higher feature -> lower survival_target
muscularis_H_original_firstorder_MeanAbsoluteDeviation_mean,muscularis,H,firstorder,MeanAbsoluteDeviation,mean,0.002828,0.001587,0.00273,0.002927,0.561,66,101.5,18.0,375.0,4.0,23.7,0.2826,1.5e-05,higher feature -> higher survival_target
necrosis_H_original_firstorder_90Percentile_std,necrosis,H,firstorder,90Percentile,std,0.002822,0.00144,0.002732,0.002911,0.51,67,99.0,17.0,309.0,3.6,21.7,-0.0563,0.398206,higher feature -> lower survival_target
vessels_E_original_firstorder_RobustMeanAbsoluteDeviation_std,vessels,E,firstorder,RobustMeanAbsoluteDeviation,std,0.002809,0.001668,0.002706,0.002913,0.594,68,105.0,16.0,371.0,3.7,21.8,-0.1806,0.006374,higher feature -> lower survival_target
immune_H_original_firstorder_RootMeanSquared_mean,immune,H,firstorder,RootMeanSquared,mean,0.002788,0.001781,0.002677,0.002898,0.639,69,121.0,16.0,417.0,4.4,24.1,0.2905,9e-06,higher feature -> higher survival_target
necrosis_E_original_firstorder_90Percentile_std,necrosis,E,firstorder,90Percentile,std,0.002725,0.000987,0.002664,0.002786,0.362,70,94.0,28.0,255.0,0.8,17.5,-0.0344,0.606153,higher feature -> lower survival_target
muscularis_H_original_firstorder_InterquartileRange_mean,muscularis,H,firstorder,InterquartileRange,mean,0.002721,0.001512,0.002627,0.002814,0.556,71,111.0,20.0,403.0,2.7,22.1,0.3132,1e-06,higher feature -> higher survival_target
immune_H_original_firstorder_Median_mean,immune,H,firstorder,Median,mean,0.002703,0.001699,0.002598,0.002808,0.629,72,118.5,19.0,409.0,3.3,19.9,0.3019,4e-06,higher feature -> higher survival_target
muscularis_H_original_firstorder_Kurtosis_mean,muscularis,H,firstorder,Kurtosis,mean,0.00269,0.001599,0.002591,0.002789,0.594,73,113.0,19.0,394.0,3.4,20.9,-0.2792,2e-05,higher feature -> lower survival_target
muscularis_H_original_firstorder_Mean_std,muscularis,H,firstorder,Mean,std,0.002684,0.001531,0.002589,0.002778,0.571,74,117.0,16.0,369.0,4.2,19.2,0.2223,0.000744,higher feature -> higher survival_target
vessels_H_original_firstorder_Skewness_mean,vessels,H,firstorder,Skewness,mean,0.002665,0.001682,0.00256,0.002769,0.631,75,123.5,18.0,441.0,3.7,21.9,-0.2997,4e-06,higher feature -> lower survival_target
vessels_H_original_firstorder_MeanAbsoluteDeviation_mean,vessels,H,firstorder,MeanAbsoluteDeviation,mean,0.002658,0.001757,0.002549,0.002767,0.661,76,129.0,14.0,419.0,4.8,20.6,0.2788,2e-05,higher feature -> higher survival_target
lamina_H_original_firstorder_InterquartileRange_mean,lamina,H,firstorder,InterquartileRange,mean,0.002656,0.001409,0.002569,0.002744,0.531,77,114.0,20.0,367.0,2.9,18.9,0.264,5.7e-05,higher feature -> higher survival_target
vessels_H_original_firstorder_InterquartileRange_mean,vessels,H,firstorder,InterquartileRange,mean,0.002639,0.001582,0.002541,0.002737,0.599,78,123.5,19.0,423.0,3.5,22.1,0.2976,5e-06,higher feature -> higher survival_target
lamina_E_original_firstorder_Variance_std,lamina,E,firstorder,Variance,std,0.002632,0.001375,0.002547,0.002717,0.523,79,113.0,21.0,367.0,2.1,17.7,-0.2164,0.00103,higher feature -> lower survival_target
lamina_E_original_firstorder_10Percentile_mean,lamina,E,firstorder,10Percentile,mean,0.002629,0.00139,0.002543,0.002715,0.529,80,110.5,20.0,370.0,2.8,18.3,0.1414,0.033172,higher feature -> higher survival_target
immune_H_original_firstorder_Kurtosis_std,immune,H,firstorder,Kurtosis,std,0.002628,0.001778,0.002518,0.002738,0.676,81,145.5,17.0,407.0,4.2,21.0,-0.2446,0.000198,higher feature -> lower survival_target
muscularis_H_original_firstorder_RootMeanSquared_mean,muscularis,H,firstorder,RootMeanSquared,mean,0.002605,0.001615,0.002505,0.002705,0.62,82,129.0,18.0,424.0,3.6,18.7,0.3029,3e-06,higher feature -> higher survival_target
tumor_H_original_firstorder_Kurtosis_std,tumor,H,firstorder,Kurtosis,std,0.002575,0.001493,0.002483,0.002668,0.58,83,127.0,18.0,368.0,3.3,18.8,-0.1696,0.010475,higher feature -> lower survival_target
urothelium_E_original_firstorder_Median_std,urothelium,E,firstorder,Median,std,0.002568,0.00139,0.002482,0.002654,0.542,84,120.0,19.0,363.0,3.1,17.5,-0.1841,0.005391,higher feature -> lower survival_target
adipose_H_original_firstorder_Mean_std,adipose,H,firstorder,Mean,std,0.002552,0.00152,0.002458,0.002646,0.595,85,139.0,18.0,393.0,3.0,20.2,0.2813,1.7e-05,higher feature -> higher survival_target
lamina_H_original_firstorder_Kurtosis_std,lamina,H,firstorder,Kurtosis,std,0.002543,0.001533,0.002448,0.002638,0.603,86,132.0,19.0,371.0,3.2,16.3,-0.2166,0.001023,higher feature -> lower survival_target
lamina_H_original_firstorder_RobustMeanAbsoluteDeviation_mean,lamina,H,firstorder,RobustMeanAbsoluteDeviation,mean,0.002538,0.001371,0.002453,0.002623,0.54,87,122.0,21.0,368.0,2.5,16.5,0.2515,0.000128,higher feature -> higher survival_target
vessels_H_original_firstorder_RobustMeanAbsoluteDeviation_mean,vessels,H,firstorder,RobustMeanAbsoluteDeviation,mean,0.002508,0.001659,0.002405,0.002611,0.661,88,144.0,19.0,416.1,3.5,17.5,0.2949,6e-06,higher feature -> higher survival_target
lamina_H_original_firstorder_InterquartileRange_std,lamina,H,firstorder,InterquartileRange,std,0.002505,0.001048,0.00244,0.00257,0.418,89,117.0,26.0,336.0,1.1,14.0,-0.0453,0.49745,higher feature -> lower survival_target
urothelium_E_original_firstorder_Entropy_std,urothelium,E,firstorder,Entropy,std,0.002492,0.001276,0.002413,0.002571,0.512,90,125.0,23.0,385.0,1.7,16.0,-0.1364,0.040007,higher feature -> lower survival_target
tumor_E_original_firstorder_RobustMeanAbsoluteDeviation_std,tumor,E,firstorder,RobustMeanAbsoluteDeviation,std,0.002482,0.001,0.00242,0.002544,0.403,91,115.0,29.0,320.2,0.9,12.5,-0.0468,0.482942,higher feature -> lower survival_target
necrosis_H_original_firstorder_MeanAbsoluteDeviation_std,necrosis,H,firstorder,MeanAbsoluteDeviation,std,0.00246,0.00117,0.002388,0.002533,0.475,92,126.5,22.0,343.0,2.4,14.7,-0.092,0.16698,higher feature -> lower survival_target
muscularis_H_original_firstorder_90Percentile_mean,muscularis,H,firstorder,90Percentile,mean,0.002432,0.00128,0.002353,0.002511,0.526,93,133.0,26.0,392.0,1.3,14.3,0.297,5e-06,higher feature -> higher survival_target
necrosis_E_original_firstorder_Median_mean,necrosis,E,firstorder,Median,mean,0.002422,0.001272,0.002343,0.002501,0.525,94,132.5,20.0,378.0,2.6,14.2,0.1539,0.020365,higher feature -> higher survival_target
lamina_H_original_firstorder_RobustMeanAbsoluteDeviation_std,lamina,H,firstorder,RobustMeanAbsoluteDeviation,std,0.002421,0.000978,0.00236,0.002481,0.404,95,121.0,30.0,337.0,0.8,11.6,-0.0451,0.49911,higher feature -> lower survival_target
tumor_H_original_firstorder_RobustMeanAbsoluteDeviation_std,tumor,H,firstorder,RobustMeanAbsoluteDeviation,std,0.002408,0.001018,0.002345,0.002471,0.423,96,126.5,29.0,350.1,0.5,13.7,-0.046,0.490272,higher feature -> lower survival_target
tumor_E_original_firstorder_InterquartileRange_std,tumor,E,firstorder,InterquartileRange,std,0.002407,0.000938,0.002349,0.002465,0.389,97,118.0,31.0,350.1,0.5,11.0,-0.0358,0.591971,higher feature -> lower survival_target
muscularis_H_original_firstorder_Energy_mean,muscularis,H,firstorder,Energy,mean,0.002384,0.001421,0.002296,0.002472,0.596,98,153.0,22.0,425.0,2.2,14.2,0.2972,5e-06,higher feature -> higher survival_target
muscularis_H_original_firstorder_TotalEnergy_mean,muscularis,H,firstorder,TotalEnergy,mean,0.002384,0.001408,0.002296,0.002471,0.591,99,150.0,23.0,423.0,2.0,14.6,0.2972,5e-06,higher feature -> higher survival_target
vessels_H_original_firstorder_Entropy_mean,vessels,H,firstorder,Entropy,mean,0.00237,0.00146,0.00228,0.002461,0.616,100,148.0,21.0,441.0,2.2,14.4,0.2974,5e-06,higher feature -> higher survival_target
vessels_E_original_firstorder_InterquartileRange_std,vessels,E,firstorder,InterquartileRange,std,0.002369,0.001316,0.002288,0.002451,0.555,101,139.0,24.0,390.0,1.8,12.5,-0.1591,0.016412,higher feature -> lower survival_target
muscularis_H_original_firstorder_RobustMeanAbsoluteDeviation_mean,muscularis,H,firstorder,RobustMeanAbsoluteDeviation,mean,0.002364,0.001228,0.002288,0.00244,0.519,102,141.0,27.0,409.0,1.1,13.6,0.3039,3e-06,higher feature -> higher survival_target
urothelium_E_original_firstorder_TotalEnergy_std,urothelium,E,firstorder,TotalEnergy,std,0.002338,0.001289,0.002258,0.002417,0.551,103,143.0,22.0,405.0,2.3,13.8,-0.2012,0.002321,higher feature -> lower survival_target
urothelium_E_original_firstorder_Energy_std,urothelium,E,firstorder,Energy,std,0.002334,0.001292,0.002254,0.002414,0.553,104,144.5,22.0,403.0,2.1,13.5,-0.2012,0.002321,higher feature -> lower survival_target
necrosis_E_original_firstorder_Variance_std,necrosis,E,firstorder,Variance,std,0.002331,0.000941,0.002272,0.002389,0.404,105,130.5,30.0,340.0,0.7,9.3,-0.0272,0.683166,higher feature -> lower survival_target
vessels_E_original_firstorder_Skewness_std,vessels,E,firstorder,Skewness,std,0.002327,0.001301,0.002246,0.002408,0.559,106,146.5,23.0,401.0,2.0,12.3,-0.1386,0.036949,higher feature -> lower survival_target
muscularis_E_original_firstorder_Mean_std,muscularis,E,firstorder,Mean,std,0.002318,0.001134,0.002248,0.002388,0.489,107,143.5,25.0,383.0,1.0,11.2,-0.1571,0.017848,higher feature -> lower survival_target
muscularis_H_original_firstorder_Skewness_mean,muscularis,H,firstorder,Skewness,mean,0.002308,0.001333,0.002225,0.00239,0.578,108,154.0,24.0,429.0,1.8,13.7,-0.2966,5e-06,higher feature -> lower survival_target
tumor_H_original_firstorder_MeanAbsoluteDeviation_std,tumor,H,firstorder,MeanAbsoluteDeviation,std,0.002294,0.000987,0.002233,0.002355,0.43,109,131.0,32.0,360.0,1.0,8.4,-0.0734,0.270626,higher feature -> lower survival_target
tumor_H_original_firstorder_InterquartileRange_std,tumor,H,firstorder,InterquartileRange,std,0.002291,0.001022,0.002227,0.002354,0.446,110,140.5,31.0,367.1,0.8,10.3,-0.0376,0.573245,higher feature -> lower survival_target
immune_H_original_firstorder_TotalEnergy_mean,immune,H,firstorder,TotalEnergy,mean,0.002288,0.001387,0.002202,0.002374,0.606,111,170.5,25.0,436.0,1.6,15.3,0.2776,2.2e-05,higher feature -> higher survival_target
immune_H_original_firstorder_Energy_mean,immune,H,firstorder,Energy,mean,0.002286,0.001413,0.002198,0.002373,0.618,112,172.0,24.0,437.0,1.7,15.1,0.2776,2.2e-05,higher feature -> higher survival_target
vessels_E_original_firstorder_MeanAbsoluteDeviation_std,vessels,E,firstorder,MeanAbsoluteDeviation,std,0.002271,0.001237,0.002194,0.002347,0.545,113,150.5,28.0,408.1,1.4,11.2,-0.1856,0.005015,higher feature -> lower survival_target
necrosis_E_original_firstorder_RootMeanSquared_std,necrosis,E,firstorder,RootMeanSquared,std,0.002269,0.000808,0.002219,0.002319,0.356,114,130.0,36.0,325.1,0.2,7.4,-0.0015,0.981494,higher feature -> lower survival_target
vessels_H_original_firstorder_Mean_mean,vessels,H,firstorder,Mean,mean,0.002264,0.001639,0.002162,0.002365,0.724,115,182.0,19.0,445.0,3.3,12.7,0.2511,0.000131,higher feature -> higher survival_target
muscularis_H_original_firstorder_10Percentile_mean,muscularis,H,firstorder,10Percentile,mean,0.002249,0.001174,0.002176,0.002322,0.522,116,161.0,26.0,389.0,0.9,11.8,0.2576,8.6e-05,higher feature -> higher survival_target
tumor_E_original_firstorder_MeanAbsoluteDeviation_std,tumor,E,firstorder,MeanAbsoluteDeviation,std,0.002239,0.000832,0.002187,0.00229,0.371,117,133.5,37.0,356.0,0.2,6.5,-0.0199,0.765591,higher feature -> lower survival_target
vessels_E_original_firstorder_90Percentile_std,vessels,E,firstorder,90Percentile,std,0.002236,0.00109,0.002168,0.002303,0.487,118,146.0,28.0,386.0,0.9,8.1,-0.1646,0.013002,higher feature -> lower survival_target
necrosis_E_original_firstorder_10Percentile_mean,necrosis,E,firstorder,10Percentile,mean,0.002224,0.001105,0.002156,0.002293,0.497,119,155.0,27.0,393.0,0.9,11.3,0.1402,0.034805,higher feature -> higher survival_target
lamina_H_original_firstorder_MeanAbsoluteDeviation_std,lamina,H,firstorder,MeanAbsoluteDeviation,std,0.002223,0.000937,0.002165,0.002281,0.421,120,143.0,32.0,362.1,0.5,8.5,-0.0745,0.263706,higher feature -> lower survival_target
vessels_H_original_firstorder_Variance_mean,vessels,H,firstorder,Variance,mean,0.002218,0.001523,0.002123,0.002312,0.687,121,196.0,20.0,427.0,2.8,12.6,0.2457,0.000185,higher feature -> higher survival_target
necrosis_H_original_firstorder_InterquartileRange_mean,necrosis,H,firstorder,InterquartileRange,mean,0.002208,0.001257,0.00213,0.002286,0.57,122,164.5,23.0,385.0,2.2,10.3,0.2008,0.002367,higher feature -> higher survival_target
tumor_E_original_firstorder_Entropy_std,tumor,E,firstorder,Entropy,std,0.002195,0.000896,0.002139,0.00225,0.408,123,142.0,37.0,383.0,0.4,8.3,0.0032,0.962226,higher feature -> higher survival_target
immune_E_original_firstorder_Kurtosis_std,immune,E,firstorder,Kurtosis,std,0.002169,0.001133,0.002099,0.002239,0.522,124,165.0,28.0,405.0,1.3,10.3,0.0175,0.793239,higher feature -> higher survival_target
tumor_H_original_firstorder_10Percentile_mean,tumor,H,firstorder,10Percentile,mean,0.002169,0.001387,0.002083,0.002254,0.64,125,186.5,23.0,405.0,2.1,9.5,0.1633,0.013751,higher feature -> higher survival_target
urothelium_H_original_firstorder_Median_std,urothelium,H,firstorder,Median,std,0.002163,0.000935,0.002105,0.002221,0.432,126,153.0,33.0,367.0,0.3,7.7,-0.0197,0.767833,higher feature -> lower survival_target
urothelium_H_original_firstorder_Kurtosis_std,urothelium,H,firstorder,Kurtosis,std,0.002156,0.001293,0.002075,0.002236,0.6,127,186.5,20.0,388.0,2.8,10.9,-0.2004,0.002419,higher feature -> lower survival_target
adipose_E_original_firstorder_90Percentile_std,adipose,E,firstorder,90Percentile,std,0.002144,0.00098,0.002083,0.002205,0.457,128,162.5,33.0,393.1,0.6,8.2,-0.1295,0.051374,higher feature -> lower survival_target
tumor_E_original_firstorder_RootMeanSquared_std,tumor,E,firstorder,RootMeanSquared,std,0.002143,0.000784,0.002095,0.002192,0.366,129,145.0,38.0,358.0,0.3,5.4,0.0002,0.997829,higher feature -> higher survival_target
necrosis_E_original_firstorder_Skewness_mean,necrosis,E,firstorder,Skewness,mean,0.002124,0.000891,0.002068,0.002179,0.42,130,152.0,36.0,384.0,0.2,6.7,-0.1288,0.052633,higher feature -> lower survival_target
urothelium_E_original_firstorder_Skewness_mean,urothelium,E,firstorder,Skewness,mean,0.002108,0.000873,0.002054,0.002162,0.414,131,157.5,36.0,389.0,0.3,5.6,-0.1069,0.108351,higher feature -> lower survival_target
vessels_H_original_firstorder_Median_mean,vessels,H,firstorder,Median,mean,0.002107,0.001256,0.002029,0.002185,0.596,132,183.5,25.0,427.0,1.4,9.8,0.2565,9.3e-05,higher feature -> higher survival_target
necrosis_H_original_firstorder_RobustMeanAbsoluteDeviation_std,necrosis,H,firstorder,RobustMeanAbsoluteDeviation,std,0.002104,0.000881,0.002049,0.002158,0.419,133,159.0,37.0,368.0,0.1,6.0,-0.0259,0.698016,higher feature -> lower survival_target
immune_E_original_firstorder_Skewness_std,immune,E,firstorder,Skewness,std,0.002089,0.000922,0.002032,0.002146,0.442,134,164.5,34.0,396.0,0.2,8.5,-0.0143,0.830079,higher feature -> lower survival_target
tumor_H_original_firstorder_Uniformity_mean,tumor,H,firstorder,Uniformity,mean,0.002075,0.001196,0.002001,0.002149,0.577,135,190.0,27.0,432.0,1.6,10.4,-0.2533,0.000114,higher feature -> lower survival_target
necrosis_H_original_firstorder_InterquartileRange_std,necrosis,H,firstorder,InterquartileRange,std,0.002074,0.000852,0.002021,0.002127,0.411,136,163.0,40.0,365.1,0.3,5.6,-0.0133,0.842507,higher feature -> lower survival_target
necrosis_E_original_firstorder_Uniformity_mean,necrosis,E,firstorder,Uniformity,mean,0.002068,0.000876,0.002014,0.002123,0.424,137,157.0,36.0,414.0,0.1,6.5,-0.1528,0.021278,higher feature -> lower survival_target
necrosis_H_original_firstorder_RootMeanSquared_std,necrosis,H,firstorder,RootMeanSquared,std,0.002058,0.000818,0.002007,0.002108,0.398,138,164.0,37.0,368.0,0.6,4.8,0.0065,0.921881,higher feature -> higher survival_target
urothelium_H_original_firstorder_Energy_std,urothelium,H,firstorder,Energy,std,0.002056,0.000927,0.001999,0.002114,0.451,139,168.0,33.0,391.0,0.5,7.2,-0.0358,0.591376,higher feature -> lower survival_target
urothelium_H_original_firstorder_TotalEnergy_std,urothelium,H,firstorder,TotalEnergy,std,0.002054,0.000921,0.001997,0.002111,0.448,140,168.0,33.0,392.0,0.6,7.6,-0.0358,0.591376,higher feature -> lower survival_target
lamina_H_original_firstorder_RootMeanSquared_mean,lamina,H,firstorder,RootMeanSquared,mean,0.002051,0.000997,0.001989,0.002113,0.486,141,175.0,35.0,422.0,0.3,7.5,0.2709,3.5e-05,higher feature -> higher survival_target
lamina_H_original_firstorder_TotalEnergy_mean,lamina,H,firstorder,TotalEnergy,mean,0.002046,0.001021,0.001983,0.002109,0.499,142,175.5,34.0,428.1,0.6,8.1,0.2642,5.6e-05,higher feature -> higher survival_target
tumor_H_original_firstorder_MeanAbsoluteDeviation_mean,tumor,H,firstorder,MeanAbsoluteDeviation,mean,0.002046,0.001362,0.001962,0.00213,0.666,143,210.0,22.0,424.0,2.1,9.9,0.1782,0.007118,higher feature -> higher survival_target
adipose_H_original_firstorder_10Percentile_std,adipose,H,firstorder,10Percentile,std,0.002044,0.001093,0.001976,0.002112,0.535,144,192.5,26.0,400.0,1.2,9.4,0.2042,0.001981,higher feature -> higher survival_target
immune_H_original_firstorder_MeanAbsoluteDeviation_mean,immune,H,firstorder,MeanAbsoluteDeviation,mean,0.002042,0.001197,0.001968,0.002116,0.586,145,193.0,30.0,435.0,1.1,9.0,0.2722,3.2e-05,higher feature -> higher survival_target
tumor_E_original_firstorder_90Percentile_std,tumor,E,firstorder,90Percentile,std,0.002037,0.000776,0.001989,0.002085,0.381,146,164.5,42.0,359.0,0.4,4.1,0.0139,0.835478,higher feature -> higher survival_target
muscularis_E_original_firstorder_RootMeanSquared_std,muscularis,E,firstorder,RootMeanSquared,std,0.002035,0.000879,0.001981,0.00209,0.432,147,168.0,35.0,396.0,0.2,6.4,-0.1511,0.022818,higher feature -> lower survival_target
lamina_H_original_firstorder_Energy_mean,lamina,H,firstorder,Energy,mean,0.002035,0.001023,0.001971,0.002098,0.503,148,184.0,34.0,430.0,0.5,7.3,0.2642,5.6e-05,higher feature -> higher survival_target
urothelium_E_original_firstorder_Kurtosis_std,urothelium,E,firstorder,Kurtosis,std,0.002032,0.000798,0.001983,0.002082,0.393,149,167.0,42.0,378.0,0.3,4.7,-0.1199,0.071504,higher feature -> lower survival_target
muscularis_E_original_firstorder_10Percentile_mean,muscularis,E,firstorder,10Percentile,mean,0.002026,0.000988,0.001965,0.002087,0.488,150,180.5,31.0,407.0,0.7,7.3,0.1539,0.020367,higher feature -> higher survival_target
urothelium_H_original_firstorder_Variance_std,urothelium,H,firstorder,Variance,std,0.002025,0.000769,0.001977,0.002073,0.38,151,165.0,42.0,387.0,0.2,5.0,0.0144,0.829013,higher feature -> higher survival_target
necrosis_E_original_firstorder_MeanAbsoluteDeviation_mean,necrosis,E,firstorder,MeanAbsoluteDeviation,mean,0.002025,0.000856,0.001971,0.002078,0.423,152,173.5,38.0,381.0,0.4,5.2,0.0834,0.210638,higher feature -> higher survival_target
necrosis_E_original_firstorder_Mean_mean,necrosis,E,firstorder,Mean,mean,0.002021,0.000958,0.001962,0.00208,0.474,153,179.0,29.0,414.0,0.5,7.2,0.1377,0.038199,higher feature -> higher survival_target
vessels_E_original_firstorder_Variance_std,vessels,E,firstorder,Variance,std,0.002013,0.001037,0.001949,0.002078,0.515,154,186.0,33.0,419.0,1.2,7.6,-0.1275,0.055151,higher feature -> lower survival_target
necrosis_H_original_firstorder_10Percentile_mean,necrosis,H,firstorder,10Percentile,mean,0.002009,0.000849,0.001957,0.002062,0.423,155,176.5,34.0,382.0,0.3,6.3,0.033,0.620669,higher feature -> higher survival_target
tumor_H_original_firstorder_Median_mean,tumor,H,firstorder,Median,mean,0.002005,0.001174,0.001932,0.002077,0.586,156,204.0,26.0,436.0,1.3,10.5,0.2502,0.000139,higher feature -> higher survival_target
tumor_E_original_firstorder_Mean_std,tumor,E,firstorder,Mean,std,0.002003,0.000626,0.001964,0.002042,0.312,157,157.0,51.0,369.0,0.0,2.3,0.0015,0.982254,higher feature -> higher survival_target
necrosis_H_original_firstorder_RobustMeanAbsoluteDeviation_mean,necrosis,H,firstorder,RobustMeanAbsoluteDeviation,mean,0.001989,0.000981,0.001928,0.00205,0.493,158,187.0,33.0,397.0,0.6,6.1,0.1855,0.005047,higher feature -> higher survival_target
urothelium_E_original_firstorder_RobustMeanAbsoluteDeviation_std,urothelium,E,firstorder,RobustMeanAbsoluteDeviation,std,0.001987,0.001015,0.001924,0.00205,0.511,159,191.5,35.0,387.0,0.7,6.5,-0.1274,0.055228,higher feature -> lower survival_target
lamina_E_original_firstorder_Kurtosis_std,lamina,E,firstorder,Kurtosis,std,0.001985,0.000952,0.001926,0.002044,0.479,160,184.5,34.0,416.1,0.9,6.6,0.0556,0.4041,higher feature -> higher survival_target
necrosis_E_original_firstorder_Variance_mean,necrosis,E,firstorder,Variance,mean,0.001963,0.000762,0.001916,0.00201,0.388,161,177.5,42.0,379.1,0.3,4.4,0.0775,0.244753,higher feature -> higher survival_target
necrosis_E_original_firstorder_InterquartileRange_mean,necrosis,E,firstorder,InterquartileRange,mean,0.001959,0.0009,0.001903,0.002015,0.459,162,185.0,36.0,398.2,0.9,4.8,0.0968,0.145986,higher feature -> higher survival_target
adipose_H_original_firstorder_RobustMeanAbsoluteDeviation_std,adipose,H,firstorder,RobustMeanAbsoluteDeviation,std,0.001956,0.001113,0.001887,0.002025,0.569,163,204.5,28.0,423.0,0.8,8.9,0.2408,0.000251,higher feature -> higher survival_target
immune_H_original_firstorder_TotalEnergy_std,immune,H,firstorder,TotalEnergy,std,0.001951,0.00127,0.001873,0.00203,0.651,164,211.5,32.0,426.0,1.3,6.9,0.1857,0.004993,higher feature -> higher survival_target
immune_E_original_firstorder_Variance_std,immune,E,firstorder,Variance,std,0.001945,0.00085,0.001892,0.001997,0.437,165,183.0,38.0,397.0,0.4,5.2,-0.1155,0.082456,higher feature -> lower survival_target
urothelium_H_original_firstorder_10Percentile_std,urothelium,H,firstorder,10Percentile,std,0.001944,0.000853,0.001891,0.001997,0.439,166,184.0,39.0,408.0,0.2,5.5,-0.0358,0.591482,higher feature -> lower survival_target
necrosis_E_original_firstorder_RobustMeanAbsoluteDeviation_mean,necrosis,E,firstorder,RobustMeanAbsoluteDeviation,mean,0.001941,0.000839,0.001889,0.001993,0.433,167,185.0,43.0,394.0,0.7,3.8,0.0906,0.173832,higher feature -> higher survival_target
immune_H_original_firstorder_Energy_std,immune,H,firstorder,Energy,std,0.00194,0.001275,0.001861,0.002019,0.657,168,217.0,30.0,425.0,1.4,7.1,0.1857,0.004993,higher feature -> higher survival_target
lamina_H_original_firstorder_90Percentile_std,lamina,H,firstorder,90Percentile,std,0.001938,0.000779,0.00189,0.001986,0.402,169,184.0,42.0,391.1,0.2,3.8,-0.0262,0.694133,higher feature -> lower survival_target
tumor_E_original_firstorder_Median_std,tumor,E,firstorder,Median,std,0.001912,0.000626,0.001873,0.001951,0.327,170,173.0,54.0,372.0,0.0,2.2,-0.0131,0.843866,higher feature -> lower survival_target
urothelium_H_original_firstorder_Mean_std,urothelium,H,firstorder,Mean,std,0.001905,0.00081,0.001855,0.001955,0.425,171,193.0,41.0,413.0,0.1,4.6,-0.0334,0.616299,higher feature -> lower survival_target
lamina_H_original_firstorder_Skewness_mean,lamina,H,firstorder,Skewness,mean,0.001886,0.000672,0.001845,0.001928,0.356,172,185.0,49.0,366.0,0.1,2.6,-0.2287,0.000516,higher feature -> lower survival_target
necrosis_H_original_firstorder_Uniformity_mean,necrosis,H,firstorder,Uniformity,mean,0.001883,0.001208,0.001808,0.001958,0.642,173,226.5,29.0,422.0,1.6,6.0,-0.2043,0.001978,higher feature -> lower survival_target
adipose_E_original_firstorder_RootMeanSquared_std,adipose,E,firstorder,RootMeanSquared,std,0.00188,0.000834,0.001829,0.001932,0.443,174,200.5,39.0,396.0,0.2,5.0,-0.0835,0.209862,higher feature -> lower survival_target
urothelium_H_original_firstorder_RootMeanSquared_std,urothelium,H,firstorder,RootMeanSquared,std,0.001879,0.000839,0.001827,0.001931,0.447,175,203.0,42.0,415.0,0.1,4.9,-0.0423,0.526264,higher feature -> lower survival_target
lamina_H_original_firstorder_10Percentile_mean,lamina,H,firstorder,10Percentile,mean,0.001876,0.00101,0.001814,0.001939,0.538,176,219.0,36.0,412.0,0.7,6.2,0.2114,0.001355,higher feature -> higher survival_target
necrosis_H_original_firstorder_Mean_std,necrosis,H,firstorder,Mean,std,0.001874,0.000661,0.001833,0.001915,0.352,177,185.5,54.0,370.0,0.1,2.0,0.0785,0.238853,higher feature -> higher survival_target
urothelium_E_original_firstorder_MeanAbsoluteDeviation_std,urothelium,E,firstorder,MeanAbsoluteDeviation,std,0.001873,0.00091,0.001816,0.001929,0.486,178,207.5,35.0,399.0,0.8,5.0,-0.1377,0.038199,higher feature -> lower survival_target
immune_E_original_firstorder_InterquartileRange_std,immune,E,firstorder,InterquartileRange,std,0.001871,0.000908,0.001814,0.001927,0.485,179,208.5,36.0,422.0,0.3,5.5,-0.1696,0.010469,higher feature -> lower survival_target
necrosis_E_original_firstorder_Entropy_mean,necrosis,E,firstorder,Entropy,mean,0.001869,0.000758,0.001822,0.001916,0.406,180,194.5,44.0,415.0,0.0,3.8,0.1377,0.038193,higher feature -> higher survival_target
tumor_E_original_firstorder_Variance_mean,tumor,E,firstorder,Variance,mean,0.001866,0.000788,0.001817,0.001915,0.422,181,196.0,46.0,406.0,0.3,3.3,0.0565,0.397084,higher feature -> higher survival_target
lamina_H_original_firstorder_Kurtosis_mean,lamina,H,firstorder,Kurtosis,mean,0.001863,0.000763,0.001816,0.001911,0.409,182,197.0,47.0,401.0,0.3,3.2,-0.2396,0.00027,higher feature -> lower survival_target
urothelium_H_original_firstorder_MeanAbsoluteDeviation_std,urothelium,H,firstorder,MeanAbsoluteDeviation,std,0.001861,0.000661,0.00182,0.001902,0.355,183,189.0,53.0,389.0,0.2,2.3,-0.0095,0.887318,higher feature -> lower survival_target
adipose_E_original_firstorder_MeanAbsoluteDeviation_std,adipose,E,firstorder,MeanAbsoluteDeviation,std,0.001858,0.000788,0.001809,0.001907,0.424,184,203.0,44.0,406.0,0.1,3.6,-0.136,0.040668,higher feature -> lower survival_target
lamina_E_original_firstorder_10Percentile_std,lamina,E,firstorder,10Percentile,std,0.001844,0.000857,0.001791,0.001897,0.465,185,210.0,37.0,421.0,0.2,4.8,0.0274,0.681185,higher feature -> higher survival_target
tumor_E_original_firstorder_RobustMeanAbsoluteDeviation_mean,tumor,E,firstorder,RobustMeanAbsoluteDeviation,mean,0.001841,0.000794,0.001792,0.00189,0.431,186,201.5,42.0,408.1,0.4,3.4,0.0466,0.484933,higher feature -> higher survival_target
necrosis_H_original_firstorder_Median_std,necrosis,H,firstorder,Median,std,0.001836,0.000711,0.001792,0.00188,0.387,187,197.0,53.0,374.0,0.3,2.2,0.1416,0.032935,higher feature -> higher survival_target
lamina_H_original_firstorder_Mean_std,lamina,H,firstorder,Mean,std,0.001833,0.000621,0.001795,0.001872,0.339,188,193.5,54.0,372.0,0.0,2.1,0.1093,0.100476,higher feature -> higher survival_target
necrosis_E_original_firstorder_Mean_std,necrosis,E,firstorder,Mean,std,0.00183,0.000628,0.001791,0.001869,0.343,189,193.0,57.0,393.0,0.0,1.5,0.0182,0.785012,higher feature -> higher survival_target
lamina_H_original_firstorder_Variance_std,lamina,H,firstorder,Variance,std,0.001829,0.000648,0.001789,0.00187,0.354,190,193.0,53.0,381.0,0.2,2.3,0.0647,0.332181,higher feature -> higher survival_target
necrosis_H_original_firstorder_Skewness_mean,necrosis,H,firstorder,Skewness,mean,0.001829,0.00072,0.001784,0.001873,0.394,191,200.0,47.0,393.0,0.2,3.3,-0.1309,0.048904,higher feature -> lower survival_target
immune_E_original_firstorder_Entropy_std,immune,E,firstorder,Entropy,std,0.001827,0.000658,0.001786,0.001868,0.36,192,196.0,54.0,397.1,0.1,1.9,-0.1156,0.08227,higher feature -> lower survival_target
tumor_H_original_firstorder_InterquartileRange_mean,tumor,H,firstorder,InterquartileRange,mean,0.001824,0.000792,0.001775,0.001873,0.434,193,208.0,40.9,396.0,0.4,3.7,0.1763,0.007748,higher feature -> higher survival_target
muscularis_H_original_firstorder_MeanAbsoluteDeviation_std,muscularis,H,firstorder,MeanAbsoluteDeviation,std,0.001824,0.000818,0.001773,0.001874,0.449,194,213.5,41.9,410.1,0.3,4.2,0.0351,0.599349,higher feature -> higher survival_target
tumor_E_original_firstorder_90Percentile_mean,tumor,E,firstorder,90Percentile,mean,0.001822,0.000864,0.001769,0.001876,0.474,195,212.5,39.0,425.0,0.5,5.0,0.0612,0.358548,higher feature -> higher survival_target
lamina_E_original_firstorder_Entropy_std,lamina,E,firstorder,Entropy,std,0.001822,0.000771,0.001774,0.001869,0.423,196,207.0,45.0,420.0,0.4,3.1,-0.1433,0.030913,higher feature -> lower survival_target
tumor_E_original_firstorder_InterquartileRange_mean,tumor,E,firstorder,InterquartileRange,mean,0.001813,0.000772,0.001765,0.001861,0.426,197,205.5,50.0,412.0,0.4,2.8,0.0496,0.456671,higher feature -> higher survival_target
lamina_H_original_firstorder_90Percentile_mean,lamina,H,firstorder,90Percentile,mean,0.001811,0.000801,0.001761,0.001861,0.442,198,219.0,44.0,422.0,0.1,3.3,0.263,6e-05,higher feature -> higher survival_target
tumor_H_original_firstorder_Kurtosis_mean,tumor,H,firstorder,Kurtosis,mean,0.001807,0.000779,0.001759,0.001855,0.431,199,208.0,50.0,395.0,0.5,2.6,-0.1896,0.004144,higher feature -> lower survival_target
urothelium_H_original_firstorder_Median_mean,urothelium,H,firstorder,Median,mean,0.001806,0.000688,0.001764,0.001849,0.381,200,203.0,53.0,395.0,0.2,1.9,0.1073,0.106936,higher feature -> higher survival_target
tumor_H_original_firstorder_90Percentile_std,tumor,H,firstorder,90Percentile,std,0.001802,0.00069,0.001759,0.001845,0.383,201,204.0,53.0,398.0,0.2,2.3,0.0208,0.75539,higher feature -> higher survival_target
tumor_H_original_firstorder_Variance_std,tumor,H,firstorder,Variance,std,0.001799,0.000593,0.001763,0.001836,0.33,202,204.0,55.0,389.0,0.0,1.9,0.045,0.499575,higher feature -> higher survival_target
tumor_H_original_firstorder_10Percentile_std,tumor,H,firstorder,10Percentile,std,0.001797,0.000977,0.001737,0.001858,0.544,203,232.0,35.0,418.0,0.5,6.5,0.1532,0.020937,higher feature -> higher survival_target
tumor_E_original_firstorder_MeanAbsoluteDeviation_mean,tumor,E,firstorder,MeanAbsoluteDeviation,mean,0.001796,0.000788,0.001747,0.001844,0.439,204,216.0,46.0,419.0,0.4,3.1,0.0595,0.372488,higher feature -> higher survival_target
necrosis_H_original_firstorder_Variance_std,necrosis,H,firstorder,Variance,std,0.001793,0.000623,0.001755,0.001832,0.347,205,203.0,56.0,396.0,0.0,1.6,0.0312,0.640513,higher feature -> higher survival_target
immune_H_original_firstorder_Variance_std,immune,H,firstorder,Variance,std,0.001789,0.000847,0.001736,0.001841,0.473,206,222.0,41.0,424.0,0.5,4.0,0.1294,0.051562,higher feature -> higher survival_target
tumor_H_original_firstorder_Skewness_std,tumor,H,firstorder,Skewness,std,0.001788,0.000675,0.001746,0.001829,0.378,207,202.0,50.0,400.0,0.0,2.6,-0.0606,0.363264,higher feature -> lower survival_target
lamina_H_original_firstorder_RootMeanSquared_std,lamina,H,firstorder,RootMeanSquared,std,0.001786,0.000585,0.00175,0.001823,0.328,208,196.0,63.0,383.0,0.1,1.2,0.0437,0.512666,higher feature -> higher survival_target
tumor_E_original_firstorder_TotalEnergy_mean,tumor,E,firstorder,TotalEnergy,mean,0.00178,0.000821,0.001729,0.001831,0.461,209,216.5,40.0,434.0,0.3,3.9,0.0579,0.385413,higher feature -> higher survival_target
tumor_E_original_firstorder_RootMeanSquared_mean,tumor,E,firstorder,RootMeanSquared,mean,0.001778,0.000815,0.001727,0.001828,0.458,210,222.0,43.0,433.0,0.1,4.1,0.0605,0.36451,higher feature -> higher survival_target
tumor_E_original_firstorder_Energy_mean,tumor,E,firstorder,Energy,mean,0.001777,0.000824,0.001726,0.001828,0.463,211,219.5,42.0,438.0,0.3,4.0,0.0579,0.385413,higher feature -> higher survival_target
adipose_H_original_firstorder_RootMeanSquared_std,adipose,H,firstorder,RootMeanSquared,std,0.001768,0.000921,0.001711,0.001825,0.521,212,232.0,37.0,435.0,0.5,5.2,0.2182,0.000937,higher feature -> higher survival_target
urothelium_E_original_firstorder_Variance_std,urothelium,E,firstorder,Variance,std,0.001768,0.0006,0.00173,0.001805,0.339,213,208.0,54.0,389.0,0.0,1.9,-0.0801,0.229532,higher feature -> lower survival_target
immune_E_original_firstorder_Kurtosis_mean,immune,E,firstorder,Kurtosis,mean,0.001766,0.000799,0.001716,0.001815,0.452,214,216.5,40.0,436.0,0.1,3.7,-0.012,0.856808,higher feature -> lower survival_target
necrosis_E_original_firstorder_10Percentile_std,necrosis,E,firstorder,10Percentile,std,0.001757,0.000738,0.001711,0.001803,0.42,215,221.5,42.0,417.0,0.1,3.9,0.0828,0.213806,higher feature -> higher survival_target
vessels_H_original_firstorder_90Percentile_mean,vessels,H,firstorder,90Percentile,mean,0.001742,0.001059,0.001676,0.001808,0.608,216,268.0,34.0,448.0,0.6,5.3,0.2644,5.5e-05,higher feature -> higher survival_target
muscularis_H_original_firstorder_Variance_mean,muscularis,H,firstorder,Variance,mean,0.001739,0.000785,0.001691,0.001788,0.451,217,227.0,46.0,439.0,0.2,2.8,0.2515,0.000128,higher feature -> higher survival_target
muscularis_E_original_firstorder_90Percentile_std,muscularis,E,firstorder,90Percentile,std,0.001739,0.000698,0.001696,0.001782,0.401,218,220.0,53.0,421.0,0.1,2.2,-0.1371,0.038963,higher feature -> lower survival_target
urothelium_H_original_firstorder_InterquartileRange_mean,urothelium,H,firstorder,InterquartileRange,mean,0.001733,0.000544,0.001699,0.001766,0.314,219,208.0,62.0,381.0,0.0,1.3,0.1479,0.025834,higher feature -> higher survival_target
vessels_E_original_firstorder_Kurtosis_std,vessels,E,firstorder,Kurtosis,std,0.001724,0.000726,0.001679,0.001769,0.421,220,224.0,46.0,425.0,0.1,3.3,-0.116,0.081173,higher feature -> lower survival_target
immune_H_original_firstorder_10Percentile_mean,immune,H,firstorder,10Percentile,mean,0.001718,0.000778,0.00167,0.001766,0.453,221,233.0,49.0,417.0,0.3,3.2,0.2127,0.001267,higher feature -> higher survival_target
necrosis_E_original_firstorder_Median_std,necrosis,E,firstorder,Median,std,0.001716,0.000641,0.001676,0.001756,0.373,222,216.0,57.0,392.0,0.2,1.6,-0.0114,0.864441,higher feature -> lower survival_target
necrosis_H_original_firstorder_Entropy_mean,necrosis,H,firstorder,Entropy,mean,0.001715,0.000985,0.001654,0.001776,0.575,223,254.5,36.0,434.0,0.8,4.6,0.191,0.003866,higher feature -> higher survival_target
vessels_E_original_firstorder_RootMeanSquared_std,vessels,E,firstorder,RootMeanSquared,std,0.001715,0.000667,0.001673,0.001756,0.389,224,223.0,60.0,407.0,0.2,1.4,-0.1338,0.044019,higher feature -> lower survival_target
lamina_H_original_firstorder_Median_std,lamina,H,firstorder,Median,std,0.001714,0.000695,0.001671,0.001757,0.406,225,227.0,47.0,411.0,0.1,2.7,0.1669,0.011798,higher feature -> higher survival_target
urothelium_H_original_firstorder_RobustMeanAbsoluteDeviation_std,urothelium,H,firstorder,RobustMeanAbsoluteDeviation,std,0.001714,0.000574,0.001678,0.00175,0.335,226,213.0,63.0,409.0,0.0,1.0,0.0017,0.979802,higher feature -> higher survival_target
urothelium_H_original_firstorder_10Percentile_mean,urothelium,H,firstorder,10Percentile,mean,0.001711,0.000682,0.001669,0.001754,0.399,227,233.0,48.0,411.0,0.0,2.9,0.0402,0.546602,higher feature -> higher survival_target
tumor_H_original_firstorder_TotalEnergy_mean,tumor,H,firstorder,TotalEnergy,mean,0.00171,0.000973,0.001649,0.00177,0.569,228,263.0,39.0,445.0,0.5,5.1,0.2364,0.000326,higher feature -> higher survival_target
tumor_H_original_firstorder_RobustMeanAbsoluteDeviation_mean,tumor,H,firstorder,RobustMeanAbsoluteDeviation,mean,0.001709,0.000737,0.001664,0.001755,0.431,229,234.0,51.0,410.0,0.3,2.5,0.1736,0.008759,higher feature -> higher survival_target
necrosis_H_original_firstorder_Kurtosis_mean,necrosis,H,firstorder,Kurtosis,mean,0.001707,0.00071,0.001663,0.001751,0.416,230,230.5,51.0,416.0,0.2,2.5,-0.1501,0.023741,higher feature -> lower survival_target
tumor_H_original_firstorder_Energy_mean,tumor,H,firstorder,Energy,mean,0.001705,0.000965,0.001646,0.001765,0.566,231,262.0,39.0,446.0,0.6,4.9,0.2364,0.000326,higher feature -> higher survival_target
tumor_E_original_firstorder_Kurtosis_std,tumor,E,firstorder,Kurtosis,std,0.001705,0.000736,0.001659,0.00175,0.432,232,228.0,56.0,424.0,0.5,2.2,-0.0157,0.813814,higher feature -> lower survival_target
urothelium_H_original_firstorder_Skewness_std,urothelium,H,firstorder,Skewness,std,0.001701,0.000908,0.001645,0.001758,0.534,233,251.0,36.9,432.0,0.7,4.4,-0.1771,0.007489,higher feature -> lower survival_target
muscularis_E_original_firstorder_TotalEnergy_std,muscularis,E,firstorder,TotalEnergy,std,0.001693,0.000722,0.001648,0.001738,0.426,234,234.0,46.0,422.0,0.2,3.2,-0.1025,0.123714,higher feature -> lower survival_target
necrosis_H_original_firstorder_Median_mean,necrosis,H,firstorder,Median,mean,0.001692,0.00079,0.001643,0.001741,0.467,235,235.0,49.0,406.0,0.5,2.7,0.1805,0.006392,higher feature -> higher survival_target
tumor_H_original_firstorder_RootMeanSquared_mean,tumor,H,firstorder,RootMeanSquared,mean,0.001691,0.001024,0.001628,0.001755,0.605,236,268.0,38.0,450.0,0.7,4.9,0.2443,0.000201,higher feature -> higher survival_target
muscularis_E_original_firstorder_Energy_std,muscularis,E,firstorder,Energy,std,0.001691,0.000718,0.001646,0.001735,0.425,237,235.0,47.0,419.1,0.2,3.1,-0.1025,0.123714,higher feature -> lower survival_target
tumor_E_original_firstorder_Skewness_std,tumor,E,firstorder,Skewness,std,0.001675,0.000816,0.001624,0.001726,0.487,238,243.5,45.0,416.0,0.4,3.1,-0.0575,0.388856,higher feature -> lower survival_target
immune_E_original_firstorder_RobustMeanAbsoluteDeviation_std,immune,E,firstorder,RobustMeanAbsoluteDeviation,std,0.001672,0.000747,0.001626,0.001718,0.447,239,241.0,46.0,441.0,0.1,3.4,-0.1602,0.015716,higher feature -> lower survival_target
tumor_H_original_firstorder_Variance_mean,tumor,H,firstorder,Variance,mean,0.00167,0.000978,0.001609,0.001731,0.586,240,270.0,30.0,438.0,1.0,5.1,0.1789,0.00688,higher feature -> higher survival_target
tumor_E_original_firstorder_Mean_mean,tumor,E,firstorder,Mean,mean,0.001669,0.000742,0.001623,0.001715,0.445,241,239.5,52.0,442.0,0.0,2.4,0.0683,0.305911,higher feature -> higher survival_target
necrosis_H_original_firstorder_Variance_mean,necrosis,H,firstorder,Variance,mean,0.001668,0.000692,0.001625,0.001711,0.415,242,238.5,52.0,427.0,0.1,2.3,0.1247,0.060717,higher feature -> higher survival_target
urothelium_E_original_firstorder_InterquartileRange_std,urothelium,E,firstorder,InterquartileRange,std,0.001668,0.00067,0.001626,0.001709,0.401,243,235.0,55.0,408.0,0.2,1.7,-0.0796,0.232346,higher feature -> lower survival_target
urothelium_H_original_firstorder_RobustMeanAbsoluteDeviation_mean,urothelium,H,firstorder,RobustMeanAbsoluteDeviation,mean,0.001667,0.000553,0.001633,0.001701,0.332,244,227.0,59.0,399.1,0.0,1.1,0.1565,0.01831,higher feature -> higher survival_target
necrosis_E_original_firstorder_Skewness_std,necrosis,E,firstorder,Skewness,std,0.001664,0.000569,0.001629,0.0017,0.342,245,226.5,70.0,413.0,0.0,1.3,-0.0657,0.324274,higher feature -> lower survival_target
necrosis_E_original_firstorder_RootMeanSquared_mean,necrosis,E,firstorder,RootMeanSquared,mean,0.001654,0.000701,0.001611,0.001698,0.424,246,246.0,56.0,438.0,0.2,1.7,0.1203,0.07034,higher feature -> higher survival_target
immune_E_original_firstorder_10Percentile_mean,immune,E,firstorder,10Percentile,mean,0.001653,0.000685,0.00161,0.001695,0.414,247,241.0,54.0,424.0,0.2,2.1,0.0898,0.177615,higher feature -> higher survival_target
necrosis_E_original_firstorder_90Percentile_mean,necrosis,E,firstorder,90Percentile,mean,0.00165,0.000687,0.001607,0.001693,0.416,248,239.5,54.0,436.0,0.0,2.0,0.1085,0.10303,higher feature -> higher survival_target
necrosis_E_original_firstorder_TotalEnergy_std,necrosis,E,firstorder,TotalEnergy,std,0.001647,0.000661,0.001606,0.001688,0.401,249,241.0,53.0,426.0,0.0,2.4,0.0661,0.321326,higher feature -> higher survival_target
tumor_E_original_firstorder_10Percentile_mean,tumor,E,firstorder,10Percentile,mean,0.001644,0.000746,0.001598,0.001691,0.453,250,254.0,48.0,434.0,0.2,2.8,0.0877,0.188222,higher feature -> higher survival_target
muscularis_H_original_firstorder_RobustMeanAbsoluteDeviation_std,muscularis,H,firstorder,RobustMeanAbsoluteDeviation,std,0.001644,0.000637,0.001605,0.001684,0.387,251,240.0,55.0,419.0,0.0,2.1,0.0713,0.284839,higher feature -> higher survival_target
muscularis_H_original_firstorder_TotalEnergy_std,muscularis,H,firstorder,TotalEnergy,std,0.001642,0.000853,0.001589,0.001695,0.519,252,266.0,48.0,449.0,0.2,3.0,0.2162,0.001047,higher feature -> higher survival_target
necrosis_E_original_firstorder_Energy_std,necrosis,E,firstorder,Energy,std,0.001642,0.000671,0.0016,0.001683,0.409,253,247.0,51.0,424.0,0.0,2.5,0.0661,0.321326,higher feature -> higher survival_target
lamina_H_original_firstorder_MeanAbsoluteDeviation_mean,lamina,H,firstorder,MeanAbsoluteDeviation,mean,0.00164,0.000702,0.001597,0.001684,0.428,254,246.0,52.0,430.1,0.2,2.2,0.2199,0.00085,higher feature -> higher survival_target
tumor_H_original_firstorder_Skewness_mean,tumor,H,firstorder,Skewness,mean,0.001639,0.000528,0.001606,0.001672,0.322,255,227.5,72.0,409.0,0.0,0.7,-0.1407,0.034062,higher feature -> lower survival_target
vessels_E_original_firstorder_10Percentile_mean,vessels,E,firstorder,10Percentile,mean,0.001635,0.000775,0.001587,0.001683,0.474,256,258.0,49.0,435.0,0.1,2.7,0.0983,0.139924,higher feature -> higher survival_target
muscularis_H_original_firstorder_Energy_std,muscularis,H,firstorder,Energy,std,0.001635,0.000851,0.001582,0.001688,0.52,257,260.0,46.0,445.0,0.2,3.5,0.2162,0.001047,higher feature -> higher survival_target
tumor_E_original_firstorder_Entropy_mean,tumor,E,firstorder,Entropy,mean,0.001633,0.000758,0.001586,0.00168,0.464,258,255.5,51.0,437.1,0.2,2.4,0.0825,0.215415,higher feature -> higher survival_target
vessels_H_original_firstorder_Median_std,vessels,H,firstorder,Median,std,0.001631,0.000954,0.001572,0.00169,0.585,259,266.0,46.0,445.0,0.8,3.3,0.1872,0.004666,higher feature -> higher survival_target
tumor_E_original_firstorder_Median_mean,tumor,E,firstorder,Median,mean,0.001631,0.000698,0.001588,0.001674,0.428,260,251.0,59.0,439.1,0.2,1.8,0.067,0.314886,higher feature -> higher survival_target
necrosis_H_original_firstorder_Skewness_std,necrosis,H,firstorder,Skewness,std,0.001631,0.000524,0.001598,0.001663,0.322,261,233.0,64.0,396.0,0.0,1.0,-0.1192,0.072962,higher feature -> lower survival_target
urothelium_H_original_firstorder_Kurtosis_mean,urothelium,H,firstorder,Kurtosis,mean,0.001628,0.000588,0.001592,0.001665,0.361,262,243.0,58.0,401.0,0.0,1.5,-0.2049,0.001916,higher feature -> lower survival_target
immune_H_original_firstorder_Mean_std,immune,H,firstorder,Mean,std,0.001626,0.000873,0.001572,0.001681,0.537,263,264.0,44.0,431.0,0.5,3.3,0.1739,0.008635,higher feature -> higher survival_target
tumor_H_original_firstorder_Mean_mean,tumor,H,firstorder,Mean,mean,0.001616,0.000924,0.001559,0.001673,0.572,264,288.0,41.9,451.0,0.5,3.5,0.2463,0.000178,higher feature -> higher survival_target
vessels_H_original_firstorder_Entropy_std,vessels,H,firstorder,Entropy,std,0.001612,0.000553,0.001578,0.001646,0.343,265,239.5,67.0,405.0,0.0,1.0,0.0905,0.174264,higher feature -> higher survival_target
tumor_H_original_firstorder_Entropy_mean,tumor,H,firstorder,Entropy,mean,0.001612,0.000872,0.001558,0.001666,0.541,266,269.0,45.0,447.0,0.4,3.2,0.2453,0.00019,higher feature -> higher survival_target
necrosis_H_original_firstorder_Kurtosis_std,necrosis,H,firstorder,Kurtosis,std,0.001611,0.000541,0.001577,0.001644,0.336,267,239.0,72.0,409.0,0.0,0.9,-0.1108,0.095907,higher feature -> lower survival_target
vessels_H_original_firstorder_RootMeanSquared_mean,vessels,H,firstorder,RootMeanSquared,mean,0.001611,0.000937,0.001553,0.001669,0.582,268,282.0,40.0,455.0,0.4,3.6,0.2412,0.000244,higher feature -> higher survival_target
adipose_E_original_firstorder_RobustMeanAbsoluteDeviation_std,adipose,E,firstorder,RobustMeanAbsoluteDeviation,std,0.00161,0.000673,0.001568,0.001652,0.418,269,258.0,59.0,428.0,0.2,1.8,-0.1329,0.045458,higher feature -> lower survival_target
adipose_E_original_firstorder_Entropy_std,adipose,E,firstorder,Entropy,std,0.001605,0.000625,0.001567,0.001644,0.389,270,243.5,61.0,435.0,0.0,1.6,-0.0376,0.573212,higher feature -> lower survival_target
necrosis_H_original_firstorder_TotalEnergy_std,necrosis,H,firstorder,TotalEnergy,std,0.001603,0.000576,0.001567,0.001638,0.359,271,246.0,67.0,413.0,0.1,1.1,0.1209,0.069104,higher feature -> higher survival_target
necrosis_H_original_firstorder_10Percentile_std,necrosis,H,firstorder,10Percentile,std,0.001602,0.000531,0.001569,0.001635,0.332,272,239.0,66.0,409.0,0.0,1.0,0.0745,0.263616,higher feature -> higher survival_target
necrosis_H_original_firstorder_Energy_std,necrosis,H,firstorder,Energy,std,0.001602,0.00056,0.001567,0.001637,0.35,273,243.0,71.0,416.0,0.1,1.1,0.1209,0.069104,higher feature -> higher survival_target
immune_E_original_firstorder_90Percentile_std,immune,E,firstorder,90Percentile,std,0.001598,0.000564,0.001563,0.001633,0.353,274,244.5,66.0,426.0,0.0,1.4,-0.0794,0.233645,higher feature -> lower survival_target
necrosis_E_original_firstorder_TotalEnergy_mean,necrosis,E,firstorder,TotalEnergy,mean,0.001595,0.000733,0.001549,0.00164,0.46,275,265.5,52.0,441.0,0.3,1.9,0.1191,0.073197,higher feature -> higher survival_target
necrosis_E_original_firstorder_Energy_mean,necrosis,E,firstorder,Energy,mean,0.001592,0.000726,0.001547,0.001637,0.456,276,260.0,56.0,447.0,0.3,1.7,0.1191,0.073197,higher feature -> higher survival_target
urothelium_H_original_firstorder_InterquartileRange_std,urothelium,H,firstorder,InterquartileRange,std,0.00159,0.000508,0.001559,0.001622,0.32,277,240.0,82.0,411.0,0.0,0.7,0.0149,0.822942,higher feature -> higher survival_target
tumor_E_original_firstorder_Uniformity_mean,tumor,E,firstorder,Uniformity,mean,0.001589,0.000744,0.001543,0.001635,0.468,278,269.5,58.9,442.0,0.2,2.1,-0.0891,0.180791,higher feature -> lower survival_target
necrosis_H_original_firstorder_90Percentile_mean,necrosis,H,firstorder,90Percentile,mean,0.001585,0.000643,0.001545,0.001625,0.406,279,257.5,59.0,436.0,0.0,1.7,0.1513,0.022613,higher feature -> higher survival_target
necrosis_H_original_firstorder_Mean_mean,necrosis,H,firstorder,Mean,mean,0.001582,0.000872,0.001528,0.001637,0.551,280,277.0,49.9,437.0,0.6,2.6,0.1812,0.006198,higher feature -> higher survival_target
immune_H_original_firstorder_10Percentile_std,immune,H,firstorder,10Percentile,std,0.001582,0.000624,0.001543,0.00162,0.395,281,255.0,63.0,412.0,0.1,1.4,0.1788,0.006902,higher feature -> higher survival_target
necrosis_E_original_firstorder_Kurtosis_std,necrosis,E,firstorder,Kurtosis,std,0.001581,0.000559,0.001547,0.001616,0.354,282,251.0,67.0,430.0,0.0,0.9,-0.0035,0.958331,higher feature -> lower survival_target
urothelium_H_original_firstorder_90Percentile_std,urothelium,H,firstorder,90Percentile,std,0.001575,0.000604,0.001537,0.001612,0.384,283,256.0,67.0,433.0,0.0,1.2,-0.034,0.610077,higher feature -> lower survival_target
tumor_E_original_firstorder_Variance_std,tumor,E,firstorder,Variance,std,0.001573,0.000598,0.001536,0.00161,0.38,284,251.5,63.0,438.0,0.1,0.7,0.0144,0.828605,higher feature -> higher survival_target
muscularis_E_original_firstorder_RobustMeanAbsoluteDeviation_mean,muscularis,E,firstorder,RobustMeanAbsoluteDeviation,mean,0.001568,0.000578,0.001532,0.001603,0.369,285,251.0,63.0,429.0,0.0,1.4,-0.1177,0.076822,higher feature -> lower survival_target
vessels_H_original_firstorder_MeanAbsoluteDeviation_std,vessels,H,firstorder,MeanAbsoluteDeviation,std,0.001567,0.000542,0.001533,0.001601,0.346,286,255.0,68.0,420.0,0.0,0.8,0.0833,0.211413,higher feature -> higher survival_target
immune_H_original_firstorder_RootMeanSquared_std,immune,H,firstorder,RootMeanSquared,std,0.001566,0.000597,0.001529,0.001603,0.381,287,257.0,66.9,425.0,0.1,1.5,0.0998,0.133998,higher feature -> higher survival_target
immune_E_original_firstorder_Mean_std,immune,E,firstorder,Mean,std,0.001563,0.000615,0.001525,0.001601,0.394,288,261.0,59.0,437.0,0.0,1.0,-0.0312,0.639735,higher feature -> lower survival_target
necrosis_E_original_firstorder_Kurtosis_mean,necrosis,E,firstorder,Kurtosis,mean,0.001562,0.00049,0.001532,0.001593,0.313,289,247.0,79.0,421.0,0.0,0.4,-0.0976,0.142545,higher feature -> lower survival_target
immune_E_original_firstorder_Skewness_mean,immune,E,firstorder,Skewness,mean,0.00156,0.000647,0.001519,0.0016,0.415,290,264.0,59.0,446.0,0.0,1.4,-0.0286,0.668496,higher feature -> lower survival_target
urothelium_H_original_firstorder_Mean_mean,urothelium,H,firstorder,Mean,mean,0.001557,0.000554,0.001523,0.001592,0.356,291,251.5,69.0,423.1,0.0,0.8,0.1236,0.063077,higher feature -> higher survival_target
immune_E_original_firstorder_MeanAbsoluteDeviation_std,immune,E,firstorder,MeanAbsoluteDeviation,std,0.001556,0.000675,0.001515,0.001598,0.433,292,266.5,63.0,441.0,0.1,1.6,-0.1437,0.030458,higher feature -> lower survival_target
urothelium_H_original_firstorder_Energy_mean,urothelium,H,firstorder,Energy,mean,0.001545,0.000535,0.001512,0.001578,0.346,293,248.0,74.0,437.0,0.0,0.7,0.0725,0.276904,higher feature -> higher survival_target
immune_H_original_firstorder_InterquartileRange_std,immune,H,firstorder,InterquartileRange,std,0.001545,0.000603,0.001507,0.001582,0.391,294,262.0,73.0,426.0,0.1,1.1,0.1132,0.088961,higher feature -> higher survival_target
tumor_E_original_firstorder_10Percentile_std,tumor,E,firstorder,10Percentile,std,0.001544,0.00051,0.001512,0.001575,0.33,295,258.0,78.0,429.0,0.0,0.2,0.0337,0.613292,higher feature -> higher survival_target
immune_H_original_firstorder_RobustMeanAbsoluteDeviation_std,immune,H,firstorder,RobustMeanAbsoluteDeviation,std,0.001543,0.000605,0.001506,0.001581,0.392,296,268.5,71.0,428.1,0.1,1.1,0.1167,0.079377,higher feature -> higher survival_target
urothelium_H_original_firstorder_Skewness_mean,urothelium,H,firstorder,Skewness,mean,0.001542,0.000599,0.001505,0.001579,0.388,297,262.0,71.0,431.0,0.1,0.6,-0.1844,0.00531,higher feature -> lower survival_target
vessels_H_original_firstorder_10Percentile_mean,vessels,H,firstorder,10Percentile,mean,0.001542,0.000626,0.001503,0.00158,0.406,298,273.0,58.0,428.1,0.0,1.9,0.1609,0.015239,higher feature -> higher survival_target
urothelium_H_original_firstorder_TotalEnergy_mean,urothelium,H,firstorder,TotalEnergy,mean,0.001537,0.000537,0.001503,0.00157,0.349,299,257.0,75.0,437.0,0.0,0.9,0.0725,0.276904,higher feature -> higher survival_target
tumor_H_original_firstorder_RootMeanSquared_std,tumor,H,firstorder,RootMeanSquared,std,0.001536,0.000562,0.001501,0.00157,0.366,300,262.0,70.0,429.1,0.1,0.8,0.0259,0.697994,higher feature -> higher survival_target
lamina_H_original_firstorder_Energy_std,lamina,H,firstorder,Energy,std,0.001533,0.000553,0.001499,0.001568,0.36,301,261.0,75.0,435.0,0.0,0.8,0.1488,0.024992,higher feature -> higher survival_target
lamina_H_original_firstorder_TotalEnergy_std,lamina,H,firstorder,TotalEnergy,std,0.001533,0.000554,0.001499,0.001567,0.362,302,263.0,70.0,429.0,0.0,1.0,0.1488,0.024992,higher feature -> higher survival_target
vessels_E_original_firstorder_Kurtosis_mean,vessels,E,firstorder,Kurtosis,mean,0.001529,0.000692,0.001486,0.001572,0.453,303,274.0,59.9,439.0,0.2,2.0,-0.1129,0.089614,higher feature -> lower survival_target
muscularis_H_original_firstorder_90Percentile_std,muscularis,H,firstorder,90Percentile,std,0.001528,0.000533,0.001495,0.001561,0.349,304,260.5,71.0,426.0,0.0,0.8,0.1051,0.114191,higher feature -> higher survival_target
muscularis_E_original_firstorder_Variance_mean,muscularis,E,firstorder,Variance,mean,0.001523,0.00059,0.001487,0.00156,0.387,305,270.0,62.0,438.0,0.0,1.6,-0.1117,0.093207,higher feature -> lower survival_target
adipose_H_original_firstorder_MeanAbsoluteDeviation_std,adipose,H,firstorder,MeanAbsoluteDeviation,std,0.001514,0.000582,0.001478,0.00155,0.384,306,275.5,64.0,434.0,0.0,1.6,0.1218,0.067022,higher feature -> higher survival_target
tumor_H_original_firstorder_Mean_std,tumor,H,firstorder,Mean,std,0.00151,0.000611,0.001473,0.001548,0.404,307,271.0,64.0,431.0,0.1,1.3,0.0813,0.222245,higher feature -> higher survival_target
tumor_H_original_firstorder_90Percentile_mean,tumor,H,firstorder,90Percentile,mean,0.001509,0.000787,0.00146,0.001558,0.522,308,298.0,52.0,450.0,0.2,2.3,0.2183,0.000931,higher feature -> higher survival_target
vessels_H_original_firstorder_90Percentile_std,vessels,H,firstorder,90Percentile,std,0.001506,0.000614,0.001468,0.001544,0.408,309,275.5,63.0,440.0,0.1,1.5,0.0807,0.225865,higher feature -> higher survival_target
immune_E_original_firstorder_RootMeanSquared_std,immune,E,firstorder,RootMeanSquared,std,0.001506,0.000554,0.001471,0.00154,0.368,310,277.0,73.0,435.0,0.0,0.7,-0.0597,0.370868,higher feature -> lower survival_target
immune_E_original_firstorder_Median_std,immune,E,firstorder,Median,std,0.0015,0.000583,0.001464,0.001537,0.389,311,279.0,69.0,439.0,0.0,1.4,-0.0419,0.530168,higher feature -> lower survival_target
muscularis_H_original_firstorder_InterquartileRange_std,muscularis,H,firstorder,InterquartileRange,std,0.001498,0.00057,0.001463,0.001533,0.381,312,273.5,72.0,434.0,0.0,1.0,0.0784,0.239418,higher feature -> higher survival_target
tumor_E_original_firstorder_Skewness_mean,tumor,E,firstorder,Skewness,mean,0.001493,0.000607,0.001455,0.00153,0.406,313,286.5,68.0,444.0,0.1,1.0,-0.0529,0.427449,higher feature -> lower survival_target
adipose_E_original_firstorder_Kurtosis_mean,adipose,E,firstorder,Kurtosis,mean,0.001489,0.000648,0.001449,0.001529,0.435,314,287.5,64.0,440.0,0.1,1.4,-0.0045,0.945892,higher feature -> lower survival_target
muscularis_E_original_firstorder_Entropy_std,muscularis,E,firstorder,Entropy,std,0.001487,0.000592,0.00145,0.001524,0.398,315,283.5,66.0,442.0,0.0,0.7,-0.1121,0.091914,higher feature -> lower survival_target
adipose_H_original_firstorder_Energy_std,adipose,H,firstorder,Energy,std,0.001486,0.000717,0.001442,0.001531,0.482,316,302.0,54.0,450.0,0.1,2.1,0.2248,0.000645,higher feature -> higher survival_target
urothelium_H_original_firstorder_Uniformity_mean,urothelium,H,firstorder,Uniformity,mean,0.001482,0.000459,0.001454,0.001511,0.31,317,269.0,91.0,424.0,0.0,0.7,-0.1933,0.003452,higher feature -> lower survival_target
adipose_H_original_firstorder_TotalEnergy_std,adipose,H,firstorder,TotalEnergy,std,0.00148,0.000711,0.001436,0.001524,0.481,318,305.0,54.0,448.0,0.2,2.0,0.2248,0.000645,higher feature -> higher survival_target
muscularis_E_original_firstorder_InterquartileRange_mean,muscularis,E,firstorder,InterquartileRange,mean,0.001479,0.000524,0.001447,0.001511,0.354,319,278.0,73.0,430.0,0.0,0.8,-0.1068,0.108458,higher feature -> lower survival_target
immune_H_original_firstorder_Variance_mean,immune,H,firstorder,Variance,mean,0.001468,0.000758,0.001421,0.001515,0.517,320,308.0,54.0,452.0,0.1,1.8,0.2254,0.000624,higher feature -> higher survival_target
adipose_E_original_firstorder_10Percentile_std,adipose,E,firstorder,10Percentile,std,0.001461,0.000583,0.001425,0.001497,0.399,321,286.5,69.0,437.0,0.2,1.4,0.0094,0.888228,higher feature -> higher survival_target
lamina_E_original_firstorder_90Percentile_std,lamina,E,firstorder,90Percentile,std,0.001459,0.000471,0.00143,0.001488,0.323,322,276.0,93.0,430.0,0.0,0.4,-0.1453,0.02858,higher feature -> lower survival_target
urothelium_H_original_firstorder_Entropy_mean,urothelium,H,firstorder,Entropy,mean,0.001456,0.000437,0.001429,0.001483,0.3,323,270.5,95.0,427.0,0.0,0.5,0.1885,0.004371,higher feature -> higher survival_target
adipose_E_original_firstorder_Skewness_std,adipose,E,firstorder,Skewness,std,0.001454,0.000674,0.001412,0.001496,0.463,324,304.0,58.0,444.0,0.0,1.6,-0.0278,0.676875,higher feature -> lower survival_target
vessels_H_original_firstorder_10Percentile_std,vessels,H,firstorder,10Percentile,std,0.001453,0.000527,0.001421,0.001486,0.362,325,287.0,74.0,437.0,0.0,0.8,0.1099,0.09859,higher feature -> higher survival_target
tumor_E_original_firstorder_Kurtosis_mean,tumor,E,firstorder,Kurtosis,mean,0.001447,0.000531,0.001414,0.00148,0.367,326,283.0,88.0,447.0,0.0,0.7,-0.0718,0.281353,higher feature -> lower survival_target
urothelium_H_original_firstorder_RootMeanSquared_mean,urothelium,H,firstorder,RootMeanSquared,mean,0.001446,0.000442,0.001419,0.001474,0.306,327,276.0,96.0,427.0,0.0,0.4,0.1308,0.049001,higher feature -> higher survival_target
immune_H_original_firstorder_90Percentile_std,immune,H,firstorder,90Percentile,std,0.00144,0.000529,0.001407,0.001472,0.367,328,289.0,84.9,433.0,0.2,0.4,0.0736,0.269727,higher feature -> higher survival_target
vessels_H_original_firstorder_TotalEnergy_std,vessels,H,firstorder,TotalEnergy,std,0.00144,0.000726,0.001395,0.001485,0.504,329,303.5,64.0,446.0,0.4,1.6,0.1184,0.074984,higher feature -> higher survival_target
vessels_H_original_firstorder_RobustMeanAbsoluteDeviation_std,vessels,H,firstorder,RobustMeanAbsoluteDeviation,std,0.001439,0.000527,0.001407,0.001472,0.366,330,285.5,84.0,435.0,0.0,0.9,0.1389,0.036537,higher feature -> higher survival_target
necrosis_H_original_firstorder_Energy_mean,necrosis,H,firstorder,Energy,mean,0.001437,0.000567,0.001402,0.001472,0.395,331,296.5,77.9,447.0,0.0,0.8,0.1547,0.01974,higher feature -> higher survival_target
adipose_E_original_firstorder_InterquartileRange_std,adipose,E,firstorder,InterquartileRange,std,0.001436,0.000571,0.001401,0.001472,0.397,332,302.0,75.0,441.0,0.0,1.2,-0.1457,0.028212,higher feature -> lower survival_target
vessels_H_original_firstorder_Energy_std,vessels,H,firstorder,Energy,std,0.001434,0.000719,0.00139,0.001479,0.502,333,309.0,68.0,447.0,0.4,1.5,0.1184,0.074984,higher feature -> higher survival_target
adipose_H_original_firstorder_Variance_std,adipose,H,firstorder,Variance,std,0.001434,0.000567,0.001399,0.001469,0.395,334,302.0,65.0,444.0,0.0,0.9,0.1541,0.020156,higher feature -> higher survival_target
necrosis_H_original_firstorder_TotalEnergy_mean,necrosis,H,firstorder,TotalEnergy,mean,0.001433,0.000562,0.001398,0.001467,0.393,335,292.5,79.9,446.0,0.0,0.5,0.1547,0.01974,higher feature -> higher survival_target
tumor_H_original_firstorder_Median_std,tumor,H,firstorder,Median,std,0.001432,0.000613,0.001394,0.00147,0.428,336,294.0,64.0,441.0,0.1,1.4,0.1178,0.076617,higher feature -> higher survival_target
urothelium_H_original_firstorder_90Percentile_mean,urothelium,H,firstorder,90Percentile,mean,0.001426,0.000417,0.0014,0.001452,0.292,337,280.0,100.0,431.0,0.0,0.2,0.1578,0.017345,higher feature -> higher survival_target
vessels_H_original_firstorder_Variance_std,vessels,H,firstorder,Variance,std,0.001422,0.000644,0.001382,0.001462,0.453,338,304.0,75.9,450.0,0.2,1.2,0.1525,0.021562,higher feature -> higher survival_target
tumor_H_original_firstorder_Entropy_std,tumor,H,firstorder,Entropy,std,0.001417,0.000512,0.001385,0.001449,0.361,339,294.0,83.0,441.0,0.0,0.8,-0.1163,0.080251,higher feature -> lower survival_target
urothelium_H_original_firstorder_MeanAbsoluteDeviation_mean,urothelium,H,firstorder,MeanAbsoluteDeviation,mean,0.001414,0.000459,0.001385,0.001442,0.325,340,288.5,95.0,434.0,0.0,0.4,0.1632,0.013819,higher feature -> higher survival_target
vessels_E_original_firstorder_Median_std,vessels,E,firstorder,Median,std,0.001412,0.000523,0.001379,0.001444,0.371,341,297.0,75.0,445.0,0.0,0.5,-0.0664,0.319198,higher feature -> lower survival_target
immune_E_original_firstorder_10Percentile_std,immune,E,firstorder,10Percentile,std,0.00141,0.00061,0.001373,0.001448,0.432,342,311.0,73.0,446.0,0.2,0.9,0.0782,0.240883,higher feature -> higher survival_target
vessels_H_original_firstorder_InterquartileRange_std,vessels,H,firstorder,InterquartileRange,std,0.00141,0.000632,0.001371,0.001449,0.448,343,301.0,67.9,447.0,0.4,1.3,0.1511,0.022779,higher feature -> higher survival_target
muscularis_E_original_firstorder_Skewness_std,muscularis,E,firstorder,Skewness,std,0.00141,0.000724,0.001365,0.001455,0.513,344,320.5,53.0,457.0,0.1,2.0,-0.0543,0.41518,higher feature -> lower survival_target
vessels_H_original_firstorder_Mean_std,vessels,H,firstorder,Mean,std,0.001394,0.000657,0.001354,0.001435,0.471,345,319.0,62.0,452.0,0.2,1.7,0.1328,0.045702,higher feature -> higher survival_target
adipose_E_original_firstorder_Energy_std,adipose,E,firstorder,Energy,std,0.001392,0.000588,0.001356,0.001429,0.422,346,311.0,66.9,441.0,0.1,1.3,-0.0482,0.470249,higher feature -> lower survival_target
adipose_E_original_firstorder_TotalEnergy_std,adipose,E,firstorder,TotalEnergy,std,0.001391,0.000587,0.001354,0.001427,0.422,347,312.0,66.0,443.0,0.1,1.5,-0.0482,0.470249,higher feature -> lower survival_target
adipose_E_original_firstorder_Kurtosis_std,adipose,E,firstorder,Kurtosis,std,0.001386,0.000537,0.001353,0.00142,0.387,348,310.0,77.9,443.0,0.0,1.2,-0.0113,0.866061,higher feature -> lower survival_target
lamina_E_original_firstorder_InterquartileRange_mean,lamina,E,firstorder,InterquartileRange,mean,0.001381,0.000464,0.001352,0.00141,0.336,349,300.0,88.0,444.0,0.0,0.1,0.0203,0.76052,higher feature -> higher survival_target
necrosis_H_original_firstorder_MeanAbsoluteDeviation_mean,necrosis,H,firstorder,MeanAbsoluteDeviation,mean,0.001379,0.000525,0.001346,0.001411,0.381,350,311.5,80.0,452.0,0.0,0.5,0.1549,0.019544,higher feature -> higher survival_target
necrosis_H_original_firstorder_RootMeanSquared_mean,necrosis,H,firstorder,RootMeanSquared,mean,0.001371,0.000547,0.001337,0.001405,0.399,351,315.0,79.9,448.0,0.0,0.5,0.1627,0.014145,higher feature -> higher survival_target
tumor_H_original_firstorder_TotalEnergy_std,tumor,H,firstorder,TotalEnergy,std,0.001366,0.00048,0.001336,0.001396,0.351,352,303.0,96.0,442.0,0.0,0.7,0.1274,0.055246,higher feature -> higher survival_target
tumor_H_original_firstorder_Energy_std,tumor,H,firstorder,Energy,std,0.001364,0.000487,0.001334,0.001395,0.357,353,305.0,94.0,441.0,0.0,0.5,0.1274,0.055246,higher feature -> higher survival_target
muscularis_H_original_firstorder_Variance_std,muscularis,H,firstorder,Variance,std,0.001364,0.000469,0.001335,0.001393,0.344,354,309.0,96.0,445.0,0.0,0.5,0.1176,0.077084,higher feature -> higher survival_target
muscularis_H_original_firstorder_RootMeanSquared_std,muscularis,H,firstorder,RootMeanSquared,std,0.001362,0.00044,0.001334,0.001389,0.323,355,307.5,108.0,436.0,0.0,0.4,0.1596,0.016077,higher feature -> higher survival_target
urothelium_H_original_firstorder_Variance_mean,urothelium,H,firstorder,Variance,mean,0.001357,0.000379,0.001333,0.00138,0.28,356,299.0,120.0,433.0,0.0,0.1,0.1386,0.036911,higher feature -> higher survival_target
lamina_E_original_firstorder_RobustMeanAbsoluteDeviation_mean,lamina,E,firstorder,RobustMeanAbsoluteDeviation,mean,0.001356,0.000446,0.001328,0.001383,0.329,357,307.5,94.0,447.0,0.0,0.1,0.0181,0.786195,higher feature -> higher survival_target
adipose_H_original_firstorder_90Percentile_std,adipose,H,firstorder,90Percentile,std,0.001354,0.000544,0.001321,0.001388,0.401,358,317.0,80.0,442.0,0.2,0.9,0.1735,0.008809,higher feature -> higher survival_target
lamina_H_original_firstorder_Variance_mean,lamina,H,firstorder,Variance,mean,0.001354,0.000623,0.001315,0.001392,0.46,359,329.5,78.0,454.0,0.3,1.1,0.2081,0.00162,higher feature -> higher survival_target
tumor_E_original_firstorder_Energy_std,tumor,E,firstorder,Energy,std,0.001351,0.000431,0.001325,0.001378,0.319,360,306.0,104.0,445.0,0.0,0.1,0.0268,0.687789,higher feature -> higher survival_target
adipose_E_original_firstorder_Mean_std,adipose,E,firstorder,Mean,std,0.001349,0.000481,0.001319,0.001379,0.356,361,318.0,80.0,445.0,0.0,0.2,-0.041,0.53841,higher feature -> lower survival_target
immune_H_original_firstorder_Entropy_std,immune,H,firstorder,Entropy,std,0.001346,0.000427,0.001319,0.001372,0.317,362,306.5,111.9,440.0,0.0,0.3,0.0448,0.502118,higher feature -> higher survival_target
tumor_E_original_firstorder_TotalEnergy_std,tumor,E,firstorder,TotalEnergy,std,0.001345,0.000434,0.001318,0.001372,0.323,363,308.5,101.0,447.0,0.0,0.3,0.0268,0.687789,higher feature -> higher survival_target
immune_H_original_firstorder_MeanAbsoluteDeviation_std,immune,H,firstorder,MeanAbsoluteDeviation,std,0.001343,0.000424,0.001316,0.001369,0.316,364,308.0,115.0,443.0,0.0,0.3,0.0375,0.574356,higher feature -> higher survival_target
lamina_E_original_firstorder_Median_std,lamina,E,firstorder,Median,std,0.001338,0.000397,0.001313,0.001362,0.297,365,306.0,111.0,435.0,0.0,0.1,-0.1365,0.039942,higher feature -> lower survival_target
immune_E_original_firstorder_Energy_std,immune,E,firstorder,Energy,std,0.001337,0.000639,0.001297,0.001376,0.478,366,337.0,65.0,456.0,0.0,1.4,0.0183,0.783512,higher feature -> higher survival_target
immune_E_original_firstorder_TotalEnergy_std,immune,E,firstorder,TotalEnergy,std,0.001334,0.000647,0.001294,0.001374,0.485,367,340.0,66.0,457.0,0.0,1.3,0.0183,0.783512,higher feature -> higher survival_target
urothelium_H_original_firstorder_Entropy_std,urothelium,H,firstorder,Entropy,std,0.001333,0.000464,0.001305,0.001362,0.348,368,317.5,92.0,442.0,0.0,0.4,-0.0201,0.763127,higher feature -> lower survival_target
vessels_E_original_firstorder_Mean_std,vessels,E,firstorder,Mean,std,0.001323,0.000417,0.001297,0.001349,0.315,369,311.5,107.0,443.0,0.0,0.1,-0.0826,0.214867,higher feature -> lower survival_target
lamina_E_original_firstorder_Mean_mean,lamina,E,firstorder,Mean,mean,0.001305,0.000514,0.001273,0.001337,0.394,370,335.0,80.0,456.0,0.0,0.6,0.0849,0.202546,higher feature -> higher survival_target
lamina_E_original_firstorder_Median_mean,lamina,E,firstorder,Median,mean,0.001301,0.000483,0.001271,0.001331,0.371,371,324.0,94.0,452.0,0.0,0.4,0.0726,0.276032,higher feature -> higher survival_target
lamina_E_original_firstorder_Mean_std,lamina,E,firstorder,Mean,std,0.001296,0.000383,0.001272,0.00132,0.295,372,323.0,123.0,444.0,0.0,0.2,-0.1133,0.088464,higher feature -> lower survival_target
vessels_E_original_firstorder_Skewness_mean,vessels,E,firstorder,Skewness,mean,0.001288,0.000444,0.001261,0.001316,0.345,373,330.0,108.0,449.0,0.0,0.2,-0.0692,0.299284,higher feature -> lower survival_target
urothelium_E_original_firstorder_10Percentile_std,urothelium,E,firstorder,10Percentile,std,0.001286,0.000527,0.001253,0.001319,0.41,374,343.0,77.0,455.0,0.0,0.8,-0.1479,0.025848,higher feature -> lower survival_target
muscularis_E_original_firstorder_10Percentile_std,muscularis,E,firstorder,10Percentile,std,0.00128,0.000399,0.001255,0.001305,0.312,375,325.0,123.9,443.0,0.0,0.1,-0.0215,0.747326,higher feature -> lower survival_target
lamina_E_original_firstorder_RootMeanSquared_std,lamina,E,firstorder,RootMeanSquared,std,0.001268,0.000377,0.001245,0.001292,0.297,376,329.5,137.0,443.0,0.0,0.1,-0.1331,0.045153,higher feature -> lower survival_target
muscularis_E_original_firstorder_Kurtosis_std,muscularis,E,firstorder,Kurtosis,std,0.001267,0.000456,0.001239,0.001295,0.36,377,339.0,97.0,453.0,0.0,0.4,-0.0007,0.991513,higher feature -> lower survival_target
muscularis_E_original_firstorder_MeanAbsoluteDeviation_mean,muscularis,E,firstorder,MeanAbsoluteDeviation,mean,0.001264,0.000412,0.001239,0.00129,0.326,378,334.0,114.0,452.0,0.0,0.2,-0.0865,0.194146,higher feature -> lower survival_target
adipose_E_original_firstorder_10Percentile_mean,adipose,E,firstorder,10Percentile,mean,0.00126,0.000413,0.001234,0.001285,0.328,379,333.0,123.0,449.0,0.0,0.3,0.0938,0.159158,higher feature -> higher survival_target
vessels_H_original_firstorder_RootMeanSquared_std,vessels,H,firstorder,RootMeanSquared,std,0.001259,0.000457,0.001231,0.001287,0.363,380,346.0,100.0,452.0,0.0,0.3,0.1013,0.128053,higher feature -> higher survival_target
adipose_E_original_firstorder_Median_mean,adipose,E,firstorder,Median,mean,0.001256,0.000455,0.001228,0.001284,0.362,381,339.0,101.9,451.0,0.0,0.5,0.0887,0.183046,higher feature -> higher survival_target
lamina_E_original_firstorder_Uniformity_mean,lamina,E,firstorder,Uniformity,mean,0.001244,0.000484,0.001214,0.001274,0.389,382,345.0,106.0,459.0,0.0,0.2,-0.102,0.125339,higher feature -> lower survival_target
adipose_E_original_firstorder_Median_std,adipose,E,firstorder,Median,std,0.001244,0.00046,0.001215,0.001272,0.37,383,347.0,102.0,452.0,0.0,0.4,-0.0593,0.373461,higher feature -> lower survival_target
urothelium_E_original_firstorder_Mean_mean,urothelium,E,firstorder,Mean,mean,0.001235,0.000463,0.001207,0.001264,0.375,384,349.0,93.0,455.0,0.0,0.3,-0.0726,0.276332,higher feature -> lower survival_target
adipose_E_original_firstorder_Variance_std,adipose,E,firstorder,Variance,std,0.001233,0.000384,0.001209,0.001257,0.312,385,348.0,121.0,451.0,0.0,0.2,-0.1123,0.091341,higher feature -> lower survival_target
urothelium_E_original_firstorder_Range_mean,urothelium,E,firstorder,Range,mean,0.001229,0.000897,0.001173,0.001285,0.73,386,400.5,54.0,464.0,0.1,2.2,0.1369,0.039254,higher feature -> higher survival_target
urothelium_E_original_firstorder_Maximum_mean,urothelium,E,firstorder,Maximum,mean,0.001228,0.000883,0.001173,0.001283,0.719,387,402.5,53.0,464.0,0.2,2.4,0.1369,0.039254,higher feature -> higher survival_target
adipose_E_original_firstorder_Uniformity_mean,adipose,E,firstorder,Uniformity,mean,0.001221,0.000423,0.001195,0.001247,0.346,388,349.0,117.0,451.0,0.0,0.1,-0.0491,0.461779,higher feature -> lower survival_target
adipose_E_original_firstorder_Skewness_mean,adipose,E,firstorder,Skewness,mean,0.001216,0.000354,0.001194,0.001238,0.291,389,343.5,127.0,450.0,0.0,0.0,-0.0231,0.72889,higher feature -> lower survival_target
urothelium_E_original_firstorder_Maximum_std,urothelium,E,firstorder,Maximum,std,0.001214,0.000865,0.001161,0.001268,0.712,390,405.5,58.0,464.0,0.1,2.0,-0.137,0.039161,higher feature -> lower survival_target
urothelium_E_original_firstorder_Range_std,urothelium,E,firstorder,Range,std,0.001214,0.000878,0.001159,0.001268,0.723,391,403.5,56.9,464.0,0.1,2.4,-0.137,0.039161,higher feature -> lower survival_target
lamina_E_original_firstorder_Entropy_mean,lamina,E,firstorder,Entropy,mean,0.001189,0.000438,0.001162,0.001217,0.369,392,362.0,111.9,459.0,0.0,0.1,0.0912,0.170982,higher feature -> higher survival_target
urothelium_E_original_firstorder_Median_mean,urothelium,E,firstorder,Median,mean,0.00118,0.000403,0.001155,0.001205,0.342,393,363.5,108.0,453.0,0.0,0.1,-0.0894,0.179324,higher feature -> lower survival_target
urothelium_E_original_firstorder_TotalEnergy_mean,urothelium,E,firstorder,TotalEnergy,mean,0.00117,0.000399,0.001145,0.001195,0.341,394,363.5,118.0,457.0,0.0,0.1,-0.0901,0.176085,higher feature -> lower survival_target
lamina_E_original_firstorder_Energy_std,lamina,E,firstorder,Energy,std,0.001167,0.00034,0.001146,0.001189,0.291,395,359.0,143.0,452.0,0.0,0.0,-0.0835,0.210053,higher feature -> lower survival_target
vessels_E_original_firstorder_10Percentile_std,vessels,E,firstorder,10Percentile,std,0.001167,0.000393,0.001142,0.001191,0.337,396,367.0,132.9,452.0,0.0,0.2,0.0397,0.552289,higher feature -> higher survival_target
vessels_E_original_firstorder_Median_mean,vessels,E,firstorder,Median,mean,0.001165,0.000419,0.001139,0.001191,0.36,397,371.0,115.0,457.0,0.0,0.2,0.0376,0.572879,higher feature -> higher survival_target
urothelium_E_original_firstorder_Energy_mean,urothelium,E,firstorder,Energy,mean,0.001165,0.000392,0.00114,0.001189,0.337,398,363.0,123.9,456.0,0.0,0.1,-0.0901,0.176085,higher feature -> lower survival_target
vessels_E_original_firstorder_Variance_mean,vessels,E,firstorder,Variance,mean,0.001164,0.000394,0.001139,0.001188,0.339,399,364.0,124.9,454.0,0.0,0.2,-0.0336,0.614351,higher feature -> lower survival_target
lamina_E_original_firstorder_Energy_mean,lamina,E,firstorder,Energy,mean,0.001164,0.000409,0.001138,0.001189,0.351,400,367.0,117.0,458.0,0.0,0.1,0.0574,0.389365,higher feature -> higher survival_target
lamina_E_original_firstorder_TotalEnergy_std,lamina,E,firstorder,TotalEnergy,std,0.001163,0.000341,0.001142,0.001184,0.293,401,360.0,145.0,453.0,0.0,0.1,-0.0835,0.210053,higher feature -> lower survival_target
lamina_E_original_firstorder_TotalEnergy_mean,lamina,E,firstorder,TotalEnergy,mean,0.001162,0.00041,0.001137,0.001187,0.353,402,368.0,116.0,459.0,0.0,0.0,0.0574,0.389365,higher feature -> higher survival_target
vessels_H_original_firstorder_TotalEnergy_mean,vessels,H,firstorder,TotalEnergy,mean,0.001156,0.000541,0.001122,0.001189,0.468,403,384.0,96.9,461.0,0.2,0.7,0.2328,0.000405,higher feature -> higher survival_target
urothelium_E_original_firstorder_10Percentile_mean,urothelium,E,firstorder,10Percentile,mean,0.001156,0.000338,0.001135,0.001177,0.292,404,364.0,147.9,453.0,0.0,0.0,-0.0974,0.143356,higher feature -> lower survival_target
lamina_E_original_firstorder_MeanAbsoluteDeviation_mean,lamina,E,firstorder,MeanAbsoluteDeviation,mean,0.001156,0.000375,0.001132,0.001179,0.324,405,366.5,142.9,457.0,0.0,0.0,0.0388,0.561247,higher feature -> higher survival_target
immune_E_original_firstorder_Variance_mean,immune,E,firstorder,Variance,mean,0.001155,0.000363,0.001133,0.001178,0.315,406,359.0,131.9,458.0,0.0,0.0,-0.0004,0.995621,higher feature -> lower survival_target
vessels_H_original_firstorder_Energy_mean,vessels,H,firstorder,Energy,mean,0.00115,0.000532,0.001117,0.001183,0.462,407,385.0,95.0,461.0,0.2,0.7,0.2328,0.000405,higher feature -> higher survival_target
vessels_E_original_firstorder_Energy_std,vessels,E,firstorder,Energy,std,0.001148,0.00032,0.001128,0.001168,0.279,408,364.0,161.9,452.0,0.0,0.0,-0.0465,0.485559,higher feature -> lower survival_target
vessels_E_original_firstorder_TotalEnergy_std,vessels,E,firstorder,TotalEnergy,std,0.001148,0.000319,0.001128,0.001168,0.278,409,362.0,151.9,452.0,0.0,0.0,-0.0465,0.485559,higher feature -> lower survival_target
immune_E_original_firstorder_Uniformity_mean,immune,E,firstorder,Uniformity,mean,0.001139,0.000467,0.00111,0.001168,0.41,410,382.5,110.9,460.0,0.0,0.2,-0.0766,0.250368,higher feature -> lower survival_target
urothelium_E_original_firstorder_RootMeanSquared_mean,urothelium,E,firstorder,RootMeanSquared,mean,0.001135,0.00041,0.00111,0.00116,0.361,411,378.0,126.0,459.0,0.0,0.3,-0.0572,0.390699,higher feature -> lower survival_target
lamina_E_original_firstorder_90Percentile_mean,lamina,E,firstorder,90Percentile,mean,0.00112,0.00037,0.001097,0.001143,0.33,412,374.0,142.9,460.0,0.0,0.0,0.0779,0.242674,higher feature -> higher survival_target
lamina_E_original_firstorder_RootMeanSquared_mean,lamina,E,firstorder,RootMeanSquared,mean,0.001118,0.000395,0.001093,0.001142,0.354,413,379.0,129.0,460.0,0.0,0.0,0.0828,0.214145,higher feature -> higher survival_target
lamina_E_original_firstorder_Skewness_mean,lamina,E,firstorder,Skewness,mean,0.001108,0.000369,0.001085,0.001131,0.333,414,383.0,141.9,461.0,0.0,0.1,-0.0545,0.413834,higher feature -> lower survival_target
adipose_E_original_firstorder_MeanAbsoluteDeviation_mean,adipose,E,firstorder,MeanAbsoluteDeviation,mean,0.0011,0.000341,0.001078,0.001121,0.31,415,383.0,143.9,458.0,0.0,0.0,-0.0784,0.239184,higher feature -> lower survival_target
immune_E_original_firstorder_InterquartileRange_mean,immune,E,firstorder,InterquartileRange,mean,0.001099,0.000291,0.001081,0.001117,0.265,416,375.5,176.0,454.0,0.0,0.0,0.0061,0.927348,higher feature -> higher survival_target
adipose_E_original_firstorder_Variance_mean,adipose,E,firstorder,Variance,mean,0.001099,0.000348,0.001078,0.001121,0.317,417,382.0,151.0,458.0,0.0,0.0,-0.0879,0.186744,higher feature -> lower survival_target
vessels_E_original_firstorder_RobustMeanAbsoluteDeviation_mean,vessels,E,firstorder,RobustMeanAbsoluteDeviation,mean,0.001097,0.000327,0.001077,0.001117,0.298,418,380.0,152.9,457.0,0.0,0.0,-0.0302,0.650671,higher feature -> lower survival_target
lamina_E_original_firstorder_Kurtosis_mean,lamina,E,firstorder,Kurtosis,mean,0.00109,0.000328,0.001069,0.00111,0.301,419,381.5,165.9,460.0,0.0,0.0,-0.0516,0.439439,higher feature -> lower survival_target
lamina_E_original_firstorder_Skewness_std,lamina,E,firstorder,Skewness,std,0.001089,0.000331,0.001069,0.00111,0.304,420,384.0,155.9,460.0,0.0,0.0,-0.0248,0.70982,higher feature -> lower survival_target
muscularis_E_original_firstorder_90Percentile_mean,muscularis,E,firstorder,90Percentile,mean,0.001069,0.000356,0.001047,0.001091,0.333,421,389.0,155.9,460.0,0.0,0.2,0.0039,0.953738,higher feature -> higher survival_target
vessels_E_original_firstorder_InterquartileRange_mean,vessels,E,firstorder,InterquartileRange,mean,0.001052,0.000292,0.001034,0.00107,0.278,422,389.0,181.0,458.0,0.0,0.0,-0.0244,0.715174,higher feature -> lower survival_target
lamina_E_original_firstorder_Variance_mean,lamina,E,firstorder,Variance,mean,0.001049,0.000303,0.001031,0.001068,0.288,423,391.0,175.0,459.0,0.0,0.0,0.0218,0.74405,higher feature -> higher survival_target
adipose_E_original_firstorder_Entropy_mean,adipose,E,firstorder,Entropy,mean,0.001044,0.00031,0.001025,0.001063,0.297,424,394.0,173.9,459.0,0.0,0.1,0.0171,0.79828,higher feature -> higher survival_target
muscularis_E_original_firstorder_Uniformity_mean,muscularis,E,firstorder,Uniformity,mean,0.001043,0.000388,0.001019,0.001068,0.372,425,405.5,143.0,460.0,0.0,0.1,-0.0629,0.345347,higher feature -> lower survival_target
adipose_E_original_firstorder_RobustMeanAbsoluteDeviation_mean,adipose,E,firstorder,RobustMeanAbsoluteDeviation,mean,0.001043,0.000314,0.001024,0.001062,0.301,426,397.0,161.0,460.0,0.0,0.0,-0.0624,0.349517,higher feature -> lower survival_target
muscularis_E_original_firstorder_Mean_mean,muscularis,E,firstorder,Mean,mean,0.001041,0.000365,0.001019,0.001064,0.351,427,399.5,158.9,461.0,0.0,0.2,0.0386,0.562999,higher feature -> higher survival_target
adipose_E_original_firstorder_Mean_mean,adipose,E,firstorder,Mean,mean,0.001028,0.000333,0.001007,0.001049,0.324,428,402.0,168.9,461.0,0.0,0.0,0.0231,0.729052,higher feature -> higher survival_target
vessels_E_original_firstorder_MeanAbsoluteDeviation_mean,vessels,E,firstorder,MeanAbsoluteDeviation,mean,0.001025,0.000303,0.001006,0.001043,0.295,429,399.0,172.0,460.0,0.0,0.0,-0.016,0.810499,higher feature -> lower survival_target
muscularis_E_original_firstorder_Entropy_mean,muscularis,E,firstorder,Entropy,mean,0.001018,0.000337,0.000997,0.001039,0.331,430,406.5,171.9,461.0,0.0,0.1,0.0329,0.622188,higher feature -> higher survival_target
urothelium_E_original_firstorder_RobustMeanAbsoluteDeviation_mean,urothelium,E,firstorder,RobustMeanAbsoluteDeviation,mean,0.001017,0.000288,0.000999,0.001035,0.283,431,398.0,192.0,461.0,0.0,0.0,0.0437,0.512334,higher feature -> higher survival_target
urothelium_E_original_firstorder_Variance_mean,urothelium,E,firstorder,Variance,mean,0.001015,0.000295,0.000997,0.001033,0.29,432,401.0,192.0,460.0,0.0,0.0,0.0261,0.696162,higher feature -> higher survival_target
immune_E_original_firstorder_MeanAbsoluteDeviation_mean,immune,E,firstorder,MeanAbsoluteDeviation,mean,0.001013,0.000304,0.000994,0.001032,0.3,433,403.0,192.0,462.0,0.0,0.0,0.0156,0.815328,higher feature -> higher survival_target
muscularis_E_original_firstorder_Kurtosis_mean,muscularis,E,firstorder,Kurtosis,mean,0.001013,0.000336,0.000992,0.001034,0.332,434,405.0,179.8,461.0,0.0,0.1,-0.0468,0.483084,higher feature -> lower survival_target
urothelium_E_original_firstorder_90Percentile_mean,urothelium,E,firstorder,90Percentile,mean,0.001009,0.000323,0.000989,0.001029,0.32,435,407.0,178.9,461.0,0.0,0.0,-0.0224,0.737157,higher feature -> lower survival_target
adipose_E_original_firstorder_90Percentile_mean,adipose,E,firstorder,90Percentile,mean,0.001005,0.000316,0.000985,0.001024,0.314,436,408.0,164.0,462.0,0.0,0.0,-0.0453,0.497102,higher feature -> lower survival_target
immune_E_original_firstorder_RobustMeanAbsoluteDeviation_mean,immune,E,firstorder,RobustMeanAbsoluteDeviation,mean,0.000989,0.000267,0.000972,0.001006,0.27,437,407.0,225.0,460.0,0.0,0.0,0.0049,0.942005,higher feature -> higher survival_target
urothelium_E_original_firstorder_InterquartileRange_mean,urothelium,E,firstorder,InterquartileRange,mean,0.000988,0.000282,0.000971,0.001006,0.285,438,406.0,193.0,462.0,0.0,0.0,0.0459,0.491357,higher feature -> higher survival_target
vessels_E_original_firstorder_Uniformity_mean,vessels,E,firstorder,Uniformity,mean,0.000979,0.000398,0.000955,0.001004,0.406,439,422.0,156.9,463.0,0.0,0.1,-0.0743,0.265027,higher feature -> lower survival_target
adipose_E_original_firstorder_InterquartileRange_mean,adipose,E,firstorder,InterquartileRange,mean,0.000978,0.00029,0.00096,0.000996,0.297,440,415.0,183.0,462.0,0.0,0.0,-0.0509,0.445549,higher feature -> lower survival_target
immune_E_original_firstorder_Entropy_mean,immune,E,firstorder,Entropy,mean,0.000973,0.000337,0.000952,0.000994,0.346,441,418.0,175.9,463.0,0.0,0.0,0.0653,0.327147,higher feature -> higher survival_target
urothelium_E_original_firstorder_MeanAbsoluteDeviation_mean,urothelium,E,firstorder,MeanAbsoluteDeviation,mean,0.000969,0.000281,0.000951,0.000986,0.29,442,411.0,201.0,462.0,0.0,0.0,0.0439,0.510671,higher feature -> higher survival_target
muscularis_E_original_firstorder_TotalEnergy_mean,muscularis,E,firstorder,TotalEnergy,mean,0.000967,0.000335,0.000947,0.000988,0.346,443,417.5,174.0,463.0,0.0,0.1,-0.0075,0.910421,higher feature -> lower survival_target
muscularis_E_original_firstorder_Energy_mean,muscularis,E,firstorder,Energy,mean,0.000966,0.000332,0.000945,0.000987,0.344,444,419.0,178.8,463.0,0.0,0.1,-0.0075,0.910421,higher feature -> lower survival_target
muscularis_E_original_firstorder_Median_mean,muscularis,E,firstorder,Median,mean,0.000964,0.000312,0.000945,0.000983,0.324,445,417.0,213.9,463.0,0.0,0.1,0.0284,0.670014,higher feature -> higher survival_target
urothelium_E_original_firstorder_Uniformity_mean,urothelium,E,firstorder,Uniformity,mean,0.000959,0.000249,0.000943,0.000974,0.26,446,414.5,227.0,460.0,0.0,0.0,-0.0521,0.43437,higher feature -> lower survival_target
immune_E_original_firstorder_Median_mean,immune,E,firstorder,Median,mean,0.000955,0.000319,0.000935,0.000975,0.334,447,423.0,193.0,463.0,0.0,0.0,0.0535,0.422247,higher feature -> higher survival_target
vessels_E_original_firstorder_Mean_mean,vessels,E,firstorder,Mean,mean,0.000952,0.000299,0.000933,0.00097,0.314,448,418.0,206.9,463.0,0.0,0.0,0.0422,0.527481,higher feature -> higher survival_target
muscularis_E_original_firstorder_Skewness_mean,muscularis,E,firstorder,Skewness,mean,0.00094,0.000304,0.000921,0.000959,0.324,449,426.0,190.0,463.0,0.0,0.0,-0.0273,0.682825,higher feature -> lower survival_target
adipose_E_original_firstorder_RootMeanSquared_mean,adipose,E,firstorder,RootMeanSquared,mean,0.000936,0.000302,0.000917,0.000955,0.323,450,427.0,216.0,463.0,0.0,0.1,-0.0217,0.745487,higher feature -> lower survival_target
muscularis_E_original_firstorder_RootMeanSquared_mean,muscularis,E,firstorder,RootMeanSquared,mean,0.000933,0.000303,0.000914,0.000952,0.325,451,424.0,198.9,463.0,0.0,0.0,0.0115,0.863655,higher feature -> higher survival_target
adipose_E_original_firstorder_TotalEnergy_mean,adipose,E,firstorder,TotalEnergy,mean,0.000933,0.000308,0.000914,0.000952,0.33,452,425.0,215.9,463.0,0.0,0.2,-0.0222,0.739511,higher feature -> lower survival_target
adipose_E_original_firstorder_Energy_mean,adipose,E,firstorder,Energy,mean,0.000928,0.00029,0.00091,0.000946,0.313,453,425.0,218.9,463.0,0.0,0.0,-0.0222,0.739511,higher feature -> lower survival_target
vessels_E_original_firstorder_Energy_mean,vessels,E,firstorder,Energy,mean,0.000924,0.000279,0.000907,0.000941,0.302,454,424.0,226.9,463.0,0.0,0.0,0.0106,0.873298,higher feature -> higher survival_target
vessels_E_original_firstorder_TotalEnergy_mean,vessels,E,firstorder,TotalEnergy,mean,0.000922,0.000274,0.000905,0.000939,0.298,455,424.0,213.0,462.0,0.0,0.0,0.0106,0.873298,higher feature -> higher survival_target
urothelium_E_original_firstorder_Entropy_mean,urothelium,E,firstorder,Entropy,mean,0.000912,0.000255,0.000896,0.000928,0.28,456,425.0,227.0,463.0,0.0,0.0,0.0433,0.516077,higher feature -> higher survival_target
vessels_E_original_firstorder_Entropy_mean,vessels,E,firstorder,Entropy,mean,0.000899,0.00027,0.000883,0.000916,0.3,457,432.0,238.0,463.0,0.0,0.0,0.0592,0.374615,higher feature -> higher survival_target
immune_E_original_firstorder_Mean_mean,immune,E,firstorder,Mean,mean,0.000898,0.000299,0.000879,0.000916,0.333,458,432.0,205.0,463.0,0.0,0.0,0.0587,0.378547,higher feature -> higher survival_target
immune_E_original_firstorder_Energy_mean,immune,E,firstorder,Energy,mean,0.00088,0.000265,0.000863,0.000896,0.301,459,436.0,222.0,463.0,0.0,0.0,0.0448,0.50201,higher feature -> higher survival_target
vessels_E_original_firstorder_90Percentile_mean,vessels,E,firstorder,90Percentile,mean,0.000876,0.000232,0.000862,0.000891,0.265,460,434.0,267.9,462.0,0.0,0.0,0.0262,0.695048,higher feature -> higher survival_target
immune_E_original_firstorder_TotalEnergy_mean,immune,E,firstorder,TotalEnergy,mean,0.000875,0.000272,0.000858,0.000892,0.311,461,436.0,211.9,463.0,0.0,0.0,0.0448,0.50201,higher feature -> higher survival_target
immune_E_original_firstorder_RootMeanSquared_mean,immune,E,firstorder,RootMeanSquared,mean,0.000843,0.000263,0.000827,0.000859,0.312,462,444.0,244.0,464.0,0.0,0.0,0.0517,0.438512,higher feature -> higher survival_target
immune_E_original_firstorder_90Percentile_mean,immune,E,firstorder,90Percentile,mean,0.000836,0.000264,0.00082,0.000852,0.315,463,444.0,264.0,464.0,0.0,0.0,0.0472,0.479037,higher feature -> higher survival_target
vessels_E_original_firstorder_RootMeanSquared_mean,vessels,E,firstorder,RootMeanSquared,mean,0.000794,0.00021,0.000781,0.000807,0.264,464,447.5,306.0,464.0,0.0,0.0,0.03,0.653266,higher feature -> higher survival_target
vessels_E_original_firstorder_Maximum_mean,vessels,E,firstorder,Maximum,mean,0.000182,9.8e-05,0.000176,0.000188,0.536,465,466.0,465.0,468.0,0.0,0.0,0.0888,0.182694,higher feature -> higher survival_target
vessels_E_original_firstorder_Maximum_std,vessels,E,firstorder,Maximum,std,0.000182,9.6e-05,0.000176,0.000188,0.526,466,466.0,465.0,468.0,0.0,0.0,-0.0888,0.182694,higher feature -> lower survival_target
vessels_E_original_firstorder_Range_std,vessels,E,firstorder,Range,std,0.000181,9.8e-05,0.000175,0.000188,0.54,467,466.0,465.0,468.0,0.0,0.0,-0.0888,0.182694,higher feature -> lower survival_target
vessels_E_original_firstorder_Range_mean,vessels,E,firstorder,Range,mean,0.000181,9.6e-05,0.000175,0.000187,0.527,468,467.0,465.0,468.0,0.0,0.0,0.0888,0.182694,higher feature -> higher survival_target
adipose_E_original_firstorder_Range_std,adipose,E,firstorder,Range,std,5e-06,1.3e-05,4e-06,6e-06,2.516,469,476.0,469.0,497.0,0.0,0.0,0.0282,0.672587,higher feature -> higher survival_target
adipose_E_original_firstorder_Range_mean,adipose,E,firstorder,Range,mean,5e-06,1.2e-05,4e-06,6e-06,2.387,470,475.0,469.0,497.0,0.0,0.0,-0.0282,0.672587,higher feature -> lower survival_target
adipose_E_original_firstorder_Maximum_std,adipose,E,firstorder,Maximum,std,5e-06,1.1e-05,4e-06,5e-06,2.303,471,474.0,469.0,496.0,0.0,0.0,0.0282,0.672587,higher feature -> higher survival_target
adipose_E_original_firstorder_Maximum_mean,adipose,E,firstorder,Maximum,mean,5e-06,1.1e-05,4e-06,5e-06,2.415,472,475.0,469.0,496.0,0.0,0.0,-0.0282,0.672587,higher feature -> lower survival_target
tumor_E_original_firstorder_Range_mean,tumor,E,firstorder,Range,mean,2e-06,5e-06,2e-06,2e-06,2.675,473,499.0,469.0,504.0,0.0,0.0,0.0199,0.765545,higher feature -> higher survival_target
tumor_E_original_firstorder_Maximum_std,tumor,E,firstorder,Maximum,std,2e-06,5e-06,2e-06,2e-06,2.713,474,500.0,469.0,504.0,0.0,0.0,-0.0199,0.765545,higher feature -> lower survival_target
tumor_E_original_firstorder_Maximum_mean,tumor,E,firstorder,Maximum,mean,2e-06,5e-06,2e-06,2e-06,2.661,475,500.0,469.0,504.0,0.0,0.0,0.0199,0.765545,higher feature -> higher survival_target
tumor_E_original_firstorder_Range_std,tumor,E,firstorder,Range,std,2e-06,5e-06,1e-06,2e-06,2.693,476,499.0,469.0,504.0,0.0,0.0,-0.0199,0.765545,higher feature -> lower survival_target
urothelium_H_original_firstorder_Maximum_mean,urothelium,H,firstorder,Maximum,mean,2e-06,4e-06,1e-06,2e-06,2.913,477,496.0,469.0,504.0,0.0,0.0,0.066,0.321968,higher feature -> higher survival_target
urothelium_H_original_firstorder_Range_mean,urothelium,H,firstorder,Range,mean,1e-06,4e-06,1e-06,2e-06,3.035,478,495.0,469.0,504.0,0.0,0.0,0.066,0.321968,higher feature -> higher survival_target
urothelium_H_original_firstorder_Maximum_std,urothelium,H,firstorder,Maximum,std,1e-06,4e-06,1e-06,2e-06,3.065,479,496.0,469.0,504.0,0.0,0.0,-0.066,0.321968,higher feature -> lower survival_target
urothelium_H_original_firstorder_Range_std,urothelium,H,firstorder,Range,std,1e-06,4e-06,1e-06,1e-06,3.135,480,495.0,469.0,504.0,0.0,0.0,-0.066,0.321968,higher feature -> lower survival_target
lamina_E_original_firstorder_Range_mean,lamina,E,firstorder,Range,mean,1e-06,5e-06,1e-06,1e-06,5.525,481,485.0,470.0,501.0,0.0,0.0,0.0766,0.250357,higher feature -> higher survival_target
lamina_E_original_firstorder_Maximum_std,lamina,E,firstorder,Maximum,std,1e-06,6e-06,1e-06,1e-06,6.448,482,486.0,470.0,501.0,0.0,0.0,-0.0766,0.250357,higher feature -> lower survival_target
lamina_E_original_firstorder_Maximum_mean,lamina,E,firstorder,Maximum,mean,1e-06,5e-06,1e-06,1e-06,6.089,483,486.0,470.0,501.0,0.0,0.0,0.0766,0.250357,higher feature -> higher survival_target
lamina_E_original_firstorder_Range_std,lamina,E,firstorder,Range,std,1e-06,5e-06,1e-06,1e-06,5.661,484,485.0,470.0,501.0,0.0,0.0,-0.0766,0.250357,higher feature -> lower survival_target
necrosis_E_original_firstorder_Maximum_std,necrosis,E,firstorder,Maximum,std,0.0,2e-06,0.0,1e-06,5.01,485,481.0,471.0,496.0,0.0,0.0,-0.0026,0.969009,higher feature -> lower survival_target
necrosis_E_original_firstorder_Range_mean,necrosis,E,firstorder,Range,mean,0.0,2e-06,0.0,1e-06,5.234,486,482.0,471.0,497.0,0.0,0.0,0.0026,0.969009,higher feature -> higher survival_target
necrosis_E_original_firstorder_Range_std,necrosis,E,firstorder,Range,std,0.0,2e-06,0.0,0.0,4.934,487,482.0,471.0,497.0,0.0,0.0,-0.0026,0.969009,higher feature -> lower survival_target
necrosis_E_original_firstorder_Maximum_mean,necrosis,E,firstorder,Maximum,mean,0.0,1e-06,0.0,0.0,4.281,488,481.0,470.0,497.0,0.0,0.0,0.0026,0.969009,higher feature -> higher survival_target
vessels_H_original_firstorder_Range_mean,vessels,H,firstorder,Range,mean,0.0,1e-06,0.0,0.0,6.291,489,499.0,473.0,504.0,0.0,0.0,0.0532,0.424973,higher feature -> higher survival_target
vessels_H_original_firstorder_Range_std,vessels,H,firstorder,Range,std,0.0,1e-06,0.0,0.0,7.349,490,498.0,474.0,504.0,0.0,0.0,-0.0532,0.424656,higher feature -> lower survival_target
vessels_H_original_firstorder_Maximum_std,vessels,H,firstorder,Maximum,std,0.0,1e-06,0.0,0.0,6.157,491,493.0,472.0,504.0,0.0,0.0,-0.0532,0.424656,higher feature -> lower survival_target
vessels_H_original_firstorder_Maximum_mean,vessels,H,firstorder,Maximum,mean,0.0,1e-06,0.0,0.0,6.587,492,493.0,472.0,504.0,0.0,0.0,0.0532,0.424973,higher feature -> higher survival_target
immune_E_original_firstorder_Maximum_mean,immune,E,firstorder,Maximum,mean,0.0,0.0,0.0,0.0,9.303,493,486.0,472.0,500.0,0.0,0.0,-0.0308,0.644266,higher feature -> lower survival_target
immune_E_original_firstorder_Range_mean,immune,E,firstorder,Range,mean,0.0,0.0,0.0,0.0,15.011,494,488.0,472.0,503.0,0.0,0.0,-0.0308,0.644266,higher feature -> lower survival_target
immune_E_original_firstorder_Range_std,immune,E,firstorder,Range,std,0.0,0.0,0.0,0.0,13.987,495,488.0,473.0,502.0,0.0,0.0,0.0308,0.644266,higher feature -> higher survival_target
immune_E_original_firstorder_Maximum_std,immune,E,firstorder,Maximum,std,0.0,0.0,-0.0,0.0,22.635,496,486.0,472.0,500.0,0.0,0.0,0.0308,0.644266,higher feature -> higher survival_target
immune_H_original_firstorder_Range_mean,immune,H,firstorder,Range,mean,0.0,0.0,0.0,0.0,,497,483.0,472.0,498.0,0.0,0.0,,,undetermined
immune_H_original_firstorder_Range_std,immune,H,firstorder,Range,std,0.0,0.0,0.0,0.0,,498,483.0,471.0,497.0,0.0,0.0,,,undetermined
immune_H_original_firstorder_Maximum_mean,immune,H,firstorder,Maximum,mean,0.0,0.0,0.0,0.0,,499,483.0,471.0,498.0,0.0,0.0,,,undetermined
immune_H_original_firstorder_Maximum_std,immune,H,firstorder,Maximum,std,0.0,0.0,0.0,0.0,,500,483.0,471.0,498.0,0.0,0.0,,,undetermined
lamina_H_original_firstorder_Range_mean,lamina,H,firstorder,Range,mean,0.0,0.0,0.0,0.0,,501,489.0,473.0,502.0,0.0,0.0,,,undetermined
lamina_H_original_firstorder_Range_std,lamina,H,firstorder,Range,std,0.0,0.0,0.0,0.0,,502,488.0,473.0,501.0,0.0,0.0,,,undetermined
lamina_H_original_firstorder_Maximum_mean,lamina,H,firstorder,Maximum,mean,0.0,0.0,0.0,0.0,,503,489.0,473.0,502.0,0.0,0.0,,,undetermined
lamina_H_original_firstorder_Maximum_std,lamina,H,firstorder,Maximum,std,0.0,0.0,0.0,0.0,,504,489.0,473.0,501.0,0.0,0.0,,,undetermined
