feature,region,channel,feature_class,metric,stat,mean_importance,std_importance,ci_lo,ci_hi,cv,rank,median_rank,rank_q025,rank_q975,top20_pct,top50_pct,spearman_rho,spearman_p_value,direction
adipose_H_original_firstorder_Uniformity_mean,adipose,H,firstorder,Uniformity,mean,0.01419,0.004459,0.013913,0.014466,0.314,1,3.0,1.0,17.0,98.2,99.9,-0.4384,0.0,higher feature -> lower survival_target
adipose_H_original_firstorder_InterquartileRange_mean,adipose,H,firstorder,InterquartileRange,mean,0.013426,0.004354,0.013156,0.013696,0.324,2,4.0,1.0,26.0,96.0,99.7,0.4273,0.0,higher feature -> higher survival_target
adipose_H_original_firstorder_Entropy_mean,adipose,H,firstorder,Entropy,mean,0.012617,0.004005,0.012369,0.012865,0.317,3,5.0,1.0,26.0,95.4,99.8,0.432,0.0,higher feature -> higher survival_target
adipose_H_original_firstorder_RobustMeanAbsoluteDeviation_mean,adipose,H,firstorder,RobustMeanAbsoluteDeviation,mean,0.01178,0.004162,0.011522,0.012038,0.353,4,6.0,1.0,36.0,91.0,99.2,0.4205,0.0,higher feature -> higher survival_target
adipose_H_original_firstorder_Skewness_mean,adipose,H,firstorder,Skewness,mean,0.011636,0.004033,0.011386,0.011886,0.347,5,6.0,1.0,33.0,91.7,99.0,-0.4275,0.0,higher feature -> lower survival_target
adipose_H_original_firstorder_Mean_mean,adipose,H,firstorder,Mean,mean,0.010089,0.0035,0.009872,0.010306,0.347,6,9.0,2.0,40.0,85.9,99.0,0.4232,0.0,higher feature -> higher survival_target
adipose_H_original_firstorder_Kurtosis_mean,adipose,H,firstorder,Kurtosis,mean,0.009026,0.003709,0.008796,0.009255,0.411,7,12.0,2.0,68.0,73.5,94.6,-0.3882,0.0,higher feature -> lower survival_target
adipose_H_original_firstorder_Kurtosis_std,adipose,H,firstorder,Kurtosis,std,0.008877,0.004699,0.008586,0.009169,0.529,8,15.0,1.0,122.1,63.9,88.7,-0.2889,9e-06,higher feature -> lower survival_target
adipose_H_original_firstorder_90Percentile_mean,adipose,H,firstorder,90Percentile,mean,0.008658,0.003273,0.008455,0.00886,0.378,9,13.0,4.0,55.0,72.6,96.5,0.4136,0.0,higher feature -> higher survival_target
adipose_H_original_firstorder_Median_mean,adipose,H,firstorder,Median,mean,0.007279,0.003288,0.007075,0.007483,0.452,10,19.0,3.0,106.0,53.2,87.1,0.4017,0.0,higher feature -> higher survival_target
adipose_H_original_firstorder_TotalEnergy_mean,adipose,H,firstorder,TotalEnergy,mean,0.006981,0.002917,0.0068,0.007162,0.418,11,20.0,4.0,102.0,51.0,88.4,0.3972,0.0,higher feature -> higher survival_target
vessels_H_original_firstorder_Skewness_mean,vessels,H,firstorder,Skewness,mean,0.006974,0.003387,0.006765,0.007184,0.486,12,22.0,2.0,131.1,47.1,83.1,-0.3538,0.0,higher feature -> lower survival_target
adipose_H_original_firstorder_Energy_mean,adipose,H,firstorder,Energy,mean,0.006965,0.002898,0.006786,0.007145,0.416,13,21.0,5.0,94.0,49.3,89.4,0.3972,0.0,higher feature -> higher survival_target
adipose_H_original_firstorder_Median_std,adipose,H,firstorder,Median,std,0.00667,0.003803,0.006434,0.006906,0.57,14,25.0,1.0,165.1,42.8,75.4,0.3538,0.0,higher feature -> higher survival_target
adipose_H_original_firstorder_RootMeanSquared_mean,adipose,H,firstorder,RootMeanSquared,mean,0.006652,0.002613,0.00649,0.006814,0.393,15,23.0,8.0,89.0,45.2,87.6,0.4046,0.0,higher feature -> higher survival_target
muscularis_E_original_firstorder_InterquartileRange_std,muscularis,E,firstorder,InterquartileRange,std,0.006645,0.003836,0.006408,0.006883,0.577,16,25.0,1.0,191.0,41.7,73.4,-0.292,7e-06,higher feature -> lower survival_target
adipose_H_original_firstorder_MeanAbsoluteDeviation_mean,adipose,H,firstorder,MeanAbsoluteDeviation,mean,0.006355,0.002503,0.0062,0.00651,0.394,17,24.0,6.0,94.0,40.8,84.4,0.3977,0.0,higher feature -> higher survival_target
muscularis_E_original_firstorder_RobustMeanAbsoluteDeviation_std,muscularis,E,firstorder,RobustMeanAbsoluteDeviation,std,0.006054,0.003506,0.005837,0.006271,0.579,18,30.0,2.0,190.0,37.1,69.6,-0.2964,5e-06,higher feature -> lower survival_target
muscularis_E_original_firstorder_Variance_std,muscularis,E,firstorder,Variance,std,0.005718,0.003584,0.005496,0.00594,0.627,19,35.0,2.0,254.0,32.4,63.3,-0.2766,2.3e-05,higher feature -> lower survival_target
muscularis_H_original_firstorder_Uniformity_mean,muscularis,H,firstorder,Uniformity,mean,0.005522,0.002834,0.005346,0.005697,0.513,20,32.0,4.0,212.2,29.4,69.8,-0.3651,0.0,higher feature -> lower survival_target
vessels_H_original_firstorder_Uniformity_mean,vessels,H,firstorder,Uniformity,mean,0.005442,0.002839,0.005266,0.005618,0.522,21,34.0,5.0,200.0,28.2,68.1,-0.337,0.0,higher feature -> lower survival_target
vessels_H_original_firstorder_Kurtosis_mean,vessels,H,firstorder,Kurtosis,mean,0.005434,0.003015,0.005248,0.005621,0.555,22,35.0,6.0,212.0,28.7,65.2,-0.3017,4e-06,higher feature -> lower survival_target
lamina_H_original_firstorder_Entropy_mean,lamina,H,firstorder,Entropy,mean,0.005259,0.00282,0.005085,0.005434,0.536,23,36.5,3.0,215.2,26.0,64.5,0.343,0.0,higher feature -> higher survival_target
lamina_H_original_firstorder_Uniformity_mean,lamina,H,firstorder,Uniformity,mean,0.005184,0.002522,0.005028,0.005341,0.486,24,36.0,5.0,185.0,25.2,66.3,-0.356,0.0,higher feature -> lower survival_target
adipose_H_original_firstorder_Variance_mean,adipose,H,firstorder,Variance,mean,0.00518,0.002644,0.005016,0.005344,0.51,25,37.0,6.0,182.3,25.2,66.0,0.3625,0.0,higher feature -> higher survival_target
muscularis_H_original_firstorder_Median_mean,muscularis,H,firstorder,Median,mean,0.004997,0.002878,0.004818,0.005175,0.576,26,42.0,4.0,273.1,22.5,59.6,0.3332,0.0,higher feature -> higher survival_target
vessels_H_original_firstorder_Median_mean,vessels,H,firstorder,Median,mean,0.004944,0.002853,0.004768,0.005121,0.577,27,41.5,4.0,235.0,22.7,58.8,0.309,2e-06,higher feature -> higher survival_target
vessels_H_original_firstorder_InterquartileRange_mean,vessels,H,firstorder,InterquartileRange,mean,0.004869,0.002515,0.004713,0.005025,0.516,28,41.5,8.0,213.0,21.9,58.7,0.3264,0.0,higher feature -> higher survival_target
vessels_H_original_firstorder_Entropy_mean,vessels,H,firstorder,Entropy,mean,0.004621,0.002482,0.004468,0.004775,0.537,29,45.0,8.0,247.0,17.4,54.7,0.3228,1e-06,higher feature -> higher survival_target
muscularis_H_original_firstorder_Kurtosis_std,muscularis,H,firstorder,Kurtosis,std,0.004619,0.003004,0.004433,0.004805,0.65,30,53.0,3.0,282.0,21.3,47.8,-0.257,8.7e-05,higher feature -> lower survival_target
muscularis_H_original_firstorder_Entropy_mean,muscularis,H,firstorder,Entropy,mean,0.004618,0.002396,0.00447,0.004767,0.519,31,44.0,8.0,259.1,16.8,58.0,0.3598,0.0,higher feature -> higher survival_target
lamina_H_original_firstorder_Median_mean,lamina,H,firstorder,Median,mean,0.004574,0.002457,0.004421,0.004726,0.537,32,45.0,7.0,276.0,17.4,55.5,0.3356,0.0,higher feature -> higher survival_target
immune_H_original_firstorder_Kurtosis_std,immune,H,firstorder,Kurtosis,std,0.004525,0.003196,0.004327,0.004723,0.706,33,54.0,2.0,365.0,20.8,47.4,-0.2395,0.000262,higher feature -> lower survival_target
adipose_H_original_firstorder_Skewness_std,adipose,H,firstorder,Skewness,std,0.00447,0.002677,0.004305,0.004636,0.599,34,51.0,8.0,239.0,17.3,49.5,-0.3029,3e-06,higher feature -> lower survival_target
lamina_H_original_firstorder_Mean_mean,lamina,H,firstorder,Mean,mean,0.00431,0.002251,0.00417,0.00445,0.522,35,50.0,8.0,278.0,14.3,50.3,0.34,0.0,higher feature -> higher survival_target
muscularis_H_original_firstorder_Mean_mean,muscularis,H,firstorder,Mean,mean,0.004281,0.00231,0.004138,0.004424,0.54,36,50.0,10.0,295.2,12.0,50.2,0.3532,0.0,higher feature -> higher survival_target
muscularis_H_original_firstorder_InterquartileRange_mean,muscularis,H,firstorder,InterquartileRange,mean,0.004211,0.002252,0.004071,0.00435,0.535,37,52.0,10.0,268.1,13.5,48.8,0.358,0.0,higher feature -> higher survival_target
adipose_H_original_firstorder_Mean_std,adipose,H,firstorder,Mean,std,0.00421,0.002593,0.004049,0.004371,0.616,38,55.0,6.0,312.0,15.4,46.5,0.3252,1e-06,higher feature -> higher survival_target
muscularis_E_original_firstorder_MeanAbsoluteDeviation_std,muscularis,E,firstorder,MeanAbsoluteDeviation,std,0.004104,0.002629,0.003942,0.004267,0.641,39,60.0,5.0,291.0,14.3,43.3,-0.2655,4.9e-05,higher feature -> lower survival_target
lamina_H_original_firstorder_Skewness_std,lamina,H,firstorder,Skewness,std,0.004062,0.002503,0.003907,0.004217,0.616,40,60.0,7.0,280.1,13.9,42.6,-0.3007,4e-06,higher feature -> lower survival_target
muscularis_H_original_firstorder_Skewness_mean,muscularis,H,firstorder,Skewness,mean,0.004059,0.002369,0.003912,0.004206,0.584,41,57.0,8.0,293.0,11.1,43.6,-0.3443,0.0,higher feature -> lower survival_target
adipose_H_original_firstorder_InterquartileRange_std,adipose,H,firstorder,InterquartileRange,std,0.004041,0.002794,0.003868,0.004214,0.691,42,65.0,5.0,348.0,15.9,40.4,0.2887,9e-06,higher feature -> higher survival_target
lamina_H_original_firstorder_Kurtosis_std,lamina,H,firstorder,Kurtosis,std,0.003924,0.002494,0.00377,0.004079,0.636,43,65.5,7.0,330.3,15.3,40.2,-0.2718,3.2e-05,higher feature -> lower survival_target
muscularis_H_original_firstorder_RootMeanSquared_mean,muscularis,H,firstorder,RootMeanSquared,mean,0.003882,0.002081,0.003753,0.004011,0.536,44,59.0,12.0,330.1,9.0,41.2,0.3503,0.0,higher feature -> higher survival_target
vessels_H_original_firstorder_Mean_mean,vessels,H,firstorder,Mean,mean,0.003862,0.002203,0.003725,0.003998,0.571,45,62.0,11.0,300.1,9.6,41.0,0.2991,4e-06,higher feature -> higher survival_target
muscularis_H_original_firstorder_Kurtosis_mean,muscularis,H,firstorder,Kurtosis,mean,0.003847,0.002277,0.003706,0.003988,0.592,46,62.0,7.0,322.0,11.2,39.5,-0.3156,1e-06,higher feature -> lower survival_target
urothelium_E_original_firstorder_90Percentile_std,urothelium,E,firstorder,90Percentile,std,0.003715,0.002324,0.003571,0.003859,0.626,47,68.0,7.0,337.0,11.8,36.8,-0.2155,0.001059,higher feature -> lower survival_target
vessels_H_original_firstorder_RobustMeanAbsoluteDeviation_mean,vessels,H,firstorder,RobustMeanAbsoluteDeviation,mean,0.003652,0.002122,0.003521,0.003784,0.581,48,69.0,13.0,311.0,8.1,36.6,0.3155,1e-06,higher feature -> higher survival_target
necrosis_E_original_firstorder_InterquartileRange_std,necrosis,E,firstorder,InterquartileRange,std,0.003584,0.001684,0.00348,0.003689,0.47,49,64.0,14.0,242.0,7.5,36.5,-0.0965,0.146204,higher feature -> lower survival_target
urothelium_E_original_firstorder_RootMeanSquared_std,urothelium,E,firstorder,RootMeanSquared,std,0.003546,0.002111,0.003416,0.003677,0.595,50,72.0,11.0,304.0,8.1,36.1,-0.233,0.000389,higher feature -> lower survival_target
muscularis_E_original_firstorder_10Percentile_mean,muscularis,E,firstorder,10Percentile,mean,0.003504,0.001921,0.003385,0.003623,0.548,51,71.5,9.0,273.0,9.0,34.5,0.1616,0.014573,higher feature -> higher survival_target
lamina_H_original_firstorder_10Percentile_mean,lamina,H,firstorder,10Percentile,mean,0.0035,0.00233,0.003355,0.003644,0.666,52,80.0,9.0,358.0,9.8,32.2,0.2233,0.000684,higher feature -> higher survival_target
muscularis_H_original_firstorder_90Percentile_mean,muscularis,H,firstorder,90Percentile,mean,0.003485,0.00183,0.003371,0.003598,0.525,53,74.5,15.0,323.0,4.7,34.2,0.3457,0.0,higher feature -> higher survival_target
muscularis_H_original_firstorder_RobustMeanAbsoluteDeviation_mean,muscularis,H,firstorder,RobustMeanAbsoluteDeviation,mean,0.003452,0.001858,0.003337,0.003567,0.538,54,74.0,15.0,316.0,5.7,33.1,0.3504,0.0,higher feature -> higher survival_target
muscularis_H_original_firstorder_Energy_mean,muscularis,H,firstorder,Energy,mean,0.003429,0.001759,0.00332,0.003538,0.513,55,74.0,17.0,345.1,4.7,32.0,0.3494,0.0,higher feature -> higher survival_target
muscularis_H_original_firstorder_TotalEnergy_mean,muscularis,H,firstorder,TotalEnergy,mean,0.003407,0.00176,0.003298,0.003516,0.517,56,75.5,17.0,350.1,4.3,33.0,0.3494,0.0,higher feature -> higher survival_target
muscularis_H_original_firstorder_10Percentile_std,muscularis,H,firstorder,10Percentile,std,0.003352,0.002354,0.003206,0.003497,0.702,57,90.0,9.0,394.0,9.7,28.1,0.2308,0.000444,higher feature -> higher survival_target
vessels_H_original_firstorder_MeanAbsoluteDeviation_mean,vessels,H,firstorder,MeanAbsoluteDeviation,mean,0.003339,0.002043,0.003212,0.003466,0.612,58,80.0,14.0,387.0,5.9,30.8,0.2914,8e-06,higher feature -> higher survival_target
tumor_H_original_firstorder_Kurtosis_std,tumor,H,firstorder,Kurtosis,std,0.003263,0.001935,0.003143,0.003382,0.593,59,87.0,12.0,287.0,7.8,26.2,-0.1949,0.00313,higher feature -> lower survival_target
immune_H_original_firstorder_Skewness_std,immune,H,firstorder,Skewness,std,0.003213,0.002124,0.003082,0.003345,0.661,60,89.0,10.0,362.0,7.3,27.6,-0.2758,2.4e-05,higher feature -> lower survival_target
adipose_H_original_firstorder_10Percentile_mean,adipose,H,firstorder,10Percentile,mean,0.003189,0.001975,0.003067,0.003312,0.619,61,89.0,14.0,361.0,5.9,26.5,0.2979,5e-06,higher feature -> higher survival_target
lamina_H_original_firstorder_InterquartileRange_std,lamina,H,firstorder,InterquartileRange,std,0.003145,0.001398,0.003058,0.003232,0.445,62,77.0,17.0,277.0,4.1,25.8,-0.0828,0.213045,higher feature -> lower survival_target
necrosis_E_original_firstorder_Entropy_std,necrosis,E,firstorder,Entropy,std,0.003114,0.001452,0.003024,0.003204,0.466,63,80.0,17.0,323.0,3.6,26.0,0.0003,0.996737,higher feature -> higher survival_target
vessels_H_original_firstorder_Kurtosis_std,vessels,H,firstorder,Kurtosis,std,0.003103,0.001908,0.002985,0.003222,0.615,64,96.5,10.0,351.0,7.4,24.2,-0.1783,0.006961,higher feature -> lower survival_target
necrosis_E_original_firstorder_RobustMeanAbsoluteDeviation_std,necrosis,E,firstorder,RobustMeanAbsoluteDeviation,std,0.003059,0.001503,0.002966,0.003152,0.491,65,87.0,18.0,279.0,3.6,24.7,-0.0946,0.154513,higher feature -> lower survival_target
lamina_H_original_firstorder_RobustMeanAbsoluteDeviation_std,lamina,H,firstorder,RobustMeanAbsoluteDeviation,std,0.003054,0.001322,0.002972,0.003136,0.433,66,82.0,19.0,278.1,2.9,24.2,-0.0877,0.187001,higher feature -> lower survival_target
muscularis_H_original_firstorder_Median_std,muscularis,H,firstorder,Median,std,0.003045,0.001899,0.002927,0.003163,0.623,67,99.0,14.0,367.0,5.0,23.9,0.2932,7e-06,higher feature -> higher survival_target
muscularis_H_original_firstorder_10Percentile_mean,muscularis,H,firstorder,10Percentile,mean,0.003002,0.00204,0.002876,0.003129,0.68,68,108.0,11.0,385.0,7.0,22.9,0.2161,0.001024,higher feature -> higher survival_target
lamina_H_original_firstorder_MeanAbsoluteDeviation_std,lamina,H,firstorder,MeanAbsoluteDeviation,std,0.002965,0.001494,0.002873,0.003058,0.504,69,92.0,16.0,313.0,3.7,21.1,-0.1229,0.063893,higher feature -> lower survival_target
necrosis_H_original_firstorder_InterquartileRange_std,necrosis,H,firstorder,InterquartileRange,std,0.002936,0.001323,0.002854,0.003018,0.45,70,88.0,20.0,274.0,2.6,21.7,-0.0709,0.286297,higher feature -> lower survival_target
urothelium_E_original_firstorder_Mean_std,urothelium,E,firstorder,Mean,std,0.002906,0.001583,0.002808,0.003004,0.545,71,98.0,17.0,332.0,4.2,21.2,-0.2162,0.001019,higher feature -> lower survival_target
urothelium_E_original_firstorder_Median_std,urothelium,E,firstorder,Median,std,0.002903,0.001446,0.002813,0.002992,0.498,72,95.0,19.0,295.1,3.8,20.3,-0.2055,0.001812,higher feature -> lower survival_target
vessels_H_original_firstorder_90Percentile_mean,vessels,H,firstorder,90Percentile,mean,0.00289,0.001657,0.002788,0.002993,0.573,73,101.0,20.0,388.1,2.9,21.8,0.3006,4e-06,higher feature -> higher survival_target
immune_H_original_firstorder_InterquartileRange_mean,immune,H,firstorder,InterquartileRange,mean,0.002828,0.001638,0.002726,0.002929,0.579,74,104.5,17.0,368.0,4.0,19.7,0.3002,4e-06,higher feature -> higher survival_target
immune_H_original_firstorder_Uniformity_mean,immune,H,firstorder,Uniformity,mean,0.002793,0.001621,0.002692,0.002893,0.58,75,107.0,19.0,360.1,3.1,18.6,-0.3108,2e-06,higher feature -> lower survival_target
necrosis_E_original_firstorder_MeanAbsoluteDeviation_std,necrosis,E,firstorder,MeanAbsoluteDeviation,std,0.002751,0.00112,0.002682,0.00282,0.407,76,98.0,26.0,289.0,1.1,15.3,-0.073,0.272439,higher feature -> lower survival_target
adipose_H_original_firstorder_TotalEnergy_std,adipose,H,firstorder,TotalEnergy,std,0.002739,0.001777,0.002629,0.002849,0.649,77,118.0,16.0,419.0,4.3,20.5,0.2874,1e-05,higher feature -> higher survival_target
adipose_H_original_firstorder_Energy_std,adipose,H,firstorder,Energy,std,0.002739,0.001806,0.002627,0.002851,0.659,78,121.5,16.0,420.1,5.3,20.3,0.2874,1e-05,higher feature -> higher survival_target
necrosis_E_original_firstorder_Variance_std,necrosis,E,firstorder,Variance,std,0.002736,0.001142,0.002665,0.002806,0.417,79,100.0,25.0,279.0,1.2,15.1,-0.04,0.548044,higher feature -> lower survival_target
lamina_E_original_firstorder_RobustMeanAbsoluteDeviation_std,lamina,E,firstorder,RobustMeanAbsoluteDeviation,std,0.002723,0.001733,0.002615,0.00283,0.637,80,120.0,15.0,395.0,4.7,19.5,-0.2407,0.000244,higher feature -> lower survival_target
lamina_H_original_firstorder_InterquartileRange_mean,lamina,H,firstorder,InterquartileRange,mean,0.002682,0.001528,0.002587,0.002776,0.57,81,116.0,19.0,387.0,3.0,17.3,0.2891,9e-06,higher feature -> higher survival_target
urothelium_E_original_firstorder_Entropy_std,urothelium,E,firstorder,Entropy,std,0.002645,0.001672,0.002541,0.002748,0.632,82,123.0,17.0,387.0,3.5,16.4,-0.1471,0.026321,higher feature -> lower survival_target
lamina_E_original_firstorder_InterquartileRange_std,lamina,E,firstorder,InterquartileRange,std,0.00262,0.001638,0.002519,0.002722,0.625,83,129.0,17.0,402.0,4.1,17.1,-0.2297,0.000471,higher feature -> lower survival_target
necrosis_H_original_firstorder_MeanAbsoluteDeviation_std,necrosis,H,firstorder,MeanAbsoluteDeviation,std,0.002619,0.001175,0.002546,0.002692,0.449,84,106.0,27.0,329.0,1.1,13.2,-0.0937,0.158487,higher feature -> lower survival_target
necrosis_H_original_firstorder_90Percentile_std,necrosis,H,firstorder,90Percentile,std,0.002614,0.001101,0.002546,0.002682,0.421,85,107.0,25.0,315.0,1.2,13.1,-0.0656,0.324165,higher feature -> lower survival_target
lamina_E_original_firstorder_10Percentile_mean,lamina,E,firstorder,10Percentile,mean,0.002608,0.001292,0.002528,0.002688,0.495,86,109.0,21.0,362.0,2.5,16.6,0.0971,0.143944,higher feature -> higher survival_target
necrosis_H_original_firstorder_RobustMeanAbsoluteDeviation_std,necrosis,H,firstorder,RobustMeanAbsoluteDeviation,std,0.00259,0.001055,0.002525,0.002656,0.407,87,106.0,29.0,305.0,1.1,13.2,-0.0684,0.303444,higher feature -> lower survival_target
adipose_H_original_firstorder_10Percentile_std,adipose,H,firstorder,10Percentile,std,0.002576,0.001631,0.002475,0.002677,0.633,88,134.0,18.0,389.0,3.6,16.4,0.2547,0.000101,higher feature -> higher survival_target
tumor_H_original_firstorder_10Percentile_mean,tumor,H,firstorder,10Percentile,mean,0.002553,0.001612,0.002453,0.002653,0.632,89,131.5,17.0,358.0,3.1,12.5,0.1105,0.096121,higher feature -> higher survival_target
necrosis_H_original_firstorder_RootMeanSquared_std,necrosis,H,firstorder,RootMeanSquared,std,0.002552,0.00121,0.002477,0.002627,0.474,90,114.0,23.0,335.1,1.7,13.8,-0.0178,0.789407,higher feature -> lower survival_target
muscularis_E_original_firstorder_Median_std,muscularis,E,firstorder,Median,std,0.002528,0.001466,0.002437,0.002619,0.58,91,127.0,25.0,380.0,1.6,14.2,-0.2287,0.0005,higher feature -> lower survival_target
vessels_H_original_firstorder_RootMeanSquared_mean,vessels,H,firstorder,RootMeanSquared,mean,0.002527,0.001428,0.002439,0.002616,0.565,92,130.5,25.0,406.0,1.5,15.4,0.2736,2.8e-05,higher feature -> higher survival_target
lamina_H_original_firstorder_Skewness_mean,lamina,H,firstorder,Skewness,mean,0.002524,0.001324,0.002442,0.002606,0.525,93,123.5,24.0,365.0,1.6,15.0,-0.29,9e-06,higher feature -> lower survival_target
immune_H_original_firstorder_Entropy_mean,immune,H,firstorder,Entropy,mean,0.002517,0.001392,0.00243,0.002603,0.553,94,130.5,22.0,389.0,2.1,14.1,0.301,4e-06,higher feature -> higher survival_target
muscularis_E_original_firstorder_RobustMeanAbsoluteDeviation_mean,muscularis,E,firstorder,RobustMeanAbsoluteDeviation,mean,0.002516,0.001117,0.002446,0.002585,0.444,95,113.0,25.0,330.0,1.3,11.2,-0.1699,0.010171,higher feature -> lower survival_target
urothelium_E_original_firstorder_Kurtosis_mean,urothelium,E,firstorder,Kurtosis,mean,0.002465,0.001417,0.002377,0.002552,0.575,96,137.0,21.0,391.1,2.5,13.4,-0.1364,0.039617,higher feature -> lower survival_target
necrosis_E_original_firstorder_RootMeanSquared_std,necrosis,E,firstorder,RootMeanSquared,std,0.002386,0.001107,0.002317,0.002455,0.464,97,133.0,26.0,332.0,1.4,10.4,0.0127,0.84924,higher feature -> higher survival_target
muscularis_H_original_firstorder_MeanAbsoluteDeviation_mean,muscularis,H,firstorder,MeanAbsoluteDeviation,mean,0.002373,0.001247,0.002296,0.00245,0.526,98,141.0,25.0,405.0,0.8,12.1,0.321,1e-06,higher feature -> higher survival_target
necrosis_E_original_firstorder_90Percentile_std,necrosis,E,firstorder,90Percentile,std,0.002361,0.001031,0.002297,0.002425,0.437,99,129.5,31.0,355.0,0.6,9.6,0.0227,0.733245,higher feature -> higher survival_target
lamina_E_original_firstorder_Variance_std,lamina,E,firstorder,Variance,std,0.002334,0.001339,0.002251,0.002417,0.574,100,152.0,23.0,407.0,1.9,10.2,-0.2029,0.002078,higher feature -> lower survival_target
adipose_H_original_firstorder_RootMeanSquared_std,adipose,H,firstorder,RootMeanSquared,std,0.002328,0.001427,0.00224,0.002417,0.613,101,150.0,23.0,420.0,1.9,12.2,0.2626,6e-05,higher feature -> higher survival_target
lamina_H_original_firstorder_90Percentile_std,lamina,H,firstorder,90Percentile,std,0.002318,0.000958,0.002259,0.002378,0.413,102,134.0,38.0,362.0,0.3,8.0,-0.0734,0.269714,higher feature -> lower survival_target
muscularis_H_original_firstorder_Skewness_std,muscularis,H,firstorder,Skewness,std,0.002305,0.001258,0.002227,0.002383,0.546,103,149.0,25.0,373.0,1.7,9.2,-0.2463,0.000172,higher feature -> lower survival_target
muscularis_H_original_firstorder_Mean_std,muscularis,H,firstorder,Mean,std,0.00228,0.001444,0.00219,0.002369,0.634,104,161.0,21.0,412.0,2.2,10.3,0.2584,7.9e-05,higher feature -> higher survival_target
muscularis_E_original_firstorder_InterquartileRange_mean,muscularis,E,firstorder,InterquartileRange,mean,0.002278,0.000975,0.002218,0.002339,0.428,105,134.5,32.0,369.0,0.2,7.8,-0.1622,0.014222,higher feature -> lower survival_target
vessels_E_original_firstorder_RobustMeanAbsoluteDeviation_std,vessels,E,firstorder,RobustMeanAbsoluteDeviation,std,0.002269,0.001237,0.002193,0.002346,0.545,106,152.5,26.0,401.0,1.2,10.5,-0.1228,0.064065,higher feature -> lower survival_target
immune_H_original_firstorder_Skewness_mean,immune,H,firstorder,Skewness,mean,0.002242,0.001051,0.002177,0.002307,0.469,107,149.0,30.0,373.0,0.6,9.2,-0.2785,2e-05,higher feature -> lower survival_target
urothelium_H_original_firstorder_Kurtosis_std,urothelium,H,firstorder,Kurtosis,std,0.002233,0.001354,0.002149,0.002317,0.607,108,168.5,21.0,412.1,2.4,11.4,-0.1638,0.01326,higher feature -> lower survival_target
immune_H_original_firstorder_Kurtosis_mean,immune,H,firstorder,Kurtosis,mean,0.002231,0.00132,0.002149,0.002313,0.592,109,165.0,26.0,382.0,1.3,9.6,-0.2594,7.4e-05,higher feature -> lower survival_target
necrosis_H_original_firstorder_Mean_std,necrosis,H,firstorder,Mean,std,0.002216,0.000931,0.002158,0.002274,0.42,110,142.5,35.0,351.0,0.2,7.4,0.0299,0.653552,higher feature -> higher survival_target
lamina_H_original_firstorder_RootMeanSquared_mean,lamina,H,firstorder,RootMeanSquared,mean,0.002214,0.001285,0.002134,0.002293,0.58,111,162.0,29.0,430.0,1.2,10.0,0.3049,3e-06,higher feature -> higher survival_target
vessels_E_original_firstorder_10Percentile_mean,vessels,E,firstorder,10Percentile,mean,0.002202,0.001161,0.002131,0.002274,0.527,112,156.5,27.0,390.0,1.6,9.3,0.0984,0.138679,higher feature -> higher survival_target
urothelium_E_original_firstorder_Skewness_mean,urothelium,E,firstorder,Skewness,mean,0.0022,0.000999,0.002138,0.002262,0.454,113,145.5,33.0,373.1,0.4,7.8,-0.0856,0.197888,higher feature -> lower survival_target
vessels_H_original_firstorder_TotalEnergy_mean,vessels,H,firstorder,TotalEnergy,mean,0.00219,0.001297,0.002109,0.00227,0.592,114,169.0,26.0,424.0,1.3,9.9,0.2649,5.1e-05,higher feature -> higher survival_target
adipose_H_original_firstorder_RobustMeanAbsoluteDeviation_std,adipose,H,firstorder,RobustMeanAbsoluteDeviation,std,0.002187,0.001375,0.002102,0.002272,0.629,115,180.0,23.0,434.0,1.7,12.6,0.2542,0.000104,higher feature -> higher survival_target
vessels_H_original_firstorder_Energy_mean,vessels,H,firstorder,Energy,mean,0.002175,0.001275,0.002096,0.002254,0.586,116,176.0,27.0,429.0,1.2,10.4,0.2649,5.1e-05,higher feature -> higher survival_target
urothelium_E_original_firstorder_Skewness_std,urothelium,E,firstorder,Skewness,std,0.002166,0.001095,0.002098,0.002234,0.506,117,160.0,34.0,403.0,0.7,7.6,-0.1278,0.053998,higher feature -> lower survival_target
necrosis_E_original_firstorder_Variance_mean,necrosis,E,firstorder,Variance,mean,0.002157,0.000977,0.002097,0.002218,0.453,118,149.0,38.9,386.0,0.8,6.0,0.007,0.916194,higher feature -> higher survival_target
tumor_H_original_firstorder_RootMeanSquared_std,tumor,H,firstorder,RootMeanSquared,std,0.002131,0.000943,0.002073,0.00219,0.443,119,156.0,37.0,379.0,0.5,6.2,0.0354,0.595008,higher feature -> higher survival_target
muscularis_E_original_firstorder_Variance_mean,muscularis,E,firstorder,Variance,mean,0.002117,0.000905,0.002061,0.002174,0.428,120,153.0,37.0,381.0,0.4,6.0,-0.1599,0.015627,higher feature -> lower survival_target
necrosis_E_original_firstorder_Mean_std,necrosis,E,firstorder,Mean,std,0.002115,0.000728,0.00207,0.00216,0.344,121,146.5,47.0,327.0,0.0,3.7,0.0228,0.7321,higher feature -> higher survival_target
necrosis_E_original_firstorder_10Percentile_mean,necrosis,E,firstorder,10Percentile,mean,0.002099,0.001058,0.002033,0.002165,0.504,122,165.0,31.0,406.0,0.9,7.4,0.1197,0.071125,higher feature -> higher survival_target
lamina_H_original_firstorder_10Percentile_std,lamina,H,firstorder,10Percentile,std,0.002091,0.001233,0.002014,0.002167,0.59,123,188.0,28.9,408.0,1.2,8.2,0.2027,0.002096,higher feature -> higher survival_target
tumor_E_original_firstorder_MeanAbsoluteDeviation_std,tumor,E,firstorder,MeanAbsoluteDeviation,std,0.00208,0.000787,0.002031,0.002129,0.378,124,152.0,46.0,362.0,0.3,3.7,0.0014,0.983527,higher feature -> higher survival_target
tumor_H_original_firstorder_Mean_std,tumor,H,firstorder,Mean,std,0.002076,0.000817,0.002026,0.002127,0.393,125,156.0,43.0,368.1,0.1,4.0,0.0476,0.474575,higher feature -> higher survival_target
vessels_H_original_firstorder_Median_std,vessels,H,firstorder,Median,std,0.002075,0.001209,0.002,0.00215,0.583,126,180.0,29.0,430.0,1.4,9.4,0.2266,0.000565,higher feature -> higher survival_target
necrosis_H_original_firstorder_Kurtosis_mean,necrosis,H,firstorder,Kurtosis,mean,0.002063,0.000734,0.002018,0.002109,0.356,127,154.0,46.0,350.0,0.0,4.0,-0.1083,0.102914,higher feature -> lower survival_target
necrosis_H_original_firstorder_Median_mean,necrosis,H,firstorder,Median,mean,0.00206,0.000932,0.002002,0.002118,0.452,128,168.0,37.0,378.1,0.3,5.8,0.2007,0.002327,higher feature -> higher survival_target
necrosis_H_original_firstorder_10Percentile_std,necrosis,H,firstorder,10Percentile,std,0.002055,0.000877,0.002001,0.00211,0.427,129,159.0,37.0,384.0,0.5,5.3,0.0477,0.473385,higher feature -> higher survival_target
urothelium_E_original_firstorder_InterquartileRange_std,urothelium,E,firstorder,InterquartileRange,std,0.002046,0.000966,0.001986,0.002106,0.472,130,170.0,41.0,397.0,0.5,5.4,-0.0936,0.158727,higher feature -> lower survival_target
necrosis_H_original_firstorder_Skewness_mean,necrosis,H,firstorder,Skewness,mean,0.002044,0.000812,0.001993,0.002094,0.397,131,158.0,41.0,365.0,0.1,4.1,-0.1265,0.056455,higher feature -> lower survival_target
tumor_H_original_firstorder_Kurtosis_mean,tumor,H,firstorder,Kurtosis,mean,0.002043,0.00101,0.001981,0.002106,0.494,132,170.5,34.0,383.0,0.8,5.4,-0.1927,0.003486,higher feature -> lower survival_target
adipose_E_original_firstorder_InterquartileRange_std,adipose,E,firstorder,InterquartileRange,std,0.002041,0.001209,0.001966,0.002116,0.592,133,189.0,25.0,425.0,1.3,7.8,-0.1817,0.005939,higher feature -> lower survival_target
necrosis_H_original_firstorder_Uniformity_mean,necrosis,H,firstorder,Uniformity,mean,0.002036,0.001117,0.001967,0.002105,0.549,134,189.0,29.0,406.0,0.8,7.2,-0.2062,0.001749,higher feature -> lower survival_target
lamina_H_original_firstorder_RobustMeanAbsoluteDeviation_mean,lamina,H,firstorder,RobustMeanAbsoluteDeviation,mean,0.002035,0.001136,0.001965,0.002105,0.558,135,184.0,31.0,426.0,0.7,7.5,0.276,2.4e-05,higher feature -> higher survival_target
tumor_H_original_firstorder_InterquartileRange_mean,tumor,H,firstorder,InterquartileRange,mean,0.002023,0.00087,0.001969,0.002077,0.43,136,159.0,41.0,362.0,0.3,4.1,0.1674,0.011335,higher feature -> higher survival_target
tumor_H_original_firstorder_Skewness_mean,tumor,H,firstorder,Skewness,mean,0.002012,0.000691,0.001969,0.002055,0.343,137,156.0,51.0,354.1,0.1,2.4,-0.1441,0.029591,higher feature -> lower survival_target
lamina_E_original_firstorder_MeanAbsoluteDeviation_std,lamina,E,firstorder,MeanAbsoluteDeviation,std,0.002007,0.0011,0.001939,0.002075,0.548,138,190.0,32.0,414.0,0.9,7.7,-0.1955,0.003036,higher feature -> lower survival_target
necrosis_H_original_firstorder_Energy_std,necrosis,H,firstorder,Energy,std,0.002006,0.00081,0.001956,0.002057,0.404,139,166.5,46.0,389.1,0.0,3.4,0.0972,0.143473,higher feature -> higher survival_target
necrosis_H_original_firstorder_TotalEnergy_std,necrosis,H,firstorder,TotalEnergy,std,0.002003,0.000803,0.001953,0.002053,0.401,140,167.0,45.0,400.0,0.0,3.7,0.0972,0.143473,higher feature -> higher survival_target
tumor_H_original_firstorder_10Percentile_std,tumor,H,firstorder,10Percentile,std,0.001998,0.000833,0.001947,0.00205,0.417,141,167.5,44.0,384.0,0.4,3.8,0.0696,0.295027,higher feature -> higher survival_target
vessels_E_original_firstorder_InterquartileRange_std,vessels,E,firstorder,InterquartileRange,std,0.001992,0.000888,0.001937,0.002047,0.446,142,175.0,41.0,400.0,0.2,4.5,-0.1129,0.088952,higher feature -> lower survival_target
tumor_E_original_firstorder_RobustMeanAbsoluteDeviation_std,tumor,E,firstorder,RobustMeanAbsoluteDeviation,std,0.001988,0.000762,0.00194,0.002035,0.383,143,167.5,49.0,385.1,0.2,2.8,-0.0262,0.693836,higher feature -> lower survival_target
tumor_E_original_firstorder_Mean_std,tumor,E,firstorder,Mean,std,0.001987,0.00075,0.00194,0.002033,0.377,144,166.0,46.0,394.0,0.1,3.4,0.0026,0.968407,higher feature -> higher survival_target
urothelium_H_original_firstorder_InterquartileRange_std,urothelium,H,firstorder,InterquartileRange,std,0.001976,0.000808,0.001926,0.002027,0.409,145,171.0,43.0,400.0,0.1,4.4,0.0029,0.965304,higher feature -> higher survival_target
immune_H_original_firstorder_Median_mean,immune,H,firstorder,Median,mean,0.001976,0.000893,0.00192,0.002031,0.452,146,181.0,45.0,401.0,0.3,3.9,0.2802,1.8e-05,higher feature -> higher survival_target
immune_H_original_firstorder_Median_std,immune,H,firstorder,Median,std,0.001967,0.001021,0.001904,0.00203,0.519,147,187.0,36.0,413.0,0.6,5.4,0.1777,0.007151,higher feature -> higher survival_target
necrosis_E_original_firstorder_MeanAbsoluteDeviation_mean,necrosis,E,firstorder,MeanAbsoluteDeviation,mean,0.001963,0.000787,0.001915,0.002012,0.401,148,168.0,44.0,393.0,0.3,3.6,0.0112,0.866874,higher feature -> higher survival_target
lamina_H_original_firstorder_Energy_mean,lamina,H,firstorder,Energy,mean,0.001952,0.001062,0.001886,0.002018,0.544,149,204.0,35.0,430.0,0.3,6.2,0.2913,8e-06,higher feature -> higher survival_target
urothelium_E_original_firstorder_MeanAbsoluteDeviation_std,urothelium,E,firstorder,MeanAbsoluteDeviation,std,0.001949,0.00097,0.001889,0.002009,0.498,150,185.0,37.0,425.0,0.6,5.1,-0.1449,0.028658,higher feature -> lower survival_target
lamina_H_original_firstorder_TotalEnergy_mean,lamina,H,firstorder,TotalEnergy,mean,0.001943,0.001039,0.001879,0.002007,0.535,151,205.0,39.0,434.0,0.3,6.2,0.2913,8e-06,higher feature -> higher survival_target
lamina_H_original_firstorder_90Percentile_mean,lamina,H,firstorder,90Percentile,mean,0.001943,0.001076,0.001876,0.00201,0.554,152,199.0,36.0,443.0,0.5,6.5,0.2986,4e-06,higher feature -> higher survival_target
adipose_H_original_firstorder_90Percentile_std,adipose,H,firstorder,90Percentile,std,0.001936,0.001054,0.001871,0.002001,0.544,153,197.0,32.0,428.0,0.7,6.4,0.2144,0.001126,higher feature -> higher survival_target
immune_H_original_firstorder_Variance_std,immune,H,firstorder,Variance,std,0.001934,0.000998,0.001872,0.001996,0.516,154,193.0,41.0,423.0,0.7,5.4,0.1079,0.10402,higher feature -> higher survival_target
necrosis_H_original_firstorder_Entropy_mean,necrosis,H,firstorder,Entropy,mean,0.001932,0.001084,0.001865,0.001999,0.561,155,202.0,33.0,413.1,0.7,5.6,0.189,0.004186,higher feature -> higher survival_target
tumor_H_original_firstorder_Median_mean,tumor,H,firstorder,Median,mean,0.001927,0.000886,0.001872,0.001982,0.46,156,184.0,44.0,409.0,0.3,4.1,0.2311,0.000436,higher feature -> higher survival_target
vessels_H_original_firstorder_Skewness_std,vessels,H,firstorder,Skewness,std,0.001927,0.000976,0.001866,0.001987,0.507,157,199.0,37.0,409.0,0.3,6.0,-0.1959,0.002974,higher feature -> lower survival_target
immune_H_original_firstorder_RobustMeanAbsoluteDeviation_mean,immune,H,firstorder,RobustMeanAbsoluteDeviation,mean,0.001918,0.001036,0.001854,0.001982,0.54,158,206.0,36.0,418.1,0.6,6.0,0.2695,3.7e-05,higher feature -> higher survival_target
tumor_E_original_firstorder_InterquartileRange_std,tumor,E,firstorder,InterquartileRange,std,0.001917,0.000717,0.001873,0.001962,0.374,159,177.0,56.0,388.0,0.2,1.8,-0.021,0.75253,higher feature -> lower survival_target
immune_H_original_firstorder_TotalEnergy_mean,immune,H,firstorder,TotalEnergy,mean,0.001917,0.00112,0.001847,0.001986,0.584,160,204.0,36.0,430.0,1.0,5.2,0.2467,0.000168,higher feature -> higher survival_target
immune_H_original_firstorder_Energy_mean,immune,H,firstorder,Energy,mean,0.001916,0.001106,0.001848,0.001985,0.577,161,209.0,34.0,428.0,1.0,5.9,0.2467,0.000168,higher feature -> higher survival_target
necrosis_E_original_firstorder_10Percentile_std,necrosis,E,firstorder,10Percentile,std,0.001908,0.000841,0.001856,0.00196,0.441,162,190.5,44.0,406.0,0.2,3.7,0.0783,0.239005,higher feature -> higher survival_target
tumor_H_original_firstorder_Entropy_mean,tumor,H,firstorder,Entropy,mean,0.001908,0.001062,0.001842,0.001974,0.557,163,205.0,30.0,417.1,0.9,6.6,0.246,0.000175,higher feature -> higher survival_target
tumor_E_original_firstorder_Variance_std,tumor,E,firstorder,Variance,std,0.001907,0.00079,0.001858,0.001956,0.414,164,182.0,49.0,391.0,0.5,2.8,0.0691,0.298687,higher feature -> higher survival_target
muscularis_E_original_firstorder_MeanAbsoluteDeviation_mean,muscularis,E,firstorder,MeanAbsoluteDeviation,mean,0.001894,0.000757,0.001847,0.001941,0.4,165,181.5,50.0,405.0,0.1,2.7,-0.1383,0.036859,higher feature -> lower survival_target
urothelium_H_original_firstorder_MeanAbsoluteDeviation_std,urothelium,H,firstorder,MeanAbsoluteDeviation,std,0.001894,0.00077,0.001846,0.001941,0.406,166,183.5,47.0,405.0,0.0,3.5,-0.0175,0.792594,higher feature -> lower survival_target
urothelium_E_original_firstorder_RobustMeanAbsoluteDeviation_std,urothelium,E,firstorder,RobustMeanAbsoluteDeviation,std,0.001893,0.000856,0.00184,0.001946,0.452,167,190.5,44.0,426.0,0.2,3.7,-0.1149,0.08331,higher feature -> lower survival_target
necrosis_H_original_firstorder_Median_std,necrosis,H,firstorder,Median,std,0.001887,0.000754,0.00184,0.001934,0.399,168,184.5,48.0,388.0,0.1,2.7,0.0746,0.261682,higher feature -> higher survival_target
immune_H_original_firstorder_Mean_mean,immune,H,firstorder,Mean,mean,0.001878,0.000809,0.001828,0.001928,0.431,169,192.0,48.0,407.0,0.1,3.0,0.2855,1.2e-05,higher feature -> higher survival_target
necrosis_E_original_firstorder_RobustMeanAbsoluteDeviation_mean,necrosis,E,firstorder,RobustMeanAbsoluteDeviation,mean,0.001878,0.000753,0.001831,0.001924,0.401,170,188.0,50.0,397.0,0.2,2.6,0.0107,0.872321,higher feature -> higher survival_target
vessels_E_original_firstorder_MeanAbsoluteDeviation_std,vessels,E,firstorder,MeanAbsoluteDeviation,std,0.001876,0.000953,0.001817,0.001935,0.508,171,205.0,39.0,415.0,0.7,4.5,-0.1265,0.056401,higher feature -> lower survival_target
tumor_H_original_firstorder_Uniformity_mean,tumor,H,firstorder,Uniformity,mean,0.001873,0.000939,0.001815,0.001931,0.501,172,201.5,40.0,422.0,0.4,4.0,-0.2489,0.000146,higher feature -> lower survival_target
immune_E_original_firstorder_InterquartileRange_std,immune,E,firstorder,InterquartileRange,std,0.001872,0.001063,0.001806,0.001938,0.568,173,205.0,41.0,433.0,0.5,5.3,-0.1389,0.03606,higher feature -> lower survival_target
tumor_H_original_firstorder_InterquartileRange_std,tumor,H,firstorder,InterquartileRange,std,0.001867,0.000733,0.001822,0.001913,0.393,174,191.0,51.0,408.0,0.0,2.5,-0.0439,0.509484,higher feature -> lower survival_target
immune_H_original_firstorder_RootMeanSquared_mean,immune,H,firstorder,RootMeanSquared,mean,0.001866,0.00107,0.0018,0.001933,0.573,175,221.0,35.0,426.1,0.9,5.6,0.2462,0.000173,higher feature -> higher survival_target
necrosis_H_original_firstorder_Mean_mean,necrosis,H,firstorder,Mean,mean,0.001857,0.00107,0.001791,0.001924,0.576,176,223.0,34.0,429.0,1.0,6.0,0.1905,0.003883,higher feature -> higher survival_target
urothelium_H_original_firstorder_RobustMeanAbsoluteDeviation_std,urothelium,H,firstorder,RobustMeanAbsoluteDeviation,std,0.001856,0.000722,0.001811,0.001901,0.389,177,185.0,52.0,409.0,0.0,2.4,-0.0097,0.884119,higher feature -> lower survival_target
tumor_E_original_firstorder_Median_std,tumor,E,firstorder,Median,std,0.001846,0.000671,0.001805,0.001888,0.363,178,187.0,57.0,389.0,0.0,2.1,-0.0189,0.776196,higher feature -> lower survival_target
tumor_H_original_firstorder_Median_std,tumor,H,firstorder,Median,std,0.001845,0.000762,0.001798,0.001893,0.413,179,196.0,48.0,398.0,0.1,2.8,0.0556,0.403325,higher feature -> higher survival_target
necrosis_H_original_firstorder_InterquartileRange_mean,necrosis,H,firstorder,InterquartileRange,mean,0.001843,0.000803,0.001793,0.001892,0.436,180,198.0,45.0,401.0,0.3,3.4,0.1895,0.00409,higher feature -> higher survival_target
urothelium_H_original_firstorder_Skewness_std,urothelium,H,firstorder,Skewness,std,0.001842,0.000848,0.00179,0.001895,0.461,181,205.0,42.0,411.0,0.2,4.3,-0.1921,0.003596,higher feature -> lower survival_target
necrosis_E_original_firstorder_Energy_std,necrosis,E,firstorder,Energy,std,0.001841,0.000691,0.001798,0.001884,0.375,182,189.0,54.0,402.0,0.0,2.2,0.0692,0.298183,higher feature -> higher survival_target
necrosis_H_original_firstorder_Variance_std,necrosis,H,firstorder,Variance,std,0.001841,0.00069,0.001798,0.001884,0.375,183,188.5,54.0,399.1,0.0,2.2,0.0161,0.808801,higher feature -> higher survival_target
necrosis_E_original_firstorder_TotalEnergy_std,necrosis,E,firstorder,TotalEnergy,std,0.001839,0.00069,0.001797,0.001882,0.375,184,187.5,55.0,402.0,0.0,1.8,0.0692,0.298183,higher feature -> higher survival_target
adipose_E_original_firstorder_RobustMeanAbsoluteDeviation_std,adipose,E,firstorder,RobustMeanAbsoluteDeviation,std,0.001833,0.000988,0.001771,0.001894,0.539,185,211.0,37.0,429.0,0.8,4.8,-0.1605,0.01525,higher feature -> lower survival_target
urothelium_E_original_firstorder_Kurtosis_std,urothelium,E,firstorder,Kurtosis,std,0.001827,0.000897,0.001771,0.001882,0.491,186,206.0,41.0,424.0,0.3,3.9,-0.1001,0.131706,higher feature -> lower survival_target
vessels_H_original_firstorder_10Percentile_mean,vessels,H,firstorder,10Percentile,mean,0.001825,0.000872,0.001771,0.001879,0.478,187,204.5,43.0,412.0,0.1,4.0,0.2069,0.001685,higher feature -> higher survival_target
tumor_E_original_firstorder_90Percentile_std,tumor,E,firstorder,90Percentile,std,0.001824,0.000746,0.001778,0.001871,0.409,188,195.0,50.0,413.0,0.0,2.6,0.0348,0.601221,higher feature -> higher survival_target
vessels_E_original_firstorder_Mean_std,vessels,E,firstorder,Mean,std,0.00181,0.00081,0.00176,0.00186,0.447,189,198.0,47.0,398.0,0.3,3.2,0.0077,0.907646,higher feature -> higher survival_target
tumor_H_original_firstorder_MeanAbsoluteDeviation_std,tumor,H,firstorder,MeanAbsoluteDeviation,std,0.001804,0.00067,0.001762,0.001845,0.371,190,197.0,55.0,383.1,0.0,2.2,-0.0481,0.469508,higher feature -> lower survival_target
urothelium_E_original_firstorder_10Percentile_mean,urothelium,E,firstorder,10Percentile,mean,0.001804,0.000678,0.001762,0.001846,0.376,191,198.0,55.0,399.0,0.1,1.5,-0.0464,0.485873,higher feature -> lower survival_target
vessels_E_original_firstorder_10Percentile_std,vessels,E,firstorder,10Percentile,std,0.001793,0.000772,0.001746,0.001841,0.43,192,204.5,50.0,412.0,0.3,2.6,0.0713,0.284007,higher feature -> higher survival_target
immune_E_original_firstorder_RobustMeanAbsoluteDeviation_std,immune,E,firstorder,RobustMeanAbsoluteDeviation,std,0.001791,0.001011,0.001729,0.001854,0.565,193,227.0,41.0,436.0,0.6,5.0,-0.1303,0.049433,higher feature -> lower survival_target
necrosis_E_original_firstorder_Median_std,necrosis,E,firstorder,Median,std,0.001789,0.00058,0.001753,0.001825,0.324,194,194.0,58.0,373.0,0.0,1.3,-0.0119,0.857804,higher feature -> lower survival_target
vessels_E_original_firstorder_Variance_std,vessels,E,firstorder,Variance,std,0.001789,0.00071,0.001745,0.001833,0.397,195,201.0,57.0,418.0,0.0,1.5,-0.0877,0.187012,higher feature -> lower survival_target
immune_E_original_firstorder_10Percentile_mean,immune,E,firstorder,10Percentile,mean,0.001789,0.000923,0.001731,0.001846,0.516,196,226.5,38.0,423.0,0.6,4.2,0.1187,0.073745,higher feature -> higher survival_target
vessels_H_original_firstorder_Variance_mean,vessels,H,firstorder,Variance,mean,0.001785,0.001031,0.001721,0.001849,0.578,197,234.0,39.0,449.0,0.5,4.9,0.2494,0.000141,higher feature -> higher survival_target
immune_E_original_firstorder_Variance_std,immune,E,firstorder,Variance,std,0.001785,0.000662,0.001744,0.001826,0.371,198,195.0,58.0,409.0,0.0,1.4,-0.065,0.328276,higher feature -> lower survival_target
tumor_H_original_firstorder_90Percentile_std,tumor,H,firstorder,90Percentile,std,0.001774,0.000681,0.001732,0.001817,0.384,199,205.5,49.0,400.0,0.0,2.9,0.0381,0.566693,higher feature -> higher survival_target
tumor_H_original_firstorder_Variance_mean,tumor,H,firstorder,Variance,mean,0.001774,0.000906,0.001718,0.00183,0.511,200,229.0,39.0,421.0,0.5,5.3,0.1968,0.002836,higher feature -> higher survival_target
immune_H_original_firstorder_TotalEnergy_std,immune,H,firstorder,TotalEnergy,std,0.001771,0.000864,0.001718,0.001825,0.487,201,216.0,46.0,424.0,0.5,3.3,0.1643,0.012973,higher feature -> higher survival_target
immune_H_original_firstorder_Energy_std,immune,H,firstorder,Energy,std,0.001771,0.000855,0.001718,0.001824,0.483,202,216.0,48.0,425.0,0.5,3.2,0.1643,0.012973,higher feature -> higher survival_target
tumor_H_original_firstorder_RobustMeanAbsoluteDeviation_mean,tumor,H,firstorder,RobustMeanAbsoluteDeviation,mean,0.00177,0.000715,0.001725,0.001814,0.404,203,201.5,55.0,392.0,0.4,2.0,0.1659,0.012115,higher feature -> higher survival_target
urothelium_E_original_firstorder_TotalEnergy_std,urothelium,E,firstorder,TotalEnergy,std,0.001767,0.000794,0.001718,0.001816,0.449,204,212.0,46.0,413.0,0.1,3.1,-0.1643,0.01297,higher feature -> lower survival_target
muscularis_H_original_firstorder_Variance_mean,muscularis,H,firstorder,Variance,mean,0.001766,0.000996,0.001705,0.001828,0.564,205,240.0,40.0,441.0,0.5,4.6,0.2784,2e-05,higher feature -> higher survival_target
urothelium_E_original_firstorder_Energy_std,urothelium,E,firstorder,Energy,std,0.001765,0.000795,0.001716,0.001814,0.45,206,216.0,46.0,417.0,0.1,3.2,-0.1643,0.01297,higher feature -> lower survival_target
necrosis_E_original_firstorder_InterquartileRange_mean,necrosis,E,firstorder,InterquartileRange,mean,0.001751,0.000683,0.001708,0.001793,0.39,207,205.5,57.0,412.0,0.0,2.0,0.022,0.740896,higher feature -> higher survival_target
urothelium_H_original_firstorder_Kurtosis_mean,urothelium,H,firstorder,Kurtosis,mean,0.001746,0.000917,0.001689,0.001803,0.526,208,233.0,40.0,423.0,0.6,3.2,-0.2045,0.001907,higher feature -> lower survival_target
immune_E_original_firstorder_Mean_std,immune,E,firstorder,Mean,std,0.00174,0.000777,0.001691,0.001788,0.447,209,216.5,51.0,434.0,0.1,2.3,0.0298,0.654885,higher feature -> higher survival_target
immune_H_original_firstorder_RootMeanSquared_std,immune,H,firstorder,RootMeanSquared,std,0.001733,0.000715,0.001689,0.001777,0.413,210,211.5,56.0,409.0,0.2,1.7,0.0923,0.164735,higher feature -> higher survival_target
tumor_H_original_firstorder_TotalEnergy_std,tumor,H,firstorder,TotalEnergy,std,0.001729,0.000653,0.001689,0.00177,0.377,211,208.0,65.0,400.1,0.1,1.2,0.1144,0.084892,higher feature -> higher survival_target
tumor_H_original_firstorder_Energy_std,tumor,H,firstorder,Energy,std,0.001723,0.000651,0.001683,0.001763,0.378,212,210.0,65.0,406.0,0.1,1.4,0.1144,0.084892,higher feature -> higher survival_target
vessels_E_original_firstorder_Median_std,vessels,E,firstorder,Median,std,0.001717,0.000795,0.001668,0.001766,0.463,213,232.0,46.0,420.0,0.2,3.5,-0.0143,0.829936,higher feature -> lower survival_target
tumor_E_original_firstorder_RootMeanSquared_std,tumor,E,firstorder,RootMeanSquared,std,0.001703,0.000609,0.001665,0.001741,0.357,214,216.5,71.0,408.1,0.0,0.8,0.0071,0.914626,higher feature -> higher survival_target
tumor_E_original_firstorder_Entropy_std,tumor,E,firstorder,Entropy,std,0.001702,0.00075,0.001656,0.001749,0.441,215,226.5,58.0,429.0,0.3,2.0,-0.0055,0.933731,higher feature -> lower survival_target
tumor_H_original_firstorder_RootMeanSquared_mean,tumor,H,firstorder,RootMeanSquared,mean,0.001702,0.000979,0.001641,0.001763,0.575,216,254.5,40.0,444.0,0.8,4.1,0.2386,0.000277,higher feature -> higher survival_target
immune_E_original_firstorder_Kurtosis_std,immune,E,firstorder,Kurtosis,std,0.001701,0.000709,0.001657,0.001745,0.417,217,219.5,51.0,421.0,0.1,2.3,-0.0125,0.850992,higher feature -> lower survival_target
adipose_E_original_firstorder_Variance_std,adipose,E,firstorder,Variance,std,0.001699,0.000928,0.001642,0.001757,0.546,218,235.0,45.0,434.0,0.5,4.0,-0.1545,0.019595,higher feature -> lower survival_target
urothelium_H_original_firstorder_Entropy_std,urothelium,H,firstorder,Entropy,std,0.001697,0.000649,0.001657,0.001737,0.382,219,216.0,61.0,422.0,0.0,1.3,-0.0565,0.395888,higher feature -> lower survival_target
tumor_H_original_firstorder_MeanAbsoluteDeviation_mean,tumor,H,firstorder,MeanAbsoluteDeviation,mean,0.001696,0.000798,0.001647,0.001746,0.47,220,226.5,48.0,413.0,0.4,2.7,0.1817,0.005942,higher feature -> higher survival_target
tumor_H_original_firstorder_RobustMeanAbsoluteDeviation_std,tumor,H,firstorder,RobustMeanAbsoluteDeviation,std,0.001692,0.000643,0.001652,0.001732,0.38,221,219.0,63.0,415.0,0.1,1.3,-0.0419,0.528547,higher feature -> lower survival_target
urothelium_H_original_firstorder_Variance_std,urothelium,H,firstorder,Variance,std,0.001691,0.000611,0.001653,0.001729,0.361,222,216.5,60.0,421.0,0.0,1.1,0.0394,0.554186,higher feature -> higher survival_target
lamina_E_original_firstorder_Entropy_std,lamina,E,firstorder,Entropy,std,0.001685,0.001034,0.00162,0.001749,0.614,223,247.0,45.0,439.0,0.8,3.2,-0.0875,0.188143,higher feature -> lower survival_target
urothelium_E_original_firstorder_Uniformity_mean,urothelium,E,firstorder,Uniformity,mean,0.001682,0.000702,0.001639,0.001726,0.417,224,226.0,52.0,424.0,0.0,2.4,-0.0681,0.305931,higher feature -> lower survival_target
immune_E_original_firstorder_Median_std,immune,E,firstorder,Median,std,0.001667,0.000788,0.001618,0.001715,0.473,225,236.0,49.0,445.0,0.1,2.7,-0.0003,0.996512,higher feature -> lower survival_target
immune_E_original_firstorder_10Percentile_std,immune,E,firstorder,10Percentile,std,0.001666,0.00086,0.001613,0.00172,0.516,226,244.5,49.0,439.0,0.3,2.7,0.0966,0.146071,higher feature -> higher survival_target
necrosis_H_original_firstorder_RobustMeanAbsoluteDeviation_mean,necrosis,H,firstorder,RobustMeanAbsoluteDeviation,mean,0.001665,0.000695,0.001622,0.001708,0.418,227,234.0,57.0,418.0,0.1,2.1,0.1703,0.009993,higher feature -> higher survival_target
tumor_H_original_firstorder_Entropy_std,tumor,H,firstorder,Entropy,std,0.001657,0.000733,0.001611,0.001702,0.443,228,242.0,52.0,423.0,0.1,2.4,-0.1387,0.036313,higher feature -> lower survival_target
lamina_E_original_firstorder_10Percentile_std,lamina,E,firstorder,10Percentile,std,0.001652,0.000764,0.001605,0.001699,0.463,229,236.0,48.0,438.0,0.1,2.8,-0.0315,0.636088,higher feature -> lower survival_target
immune_E_original_firstorder_MeanAbsoluteDeviation_std,immune,E,firstorder,MeanAbsoluteDeviation,std,0.00165,0.00071,0.001606,0.001694,0.43,230,237.0,54.0,426.0,0.1,2.1,-0.1134,0.087585,higher feature -> lower survival_target
immune_E_original_firstorder_TotalEnergy_std,immune,E,firstorder,TotalEnergy,std,0.001634,0.000822,0.001583,0.001685,0.503,231,258.0,49.0,444.0,0.1,2.8,0.069,0.299604,higher feature -> higher survival_target
immune_E_original_firstorder_Energy_std,immune,E,firstorder,Energy,std,0.001631,0.00082,0.001581,0.001682,0.503,232,250.0,49.0,443.0,0.1,2.7,0.069,0.299604,higher feature -> higher survival_target
lamina_H_original_firstorder_Kurtosis_mean,lamina,H,firstorder,Kurtosis,mean,0.001628,0.000781,0.00158,0.001677,0.479,233,253.0,53.0,434.0,0.0,2.1,-0.2651,5e-05,higher feature -> lower survival_target
tumor_H_original_firstorder_Mean_mean,tumor,H,firstorder,Mean,mean,0.001616,0.000752,0.00157,0.001663,0.465,234,248.0,58.9,439.0,0.1,2.1,0.226,0.000585,higher feature -> higher survival_target
necrosis_H_original_firstorder_RootMeanSquared_mean,necrosis,H,firstorder,RootMeanSquared,mean,0.001612,0.000908,0.001556,0.001668,0.563,235,267.0,51.0,441.0,0.4,2.5,0.1708,0.009768,higher feature -> higher survival_target
tumor_E_original_firstorder_Mean_mean,tumor,E,firstorder,Mean,mean,0.001609,0.000942,0.00155,0.001667,0.586,236,267.5,40.0,453.0,0.8,3.9,0.0731,0.271387,higher feature -> higher survival_target
immune_H_original_firstorder_90Percentile_mean,immune,H,firstorder,90Percentile,mean,0.001606,0.000763,0.001559,0.001653,0.475,237,251.5,52.0,434.0,0.3,2.4,0.2537,0.000108,higher feature -> higher survival_target
tumor_H_original_firstorder_90Percentile_mean,tumor,H,firstorder,90Percentile,mean,0.001603,0.000855,0.00155,0.001656,0.533,238,269.0,47.0,439.0,0.3,2.9,0.2203,0.00081,higher feature -> higher survival_target
immune_H_original_firstorder_InterquartileRange_std,immune,H,firstorder,InterquartileRange,std,0.001597,0.00064,0.001557,0.001637,0.401,239,241.0,68.0,429.1,0.1,0.9,0.089,0.180589,higher feature -> higher survival_target
lamina_H_original_firstorder_Variance_std,lamina,H,firstorder,Variance,std,0.001593,0.000576,0.001557,0.001629,0.362,240,236.5,72.0,432.0,0.0,0.6,0.0258,0.698796,higher feature -> higher survival_target
immune_E_original_firstorder_Skewness_std,immune,E,firstorder,Skewness,std,0.001593,0.0006,0.001556,0.00163,0.377,241,241.0,70.0,427.0,0.0,0.7,-0.0358,0.591145,higher feature -> lower survival_target
urothelium_E_original_firstorder_Variance_std,urothelium,E,firstorder,Variance,std,0.001586,0.000588,0.00155,0.001623,0.371,242,234.0,77.0,427.0,0.1,1.0,-0.0773,0.24493,higher feature -> lower survival_target
necrosis_H_original_firstorder_Variance_mean,necrosis,H,firstorder,Variance,mean,0.001585,0.000629,0.001546,0.001624,0.397,243,237.0,77.0,425.0,0.2,0.9,0.1124,0.090493,higher feature -> higher survival_target
immune_E_original_firstorder_RootMeanSquared_std,immune,E,firstorder,RootMeanSquared,std,0.001583,0.000644,0.001543,0.001623,0.407,244,244.0,63.0,439.0,0.0,1.4,0.0116,0.861128,higher feature -> higher survival_target
lamina_H_original_firstorder_RootMeanSquared_std,lamina,H,firstorder,RootMeanSquared,std,0.001583,0.000579,0.001547,0.001618,0.366,245,242.5,75.0,421.0,0.2,0.8,0.0233,0.726819,higher feature -> higher survival_target
immune_H_original_firstorder_MeanAbsoluteDeviation_std,immune,H,firstorder,MeanAbsoluteDeviation,std,0.001582,0.000588,0.001545,0.001618,0.371,246,239.5,72.0,421.0,0.0,0.7,0.0295,0.657524,higher feature -> higher survival_target
immune_H_original_firstorder_Mean_std,immune,H,firstorder,Mean,std,0.001582,0.000663,0.001541,0.001623,0.419,247,246.5,64.0,432.0,0.1,1.1,0.1375,0.037958,higher feature -> higher survival_target
muscularis_E_original_firstorder_Entropy_std,muscularis,E,firstorder,Entropy,std,0.001578,0.000572,0.001543,0.001614,0.362,248,242.0,69.0,423.0,0.0,0.8,-0.0383,0.56544,higher feature -> lower survival_target
tumor_E_original_firstorder_Median_mean,tumor,E,firstorder,Median,mean,0.001571,0.0009,0.001515,0.001627,0.573,249,281.0,43.0,454.0,0.4,3.6,0.0667,0.316279,higher feature -> higher survival_target
necrosis_E_original_firstorder_Entropy_mean,necrosis,E,firstorder,Entropy,mean,0.001565,0.000726,0.00152,0.00161,0.464,250,261.0,54.0,442.0,0.1,2.1,0.0779,0.241537,higher feature -> higher survival_target
necrosis_E_original_firstorder_Median_mean,necrosis,E,firstorder,Median,mean,0.001564,0.000748,0.001517,0.00161,0.478,251,262.5,55.0,450.0,0.1,1.9,0.1114,0.09337,higher feature -> higher survival_target
necrosis_H_original_firstorder_10Percentile_mean,necrosis,H,firstorder,10Percentile,mean,0.001558,0.000547,0.001525,0.001592,0.351,252,244.5,74.0,420.0,0.0,0.6,0.0644,0.332651,higher feature -> higher survival_target
tumor_E_original_firstorder_TotalEnergy_std,tumor,E,firstorder,TotalEnergy,std,0.001557,0.000704,0.001513,0.001601,0.452,253,254.5,59.0,438.0,0.1,1.6,0.0349,0.600491,higher feature -> higher survival_target
tumor_E_original_firstorder_Energy_std,tumor,E,firstorder,Energy,std,0.001552,0.000712,0.001508,0.001596,0.459,254,261.0,58.0,432.0,0.2,1.8,0.0349,0.600491,higher feature -> higher survival_target
urothelium_H_original_firstorder_Variance_mean,urothelium,H,firstorder,Variance,mean,0.001545,0.000445,0.001518,0.001573,0.288,255,237.5,90.0,405.0,0.0,0.2,0.1334,0.04413,higher feature -> higher survival_target
lamina_H_original_firstorder_Mean_std,lamina,H,firstorder,Mean,std,0.001545,0.000483,0.001515,0.001575,0.313,256,239.0,85.0,409.0,0.0,0.3,0.1037,0.118405,higher feature -> higher survival_target
necrosis_H_original_firstorder_MeanAbsoluteDeviation_mean,necrosis,H,firstorder,MeanAbsoluteDeviation,mean,0.001544,0.000614,0.001505,0.001582,0.398,257,256.0,66.0,422.0,0.1,1.4,0.1331,0.044633,higher feature -> higher survival_target
vessels_H_original_firstorder_Entropy_std,vessels,H,firstorder,Entropy,std,0.001541,0.000737,0.001495,0.001587,0.478,258,269.5,60.0,432.0,0.2,1.4,0.1466,0.02685,higher feature -> higher survival_target
tumor_H_original_firstorder_Energy_mean,tumor,H,firstorder,Energy,mean,0.00154,0.000724,0.001495,0.001585,0.47,259,273.0,56.0,444.0,0.1,1.8,0.2233,0.000683,higher feature -> higher survival_target
tumor_H_original_firstorder_TotalEnergy_mean,tumor,H,firstorder,TotalEnergy,mean,0.00154,0.00073,0.001494,0.001585,0.474,260,272.0,59.0,447.0,0.1,1.6,0.2233,0.000683,higher feature -> higher survival_target
urothelium_E_original_firstorder_Median_mean,urothelium,E,firstorder,Median,mean,0.001536,0.000491,0.001506,0.001566,0.32,261,245.0,85.0,415.0,0.0,0.1,-0.0498,0.454028,higher feature -> lower survival_target
tumor_E_original_firstorder_Skewness_std,tumor,E,firstorder,Skewness,std,0.001533,0.000704,0.001489,0.001576,0.459,262,272.0,61.0,437.0,0.2,1.8,-0.1087,0.101648,higher feature -> lower survival_target
vessels_H_original_firstorder_10Percentile_std,vessels,H,firstorder,10Percentile,std,0.001532,0.000558,0.001497,0.001566,0.364,263,256.5,70.0,420.0,0.0,0.7,0.1575,0.017333,higher feature -> higher survival_target
muscularis_H_original_firstorder_90Percentile_std,muscularis,H,firstorder,90Percentile,std,0.001529,0.00065,0.001489,0.001569,0.425,264,258.0,69.0,431.0,0.2,1.3,0.1394,0.0354,higher feature -> higher survival_target
lamina_E_original_firstorder_Uniformity_mean,lamina,E,firstorder,Uniformity,mean,0.001529,0.000773,0.001481,0.001577,0.506,265,272.0,54.0,454.0,0.2,2.2,-0.0703,0.290219,higher feature -> lower survival_target
urothelium_E_original_firstorder_Entropy_mean,urothelium,E,firstorder,Entropy,mean,0.001525,0.000619,0.001487,0.001564,0.406,266,260.0,65.9,431.0,0.0,1.7,0.0638,0.337252,higher feature -> higher survival_target
immune_H_original_firstorder_90Percentile_std,immune,H,firstorder,90Percentile,std,0.001522,0.000575,0.001487,0.001558,0.378,267,256.0,80.0,422.0,0.2,0.6,0.0479,0.471339,higher feature -> higher survival_target
tumor_E_original_firstorder_Energy_mean,tumor,E,firstorder,Energy,mean,0.001522,0.00088,0.001467,0.001576,0.578,268,289.0,46.0,457.0,0.5,3.3,0.0701,0.292011,higher feature -> higher survival_target
immune_H_original_firstorder_RobustMeanAbsoluteDeviation_std,immune,H,firstorder,RobustMeanAbsoluteDeviation,std,0.001517,0.000612,0.001479,0.001555,0.404,269,265.0,71.8,441.0,0.0,1.1,0.0927,0.162951,higher feature -> higher survival_target
tumor_E_original_firstorder_TotalEnergy_mean,tumor,E,firstorder,TotalEnergy,mean,0.001515,0.000857,0.001462,0.001568,0.566,270,285.5,47.9,456.0,0.2,3.0,0.0701,0.292011,higher feature -> higher survival_target
lamina_E_original_firstorder_Entropy_mean,lamina,E,firstorder,Entropy,mean,0.001514,0.000797,0.001465,0.001564,0.526,271,278.0,54.0,454.0,0.3,2.1,0.0592,0.373545,higher feature -> higher survival_target
muscularis_H_original_firstorder_RootMeanSquared_std,muscularis,H,firstorder,RootMeanSquared,std,0.001511,0.000733,0.001465,0.001556,0.485,272,278.0,62.0,449.0,0.2,1.4,0.2171,0.000968,higher feature -> higher survival_target
necrosis_H_original_firstorder_90Percentile_mean,necrosis,H,firstorder,90Percentile,mean,0.001495,0.000535,0.001462,0.001528,0.358,273,263.0,84.0,425.0,0.0,0.4,0.1441,0.029616,higher feature -> higher survival_target
vessels_E_original_firstorder_RootMeanSquared_std,vessels,E,firstorder,RootMeanSquared,std,0.001493,0.000531,0.00146,0.001526,0.356,274,258.0,84.0,427.0,0.0,0.8,-0.0311,0.640882,higher feature -> lower survival_target
tumor_H_original_firstorder_Variance_std,tumor,H,firstorder,Variance,std,0.001492,0.000468,0.001463,0.001521,0.314,275,259.5,87.0,416.0,0.0,0.2,0.075,0.259605,higher feature -> higher survival_target
necrosis_H_original_firstorder_Kurtosis_std,necrosis,H,firstorder,Kurtosis,std,0.001489,0.000487,0.001459,0.001519,0.327,276,257.0,90.0,423.1,0.0,0.3,-0.0789,0.235074,higher feature -> lower survival_target
muscularis_H_original_firstorder_TotalEnergy_std,muscularis,H,firstorder,TotalEnergy,std,0.001482,0.000731,0.001437,0.001528,0.493,277,298.0,58.0,450.0,0.1,1.6,0.2557,9.4e-05,higher feature -> higher survival_target
muscularis_H_original_firstorder_Energy_std,muscularis,H,firstorder,Energy,std,0.00148,0.000734,0.001434,0.001525,0.496,278,293.5,56.0,453.0,0.0,1.7,0.2557,9.4e-05,higher feature -> higher survival_target
urothelium_H_original_firstorder_MeanAbsoluteDeviation_mean,urothelium,H,firstorder,MeanAbsoluteDeviation,mean,0.001477,0.000451,0.001449,0.001505,0.305,279,255.0,87.0,421.0,0.0,0.2,0.1579,0.017061,higher feature -> higher survival_target
immune_H_original_firstorder_MeanAbsoluteDeviation_mean,immune,H,firstorder,MeanAbsoluteDeviation,mean,0.001476,0.000681,0.001433,0.001518,0.461,280,280.0,70.0,442.0,0.3,1.2,0.2144,0.001126,higher feature -> higher survival_target
vessels_H_original_firstorder_Mean_std,vessels,H,firstorder,Mean,std,0.001475,0.000665,0.001434,0.001516,0.451,281,284.5,62.0,435.0,0.2,1.7,0.1778,0.007102,higher feature -> higher survival_target
urothelium_H_original_firstorder_90Percentile_std,urothelium,H,firstorder,90Percentile,std,0.001471,0.000645,0.001431,0.001511,0.439,282,278.0,69.0,448.0,0.1,0.7,-0.0356,0.592585,higher feature -> lower survival_target
necrosis_E_original_firstorder_Mean_mean,necrosis,E,firstorder,Mean,mean,0.001471,0.000716,0.001426,0.001515,0.487,283,289.0,63.0,455.0,0.0,1.3,0.098,0.140192,higher feature -> higher survival_target
necrosis_E_original_firstorder_Uniformity_mean,necrosis,E,firstorder,Uniformity,mean,0.00146,0.000632,0.001421,0.001499,0.433,284,282.0,69.0,441.0,0.0,1.1,-0.0905,0.173084,higher feature -> lower survival_target
urothelium_E_original_firstorder_RootMeanSquared_mean,urothelium,E,firstorder,RootMeanSquared,mean,0.001456,0.000597,0.001419,0.001493,0.41,285,282.0,77.0,439.0,0.1,0.8,-0.0145,0.827981,higher feature -> lower survival_target
tumor_E_original_firstorder_RootMeanSquared_mean,tumor,E,firstorder,RootMeanSquared,mean,0.001454,0.000795,0.001405,0.001504,0.547,286,299.5,56.0,457.0,0.3,2.0,0.0691,0.299006,higher feature -> higher survival_target
necrosis_H_original_firstorder_Skewness_std,necrosis,H,firstorder,Skewness,std,0.00145,0.000438,0.001423,0.001477,0.302,287,265.0,97.0,422.0,0.0,0.3,-0.1097,0.098342,higher feature -> lower survival_target
urothelium_H_original_firstorder_RootMeanSquared_mean,urothelium,H,firstorder,RootMeanSquared,mean,0.001449,0.000499,0.001418,0.00148,0.344,288,269.0,87.0,435.0,0.0,0.4,0.1291,0.051639,higher feature -> higher survival_target
adipose_E_original_firstorder_MeanAbsoluteDeviation_std,adipose,E,firstorder,MeanAbsoluteDeviation,std,0.001445,0.000599,0.001408,0.001482,0.414,289,279.0,82.0,438.0,0.1,0.6,-0.1257,0.058005,higher feature -> lower survival_target
lamina_E_original_firstorder_90Percentile_std,lamina,E,firstorder,90Percentile,std,0.001443,0.000502,0.001412,0.001475,0.348,290,275.0,82.0,430.0,0.0,0.1,-0.0956,0.150289,higher feature -> lower survival_target
necrosis_H_original_firstorder_Energy_mean,necrosis,H,firstorder,Energy,mean,0.001437,0.000636,0.001397,0.001476,0.443,291,293.0,74.0,444.0,0.1,0.8,0.1627,0.013919,higher feature -> higher survival_target
tumor_H_original_firstorder_Skewness_std,tumor,H,firstorder,Skewness,std,0.001433,0.000535,0.0014,0.001466,0.373,292,289.0,77.0,426.0,0.0,0.5,-0.1333,0.044351,higher feature -> lower survival_target
necrosis_H_original_firstorder_TotalEnergy_mean,necrosis,H,firstorder,TotalEnergy,mean,0.00143,0.000617,0.001392,0.001468,0.432,293,293.0,73.0,438.0,0.1,0.9,0.1627,0.013919,higher feature -> higher survival_target
muscularis_H_original_firstorder_InterquartileRange_std,muscularis,H,firstorder,InterquartileRange,std,0.001429,0.000584,0.001392,0.001465,0.409,294,284.5,86.0,440.0,0.1,0.9,0.1131,0.088378,higher feature -> higher survival_target
urothelium_E_original_firstorder_Mean_mean,urothelium,E,firstorder,Mean,mean,0.001428,0.000468,0.001399,0.001457,0.327,295,272.5,97.0,432.0,0.0,0.3,-0.0321,0.629168,higher feature -> lower survival_target
muscularis_E_original_firstorder_90Percentile_std,muscularis,E,firstorder,90Percentile,std,0.001427,0.000473,0.001398,0.001457,0.331,296,267.5,95.0,437.0,0.0,0.3,-0.0936,0.159131,higher feature -> lower survival_target
lamina_E_original_firstorder_TotalEnergy_std,lamina,E,firstorder,TotalEnergy,std,0.001426,0.000544,0.001392,0.00146,0.382,297,277.0,87.0,440.0,0.0,0.7,-0.1097,0.098345,higher feature -> lower survival_target
vessels_H_original_firstorder_MeanAbsoluteDeviation_std,vessels,H,firstorder,MeanAbsoluteDeviation,std,0.001424,0.000576,0.001388,0.00146,0.404,298,282.0,79.0,442.0,0.1,1.0,0.1097,0.098398,higher feature -> higher survival_target
lamina_E_original_firstorder_Energy_std,lamina,E,firstorder,Energy,std,0.001424,0.000544,0.00139,0.001458,0.382,299,278.0,77.0,440.0,0.0,0.7,-0.1097,0.098345,higher feature -> lower survival_target
lamina_H_original_firstorder_TotalEnergy_std,lamina,H,firstorder,TotalEnergy,std,0.001414,0.000431,0.001387,0.001441,0.305,300,275.5,100.0,434.0,0.0,0.1,0.1391,0.035776,higher feature -> higher survival_target
vessels_H_original_firstorder_InterquartileRange_std,vessels,H,firstorder,InterquartileRange,std,0.001414,0.00066,0.001373,0.001454,0.467,301,300.0,64.0,449.0,0.0,1.4,0.1724,0.009096,higher feature -> higher survival_target
lamina_H_original_firstorder_Energy_std,lamina,H,firstorder,Energy,std,0.001413,0.000433,0.001386,0.00144,0.307,302,270.0,100.0,430.0,0.0,0.1,0.1391,0.035776,higher feature -> higher survival_target
necrosis_E_original_firstorder_90Percentile_mean,necrosis,E,firstorder,90Percentile,mean,0.001402,0.000575,0.001366,0.001437,0.41,303,290.0,86.9,450.0,0.0,0.8,0.0513,0.441003,higher feature -> higher survival_target
immune_E_original_firstorder_90Percentile_std,immune,E,firstorder,90Percentile,std,0.001398,0.00056,0.001363,0.001432,0.401,304,296.5,75.0,443.0,0.0,0.5,-0.0211,0.751339,higher feature -> lower survival_target
lamina_H_original_firstorder_Median_std,lamina,H,firstorder,Median,std,0.001397,0.000463,0.001369,0.001426,0.332,305,285.0,89.0,431.0,0.0,0.2,0.1699,0.010184,higher feature -> higher survival_target
urothelium_H_original_firstorder_Median_std,urothelium,H,firstorder,Median,std,0.001391,0.000605,0.001353,0.001428,0.435,306,310.0,70.0,448.0,0.0,1.1,0.0071,0.915181,higher feature -> higher survival_target
urothelium_H_original_firstorder_Skewness_mean,urothelium,H,firstorder,Skewness,mean,0.00139,0.000534,0.001357,0.001423,0.384,307,295.5,84.0,438.0,0.0,0.8,-0.206,0.001768,higher feature -> lower survival_target
immune_E_original_firstorder_Skewness_mean,immune,E,firstorder,Skewness,mean,0.001386,0.000514,0.001355,0.001418,0.371,308,294.0,90.9,445.0,0.0,0.5,-0.0597,0.369653,higher feature -> lower survival_target
adipose_H_original_firstorder_MeanAbsoluteDeviation_std,adipose,H,firstorder,MeanAbsoluteDeviation,std,0.001385,0.00058,0.001349,0.001421,0.419,309,300.0,76.9,447.0,0.1,0.7,0.161,0.014952,higher feature -> higher survival_target
tumor_E_original_firstorder_RobustMeanAbsoluteDeviation_mean,tumor,E,firstorder,RobustMeanAbsoluteDeviation,mean,0.001383,0.000581,0.001347,0.001419,0.42,310,302.0,80.0,449.0,0.0,0.5,0.0708,0.287188,higher feature -> higher survival_target
tumor_E_original_firstorder_10Percentile_std,tumor,E,firstorder,10Percentile,std,0.00138,0.000526,0.001347,0.001413,0.381,311,296.0,80.0,442.0,0.0,0.4,-0.0057,0.932317,higher feature -> lower survival_target
vessels_E_original_firstorder_90Percentile_std,vessels,E,firstorder,90Percentile,std,0.001379,0.000463,0.00135,0.001408,0.336,312,294.5,93.9,434.0,0.0,0.3,-0.0484,0.467107,higher feature -> lower survival_target
immune_H_original_firstorder_10Percentile_std,immune,H,firstorder,10Percentile,std,0.001377,0.000477,0.001348,0.001407,0.346,313,287.5,97.0,433.0,0.0,0.4,0.1411,0.033209,higher feature -> higher survival_target
urothelium_H_original_firstorder_Entropy_mean,urothelium,H,firstorder,Entropy,mean,0.001376,0.000557,0.001342,0.001411,0.405,314,295.0,87.0,443.0,0.1,0.9,0.1989,0.002557,higher feature -> higher survival_target
adipose_E_original_firstorder_TotalEnergy_std,adipose,E,firstorder,TotalEnergy,std,0.001373,0.000605,0.001336,0.001411,0.44,315,306.5,71.0,448.0,0.0,0.8,-0.0544,0.413745,higher feature -> lower survival_target
urothelium_H_original_firstorder_TotalEnergy_mean,urothelium,H,firstorder,TotalEnergy,mean,0.001373,0.00047,0.001344,0.001402,0.343,316,290.0,95.0,443.0,0.0,0.3,0.0792,0.233404,higher feature -> higher survival_target
immune_H_original_firstorder_Variance_mean,immune,H,firstorder,Variance,mean,0.001372,0.000672,0.001331,0.001414,0.49,317,316.0,71.0,446.0,0.2,1.0,0.1787,0.006835,higher feature -> higher survival_target
immune_E_original_firstorder_Kurtosis_mean,immune,E,firstorder,Kurtosis,mean,0.001371,0.000506,0.00134,0.001403,0.369,318,296.0,90.0,440.0,0.0,0.4,-0.0476,0.47457,higher feature -> lower survival_target
urothelium_H_original_firstorder_Energy_mean,urothelium,H,firstorder,Energy,mean,0.001371,0.000468,0.001342,0.0014,0.341,319,291.0,92.9,441.0,0.0,0.2,0.0792,0.233404,higher feature -> higher survival_target
urothelium_H_original_firstorder_RobustMeanAbsoluteDeviation_mean,urothelium,H,firstorder,RobustMeanAbsoluteDeviation,mean,0.00137,0.000402,0.001345,0.001395,0.293,320,281.0,109.0,436.0,0.0,0.1,0.1691,0.010531,higher feature -> higher survival_target
tumor_E_original_firstorder_90Percentile_mean,tumor,E,firstorder,90Percentile,mean,0.001365,0.000725,0.00132,0.00141,0.532,321,323.5,62.0,458.0,0.0,1.9,0.0781,0.240245,higher feature -> higher survival_target
adipose_E_original_firstorder_Energy_std,adipose,E,firstorder,Energy,std,0.001363,0.000603,0.001326,0.001401,0.442,322,313.0,70.0,450.0,0.1,0.9,-0.0544,0.413745,higher feature -> lower survival_target
lamina_E_original_firstorder_Median_std,lamina,E,firstorder,Median,std,0.001362,0.000478,0.001333,0.001392,0.351,323,303.0,89.0,439.0,0.0,0.2,-0.1374,0.038165,higher feature -> lower survival_target
urothelium_H_original_firstorder_InterquartileRange_mean,urothelium,H,firstorder,InterquartileRange,mean,0.00136,0.000417,0.001334,0.001386,0.306,324,286.0,113.0,435.0,0.0,0.2,0.1677,0.011186,higher feature -> higher survival_target
tumor_E_original_firstorder_InterquartileRange_mean,tumor,E,firstorder,InterquartileRange,mean,0.00136,0.000577,0.001324,0.001395,0.425,325,312.0,80.0,449.0,0.1,0.3,0.0749,0.259838,higher feature -> higher survival_target
immune_H_original_firstorder_10Percentile_mean,immune,H,firstorder,10Percentile,mean,0.001359,0.000466,0.00133,0.001387,0.343,326,293.0,107.0,439.0,0.1,0.2,0.1666,0.011745,higher feature -> higher survival_target
urothelium_H_original_firstorder_10Percentile_mean,urothelium,H,firstorder,10Percentile,mean,0.001358,0.000476,0.001328,0.001387,0.351,327,296.0,96.0,439.0,0.0,0.3,0.0486,0.465611,higher feature -> higher survival_target
muscularis_E_original_firstorder_Uniformity_mean,muscularis,E,firstorder,Uniformity,mean,0.001356,0.000451,0.001328,0.001384,0.333,328,293.0,101.0,437.0,0.1,0.1,-0.0081,0.903616,higher feature -> lower survival_target
muscularis_H_original_firstorder_MeanAbsoluteDeviation_std,muscularis,H,firstorder,MeanAbsoluteDeviation,std,0.001356,0.000551,0.001322,0.00139,0.407,329,303.0,80.0,451.0,0.0,0.8,0.0737,0.267925,higher feature -> higher survival_target
muscularis_E_original_firstorder_10Percentile_std,muscularis,E,firstorder,10Percentile,std,0.001353,0.000523,0.001321,0.001386,0.387,330,302.5,85.0,443.0,0.0,0.5,-0.0547,0.411168,higher feature -> lower survival_target
necrosis_E_original_firstorder_Energy_mean,necrosis,E,firstorder,Energy,mean,0.00135,0.000604,0.001313,0.001388,0.447,331,318.0,77.0,454.0,0.0,0.8,0.0779,0.24109,higher feature -> higher survival_target
muscularis_E_original_firstorder_Mean_std,muscularis,E,firstorder,Mean,std,0.00135,0.000818,0.001299,0.001401,0.606,332,315.0,81.9,449.0,0.1,0.7,-0.1391,0.035878,higher feature -> lower survival_target
muscularis_H_original_firstorder_RobustMeanAbsoluteDeviation_std,muscularis,H,firstorder,RobustMeanAbsoluteDeviation,std,0.001348,0.000548,0.001314,0.001382,0.406,333,303.5,96.9,445.0,0.1,0.6,0.1069,0.10756,higher feature -> higher survival_target
necrosis_E_original_firstorder_TotalEnergy_mean,necrosis,E,firstorder,TotalEnergy,mean,0.001343,0.000597,0.001306,0.00138,0.444,334,321.0,82.0,452.0,0.0,0.9,0.0779,0.24109,higher feature -> higher survival_target
urothelium_H_original_firstorder_10Percentile_std,urothelium,H,firstorder,10Percentile,std,0.001343,0.000472,0.001313,0.001372,0.352,335,304.0,100.9,447.0,0.0,0.2,-0.0033,0.960275,higher feature -> lower survival_target
muscularis_E_original_firstorder_Kurtosis_mean,muscularis,E,firstorder,Kurtosis,mean,0.001341,0.000425,0.001314,0.001367,0.317,336,297.5,104.0,440.0,0.0,0.1,-0.023,0.729497,higher feature -> lower survival_target
vessels_H_original_firstorder_RootMeanSquared_std,vessels,H,firstorder,RootMeanSquared,std,0.001328,0.000569,0.001293,0.001364,0.428,337,321.0,85.0,444.0,0.2,0.6,0.1511,0.022446,higher feature -> higher survival_target
vessels_H_original_firstorder_RobustMeanAbsoluteDeviation_std,vessels,H,firstorder,RobustMeanAbsoluteDeviation,std,0.001328,0.000606,0.00129,0.001365,0.457,338,323.0,79.0,451.0,0.0,1.1,0.1557,0.01865,higher feature -> higher survival_target
muscularis_E_original_firstorder_Energy_std,muscularis,E,firstorder,Energy,std,0.001327,0.000615,0.001289,0.001365,0.463,339,319.5,82.0,450.0,0.2,1.0,-0.148,0.025472,higher feature -> lower survival_target
urothelium_H_original_firstorder_Median_mean,urothelium,H,firstorder,Median,mean,0.001323,0.000401,0.001299,0.001348,0.303,340,298.0,115.0,442.0,0.0,0.0,0.1272,0.055151,higher feature -> higher survival_target
vessels_H_original_firstorder_90Percentile_std,vessels,H,firstorder,90Percentile,std,0.001321,0.000524,0.001288,0.001353,0.396,341,313.0,85.0,446.0,0.1,0.5,0.1211,0.067954,higher feature -> higher survival_target
lamina_E_original_firstorder_Mean_std,lamina,E,firstorder,Mean,std,0.001319,0.00046,0.001291,0.001348,0.348,342,314.0,91.0,439.0,0.0,0.2,-0.1111,0.094107,higher feature -> lower survival_target
muscularis_E_original_firstorder_TotalEnergy_std,muscularis,E,firstorder,TotalEnergy,std,0.001318,0.000597,0.001281,0.001355,0.453,343,319.5,80.9,451.0,0.1,0.7,-0.148,0.025472,higher feature -> lower survival_target
adipose_H_original_firstorder_Variance_std,adipose,H,firstorder,Variance,std,0.001317,0.000642,0.001277,0.001357,0.488,344,331.0,66.9,458.0,0.0,1.5,0.2009,0.002305,higher feature -> higher survival_target
vessels_H_original_firstorder_Variance_std,vessels,H,firstorder,Variance,std,0.001317,0.000635,0.001278,0.001356,0.482,345,329.0,67.9,453.0,0.1,1.5,0.1558,0.018581,higher feature -> higher survival_target
lamina_E_original_firstorder_InterquartileRange_mean,lamina,E,firstorder,InterquartileRange,mean,0.001317,0.000453,0.001288,0.001345,0.344,346,311.0,100.9,451.0,0.0,0.0,-0.0019,0.976906,higher feature -> lower survival_target
tumor_E_original_firstorder_Variance_mean,tumor,E,firstorder,Variance,mean,0.001315,0.000578,0.00128,0.001351,0.439,347,328.0,83.0,454.0,0.0,0.6,0.0781,0.240447,higher feature -> higher survival_target
urothelium_H_original_firstorder_Uniformity_mean,urothelium,H,firstorder,Uniformity,mean,0.001309,0.000519,0.001276,0.001341,0.397,348,314.0,104.0,442.0,0.1,0.7,-0.2204,0.000804,higher feature -> lower survival_target
lamina_E_original_firstorder_RootMeanSquared_std,lamina,E,firstorder,RootMeanSquared,std,0.001304,0.000421,0.001278,0.00133,0.323,349,308.0,103.9,437.0,0.0,0.1,-0.1099,0.097753,higher feature -> lower survival_target
adipose_E_original_firstorder_Entropy_std,adipose,E,firstorder,Entropy,std,0.001303,0.000451,0.001275,0.001331,0.346,350,313.5,98.0,444.0,0.0,0.2,0.0152,0.81979,higher feature -> higher survival_target
immune_E_original_firstorder_Entropy_std,immune,E,firstorder,Entropy,std,0.001302,0.000479,0.001272,0.001332,0.368,351,317.0,104.9,442.0,0.0,0.3,-0.0808,0.224387,higher feature -> lower survival_target
urothelium_H_original_firstorder_Mean_mean,urothelium,H,firstorder,Mean,mean,0.001296,0.000412,0.001271,0.001322,0.318,352,307.0,115.0,443.0,0.0,0.3,0.1373,0.038322,higher feature -> higher survival_target
tumor_E_original_firstorder_10Percentile_mean,tumor,E,firstorder,10Percentile,mean,0.001296,0.000537,0.001263,0.001329,0.414,353,326.0,90.0,454.0,0.0,0.4,0.0555,0.404166,higher feature -> higher survival_target
adipose_E_original_firstorder_Variance_mean,adipose,E,firstorder,Variance,mean,0.001296,0.000536,0.001262,0.001329,0.414,354,323.0,92.0,448.0,0.1,0.3,-0.1256,0.058362,higher feature -> lower survival_target
necrosis_E_original_firstorder_RootMeanSquared_mean,necrosis,E,firstorder,RootMeanSquared,mean,0.001296,0.000549,0.001262,0.00133,0.423,355,335.5,86.0,455.0,0.0,0.5,0.0742,0.264718,higher feature -> higher survival_target
immune_H_original_firstorder_Entropy_std,immune,H,firstorder,Entropy,std,0.001295,0.000401,0.00127,0.00132,0.31,356,312.0,114.0,435.0,0.0,0.1,0.0501,0.45171,higher feature -> higher survival_target
vessels_E_original_firstorder_Entropy_std,vessels,E,firstorder,Entropy,std,0.001293,0.000516,0.001261,0.001325,0.399,357,326.5,98.9,448.0,0.0,0.6,-0.0715,0.282507,higher feature -> lower survival_target
necrosis_E_original_firstorder_Skewness_std,necrosis,E,firstorder,Skewness,std,0.001293,0.000491,0.001262,0.001323,0.379,358,318.5,96.0,443.0,0.0,0.6,-0.0791,0.234364,higher feature -> lower survival_target
adipose_E_original_firstorder_Median_std,adipose,E,firstorder,Median,std,0.001292,0.000461,0.001263,0.00132,0.357,359,319.0,101.9,443.0,0.0,0.2,-0.081,0.223071,higher feature -> lower survival_target
urothelium_H_original_firstorder_90Percentile_mean,urothelium,H,firstorder,90Percentile,mean,0.001291,0.000416,0.001266,0.001317,0.322,360,312.0,121.0,441.0,0.0,0.3,0.1617,0.014535,higher feature -> higher survival_target
urothelium_H_original_firstorder_Mean_std,urothelium,H,firstorder,Mean,std,0.001291,0.000525,0.001258,0.001323,0.407,361,332.0,90.0,454.0,0.0,0.3,-0.0089,0.893514,higher feature -> lower survival_target
tumor_E_original_firstorder_Skewness_mean,tumor,E,firstorder,Skewness,mean,0.001288,0.000572,0.001252,0.001323,0.444,362,337.0,77.0,455.0,0.0,0.6,-0.063,0.343842,higher feature -> lower survival_target
tumor_E_original_firstorder_MeanAbsoluteDeviation_mean,tumor,E,firstorder,MeanAbsoluteDeviation,mean,0.001286,0.000569,0.001251,0.001321,0.442,363,338.0,82.0,455.0,0.0,0.3,0.08,0.228751,higher feature -> higher survival_target
adipose_E_original_firstorder_90Percentile_std,adipose,E,firstorder,90Percentile,std,0.001283,0.000452,0.001255,0.001311,0.352,364,328.0,101.0,447.0,0.0,0.1,-0.0586,0.378617,higher feature -> lower survival_target
adipose_E_original_firstorder_10Percentile_mean,adipose,E,firstorder,10Percentile,mean,0.001281,0.000518,0.001249,0.001313,0.405,365,330.5,89.9,449.0,0.0,0.4,0.1131,0.088382,higher feature -> higher survival_target
adipose_E_original_firstorder_Mean_std,adipose,E,firstorder,Mean,std,0.00128,0.000407,0.001255,0.001305,0.318,366,319.0,114.9,440.0,0.0,0.2,-0.0199,0.764544,higher feature -> lower survival_target
muscularis_E_original_firstorder_Skewness_std,muscularis,E,firstorder,Skewness,std,0.00128,0.000491,0.001249,0.00131,0.384,367,323.5,103.0,451.0,0.1,0.3,-0.0576,0.386503,higher feature -> lower survival_target
vessels_H_original_firstorder_Energy_std,vessels,H,firstorder,Energy,std,0.001274,0.000501,0.001243,0.001305,0.393,368,330.0,103.0,446.0,0.1,0.6,0.1497,0.023744,higher feature -> higher survival_target
vessels_H_original_firstorder_TotalEnergy_std,vessels,H,firstorder,TotalEnergy,std,0.001271,0.000491,0.001241,0.001301,0.386,369,326.0,99.9,447.0,0.1,0.7,0.1497,0.023744,higher feature -> higher survival_target
urothelium_H_original_firstorder_RootMeanSquared_std,urothelium,H,firstorder,RootMeanSquared,std,0.001259,0.000519,0.001227,0.001291,0.412,370,342.0,91.0,455.0,0.0,0.5,-0.0116,0.862271,higher feature -> lower survival_target
muscularis_E_original_firstorder_Entropy_mean,muscularis,E,firstorder,Entropy,mean,0.001258,0.000413,0.001232,0.001284,0.329,371,325.0,118.0,446.0,0.0,0.1,-0.0144,0.82833,higher feature -> lower survival_target
lamina_E_original_firstorder_RobustMeanAbsoluteDeviation_mean,lamina,E,firstorder,RobustMeanAbsoluteDeviation,mean,0.001258,0.000432,0.001231,0.001284,0.344,372,329.0,107.9,453.0,0.0,0.0,-0.0071,0.915326,higher feature -> lower survival_target
adipose_E_original_firstorder_RootMeanSquared_std,adipose,E,firstorder,RootMeanSquared,std,0.001257,0.000418,0.001231,0.001283,0.332,373,322.0,115.0,446.0,0.0,0.3,-0.0437,0.511215,higher feature -> lower survival_target
tumor_E_original_firstorder_Kurtosis_mean,tumor,E,firstorder,Kurtosis,mean,0.001256,0.00051,0.001224,0.001287,0.406,374,341.0,91.0,450.0,0.0,0.3,-0.1034,0.11961,higher feature -> lower survival_target
urothelium_E_original_firstorder_90Percentile_mean,urothelium,E,firstorder,90Percentile,mean,0.001255,0.000449,0.001227,0.001283,0.358,375,326.5,103.0,451.0,0.0,0.1,0.0134,0.840598,higher feature -> higher survival_target
urothelium_E_original_firstorder_TotalEnergy_mean,urothelium,E,firstorder,TotalEnergy,mean,0.001253,0.000406,0.001228,0.001278,0.324,376,322.0,127.0,447.0,0.0,0.1,-0.0516,0.438469,higher feature -> lower survival_target
urothelium_E_original_firstorder_Energy_mean,urothelium,E,firstorder,Energy,mean,0.001251,0.000399,0.001226,0.001275,0.319,377,322.0,118.0,447.0,0.0,0.2,-0.0516,0.438469,higher feature -> lower survival_target
lamina_E_original_firstorder_MeanAbsoluteDeviation_mean,lamina,E,firstorder,MeanAbsoluteDeviation,mean,0.001249,0.000454,0.001221,0.001277,0.364,378,334.0,112.0,456.0,0.0,0.1,0.009,0.892204,higher feature -> higher survival_target
adipose_E_original_firstorder_10Percentile_std,adipose,E,firstorder,10Percentile,std,0.001245,0.000435,0.001218,0.001272,0.349,379,331.5,105.0,449.0,0.0,0.1,0.0246,0.712288,higher feature -> higher survival_target
muscularis_E_original_firstorder_Kurtosis_std,muscularis,E,firstorder,Kurtosis,std,0.001239,0.000397,0.001215,0.001264,0.321,380,327.0,127.0,447.0,0.0,0.2,-0.0041,0.951487,higher feature -> lower survival_target
muscularis_E_original_firstorder_RootMeanSquared_std,muscularis,E,firstorder,RootMeanSquared,std,0.001233,0.000593,0.001196,0.001269,0.481,381,334.0,118.9,452.0,0.1,0.4,-0.1242,0.061131,higher feature -> lower survival_target
necrosis_E_original_firstorder_Kurtosis_mean,necrosis,E,firstorder,Kurtosis,mean,0.001226,0.000362,0.001204,0.001249,0.295,382,329.0,124.0,443.0,0.0,0.1,-0.0863,0.194149,higher feature -> lower survival_target
urothelium_H_original_firstorder_Energy_std,urothelium,H,firstorder,Energy,std,0.001225,0.00047,0.001196,0.001254,0.383,383,346.0,96.0,454.0,0.0,0.3,0.0099,0.881587,higher feature -> higher survival_target
immune_E_original_firstorder_Variance_mean,immune,E,firstorder,Variance,mean,0.001224,0.000404,0.001199,0.001249,0.33,384,330.0,116.9,451.0,0.0,0.1,0.0267,0.687954,higher feature -> higher survival_target
lamina_H_original_firstorder_MeanAbsoluteDeviation_mean,lamina,H,firstorder,MeanAbsoluteDeviation,mean,0.001223,0.000534,0.00119,0.001256,0.436,385,357.0,91.9,455.0,0.0,0.6,0.2353,0.000338,higher feature -> higher survival_target
tumor_E_original_firstorder_Kurtosis_std,tumor,E,firstorder,Kurtosis,std,0.001222,0.000413,0.001196,0.001247,0.338,386,339.0,114.0,451.0,0.0,0.1,-0.0849,0.201501,higher feature -> lower survival_target
vessels_E_original_firstorder_RobustMeanAbsoluteDeviation_mean,vessels,E,firstorder,RobustMeanAbsoluteDeviation,mean,0.001221,0.000406,0.001196,0.001246,0.332,387,340.0,111.0,450.0,0.0,0.0,-0.0505,0.448355,higher feature -> lower survival_target
urothelium_H_original_firstorder_TotalEnergy_std,urothelium,H,firstorder,TotalEnergy,std,0.001221,0.000475,0.001192,0.00125,0.389,388,348.5,97.9,453.0,0.0,0.2,0.0099,0.881587,higher feature -> higher survival_target
immune_E_original_firstorder_InterquartileRange_mean,immune,E,firstorder,InterquartileRange,mean,0.001221,0.000383,0.001197,0.001245,0.314,389,330.0,129.0,449.0,0.0,0.0,0.0184,0.78261,higher feature -> higher survival_target
vessels_E_original_firstorder_Skewness_std,vessels,E,firstorder,Skewness,std,0.001218,0.00047,0.001189,0.001247,0.386,390,344.0,102.9,452.0,0.0,0.2,-0.0468,0.482306,higher feature -> lower survival_target
adipose_E_original_firstorder_Skewness_std,adipose,E,firstorder,Skewness,std,0.001218,0.00038,0.001194,0.001241,0.312,391,332.0,128.0,450.0,0.0,0.1,-0.0268,0.687075,higher feature -> lower survival_target
vessels_E_original_firstorder_Median_mean,vessels,E,firstorder,Median,mean,0.001218,0.000495,0.001187,0.001248,0.406,392,351.0,104.0,458.0,0.0,0.1,0.0253,0.70387,higher feature -> higher survival_target
vessels_E_original_firstorder_Energy_std,vessels,E,firstorder,Energy,std,0.001217,0.000462,0.001188,0.001246,0.379,393,341.0,120.0,457.0,0.0,0.2,0.0037,0.956204,higher feature -> higher survival_target
vessels_E_original_firstorder_TotalEnergy_std,vessels,E,firstorder,TotalEnergy,std,0.001213,0.000448,0.001185,0.00124,0.37,394,341.0,117.0,454.0,0.0,0.3,0.0037,0.956204,higher feature -> higher survival_target
vessels_E_original_firstorder_Mean_mean,vessels,E,firstorder,Mean,mean,0.001211,0.000479,0.001182,0.001241,0.395,395,350.0,101.0,456.0,0.0,0.1,0.0348,0.601412,higher feature -> higher survival_target
vessels_E_original_firstorder_Kurtosis_std,vessels,E,firstorder,Kurtosis,std,0.001209,0.000474,0.00118,0.001238,0.392,396,350.0,106.0,451.0,0.1,0.4,-0.0335,0.614729,higher feature -> lower survival_target
tumor_E_original_firstorder_Entropy_mean,tumor,E,firstorder,Entropy,mean,0.001207,0.000598,0.00117,0.001244,0.495,397,370.0,89.0,459.0,0.0,0.8,0.091,0.170703,higher feature -> higher survival_target
lamina_E_original_firstorder_Median_mean,lamina,E,firstorder,Median,mean,0.0012,0.000527,0.001167,0.001233,0.439,398,360.0,87.0,459.0,0.0,0.5,0.0289,0.663693,higher feature -> higher survival_target
urothelium_E_original_firstorder_10Percentile_std,urothelium,E,firstorder,10Percentile,std,0.001199,0.000408,0.001174,0.001225,0.34,399,345.0,124.0,447.0,0.0,0.3,-0.1291,0.051625,higher feature -> lower survival_target
lamina_E_original_firstorder_Variance_mean,lamina,E,firstorder,Variance,mean,0.001194,0.000413,0.001168,0.00122,0.346,400,348.0,117.0,456.0,0.0,0.0,-0.0086,0.896978,higher feature -> lower survival_target
vessels_E_original_firstorder_InterquartileRange_mean,vessels,E,firstorder,InterquartileRange,mean,0.00119,0.000394,0.001165,0.001214,0.331,401,346.0,114.0,455.0,0.0,0.0,-0.0508,0.445101,higher feature -> lower survival_target
adipose_E_original_firstorder_MeanAbsoluteDeviation_mean,adipose,E,firstorder,MeanAbsoluteDeviation,mean,0.001186,0.000444,0.001159,0.001214,0.374,402,351.5,113.0,454.0,0.1,0.1,-0.1165,0.079195,higher feature -> lower survival_target
lamina_E_original_firstorder_Mean_mean,lamina,E,firstorder,Mean,mean,0.001186,0.00052,0.001154,0.001218,0.438,403,367.0,89.0,460.0,0.0,0.2,0.042,0.528337,higher feature -> higher survival_target
tumor_E_original_firstorder_Uniformity_mean,tumor,E,firstorder,Uniformity,mean,0.00118,0.000574,0.001145,0.001216,0.486,404,371.0,91.0,459.0,0.1,0.6,-0.0975,0.142371,higher feature -> lower survival_target
vessels_E_original_firstorder_Kurtosis_mean,vessels,E,firstorder,Kurtosis,mean,0.001172,0.000393,0.001147,0.001196,0.336,405,352.0,127.0,451.0,0.0,0.3,-0.0545,0.412632,higher feature -> lower survival_target
urothelium_E_original_firstorder_RobustMeanAbsoluteDeviation_mean,urothelium,E,firstorder,RobustMeanAbsoluteDeviation,mean,0.001169,0.000345,0.001147,0.00119,0.295,406,346.0,147.9,450.0,0.0,0.0,0.0167,0.802092,higher feature -> higher survival_target
vessels_E_original_firstorder_MeanAbsoluteDeviation_mean,vessels,E,firstorder,MeanAbsoluteDeviation,mean,0.001168,0.000342,0.001147,0.001189,0.293,407,351.0,139.0,451.0,0.0,0.0,-0.0286,0.667972,higher feature -> lower survival_target
adipose_E_original_firstorder_Kurtosis_mean,adipose,E,firstorder,Kurtosis,mean,0.001167,0.000345,0.001146,0.001189,0.295,408,347.0,144.9,450.0,0.0,0.0,-0.0098,0.882499,higher feature -> lower survival_target
vessels_E_original_firstorder_Skewness_mean,vessels,E,firstorder,Skewness,mean,0.001166,0.000405,0.001141,0.001191,0.347,409,351.5,123.0,455.0,0.0,0.1,0.0038,0.954787,higher feature -> higher survival_target
lamina_E_original_firstorder_RootMeanSquared_mean,lamina,E,firstorder,RootMeanSquared,mean,0.001166,0.000509,0.001134,0.001197,0.436,410,371.0,92.0,460.0,0.0,0.2,0.0357,0.591639,higher feature -> higher survival_target
vessels_E_original_firstorder_TotalEnergy_mean,vessels,E,firstorder,TotalEnergy,mean,0.001165,0.000429,0.001138,0.001191,0.368,411,358.0,123.9,457.0,0.0,0.0,0.016,0.809897,higher feature -> higher survival_target
adipose_E_original_firstorder_Kurtosis_std,adipose,E,firstorder,Kurtosis,std,0.001163,0.000353,0.001141,0.001184,0.304,412,352.5,135.0,452.0,0.0,0.0,-0.0325,0.625337,higher feature -> lower survival_target
vessels_E_original_firstorder_Energy_mean,vessels,E,firstorder,Energy,mean,0.00116,0.000429,0.001133,0.001186,0.37,413,359.5,115.0,457.0,0.0,0.0,0.016,0.809897,higher feature -> higher survival_target
lamina_E_original_firstorder_Skewness_mean,lamina,E,firstorder,Skewness,mean,0.001159,0.000519,0.001127,0.001192,0.447,414,372.0,103.0,460.0,0.1,0.2,-0.041,0.538241,higher feature -> lower survival_target
necrosis_E_original_firstorder_Skewness_mean,necrosis,E,firstorder,Skewness,mean,0.001157,0.000354,0.001135,0.001179,0.306,415,353.5,140.0,453.0,0.0,0.1,-0.0747,0.261429,higher feature -> lower survival_target
immune_E_original_firstorder_RobustMeanAbsoluteDeviation_mean,immune,E,firstorder,RobustMeanAbsoluteDeviation,mean,0.001153,0.000373,0.001129,0.001176,0.324,416,352.0,141.0,457.0,0.0,0.0,0.0199,0.765434,higher feature -> higher survival_target
muscularis_E_original_firstorder_90Percentile_mean,muscularis,E,firstorder,90Percentile,mean,0.001151,0.000366,0.001128,0.001174,0.318,417,360.0,128.9,455.0,0.0,0.0,-0.0649,0.329027,higher feature -> lower survival_target
vessels_E_original_firstorder_Variance_mean,vessels,E,firstorder,Variance,mean,0.001136,0.000302,0.001117,0.001155,0.266,418,354.0,172.0,451.0,0.0,0.0,-0.0336,0.614173,higher feature -> lower survival_target
lamina_E_original_firstorder_TotalEnergy_mean,lamina,E,firstorder,TotalEnergy,mean,0.001135,0.000434,0.001108,0.001162,0.383,419,368.0,119.0,459.0,0.0,0.0,0.0055,0.934166,higher feature -> higher survival_target
lamina_E_original_firstorder_Energy_mean,lamina,E,firstorder,Energy,mean,0.001133,0.000435,0.001106,0.00116,0.384,420,370.0,113.0,458.0,0.0,0.0,0.0055,0.934166,higher feature -> higher survival_target
lamina_H_original_firstorder_Variance_mean,lamina,H,firstorder,Variance,mean,0.001131,0.000479,0.001102,0.001161,0.423,421,372.5,103.0,458.0,0.1,0.2,0.2044,0.001926,higher feature -> higher survival_target
lamina_E_original_firstorder_90Percentile_mean,lamina,E,firstorder,90Percentile,mean,0.00112,0.000499,0.001089,0.001151,0.445,422,386.0,108.0,461.0,0.0,0.4,0.036,0.588152,higher feature -> higher survival_target
immune_E_original_firstorder_MeanAbsoluteDeviation_mean,immune,E,firstorder,MeanAbsoluteDeviation,mean,0.001119,0.00037,0.001096,0.001142,0.331,423,363.0,138.0,458.0,0.0,0.0,0.033,0.620347,higher feature -> higher survival_target
adipose_E_original_firstorder_RobustMeanAbsoluteDeviation_mean,adipose,E,firstorder,RobustMeanAbsoluteDeviation,mean,0.001115,0.00048,0.001085,0.001145,0.43,424,380.0,119.0,458.0,0.1,0.4,-0.1232,0.063291,higher feature -> lower survival_target
muscularis_H_original_firstorder_Variance_std,muscularis,H,firstorder,Variance,std,0.001109,0.000361,0.001086,0.001131,0.325,425,370.0,145.0,457.0,0.0,0.1,0.1347,0.042084,higher feature -> higher survival_target
muscularis_E_original_firstorder_Skewness_mean,muscularis,E,firstorder,Skewness,mean,0.001108,0.000343,0.001087,0.001129,0.31,426,367.0,153.9,455.0,0.0,0.1,0.0292,0.661027,higher feature -> higher survival_target
urothelium_E_original_firstorder_MeanAbsoluteDeviation_mean,urothelium,E,firstorder,MeanAbsoluteDeviation,mean,0.001098,0.000351,0.001076,0.00112,0.32,427,375.0,154.0,458.0,0.0,0.0,0.023,0.730087,higher feature -> higher survival_target
urothelium_E_original_firstorder_Variance_mean,urothelium,E,firstorder,Variance,mean,0.001084,0.000354,0.001062,0.001105,0.326,428,375.5,143.9,458.0,0.0,0.0,0.005,0.940044,higher feature -> higher survival_target
immune_E_original_firstorder_Median_mean,immune,E,firstorder,Median,mean,0.00108,0.000436,0.001053,0.001107,0.403,429,390.0,130.7,458.0,0.0,0.5,0.0757,0.255022,higher feature -> higher survival_target
muscularis_E_original_firstorder_TotalEnergy_mean,muscularis,E,firstorder,TotalEnergy,mean,0.001074,0.000353,0.001052,0.001096,0.329,430,378.0,150.0,458.0,0.0,0.0,-0.0713,0.283694,higher feature -> lower survival_target
muscularis_E_original_firstorder_Energy_mean,muscularis,E,firstorder,Energy,mean,0.001071,0.000351,0.00105,0.001093,0.327,431,382.0,154.9,457.0,0.0,0.0,-0.0713,0.283694,higher feature -> lower survival_target
urothelium_E_original_firstorder_InterquartileRange_mean,urothelium,E,firstorder,InterquartileRange,mean,0.001071,0.000316,0.001051,0.00109,0.295,432,379.0,173.9,454.0,0.0,0.0,0.0226,0.734436,higher feature -> higher survival_target
immune_E_original_firstorder_Mean_mean,immune,E,firstorder,Mean,mean,0.001068,0.00043,0.001041,0.001094,0.402,433,394.0,116.0,458.0,0.0,0.2,0.0774,0.244294,higher feature -> higher survival_target
adipose_E_original_firstorder_InterquartileRange_mean,adipose,E,firstorder,InterquartileRange,mean,0.001063,0.000429,0.001037,0.00109,0.404,434,395.0,139.0,459.0,0.0,0.2,-0.1136,0.087003,higher feature -> lower survival_target
necrosis_E_original_firstorder_Kurtosis_std,necrosis,E,firstorder,Kurtosis,std,0.001055,0.000349,0.001034,0.001077,0.331,435,386.0,160.9,456.0,0.1,0.2,-0.0495,0.456576,higher feature -> lower survival_target
lamina_E_original_firstorder_Kurtosis_mean,lamina,E,firstorder,Kurtosis,mean,0.001055,0.000346,0.001034,0.001077,0.328,436,384.0,169.0,459.0,0.0,0.2,-0.0796,0.231099,higher feature -> lower survival_target
immune_E_original_firstorder_Uniformity_mean,immune,E,firstorder,Uniformity,mean,0.001044,0.000399,0.00102,0.001069,0.382,437,399.0,134.9,459.0,0.0,0.1,-0.0907,0.172299,higher feature -> lower survival_target
lamina_E_original_firstorder_Kurtosis_std,lamina,E,firstorder,Kurtosis,std,0.001031,0.000321,0.001011,0.00105,0.312,438,390.0,168.9,458.0,0.0,0.1,-0.0488,0.46343,higher feature -> lower survival_target
muscularis_E_original_firstorder_Mean_mean,muscularis,E,firstorder,Mean,mean,0.001016,0.000331,0.000995,0.001036,0.326,439,397.5,175.9,459.0,0.0,0.0,-0.0208,0.754695,higher feature -> lower survival_target
immune_E_original_firstorder_Energy_mean,immune,E,firstorder,Energy,mean,0.001013,0.000377,0.00099,0.001036,0.372,440,405.5,150.9,458.0,0.0,0.1,0.0661,0.320606,higher feature -> higher survival_target
immune_E_original_firstorder_Entropy_mean,immune,E,firstorder,Entropy,mean,0.001012,0.000367,0.000989,0.001034,0.363,441,405.0,142.9,460.0,0.0,0.0,0.0803,0.227287,higher feature -> higher survival_target
immune_E_original_firstorder_TotalEnergy_mean,immune,E,firstorder,TotalEnergy,mean,0.00101,0.00038,0.000987,0.001034,0.376,442,405.0,162.0,459.0,0.0,0.3,0.0661,0.320606,higher feature -> higher survival_target
adipose_E_original_firstorder_Median_mean,adipose,E,firstorder,Median,mean,0.001,0.000353,0.000978,0.001022,0.353,443,407.5,169.9,459.0,0.0,0.2,0.0538,0.418479,higher feature -> higher survival_target
muscularis_E_original_firstorder_Median_mean,muscularis,E,firstorder,Median,mean,0.000997,0.000316,0.000978,0.001017,0.317,444,401.0,175.9,460.0,0.0,0.0,-0.0314,0.637526,higher feature -> lower survival_target
muscularis_E_original_firstorder_RootMeanSquared_mean,muscularis,E,firstorder,RootMeanSquared,mean,0.000995,0.000309,0.000976,0.001014,0.31,445,402.0,181.0,460.0,0.0,0.0,-0.0517,0.436898,higher feature -> lower survival_target
vessels_E_original_firstorder_RootMeanSquared_mean,vessels,E,firstorder,RootMeanSquared,mean,0.000986,0.000335,0.000965,0.001006,0.339,446,409.0,175.9,460.0,0.0,0.0,0.0253,0.704333,higher feature -> higher survival_target
vessels_E_original_firstorder_Uniformity_mean,vessels,E,firstorder,Uniformity,mean,0.000974,0.000292,0.000956,0.000993,0.299,447,410.0,191.9,459.0,0.0,0.0,-0.0398,0.549861,higher feature -> lower survival_target
adipose_E_original_firstorder_90Percentile_mean,adipose,E,firstorder,90Percentile,mean,0.000958,0.000322,0.000938,0.000978,0.336,448,416.0,184.9,460.0,0.0,0.1,-0.0623,0.349397,higher feature -> lower survival_target
adipose_E_original_firstorder_Skewness_mean,adipose,E,firstorder,Skewness,mean,0.000947,0.000264,0.000931,0.000963,0.279,449,412.0,210.0,459.0,0.0,0.0,-0.0117,0.860323,higher feature -> lower survival_target
immune_E_original_firstorder_RootMeanSquared_mean,immune,E,firstorder,RootMeanSquared,mean,0.000935,0.00032,0.000915,0.000954,0.343,450,419.0,186.9,461.0,0.0,0.2,0.0715,0.28206,higher feature -> higher survival_target
vessels_E_original_firstorder_90Percentile_mean,vessels,E,firstorder,90Percentile,mean,0.000931,0.000289,0.000913,0.000949,0.311,451,418.5,201.9,461.0,0.0,0.0,0.0224,0.736442,higher feature -> higher survival_target
vessels_E_original_firstorder_Entropy_mean,vessels,E,firstorder,Entropy,mean,0.00092,0.000259,0.000904,0.000936,0.282,452,420.0,201.9,460.0,0.0,0.0,0.0316,0.635317,higher feature -> higher survival_target
immune_E_original_firstorder_90Percentile_mean,immune,E,firstorder,90Percentile,mean,0.000902,0.000284,0.000884,0.000919,0.315,453,428.0,222.0,461.0,0.0,0.1,0.0649,0.329326,higher feature -> higher survival_target
adipose_E_original_firstorder_Uniformity_mean,adipose,E,firstorder,Uniformity,mean,0.000897,0.00031,0.000878,0.000916,0.346,454,428.0,208.0,460.0,0.0,0.1,-0.0198,0.766006,higher feature -> lower survival_target
lamina_E_original_firstorder_Skewness_std,lamina,E,firstorder,Skewness,std,0.000879,0.00023,0.000864,0.000893,0.262,455,427.0,255.0,460.0,0.0,0.0,-0.0772,0.24565,higher feature -> lower survival_target
adipose_E_original_firstorder_Energy_mean,adipose,E,firstorder,Energy,mean,0.000873,0.000303,0.000854,0.000891,0.347,456,432.0,217.0,462.0,0.0,0.0,-0.0314,0.636782,higher feature -> lower survival_target
adipose_E_original_firstorder_TotalEnergy_mean,adipose,E,firstorder,TotalEnergy,mean,0.000868,0.000297,0.00085,0.000887,0.342,457,436.0,235.8,462.0,0.0,0.0,-0.0314,0.636782,higher feature -> lower survival_target
adipose_E_original_firstorder_Mean_mean,adipose,E,firstorder,Mean,mean,0.00086,0.000298,0.000841,0.000878,0.346,458,436.0,235.9,462.0,0.0,0.2,0.0089,0.894055,higher feature -> higher survival_target
adipose_E_original_firstorder_Entropy_mean,adipose,E,firstorder,Entropy,mean,0.000848,0.000278,0.000831,0.000866,0.328,459,440.0,231.0,462.0,0.0,0.0,-0.0005,0.994274,higher feature -> lower survival_target
adipose_E_original_firstorder_RootMeanSquared_mean,adipose,E,firstorder,RootMeanSquared,mean,0.000814,0.000266,0.000797,0.00083,0.327,460,444.0,270.9,463.0,0.0,0.0,-0.0273,0.682325,higher feature -> lower survival_target
urothelium_E_original_firstorder_Range_mean,urothelium,E,firstorder,Range,mean,0.000529,0.000283,0.000512,0.000547,0.535,461,462.0,272.8,467.0,0.0,0.0,0.0849,0.201656,higher feature -> higher survival_target
urothelium_E_original_firstorder_Maximum_std,urothelium,E,firstorder,Maximum,std,0.000525,0.000272,0.000509,0.000542,0.518,462,462.0,284.9,467.0,0.0,0.0,-0.0849,0.201462,higher feature -> lower survival_target
urothelium_E_original_firstorder_Range_std,urothelium,E,firstorder,Range,std,0.000524,0.000276,0.000507,0.000542,0.526,463,462.0,284.9,467.0,0.0,0.0,-0.0849,0.201462,higher feature -> lower survival_target
urothelium_E_original_firstorder_Maximum_mean,urothelium,E,firstorder,Maximum,mean,0.000524,0.000276,0.000507,0.000542,0.526,464,462.0,277.9,467.0,0.0,0.0,0.0849,0.201656,higher feature -> higher survival_target
vessels_E_original_firstorder_Range_mean,vessels,E,firstorder,Range,mean,0.00019,0.00013,0.000181,0.000198,0.687,465,466.0,461.0,468.0,0.0,0.0,0.0216,0.745468,higher feature -> higher survival_target
vessels_E_original_firstorder_Maximum_std,vessels,E,firstorder,Maximum,std,0.000188,0.000126,0.00018,0.000196,0.671,466,466.0,462.0,468.0,0.0,0.0,-0.0216,0.745468,higher feature -> lower survival_target
vessels_E_original_firstorder_Maximum_mean,vessels,E,firstorder,Maximum,mean,0.000188,0.000127,0.00018,0.000196,0.674,467,466.0,461.0,468.0,0.0,0.0,0.0216,0.745468,higher feature -> higher survival_target
vessels_E_original_firstorder_Range_std,vessels,E,firstorder,Range,std,0.000187,0.000125,0.00018,0.000195,0.666,468,466.0,461.0,468.0,0.0,0.0,-0.0216,0.745468,higher feature -> lower survival_target
urothelium_H_original_firstorder_Maximum_mean,urothelium,H,firstorder,Maximum,mean,4e-06,8e-06,3e-06,4e-06,2.161,469,488.0,469.0,504.0,0.0,0.0,0.0263,0.692366,higher feature -> higher survival_target
urothelium_H_original_firstorder_Range_std,urothelium,H,firstorder,Range,std,3e-06,7e-06,3e-06,4e-06,2.133,470,490.0,469.0,504.0,0.0,0.0,-0.0263,0.692366,higher feature -> lower survival_target
urothelium_H_original_firstorder_Maximum_std,urothelium,H,firstorder,Maximum,std,3e-06,8e-06,3e-06,4e-06,2.358,471,491.0,469.0,504.0,0.0,0.0,-0.0263,0.692366,higher feature -> lower survival_target
urothelium_H_original_firstorder_Range_mean,urothelium,H,firstorder,Range,mean,3e-06,7e-06,3e-06,4e-06,2.131,472,490.0,469.0,504.0,0.0,0.0,0.0263,0.692366,higher feature -> higher survival_target
adipose_E_original_firstorder_Range_std,adipose,E,firstorder,Range,std,3e-06,7e-06,2e-06,3e-06,2.53,473,478.0,469.0,499.0,0.0,0.0,0.0336,0.613878,higher feature -> higher survival_target
adipose_E_original_firstorder_Maximum_std,adipose,E,firstorder,Maximum,std,3e-06,6e-06,2e-06,3e-06,2.214,474,478.0,469.0,502.0,0.0,0.0,0.0336,0.613878,higher feature -> higher survival_target
adipose_E_original_firstorder_Range_mean,adipose,E,firstorder,Range,mean,3e-06,7e-06,2e-06,3e-06,2.431,475,477.0,469.0,500.0,0.0,0.0,-0.0336,0.613878,higher feature -> lower survival_target
adipose_E_original_firstorder_Maximum_mean,adipose,E,firstorder,Maximum,mean,3e-06,7e-06,2e-06,3e-06,2.542,476,478.0,469.0,502.0,0.0,0.0,-0.0336,0.613878,higher feature -> lower survival_target
tumor_E_original_firstorder_Maximum_mean,tumor,E,firstorder,Maximum,mean,2e-06,1e-05,2e-06,3e-06,4.228,477,478.0,469.0,503.0,0.0,0.0,0.0251,0.706512,higher feature -> higher survival_target
tumor_E_original_firstorder_Range_mean,tumor,E,firstorder,Range,mean,2e-06,1e-05,2e-06,3e-06,4.164,478,482.0,469.0,504.0,0.0,0.0,0.0251,0.706512,higher feature -> higher survival_target
tumor_E_original_firstorder_Maximum_std,tumor,E,firstorder,Maximum,std,2e-06,9e-06,2e-06,3e-06,3.852,479,479.0,469.0,504.0,0.0,0.0,-0.0251,0.706512,higher feature -> lower survival_target
vessels_H_original_firstorder_Range_mean,vessels,H,firstorder,Range,mean,2e-06,7e-06,2e-06,3e-06,3.041,480,489.0,469.0,504.0,0.0,0.0,-0.0003,0.996044,higher feature -> lower survival_target
tumor_E_original_firstorder_Range_std,tumor,E,firstorder,Range,std,2e-06,9e-06,1e-06,3e-06,4.339,481,483.0,469.0,504.0,0.0,0.0,-0.0251,0.706512,higher feature -> lower survival_target
vessels_H_original_firstorder_Maximum_mean,vessels,H,firstorder,Maximum,mean,2e-06,5e-06,2e-06,2e-06,2.536,482,496.0,469.0,504.0,0.0,0.0,-0.0003,0.996044,higher feature -> lower survival_target
vessels_H_original_firstorder_Maximum_std,vessels,H,firstorder,Maximum,std,2e-06,5e-06,2e-06,2e-06,2.672,483,496.0,469.0,504.0,0.0,0.0,-0.0004,0.995074,higher feature -> lower survival_target
vessels_H_original_firstorder_Range_std,vessels,H,firstorder,Range,std,2e-06,5e-06,2e-06,2e-06,2.511,484,488.0,469.0,504.0,0.0,0.0,-0.0004,0.995074,higher feature -> lower survival_target
lamina_E_original_firstorder_Maximum_mean,lamina,E,firstorder,Maximum,mean,1e-06,5e-06,1e-06,2e-06,3.889,485,485.0,469.0,503.0,0.0,0.0,0.0681,0.305566,higher feature -> higher survival_target
lamina_E_original_firstorder_Range_std,lamina,E,firstorder,Range,std,1e-06,5e-06,1e-06,2e-06,4.31,486,484.0,469.0,504.0,0.0,0.0,-0.0681,0.305566,higher feature -> lower survival_target
lamina_E_original_firstorder_Range_mean,lamina,E,firstorder,Range,mean,1e-06,4e-06,1e-06,2e-06,3.646,487,484.0,470.0,503.0,0.0,0.0,0.0681,0.305566,higher feature -> higher survival_target
lamina_E_original_firstorder_Maximum_std,lamina,E,firstorder,Maximum,std,1e-06,6e-06,1e-06,2e-06,4.995,488,485.0,470.0,503.0,0.0,0.0,-0.0681,0.305566,higher feature -> lower survival_target
immune_E_original_firstorder_Maximum_std,immune,E,firstorder,Maximum,std,0.0,3e-06,-0.0,0.0,19.864,489,494.0,473.0,504.0,0.0,0.0,-0.0309,0.642378,higher feature -> lower survival_target
immune_E_original_firstorder_Range_std,immune,E,firstorder,Range,std,0.0,1e-06,0.0,0.0,10.489,490,496.0,473.0,504.0,0.0,0.0,-0.0309,0.642378,higher feature -> lower survival_target
immune_E_original_firstorder_Range_mean,immune,E,firstorder,Range,mean,0.0,1e-06,0.0,0.0,10.965,491,495.0,473.0,503.0,0.0,0.0,0.0309,0.642378,higher feature -> higher survival_target
immune_E_original_firstorder_Maximum_mean,immune,E,firstorder,Maximum,mean,0.0,1e-06,0.0,0.0,12.566,492,494.0,474.0,503.0,0.0,0.0,0.0309,0.642378,higher feature -> higher survival_target
necrosis_E_original_firstorder_Maximum_std,necrosis,E,firstorder,Maximum,std,0.0,0.0,-0.0,0.0,20.343,493,485.0,472.0,499.0,0.0,0.0,0.0031,0.962872,higher feature -> higher survival_target
necrosis_E_original_firstorder_Range_mean,necrosis,E,firstorder,Range,mean,0.0,0.0,-0.0,0.0,17.416,494,485.0,472.0,500.0,0.0,0.0,-0.0031,0.962872,higher feature -> lower survival_target
necrosis_E_original_firstorder_Range_std,necrosis,E,firstorder,Range,std,0.0,0.0,-0.0,0.0,17.505,495,485.0,472.0,500.0,0.0,0.0,0.0031,0.962872,higher feature -> higher survival_target
necrosis_E_original_firstorder_Maximum_mean,necrosis,E,firstorder,Maximum,mean,0.0,0.0,-0.0,0.0,22.663,496,485.0,473.0,498.0,0.0,0.0,-0.0031,0.962872,higher feature -> lower survival_target
immune_H_original_firstorder_Maximum_std,immune,H,firstorder,Maximum,std,0.0,0.0,0.0,0.0,,497,489.0,473.0,501.0,0.0,0.0,,,undetermined
lamina_H_original_firstorder_Range_mean,lamina,H,firstorder,Range,mean,0.0,0.0,0.0,0.0,,498,488.0,473.0,502.0,0.0,0.0,,,undetermined
lamina_H_original_firstorder_Range_std,lamina,H,firstorder,Range,std,0.0,0.0,0.0,0.0,,499,487.5,473.0,501.0,0.0,0.0,,,undetermined
lamina_H_original_firstorder_Maximum_mean,lamina,H,firstorder,Maximum,mean,0.0,0.0,0.0,0.0,,500,489.0,473.0,502.0,0.0,0.0,,,undetermined
lamina_H_original_firstorder_Maximum_std,lamina,H,firstorder,Maximum,std,0.0,0.0,0.0,0.0,,501,489.0,473.0,502.0,0.0,0.0,,,undetermined
immune_H_original_firstorder_Maximum_mean,immune,H,firstorder,Maximum,mean,0.0,0.0,0.0,0.0,,502,489.0,473.0,501.0,0.0,0.0,,,undetermined
immune_H_original_firstorder_Range_std,immune,H,firstorder,Range,std,0.0,0.0,0.0,0.0,,503,491.0,474.0,503.0,0.0,0.0,,,undetermined
immune_H_original_firstorder_Range_mean,immune,H,firstorder,Range,mean,0.0,0.0,0.0,0.0,,504,490.0,474.0,503.0,0.0,0.0,,,undetermined
