feature,region,channel,feature_class,metric,stat,mean_importance,std_importance,ci_lo,ci_hi,cv,rank,median_rank,rank_q025,rank_q975,top20_pct,top50_pct,spearman_rho,spearman_p_value,direction
adipose_E_original_firstorder_InterquartileRange_std,adipose,E,firstorder,InterquartileRange,std,0.017948,0.003407,0.017737,0.018159,0.19,1,1.0,1.0,4.0,100.0,100.0,-0.3334,0.0,higher feature -> lower survival_target
adipose_E_original_firstorder_RobustMeanAbsoluteDeviation_std,adipose,E,firstorder,RobustMeanAbsoluteDeviation,std,0.017483,0.003284,0.017279,0.017686,0.188,2,2.0,1.0,4.0,100.0,100.0,-0.3346,0.0,higher feature -> lower survival_target
adipose_E_original_firstorder_Variance_std,adipose,E,firstorder,Variance,std,0.013474,0.003023,0.013286,0.013661,0.224,3,4.0,2.0,14.0,99.6,100.0,-0.2995,0.0,higher feature -> lower survival_target
adipose_E_original_firstorder_MeanAbsoluteDeviation_std,adipose,E,firstorder,MeanAbsoluteDeviation,std,0.012846,0.003242,0.012645,0.013046,0.252,4,4.0,2.0,18.0,98.1,99.8,-0.3071,0.0,higher feature -> lower survival_target
adipose_E_original_firstorder_RootMeanSquared_std,adipose,E,firstorder,RootMeanSquared,std,0.007418,0.002627,0.007255,0.007581,0.354,5,11.0,5.0,65.1,71.9,93.5,-0.2392,0.0,higher feature -> lower survival_target
dcis_E_original_firstorder_10Percentile_mean,dcis,E,firstorder,10Percentile,mean,0.006889,0.0029,0.006709,0.007069,0.421,6,15.0,3.0,83.0,61.8,89.7,0.1738,1e-05,higher feature -> higher survival_target
stroma_H_original_firstorder_MeanAbsoluteDeviation_std,stroma,H,firstorder,MeanAbsoluteDeviation,std,0.006762,0.003053,0.006572,0.006951,0.452,7,15.0,3.0,122.1,61.0,85.3,-0.2301,0.0,higher feature -> lower survival_target
stroma_H_original_firstorder_90Percentile_std,stroma,H,firstorder,90Percentile,std,0.006459,0.002729,0.00629,0.006628,0.423,8,17.0,4.0,111.0,58.6,87.9,-0.2269,0.0,higher feature -> lower survival_target
tils_H_original_firstorder_RootMeanSquared_std,tils,H,firstorder,RootMeanSquared,std,0.006456,0.002411,0.006307,0.006606,0.373,9,16.0,5.0,97.0,61.0,89.8,-0.2683,0.0,higher feature -> lower survival_target
tils_H_original_firstorder_90Percentile_std,tils,H,firstorder,90Percentile,std,0.006353,0.002228,0.006215,0.006491,0.351,10,17.0,5.0,93.0,61.5,90.7,-0.275,0.0,higher feature -> lower survival_target
adipose_H_original_firstorder_Uniformity_mean,adipose,H,firstorder,Uniformity,mean,0.00589,0.0022,0.005754,0.006026,0.374,11,20.0,5.0,88.0,50.4,87.9,-0.2057,0.0,higher feature -> lower survival_target
tils_H_original_firstorder_MeanAbsoluteDeviation_std,tils,H,firstorder,MeanAbsoluteDeviation,std,0.005815,0.002203,0.005678,0.005951,0.379,12,21.0,5.0,103.0,48.9,85.4,-0.2622,0.0,higher feature -> lower survival_target
adipose_H_original_firstorder_Skewness_mean,adipose,H,firstorder,Skewness,mean,0.005767,0.001984,0.005644,0.005889,0.344,13,21.0,5.0,73.0,47.6,90.2,-0.232,0.0,higher feature -> lower survival_target
tils_H_original_firstorder_TotalEnergy_std,tils,H,firstorder,TotalEnergy,std,0.005691,0.002262,0.005551,0.005831,0.397,14,23.0,5.0,101.0,45.0,83.2,-0.2397,0.0,higher feature -> lower survival_target
tils_H_original_firstorder_Energy_std,tils,H,firstorder,Energy,std,0.005682,0.002243,0.005543,0.005821,0.395,15,23.0,5.0,100.0,44.7,82.8,-0.2397,0.0,higher feature -> lower survival_target
adipose_H_original_firstorder_Median_mean,adipose,H,firstorder,Median,mean,0.005652,0.002354,0.005506,0.005798,0.417,16,23.5,5.0,103.0,44.3,81.3,0.1768,7e-06,higher feature -> higher survival_target
tils_H_original_firstorder_RobustMeanAbsoluteDeviation_std,tils,H,firstorder,RobustMeanAbsoluteDeviation,std,0.005608,0.002165,0.005474,0.005743,0.386,17,24.0,5.0,113.1,42.0,83.0,-0.2593,0.0,higher feature -> lower survival_target
tils_H_original_firstorder_Mean_std,tils,H,firstorder,Mean,std,0.005515,0.002281,0.005373,0.005656,0.414,18,24.0,5.0,119.0,42.7,79.6,-0.2372,0.0,higher feature -> lower survival_target
tils_H_original_firstorder_InterquartileRange_std,tils,H,firstorder,InterquartileRange,std,0.005514,0.002163,0.00538,0.005648,0.392,19,25.0,5.0,111.0,41.4,80.4,-0.2557,0.0,higher feature -> lower survival_target
tils_H_original_firstorder_Variance_std,tils,H,firstorder,Variance,std,0.005497,0.002133,0.005364,0.005629,0.388,20,26.0,5.0,100.0,39.3,81.3,-0.2578,0.0,higher feature -> lower survival_target
adipose_H_original_firstorder_Kurtosis_mean,adipose,H,firstorder,Kurtosis,mean,0.005355,0.002078,0.005226,0.005484,0.388,21,26.0,5.0,101.0,38.2,81.6,-0.2241,0.0,higher feature -> lower survival_target
adipose_H_original_firstorder_Entropy_mean,adipose,H,firstorder,Entropy,mean,0.004736,0.001683,0.004632,0.004841,0.355,22,32.5,8.0,113.0,26.7,72.7,0.2006,0.0,higher feature -> higher survival_target
adipose_E_original_firstorder_Median_std,adipose,E,firstorder,Median,std,0.00462,0.001781,0.004509,0.00473,0.386,23,36.0,7.0,144.0,28.0,67.1,-0.2135,0.0,higher feature -> lower survival_target
stroma_H_original_firstorder_RootMeanSquared_std,stroma,H,firstorder,RootMeanSquared,std,0.004599,0.00194,0.004479,0.00472,0.422,24,37.0,7.0,149.0,25.3,65.0,-0.2245,0.0,higher feature -> lower survival_target
dcis_H_original_firstorder_InterquartileRange_std,dcis,H,firstorder,InterquartileRange,std,0.004523,0.002246,0.004384,0.004662,0.496,25,40.5,5.0,192.1,25.9,59.5,-0.1222,0.002015,higher feature -> lower survival_target
tdlu_H_original_firstorder_MeanAbsoluteDeviation_std,tdlu,H,firstorder,MeanAbsoluteDeviation,std,0.004457,0.002002,0.004332,0.004581,0.449,26,38.0,6.0,190.0,24.1,62.3,-0.2187,0.0,higher feature -> lower survival_target
adipose_E_original_firstorder_90Percentile_std,adipose,E,firstorder,90Percentile,std,0.004436,0.001959,0.004314,0.004557,0.442,27,38.0,6.0,179.0,25.4,61.0,-0.2271,0.0,higher feature -> lower survival_target
tils_H_original_firstorder_Entropy_std,tils,H,firstorder,Entropy,std,0.004338,0.001966,0.004217,0.00446,0.453,28,41.5,8.0,199.4,21.5,58.3,-0.2392,0.0,higher feature -> lower survival_target
tils_E_original_firstorder_10Percentile_mean,tils,E,firstorder,10Percentile,mean,0.004305,0.001707,0.0042,0.004411,0.397,29,41.0,7.0,149.0,17.4,63.0,0.1233,0.001839,higher feature -> higher survival_target
dcis_H_original_firstorder_Variance_mean,dcis,H,firstorder,Variance,mean,0.004285,0.002014,0.004161,0.00441,0.47,30,43.0,6.0,169.0,20.5,57.3,-0.1108,0.005171,higher feature -> lower survival_target
tumor_E_original_firstorder_10Percentile_mean,tumor,E,firstorder,10Percentile,mean,0.00422,0.00146,0.00413,0.004311,0.346,31,41.0,10.0,144.0,16.5,62.3,0.0708,0.074233,higher feature -> higher survival_target
tils_E_original_firstorder_MeanAbsoluteDeviation_std,tils,E,firstorder,MeanAbsoluteDeviation,std,0.00422,0.001935,0.0041,0.00434,0.458,32,46.0,7.0,194.1,19.5,55.9,-0.1607,4.7e-05,higher feature -> lower survival_target
tdlu_H_original_firstorder_RobustMeanAbsoluteDeviation_std,tdlu,H,firstorder,RobustMeanAbsoluteDeviation,std,0.004215,0.001921,0.004095,0.004334,0.456,33,44.0,7.0,224.1,20.5,56.0,-0.2209,0.0,higher feature -> lower survival_target
adipose_E_original_firstorder_Mean_std,adipose,E,firstorder,Mean,std,0.004118,0.001675,0.004014,0.004222,0.407,34,45.5,8.0,162.0,19.4,55.5,-0.2117,0.0,higher feature -> lower survival_target
tdlu_H_original_firstorder_Skewness_std,tdlu,H,firstorder,Skewness,std,0.004118,0.001837,0.004004,0.004232,0.446,35,46.0,7.0,189.1,19.1,53.0,-0.1812,4e-06,higher feature -> lower survival_target
adipose_H_original_firstorder_Mean_mean,adipose,H,firstorder,Mean,mean,0.00401,0.001484,0.003918,0.004102,0.37,36,46.0,10.0,150.0,14.2,56.1,0.1742,1e-05,higher feature -> higher survival_target
tdlu_H_original_firstorder_Entropy_std,tdlu,H,firstorder,Entropy,std,0.003983,0.00188,0.003867,0.0041,0.472,37,48.0,7.0,259.1,18.4,52.1,-0.2359,0.0,higher feature -> lower survival_target
adipose_H_original_firstorder_InterquartileRange_mean,adipose,H,firstorder,InterquartileRange,mean,0.003767,0.001363,0.003682,0.003851,0.362,38,52.0,14.0,177.0,9.7,48.5,0.1878,2e-06,higher feature -> higher survival_target
dcis_H_original_firstorder_MeanAbsoluteDeviation_mean,dcis,H,firstorder,MeanAbsoluteDeviation,mean,0.003733,0.001506,0.00364,0.003826,0.403,39,55.0,11.0,188.0,12.0,45.3,-0.1011,0.010758,higher feature -> lower survival_target
stroma_H_original_firstorder_Variance_std,stroma,H,firstorder,Variance,std,0.003731,0.001573,0.003634,0.003829,0.422,40,56.0,10.0,209.0,13.4,45.5,-0.2121,0.0,higher feature -> lower survival_target
dcis_H_original_firstorder_RobustMeanAbsoluteDeviation_std,dcis,H,firstorder,RobustMeanAbsoluteDeviation,std,0.003626,0.001805,0.003514,0.003738,0.498,41,63.0,9.0,239.0,12.2,38.9,-0.0931,0.018902,higher feature -> lower survival_target
tils_E_original_firstorder_RobustMeanAbsoluteDeviation_std,tils,E,firstorder,RobustMeanAbsoluteDeviation,std,0.003605,0.001639,0.003503,0.003707,0.455,42,63.0,10.0,242.0,11.4,41.2,-0.1549,8.8e-05,higher feature -> lower survival_target
tumor_E_original_firstorder_InterquartileRange_std,tumor,E,firstorder,InterquartileRange,std,0.00356,0.001654,0.003457,0.003662,0.465,43,62.0,10.0,263.0,11.9,40.7,-0.1899,1e-06,higher feature -> lower survival_target
tumor_E_original_firstorder_RobustMeanAbsoluteDeviation_std,tumor,E,firstorder,RobustMeanAbsoluteDeviation,std,0.003549,0.001652,0.003446,0.003651,0.465,44,62.5,10.0,258.0,10.9,40.2,-0.1928,1e-06,higher feature -> lower survival_target
muscle_E_original_firstorder_Median_std,muscle,E,firstorder,Median,std,0.003537,0.00152,0.003443,0.003631,0.43,45,61.0,11.0,240.0,11.0,41.2,-0.2097,0.0,higher feature -> lower survival_target
tdlu_H_original_firstorder_InterquartileRange_std,tdlu,H,firstorder,InterquartileRange,std,0.003531,0.001525,0.003437,0.003626,0.432,46,63.0,12.0,248.2,10.6,39.7,-0.2168,0.0,higher feature -> lower survival_target
dcis_E_original_firstorder_Median_mean,dcis,E,firstorder,Median,mean,0.003529,0.001559,0.003432,0.003625,0.442,47,62.0,10.0,247.1,10.1,40.7,0.1301,0.00101,higher feature -> higher survival_target
stroma_H_original_firstorder_Mean_std,stroma,H,firstorder,Mean,std,0.003499,0.001497,0.003406,0.003592,0.428,48,63.0,11.0,218.1,8.8,37.4,-0.2057,0.0,higher feature -> lower survival_target
adipose_E_original_firstorder_Uniformity_mean,adipose,E,firstorder,Uniformity,mean,0.003448,0.001169,0.003375,0.00352,0.339,49,61.0,15.0,182.0,5.9,39.1,-0.0641,0.106275,higher feature -> lower survival_target
tumor_E_original_firstorder_Variance_std,tumor,E,firstorder,Variance,std,0.00344,0.001656,0.003337,0.003542,0.482,50,70.0,9.0,281.0,11.3,37.7,-0.1834,3e-06,higher feature -> lower survival_target
tdlu_H_original_firstorder_90Percentile_std,tdlu,H,firstorder,90Percentile,std,0.003401,0.001492,0.003309,0.003494,0.439,51,66.0,14.0,260.1,8.0,35.9,-0.2203,0.0,higher feature -> lower survival_target
adipose_E_original_firstorder_Skewness_std,adipose,E,firstorder,Skewness,std,0.003394,0.001851,0.00328,0.003509,0.545,52,76.0,8.0,317.0,12.4,36.2,-0.1195,0.002533,higher feature -> lower survival_target
dcis_E_original_firstorder_MeanAbsoluteDeviation_std,dcis,E,firstorder,MeanAbsoluteDeviation,std,0.003374,0.001526,0.00328,0.003469,0.452,53,67.0,10.0,272.1,8.7,34.5,-0.1948,1e-06,higher feature -> lower survival_target
dcis_E_original_firstorder_RobustMeanAbsoluteDeviation_std,dcis,E,firstorder,RobustMeanAbsoluteDeviation,std,0.003351,0.001349,0.003268,0.003435,0.402,54,65.0,14.0,213.0,6.8,35.8,-0.1841,3e-06,higher feature -> lower survival_target
adipose_H_original_firstorder_10Percentile_mean,adipose,H,firstorder,10Percentile,mean,0.00334,0.001378,0.003255,0.003426,0.413,55,69.5,13.0,203.0,6.6,32.2,0.0752,0.058079,higher feature -> higher survival_target
tils_E_original_firstorder_Median_mean,tils,E,firstorder,Median,mean,0.003275,0.001111,0.003206,0.003343,0.339,56,65.0,19.0,203.0,3.9,33.1,0.14,0.000399,higher feature -> higher survival_target
stroma_H_original_firstorder_RobustMeanAbsoluteDeviation_std,stroma,H,firstorder,RobustMeanAbsoluteDeviation,std,0.003272,0.001464,0.003181,0.003362,0.448,57,71.0,13.0,270.1,7.2,34.0,-0.2024,0.0,higher feature -> lower survival_target
adipose_H_original_firstorder_RobustMeanAbsoluteDeviation_mean,adipose,H,firstorder,RobustMeanAbsoluteDeviation,mean,0.003259,0.001141,0.003188,0.00333,0.35,58,66.0,18.0,202.0,3.9,33.4,0.1797,5e-06,higher feature -> higher survival_target
tils_E_original_firstorder_Variance_std,tils,E,firstorder,Variance,std,0.003246,0.001394,0.00316,0.003333,0.43,59,72.0,13.0,253.1,5.9,31.2,-0.1309,0.000934,higher feature -> lower survival_target
dcis_E_original_firstorder_Uniformity_mean,dcis,E,firstorder,Uniformity,mean,0.003185,0.00162,0.003085,0.003286,0.509,60,80.0,11.0,334.1,8.6,30.9,-0.0858,0.030568,higher feature -> lower survival_target
tils_E_original_firstorder_InterquartileRange_std,tils,E,firstorder,InterquartileRange,std,0.003179,0.001405,0.003092,0.003267,0.442,61,77.0,14.0,265.0,5.6,28.6,-0.1432,0.000291,higher feature -> lower survival_target
adipose_H_original_firstorder_90Percentile_mean,adipose,H,firstorder,90Percentile,mean,0.003149,0.001032,0.003085,0.003213,0.328,62,69.5,22.0,195.0,1.9,28.4,0.1785,6e-06,higher feature -> higher survival_target
dcis_E_original_firstorder_InterquartileRange_std,dcis,E,firstorder,InterquartileRange,std,0.003143,0.001297,0.003062,0.003223,0.413,63,75.5,16.0,245.0,4.8,28.0,-0.1805,5e-06,higher feature -> lower survival_target
dcis_E_original_firstorder_10Percentile_std,dcis,E,firstorder,10Percentile,std,0.003137,0.001249,0.003059,0.003214,0.398,64,74.0,15.0,253.0,5.7,31.2,0.1159,0.003431,higher feature -> higher survival_target
stroma_H_original_firstorder_TotalEnergy_std,stroma,H,firstorder,TotalEnergy,std,0.003124,0.001199,0.003049,0.003198,0.384,65,75.0,17.0,228.0,4.1,26.8,-0.1853,3e-06,higher feature -> lower survival_target
dcis_E_original_firstorder_Variance_std,dcis,E,firstorder,Variance,std,0.003123,0.001374,0.003038,0.003208,0.44,66,79.0,12.0,262.1,5.6,28.4,-0.1755,9e-06,higher feature -> lower survival_target
stroma_H_original_firstorder_Energy_std,stroma,H,firstorder,Energy,std,0.003121,0.001172,0.003049,0.003194,0.376,67,75.0,18.0,226.1,3.7,25.5,-0.1853,3e-06,higher feature -> lower survival_target
dcis_H_original_firstorder_Variance_std,dcis,H,firstorder,Variance,std,0.003058,0.001492,0.002966,0.00315,0.488,68,80.0,13.0,313.0,5.2,26.1,-0.063,0.112266,higher feature -> lower survival_target
tumor_H_original_firstorder_Variance_std,tumor,H,firstorder,Variance,std,0.003048,0.001631,0.002947,0.003149,0.535,69,90.0,10.0,322.0,8.5,26.4,-0.1509,0.000134,higher feature -> lower survival_target
dcis_H_original_firstorder_Skewness_std,dcis,H,firstorder,Skewness,std,0.003036,0.001162,0.002964,0.003108,0.383,70,79.0,19.0,249.0,3.3,24.4,-0.1169,0.003148,higher feature -> lower survival_target
muscle_E_original_firstorder_Variance_std,muscle,E,firstorder,Variance,std,0.003031,0.001289,0.002951,0.003111,0.425,71,83.0,16.0,271.1,5.3,26.6,-0.1911,1e-06,higher feature -> lower survival_target
tumor_H_original_firstorder_10Percentile_mean,tumor,H,firstorder,10Percentile,mean,0.003022,0.001227,0.002946,0.003098,0.406,72,81.0,14.0,254.0,5.2,26.6,0.0121,0.761521,higher feature -> higher survival_target
adipose_E_original_firstorder_Median_mean,adipose,E,firstorder,Median,mean,0.003011,0.000815,0.002961,0.003062,0.27,73,71.0,25.0,198.0,1.2,23.8,0.0255,0.520542,higher feature -> higher survival_target
adipose_E_original_firstorder_Entropy_std,adipose,E,firstorder,Entropy,std,0.003003,0.001423,0.002914,0.003091,0.474,74,89.5,13.0,288.0,5.7,24.9,-0.1359,0.00059,higher feature -> lower survival_target
dcis_H_original_firstorder_RobustMeanAbsoluteDeviation_mean,dcis,H,firstorder,RobustMeanAbsoluteDeviation,mean,0.002995,0.001059,0.002929,0.00306,0.354,75,79.0,19.0,253.1,2.8,24.0,-0.0655,0.09876,higher feature -> lower survival_target
tumor_H_original_firstorder_InterquartileRange_std,tumor,H,firstorder,InterquartileRange,std,0.002969,0.001635,0.002868,0.003071,0.551,76,90.5,10.0,405.0,6.8,27.0,-0.1605,4.8e-05,higher feature -> lower survival_target
tumor_H_original_firstorder_Entropy_std,tumor,H,firstorder,Entropy,std,0.002967,0.001417,0.002879,0.003054,0.478,77,89.0,14.0,312.0,6.0,25.4,-0.1853,3e-06,higher feature -> lower survival_target
muscle_E_original_firstorder_InterquartileRange_std,muscle,E,firstorder,InterquartileRange,std,0.002924,0.001341,0.002841,0.003007,0.458,78,88.0,13.0,324.0,5.7,24.5,-0.194,1e-06,higher feature -> lower survival_target
dcis_H_original_firstorder_MeanAbsoluteDeviation_std,dcis,H,firstorder,MeanAbsoluteDeviation,std,0.002896,0.001341,0.002813,0.002979,0.463,79,94.0,17.0,306.1,4.3,22.3,-0.0808,0.041717,higher feature -> lower survival_target
muscle_E_original_firstorder_RobustMeanAbsoluteDeviation_std,muscle,E,firstorder,RobustMeanAbsoluteDeviation,std,0.002877,0.001259,0.002799,0.002955,0.438,80,89.0,17.0,340.0,4.6,22.3,-0.1966,1e-06,higher feature -> lower survival_target
dcis_E_original_firstorder_Mean_mean,dcis,E,firstorder,Mean,mean,0.002795,0.001234,0.002719,0.002872,0.442,81,97.0,18.0,328.0,3.3,20.2,0.0983,0.013091,higher feature -> higher survival_target
adipose_H_original_firstorder_Skewness_std,adipose,H,firstorder,Skewness,std,0.002771,0.001096,0.002703,0.002839,0.396,82,97.0,20.0,277.1,2.7,19.7,-0.1798,5e-06,higher feature -> lower survival_target
dcis_E_original_firstorder_Entropy_mean,dcis,E,firstorder,Entropy,mean,0.002739,0.001308,0.002658,0.00282,0.477,83,101.0,17.0,368.0,3.4,19.8,0.0654,0.099469,higher feature -> higher survival_target
adipose_E_original_firstorder_Skewness_mean,adipose,E,firstorder,Skewness,mean,0.002734,0.001266,0.002655,0.002812,0.463,84,104.0,18.0,302.0,3.4,18.3,-0.0635,0.109513,higher feature -> lower survival_target
muscle_E_original_firstorder_Mean_std,muscle,E,firstorder,Mean,std,0.00273,0.001099,0.002662,0.002798,0.403,85,99.0,20.0,295.0,2.6,18.9,-0.1931,1e-06,higher feature -> lower survival_target
adipose_E_original_firstorder_Variance_mean,adipose,E,firstorder,Variance,mean,0.002713,0.001077,0.002647,0.00278,0.397,86,100.0,18.0,278.0,3.1,18.0,-0.1682,2e-05,higher feature -> lower survival_target
stroma_E_original_firstorder_Mean_std,stroma,E,firstorder,Mean,std,0.002701,0.001306,0.00262,0.002782,0.484,87,106.0,15.0,345.1,4.9,19.0,-0.1807,5e-06,higher feature -> lower survival_target
stroma_H_original_firstorder_Median_std,stroma,H,firstorder,Median,std,0.002697,0.001113,0.002628,0.002766,0.413,88,101.5,19.0,314.0,3.1,18.8,-0.1733,1.1e-05,higher feature -> lower survival_target
adipose_H_original_firstorder_RootMeanSquared_mean,adipose,H,firstorder,RootMeanSquared,mean,0.002636,0.000787,0.002587,0.002684,0.298,89,96.0,31.0,248.0,0.2,12.2,0.1552,8.5e-05,higher feature -> higher survival_target
tumor_E_original_firstorder_MeanAbsoluteDeviation_std,tumor,E,firstorder,MeanAbsoluteDeviation,std,0.002614,0.001259,0.002536,0.002692,0.482,90,113.0,18.0,386.1,3.2,17.6,-0.176,8e-06,higher feature -> lower survival_target
tils_H_original_firstorder_Skewness_std,tils,H,firstorder,Skewness,std,0.002609,0.001201,0.002534,0.002683,0.46,91,110.0,21.0,351.0,2.4,17.6,-0.1756,8e-06,higher feature -> lower survival_target
muscle_E_original_firstorder_MeanAbsoluteDeviation_std,muscle,E,firstorder,MeanAbsoluteDeviation,std,0.002608,0.001123,0.002538,0.002677,0.431,92,112.0,19.0,311.0,3.3,16.1,-0.1858,2e-06,higher feature -> lower survival_target
tils_E_original_firstorder_Mean_mean,tils,E,firstorder,Mean,mean,0.002605,0.000802,0.002555,0.002655,0.308,93,97.0,32.0,271.1,0.4,12.8,0.1207,0.002288,higher feature -> higher survival_target
dcis_H_original_firstorder_InterquartileRange_mean,dcis,H,firstorder,InterquartileRange,mean,0.002601,0.000925,0.002544,0.002658,0.355,94,101.0,25.0,299.0,1.5,13.0,-0.0574,0.148221,higher feature -> lower survival_target
adipose_H_original_firstorder_MeanAbsoluteDeviation_mean,adipose,H,firstorder,MeanAbsoluteDeviation,mean,0.00259,0.000812,0.00254,0.00264,0.313,95,103.0,34.0,250.0,0.6,10.9,0.1671,2.3e-05,higher feature -> higher survival_target
stroma_H_original_firstorder_InterquartileRange_std,stroma,H,firstorder,InterquartileRange,std,0.002566,0.001106,0.002498,0.002635,0.431,96,112.0,24.0,323.0,1.8,14.1,-0.1915,1e-06,higher feature -> lower survival_target
tdlu_H_original_firstorder_Variance_std,tdlu,H,firstorder,Variance,std,0.002553,0.001142,0.002482,0.002624,0.447,97,119.0,24.0,364.2,1.4,15.9,-0.1678,2.1e-05,higher feature -> lower survival_target
tils_H_original_firstorder_Variance_mean,tils,H,firstorder,Variance,mean,0.002539,0.000819,0.002488,0.002589,0.323,98,103.0,33.0,265.0,0.7,10.9,-0.106,0.007452,higher feature -> lower survival_target
tumor_H_original_firstorder_10Percentile_std,tumor,H,firstorder,10Percentile,std,0.002518,0.000871,0.002464,0.002572,0.346,99,108.0,28.0,296.0,1.4,11.1,-0.0058,0.883656,higher feature -> lower survival_target
tumor_H_original_firstorder_RobustMeanAbsoluteDeviation_std,tumor,H,firstorder,RobustMeanAbsoluteDeviation,std,0.002469,0.001366,0.002385,0.002554,0.553,100,133.5,19.0,429.0,3.6,16.5,-0.1451,0.00024,higher feature -> lower survival_target
adipose_E_original_firstorder_10Percentile_mean,adipose,E,firstorder,10Percentile,mean,0.002418,0.000668,0.002376,0.002459,0.276,101,109.0,41.0,283.1,0.2,5.5,0.0255,0.521442,higher feature -> higher survival_target
stroma_E_original_firstorder_RootMeanSquared_std,stroma,E,firstorder,RootMeanSquared,std,0.002411,0.001122,0.002341,0.00248,0.465,102,127.5,19.0,369.0,2.9,12.2,-0.18,5e-06,higher feature -> lower survival_target
tumor_H_original_firstorder_MeanAbsoluteDeviation_std,tumor,H,firstorder,MeanAbsoluteDeviation,std,0.002376,0.00117,0.002304,0.002449,0.492,103,140.0,20.0,429.0,2.6,13.2,-0.177,7e-06,higher feature -> lower survival_target
adipose_H_original_firstorder_TotalEnergy_mean,adipose,H,firstorder,TotalEnergy,mean,0.002366,0.000696,0.002323,0.00241,0.294,104,114.5,39.0,288.1,0.1,5.9,0.1372,0.000523,higher feature -> higher survival_target
adipose_H_original_firstorder_Energy_mean,adipose,H,firstorder,Energy,mean,0.002364,0.000701,0.00232,0.002407,0.297,105,116.5,39.0,278.0,0.0,5.9,0.1372,0.000523,higher feature -> higher survival_target
dcis_H_original_firstorder_90Percentile_std,dcis,H,firstorder,90Percentile,std,0.002358,0.001007,0.002295,0.00242,0.427,106,130.0,28.0,369.0,0.7,11.6,-0.1187,0.002708,higher feature -> lower survival_target
tdlu_E_original_firstorder_Median_std,tdlu,E,firstorder,Median,std,0.002348,0.000994,0.002287,0.00241,0.423,107,134.0,25.0,371.1,1.2,10.9,-0.1548,8.9e-05,higher feature -> lower survival_target
vessels_H_original_firstorder_Skewness_std,vessels,H,firstorder,Skewness,std,0.002336,0.00101,0.002273,0.002399,0.432,108,137.0,24.0,350.0,1.7,9.8,-0.0962,0.015216,higher feature -> lower survival_target
tumor_H_original_firstorder_TotalEnergy_std,tumor,H,firstorder,TotalEnergy,std,0.002288,0.00084,0.002236,0.00234,0.367,109,133.0,33.0,339.0,0.6,8.6,-0.0547,0.168255,higher feature -> lower survival_target
tumor_H_original_firstorder_Energy_std,tumor,H,firstorder,Energy,std,0.002283,0.000841,0.00223,0.002335,0.368,110,130.5,32.0,340.0,0.7,8.0,-0.0547,0.168255,higher feature -> lower survival_target
tumor_H_original_firstorder_Skewness_std,tumor,H,firstorder,Skewness,std,0.002277,0.001061,0.002211,0.002343,0.466,111,147.0,25.0,392.0,1.6,9.9,-0.1406,0.000374,higher feature -> lower survival_target
adipose_H_original_firstorder_Kurtosis_std,adipose,H,firstorder,Kurtosis,std,0.002275,0.000952,0.002216,0.002334,0.418,112,140.0,27.0,362.0,1.3,9.3,-0.1451,0.000241,higher feature -> lower survival_target
tumor_H_original_firstorder_Variance_mean,tumor,H,firstorder,Variance,mean,0.002259,0.000714,0.002215,0.002303,0.316,113,129.0,40.0,329.0,0.1,5.3,-0.088,0.026439,higher feature -> lower survival_target
stroma_E_original_firstorder_InterquartileRange_mean,stroma,E,firstorder,InterquartileRange,mean,0.002257,0.000719,0.002213,0.002302,0.319,114,129.0,39.0,340.1,0.1,6.3,0.0551,0.165061,higher feature -> higher survival_target
tdlu_E_original_firstorder_Energy_std,tdlu,E,firstorder,Energy,std,0.002237,0.000857,0.002184,0.00229,0.383,115,140.0,29.0,356.0,1.2,8.0,-0.1346,0.000667,higher feature -> lower survival_target
tdlu_E_original_firstorder_TotalEnergy_std,tdlu,E,firstorder,TotalEnergy,std,0.002232,0.000852,0.002179,0.002285,0.382,116,141.0,30.0,359.1,1.1,7.8,-0.1346,0.000667,higher feature -> lower survival_target
adipose_E_original_firstorder_TotalEnergy_std,adipose,E,firstorder,TotalEnergy,std,0.002228,0.000762,0.002181,0.002276,0.342,117,137.0,35.0,330.0,0.4,6.6,-0.1832,3e-06,higher feature -> lower survival_target
adipose_E_original_firstorder_Energy_std,adipose,E,firstorder,Energy,std,0.002224,0.000753,0.002178,0.002271,0.339,118,137.5,37.9,334.0,0.3,5.8,-0.1832,3e-06,higher feature -> lower survival_target
tumor_E_original_firstorder_Median_mean,tumor,E,firstorder,Median,mean,0.002216,0.000706,0.002172,0.002259,0.319,119,132.0,39.0,359.0,0.1,4.4,0.0611,0.123871,higher feature -> higher survival_target
tumor_E_original_firstorder_Kurtosis_std,tumor,E,firstorder,Kurtosis,std,0.002206,0.000739,0.00216,0.002252,0.335,120,141.0,40.0,340.0,0.5,5.7,0.0652,0.100659,higher feature -> higher survival_target
tils_H_original_firstorder_Kurtosis_mean,tils,H,firstorder,Kurtosis,mean,0.002182,0.00093,0.002124,0.002239,0.426,121,153.0,30.0,374.1,1.1,8.0,-0.0932,0.018717,higher feature -> lower survival_target
tumor_H_original_firstorder_RootMeanSquared_std,tumor,H,firstorder,RootMeanSquared,std,0.002173,0.001059,0.002107,0.002238,0.487,122,163.0,26.0,390.0,1.6,8.8,-0.0972,0.01423,higher feature -> lower survival_target
tils_H_original_firstorder_Median_std,tils,H,firstorder,Median,std,0.002171,0.00088,0.002117,0.002226,0.405,123,152.0,32.0,373.0,0.8,7.9,-0.1537,9.9e-05,higher feature -> lower survival_target
stroma_E_original_firstorder_RobustMeanAbsoluteDeviation_mean,stroma,E,firstorder,RobustMeanAbsoluteDeviation,mean,0.00216,0.000699,0.002116,0.002203,0.324,124,142.0,40.0,353.1,0.2,5.7,0.0564,0.155295,higher feature -> higher survival_target
tdlu_H_original_firstorder_RootMeanSquared_std,tdlu,H,firstorder,RootMeanSquared,std,0.002153,0.001074,0.002086,0.002219,0.499,125,164.5,27.0,407.0,1.5,8.9,-0.1653,2.8e-05,higher feature -> lower survival_target
tdlu_E_original_firstorder_Mean_std,tdlu,E,firstorder,Mean,std,0.002152,0.000864,0.002099,0.002206,0.402,126,156.0,34.0,392.0,0.7,7.2,-0.1523,0.000115,higher feature -> lower survival_target
tils_E_original_firstorder_90Percentile_std,tils,E,firstorder,90Percentile,std,0.002127,0.000772,0.002079,0.002175,0.363,127,153.0,40.0,339.0,0.6,5.3,-0.1259,0.001469,higher feature -> lower survival_target
dcis_H_original_firstorder_Uniformity_mean,dcis,H,firstorder,Uniformity,mean,0.002118,0.001055,0.002053,0.002183,0.498,128,179.0,26.0,408.0,1.5,9.3,-0.0541,0.172799,higher feature -> lower survival_target
tils_E_original_firstorder_Uniformity_mean,tils,E,firstorder,Uniformity,mean,0.002105,0.000764,0.002058,0.002153,0.363,129,151.0,41.0,399.0,0.4,4.5,-0.1313,0.0009,higher feature -> lower survival_target
tils_E_original_firstorder_TotalEnergy_std,tils,E,firstorder,TotalEnergy,std,0.002093,0.000608,0.002055,0.00213,0.291,130,148.0,52.0,363.0,0.0,2.2,-0.014,0.724702,higher feature -> lower survival_target
tils_E_original_firstorder_Energy_std,tils,E,firstorder,Energy,std,0.002093,0.000597,0.002056,0.00213,0.286,131,145.0,54.0,358.0,0.0,2.2,-0.014,0.724702,higher feature -> lower survival_target
dcis_E_original_firstorder_Entropy_std,dcis,E,firstorder,Entropy,std,0.002085,0.000724,0.00204,0.00213,0.347,132,153.0,44.0,367.0,0.4,3.8,-0.0667,0.093051,higher feature -> lower survival_target
tdlu_H_original_firstorder_Kurtosis_mean,tdlu,H,firstorder,Kurtosis,mean,0.002079,0.000625,0.00204,0.002118,0.301,133,151.0,48.0,339.0,0.1,2.7,-0.0936,0.018261,higher feature -> lower survival_target
tils_E_original_firstorder_Median_std,tils,E,firstorder,Median,std,0.002079,0.000627,0.00204,0.002118,0.302,134,149.0,49.0,348.1,0.1,2.7,-0.0198,0.618017,higher feature -> lower survival_target
adipose_E_original_firstorder_RobustMeanAbsoluteDeviation_mean,adipose,E,firstorder,RobustMeanAbsoluteDeviation,mean,0.002077,0.000568,0.002042,0.002112,0.273,135,148.5,54.0,323.0,0.0,2.2,-0.1378,0.000492,higher feature -> lower survival_target
dcis_E_original_firstorder_Skewness_std,dcis,E,firstorder,Skewness,std,0.002075,0.001052,0.00201,0.00214,0.507,136,184.5,23.0,407.0,2.4,7.5,-0.0081,0.837788,higher feature -> lower survival_target
dcis_H_original_firstorder_Kurtosis_mean,dcis,H,firstorder,Kurtosis,mean,0.002074,0.000717,0.002029,0.002118,0.346,137,159.0,43.0,366.0,0.2,4.1,-0.0143,0.719401,higher feature -> lower survival_target
dcis_H_original_firstorder_Entropy_mean,dcis,H,firstorder,Entropy,mean,0.002071,0.001013,0.002008,0.002134,0.489,138,182.0,25.0,423.1,1.7,7.4,-0.0165,0.677074,higher feature -> lower survival_target
dcis_E_original_firstorder_Skewness_mean,dcis,E,firstorder,Skewness,mean,0.002069,0.000757,0.002022,0.002116,0.366,139,161.0,45.0,381.0,0.4,3.7,-0.0302,0.446718,higher feature -> lower survival_target
stroma_E_original_firstorder_MeanAbsoluteDeviation_mean,stroma,E,firstorder,MeanAbsoluteDeviation,mean,0.002067,0.000665,0.002026,0.002108,0.322,140,152.5,45.0,378.1,0.3,3.2,0.0587,0.139407,higher feature -> higher survival_target
tumor_H_original_firstorder_Median_std,tumor,H,firstorder,Median,std,0.002065,0.000623,0.002026,0.002103,0.302,141,154.0,47.0,331.0,0.0,3.3,-0.0557,0.160959,higher feature -> lower survival_target
tumor_E_original_firstorder_Mean_mean,tumor,E,firstorder,Mean,mean,0.002063,0.000641,0.002024,0.002103,0.31,142,153.0,47.0,380.0,0.0,3.3,0.0516,0.193753,higher feature -> higher survival_target
adipose_E_original_firstorder_MeanAbsoluteDeviation_mean,adipose,E,firstorder,MeanAbsoluteDeviation,mean,0.002055,0.000658,0.002014,0.002095,0.32,143,155.0,44.0,360.0,0.3,3.4,-0.1422,0.000321,higher feature -> lower survival_target
tumor_H_original_firstorder_Mean_std,tumor,H,firstorder,Mean,std,0.002049,0.000869,0.001995,0.002103,0.424,144,169.0,33.0,395.0,1.0,6.2,-0.0792,0.045804,higher feature -> lower survival_target
adipose_H_original_firstorder_10Percentile_std,adipose,H,firstorder,10Percentile,std,0.002043,0.00062,0.002005,0.002082,0.303,145,158.0,51.0,350.1,0.0,2.5,-0.0104,0.792737,higher feature -> lower survival_target
muscle_E_original_firstorder_RootMeanSquared_std,muscle,E,firstorder,RootMeanSquared,std,0.002043,0.000727,0.001998,0.002088,0.356,146,168.0,39.0,356.0,0.4,5.0,-0.1708,1.5e-05,higher feature -> lower survival_target
tils_E_original_firstorder_Mean_std,tils,E,firstorder,Mean,std,0.002041,0.000626,0.002002,0.00208,0.307,147,158.0,50.0,338.0,0.3,2.6,-0.0448,0.25944,higher feature -> lower survival_target
tils_E_original_firstorder_Skewness_mean,tils,E,firstorder,Skewness,mean,0.002038,0.000778,0.00199,0.002087,0.382,148,163.5,43.0,386.0,0.3,4.1,-0.1192,0.002612,higher feature -> lower survival_target
tils_E_original_firstorder_RootMeanSquared_std,tils,E,firstorder,RootMeanSquared,std,0.002036,0.000623,0.001998,0.002075,0.306,149,157.0,51.0,316.0,0.2,2.5,-0.0804,0.042768,higher feature -> lower survival_target
dcis_E_original_firstorder_Mean_std,dcis,E,firstorder,Mean,std,0.002019,0.000711,0.001975,0.002063,0.352,150,167.0,44.0,381.0,0.1,3.4,0.0129,0.74461,higher feature -> higher survival_target
dcis_E_original_firstorder_TotalEnergy_std,dcis,E,firstorder,TotalEnergy,std,0.001997,0.000781,0.001948,0.002045,0.391,151,178.0,40.0,395.0,0.7,4.5,-0.0042,0.914956,higher feature -> lower survival_target
tumor_H_original_firstorder_MeanAbsoluteDeviation_mean,tumor,H,firstorder,MeanAbsoluteDeviation,mean,0.001996,0.000644,0.001956,0.002036,0.323,152,166.0,51.0,385.0,0.0,2.5,-0.0625,0.115209,higher feature -> lower survival_target
dcis_E_original_firstorder_Energy_std,dcis,E,firstorder,Energy,std,0.001991,0.000767,0.001944,0.002039,0.385,153,178.0,39.0,399.0,0.6,4.4,-0.0042,0.914956,higher feature -> lower survival_target
dcis_H_original_firstorder_90Percentile_mean,dcis,H,firstorder,90Percentile,mean,0.001984,0.000648,0.001944,0.002024,0.327,154,163.0,52.0,402.0,0.1,2.4,-0.0818,0.039176,higher feature -> lower survival_target
tils_E_original_firstorder_10Percentile_std,tils,E,firstorder,10Percentile,std,0.001983,0.000632,0.001944,0.002022,0.319,155,167.0,53.0,401.0,0.0,2.0,0.0476,0.23081,higher feature -> higher survival_target
tils_E_original_firstorder_RootMeanSquared_mean,tils,E,firstorder,RootMeanSquared,mean,0.001976,0.000559,0.001942,0.002011,0.283,156,164.0,59.0,374.0,0.0,1.3,0.0966,0.014783,higher feature -> higher survival_target
stroma_E_original_firstorder_Variance_mean,stroma,E,firstorder,Variance,mean,0.001971,0.000611,0.001933,0.002009,0.31,157,165.5,55.0,390.0,0.1,1.8,0.049,0.217057,higher feature -> higher survival_target
tils_E_original_firstorder_TotalEnergy_mean,tils,E,firstorder,TotalEnergy,mean,0.00197,0.000551,0.001935,0.002004,0.28,158,163.0,59.0,377.1,0.0,0.8,0.0844,0.033385,higher feature -> higher survival_target
tils_E_original_firstorder_Energy_mean,tils,E,firstorder,Energy,mean,0.001963,0.000541,0.00193,0.001997,0.275,159,162.0,64.0,382.1,0.0,0.8,0.0844,0.033385,higher feature -> higher survival_target
stroma_E_original_firstorder_Median_std,stroma,E,firstorder,Median,std,0.001956,0.00078,0.001908,0.002005,0.399,160,182.0,35.0,377.0,0.5,4.6,-0.1586,5.9e-05,higher feature -> lower survival_target
dcis_E_original_firstorder_Variance_mean,dcis,E,firstorder,Variance,mean,0.001952,0.000549,0.001918,0.001986,0.281,161,168.0,62.0,370.0,0.0,1.3,-0.0724,0.068235,higher feature -> lower survival_target
tils_H_original_firstorder_Skewness_mean,tils,H,firstorder,Skewness,mean,0.001946,0.000697,0.001903,0.001989,0.358,162,178.0,46.0,382.1,0.3,3.4,-0.0915,0.021035,higher feature -> lower survival_target
tdlu_E_original_firstorder_RootMeanSquared_std,tdlu,E,firstorder,RootMeanSquared,std,0.001928,0.000711,0.001884,0.001972,0.369,163,182.0,46.0,410.0,0.2,3.2,-0.1478,0.000184,higher feature -> lower survival_target
dcis_E_original_firstorder_TotalEnergy_mean,dcis,E,firstorder,TotalEnergy,mean,0.001912,0.000677,0.00187,0.001954,0.354,164,185.0,48.0,422.0,0.0,3.0,0.0554,0.162791,higher feature -> higher survival_target
dcis_E_original_firstorder_Energy_mean,dcis,E,firstorder,Energy,mean,0.00191,0.000677,0.001868,0.001952,0.354,165,182.0,49.0,418.0,0.0,2.7,0.0554,0.162791,higher feature -> higher survival_target
dcis_E_original_firstorder_RootMeanSquared_std,dcis,E,firstorder,RootMeanSquared,std,0.001903,0.000662,0.001862,0.001944,0.348,166,190.5,49.0,395.0,0.0,2.9,-0.0373,0.34824,higher feature -> lower survival_target
adipose_E_original_firstorder_InterquartileRange_mean,adipose,E,firstorder,InterquartileRange,mean,0.001897,0.000475,0.001867,0.001926,0.25,167,171.0,67.0,355.0,0.0,0.8,-0.1233,0.001838,higher feature -> lower survival_target
tdlu_H_original_firstorder_Mean_std,tdlu,H,firstorder,Mean,std,0.001894,0.000979,0.001833,0.001954,0.517,168,215.5,34.0,428.0,1.2,6.1,-0.1584,6e-05,higher feature -> lower survival_target
adipose_H_original_firstorder_Variance_mean,adipose,H,firstorder,Variance,mean,0.001889,0.000559,0.001854,0.001923,0.296,169,180.5,61.0,386.1,0.1,1.2,0.117,0.003136,higher feature -> higher survival_target
tdlu_E_original_firstorder_Variance_std,tdlu,E,firstorder,Variance,std,0.001877,0.000442,0.001849,0.001904,0.236,170,175.0,74.0,356.1,0.0,0.6,-0.09,0.023275,higher feature -> lower survival_target
tumor_E_original_firstorder_Median_std,tumor,E,firstorder,Median,std,0.001871,0.000681,0.001828,0.001913,0.364,171,200.5,46.0,407.0,0.2,3.1,-0.1341,0.000696,higher feature -> lower survival_target
muscle_H_original_firstorder_10Percentile_mean,muscle,H,firstorder,10Percentile,mean,0.001867,0.000546,0.001833,0.001901,0.292,172,183.0,61.0,393.0,0.1,1.2,0.0676,0.088646,higher feature -> higher survival_target
stroma_H_original_firstorder_Skewness_std,stroma,H,firstorder,Skewness,std,0.001866,0.000676,0.001824,0.001908,0.362,173,195.0,43.0,394.0,0.0,3.3,-0.1149,0.003718,higher feature -> lower survival_target
vessels_E_original_firstorder_MeanAbsoluteDeviation_std,vessels,E,firstorder,MeanAbsoluteDeviation,std,0.001863,0.000582,0.001827,0.001899,0.312,174,195.0,57.9,358.0,0.1,1.9,-0.1642,3.2e-05,higher feature -> lower survival_target
muscle_E_original_firstorder_10Percentile_std,muscle,E,firstorder,10Percentile,std,0.001853,0.000744,0.001807,0.001899,0.402,175,207.0,42.0,421.0,0.4,4.0,-0.1493,0.000158,higher feature -> lower survival_target
adipose_H_original_firstorder_90Percentile_std,adipose,H,firstorder,90Percentile,std,0.001851,0.00051,0.001819,0.001883,0.275,176,185.0,60.0,352.0,0.0,1.2,0.0004,0.991312,higher feature -> higher survival_target
muscle_E_original_firstorder_Energy_std,muscle,E,firstorder,Energy,std,0.001829,0.000592,0.001792,0.001865,0.324,177,199.0,57.0,402.0,0.1,1.7,-0.1666,2.4e-05,higher feature -> lower survival_target
tdlu_H_original_firstorder_Kurtosis_std,tdlu,H,firstorder,Kurtosis,std,0.001828,0.000577,0.001792,0.001864,0.316,178,193.0,66.0,398.0,0.2,1.0,-0.1195,0.002538,higher feature -> lower survival_target
muscle_E_original_firstorder_TotalEnergy_std,muscle,E,firstorder,TotalEnergy,std,0.001828,0.00059,0.001791,0.001864,0.323,179,197.5,55.0,393.0,0.1,2.0,-0.1666,2.4e-05,higher feature -> lower survival_target
tils_H_original_firstorder_MeanAbsoluteDeviation_mean,tils,H,firstorder,MeanAbsoluteDeviation,mean,0.001827,0.000473,0.001798,0.001857,0.259,180,186.0,65.0,376.0,0.0,0.3,-0.0456,0.25048,higher feature -> lower survival_target
dcis_E_original_firstorder_RootMeanSquared_mean,dcis,E,firstorder,RootMeanSquared,mean,0.001825,0.000739,0.00178,0.001871,0.405,181,212.5,48.0,444.0,0.3,3.2,0.0561,0.157482,higher feature -> higher survival_target
tumor_E_original_firstorder_Skewness_std,tumor,E,firstorder,Skewness,std,0.001825,0.000554,0.001791,0.001859,0.304,182,191.0,57.0,392.0,0.0,1.0,0.034,0.39269,higher feature -> higher survival_target
adipose_E_original_firstorder_Entropy_mean,adipose,E,firstorder,Entropy,mean,0.001824,0.00048,0.001794,0.001853,0.263,183,185.0,69.0,390.0,0.0,0.3,0.0048,0.904471,higher feature -> higher survival_target
dcis_H_original_firstorder_Energy_std,dcis,H,firstorder,Energy,std,0.001823,0.000668,0.001781,0.001864,0.366,184,199.0,50.0,422.0,0.1,2.6,-0.0927,0.019403,higher feature -> lower survival_target
stroma_H_original_firstorder_10Percentile_std,stroma,H,firstorder,10Percentile,std,0.001821,0.000527,0.001788,0.001853,0.289,185,191.5,66.0,398.0,0.0,1.1,-0.0958,0.015647,higher feature -> lower survival_target
dcis_H_original_firstorder_TotalEnergy_std,dcis,H,firstorder,TotalEnergy,std,0.001818,0.000653,0.001777,0.001858,0.359,186,201.5,55.0,425.0,0.1,2.2,-0.0927,0.019403,higher feature -> lower survival_target
dcis_H_original_firstorder_RootMeanSquared_mean,dcis,H,firstorder,RootMeanSquared,mean,0.001807,0.000576,0.001772,0.001843,0.319,187,198.0,60.0,422.0,0.0,1.4,-0.074,0.062261,higher feature -> lower survival_target
dcis_H_original_firstorder_Median_std,dcis,H,firstorder,Median,std,0.001805,0.00054,0.001771,0.001838,0.299,188,197.5,64.0,410.1,0.0,1.1,-0.1119,0.004714,higher feature -> lower survival_target
muscle_H_original_firstorder_Median_mean,muscle,H,firstorder,Median,mean,0.001803,0.000516,0.001771,0.001835,0.286,189,197.5,61.0,384.0,0.0,1.0,0.1007,0.01102,higher feature -> higher survival_target
tils_H_original_firstorder_10Percentile_mean,tils,H,firstorder,10Percentile,mean,0.001792,0.000657,0.001751,0.001832,0.367,190,213.0,53.0,406.0,0.1,2.1,0.0048,0.904359,higher feature -> higher survival_target
dcis_H_original_firstorder_10Percentile_mean,dcis,H,firstorder,10Percentile,mean,0.001788,0.000655,0.001748,0.001829,0.366,191,214.5,54.0,419.0,0.1,2.2,-0.0182,0.647658,higher feature -> lower survival_target
tils_E_original_firstorder_Entropy_std,tils,E,firstorder,Entropy,std,0.001786,0.00054,0.001752,0.001819,0.302,192,205.0,58.0,372.0,0.0,1.8,-0.097,0.014433,higher feature -> lower survival_target
stroma_E_original_firstorder_90Percentile_std,stroma,E,firstorder,90Percentile,std,0.001785,0.000677,0.001743,0.001827,0.379,193,213.0,48.0,420.0,0.3,2.8,-0.1579,6.4e-05,higher feature -> lower survival_target
muscle_H_original_firstorder_Skewness_mean,muscle,H,firstorder,Skewness,mean,0.001772,0.000555,0.001738,0.001807,0.313,194,204.0,62.0,405.0,0.0,1.2,-0.1377,0.000499,higher feature -> lower survival_target
dcis_H_original_firstorder_TotalEnergy_mean,dcis,H,firstorder,TotalEnergy,mean,0.001759,0.000532,0.001726,0.001792,0.302,195,204.5,70.0,419.0,0.0,1.2,-0.0784,0.048001,higher feature -> lower survival_target
adipose_H_original_firstorder_RobustMeanAbsoluteDeviation_std,adipose,H,firstorder,RobustMeanAbsoluteDeviation,std,0.001756,0.00045,0.001729,0.001784,0.256,196,202.0,73.0,376.0,0.0,0.4,0.0073,0.854257,higher feature -> higher survival_target
dcis_H_original_firstorder_Energy_mean,dcis,H,firstorder,Energy,mean,0.001754,0.000526,0.001721,0.001786,0.3,197,208.0,71.0,419.1,0.0,0.8,-0.0784,0.048001,higher feature -> lower survival_target
vessels_H_original_firstorder_MeanAbsoluteDeviation_std,vessels,H,firstorder,MeanAbsoluteDeviation,std,0.001741,0.000849,0.001689,0.001794,0.488,198,243.0,43.0,450.0,0.6,4.3,-0.1493,0.000157,higher feature -> lower survival_target
dcis_H_original_firstorder_Mean_std,dcis,H,firstorder,Mean,std,0.001735,0.000627,0.001696,0.001774,0.362,199,223.5,54.9,432.0,0.0,2.3,-0.1149,0.003706,higher feature -> lower survival_target
adipose_E_original_firstorder_Mean_mean,adipose,E,firstorder,Mean,mean,0.001733,0.000432,0.001706,0.00176,0.249,200,203.5,83.0,402.0,0.0,0.1,-0.0244,0.53944,higher feature -> lower survival_target
tumor_H_original_firstorder_Kurtosis_std,tumor,H,firstorder,Kurtosis,std,0.001723,0.000617,0.001684,0.001761,0.358,201,232.0,54.0,415.0,0.1,2.0,-0.1166,0.00322,higher feature -> lower survival_target
muscle_E_original_firstorder_Uniformity_mean,muscle,E,firstorder,Uniformity,mean,0.001718,0.00052,0.001686,0.00175,0.303,202,215.0,67.0,425.1,0.0,0.3,-0.042,0.289868,higher feature -> lower survival_target
muscle_E_original_firstorder_Skewness_std,muscle,E,firstorder,Skewness,std,0.001716,0.000556,0.001682,0.00175,0.324,203,223.0,66.0,424.0,0.0,1.4,-0.0139,0.725919,higher feature -> lower survival_target
adipose_H_original_firstorder_Mean_std,adipose,H,firstorder,Mean,std,0.001713,0.000482,0.001683,0.001743,0.281,204,217.0,75.0,395.0,0.0,0.6,0.0239,0.5481,higher feature -> higher survival_target
vessels_E_original_firstorder_InterquartileRange_std,vessels,E,firstorder,InterquartileRange,std,0.001713,0.000489,0.001682,0.001743,0.286,205,217.5,69.0,407.0,0.0,0.8,-0.1311,0.000918,higher feature -> lower survival_target
dcis_E_original_firstorder_Kurtosis_std,dcis,E,firstorder,Kurtosis,std,0.001693,0.000631,0.001654,0.001732,0.373,206,234.0,56.0,428.0,0.4,1.8,0.0044,0.912282,higher feature -> higher survival_target
tils_E_original_firstorder_Entropy_mean,tils,E,firstorder,Entropy,mean,0.001691,0.000535,0.001658,0.001724,0.316,207,221.0,72.0,440.0,0.0,0.5,0.111,0.005065,higher feature -> higher survival_target
vessels_E_original_firstorder_Kurtosis_std,vessels,E,firstorder,Kurtosis,std,0.00169,0.000578,0.001655,0.001726,0.342,208,234.0,65.0,424.0,0.2,1.0,-0.0658,0.097522,higher feature -> lower survival_target
vessels_E_original_firstorder_RobustMeanAbsoluteDeviation_std,vessels,E,firstorder,RobustMeanAbsoluteDeviation,std,0.001689,0.000442,0.001662,0.001717,0.262,209,220.0,79.9,407.0,0.0,0.2,-0.1477,0.000186,higher feature -> lower survival_target
dcis_H_original_firstorder_Entropy_std,dcis,H,firstorder,Entropy,std,0.001689,0.000713,0.001644,0.001733,0.422,210,238.0,53.0,449.0,0.2,2.4,-0.146,0.00022,higher feature -> lower survival_target
vessels_E_original_firstorder_Entropy_std,vessels,E,firstorder,Entropy,std,0.001685,0.00066,0.001644,0.001726,0.392,211,249.0,53.0,423.0,0.2,2.3,-0.1182,0.002839,higher feature -> lower survival_target
tumor_H_original_firstorder_Kurtosis_mean,tumor,H,firstorder,Kurtosis,mean,0.001683,0.000512,0.001651,0.001714,0.304,212,224.0,70.0,418.0,0.0,1.0,-0.0662,0.095304,higher feature -> lower survival_target
dcis_H_original_firstorder_RootMeanSquared_std,dcis,H,firstorder,RootMeanSquared,std,0.001678,0.000729,0.001633,0.001723,0.434,213,254.5,48.0,450.0,0.4,2.6,-0.0963,0.015157,higher feature -> lower survival_target
dcis_H_original_firstorder_Skewness_mean,dcis,H,firstorder,Skewness,mean,0.001668,0.000492,0.001637,0.001698,0.295,214,229.0,74.0,423.0,0.1,0.6,-0.0278,0.483554,higher feature -> lower survival_target
stroma_E_original_firstorder_Kurtosis_mean,stroma,E,firstorder,Kurtosis,mean,0.001665,0.00046,0.001636,0.001693,0.276,215,228.5,71.0,406.0,0.0,0.2,-0.0855,0.031015,higher feature -> lower survival_target
stroma_E_original_firstorder_Energy_std,stroma,E,firstorder,Energy,std,0.001664,0.000536,0.001631,0.001697,0.322,216,237.0,67.0,417.0,0.1,1.3,-0.1451,0.000242,higher feature -> lower survival_target
dcis_E_original_firstorder_Kurtosis_mean,dcis,E,firstorder,Kurtosis,mean,0.001662,0.000666,0.001621,0.001703,0.401,217,248.0,60.0,438.1,0.5,1.7,-0.0012,0.976601,higher feature -> lower survival_target
vessels_H_original_firstorder_10Percentile_std,vessels,H,firstorder,10Percentile,std,0.001662,0.000453,0.001634,0.00169,0.273,218,221.5,77.0,410.0,0.0,0.2,-0.0021,0.957537,higher feature -> lower survival_target
stroma_E_original_firstorder_TotalEnergy_std,stroma,E,firstorder,TotalEnergy,std,0.001661,0.000532,0.001628,0.001694,0.321,219,237.0,66.0,418.0,0.0,1.3,-0.1451,0.000242,higher feature -> lower survival_target
vessels_E_original_firstorder_Variance_std,vessels,E,firstorder,Variance,std,0.00165,0.000408,0.001625,0.001675,0.248,220,226.5,85.0,406.0,0.0,0.1,-0.1287,0.001143,higher feature -> lower survival_target
adipose_H_original_firstorder_RootMeanSquared_std,adipose,H,firstorder,RootMeanSquared,std,0.001649,0.000404,0.001624,0.001674,0.245,221,227.0,85.0,398.0,0.0,0.0,-0.0105,0.791814,higher feature -> lower survival_target
tdlu_H_original_firstorder_TotalEnergy_std,tdlu,H,firstorder,TotalEnergy,std,0.001648,0.000627,0.001609,0.001687,0.381,222,250.0,56.0,431.0,0.2,2.0,-0.1025,0.009688,higher feature -> lower survival_target
vessels_H_original_firstorder_Variance_std,vessels,H,firstorder,Variance,std,0.001646,0.000653,0.001605,0.001686,0.397,223,254.0,56.0,449.0,0.2,1.9,-0.1484,0.000172,higher feature -> lower survival_target
stroma_E_original_firstorder_Variance_std,stroma,E,firstorder,Variance,std,0.001643,0.000367,0.001621,0.001666,0.224,224,224.5,92.0,395.1,0.0,0.1,-0.0805,0.042532,higher feature -> lower survival_target
tdlu_H_original_firstorder_Energy_std,tdlu,H,firstorder,Energy,std,0.001643,0.000623,0.001604,0.001681,0.379,225,250.5,56.0,434.0,0.1,2.0,-0.1025,0.009688,higher feature -> lower survival_target
stroma_H_original_firstorder_10Percentile_mean,stroma,H,firstorder,10Percentile,mean,0.001642,0.000421,0.001616,0.001668,0.256,226,227.0,89.0,412.0,0.0,0.2,-0.0225,0.570703,higher feature -> lower survival_target
stroma_E_original_firstorder_MeanAbsoluteDeviation_std,stroma,E,firstorder,MeanAbsoluteDeviation,std,0.001634,0.000631,0.001595,0.001673,0.386,227,259.0,54.9,434.0,0.3,2.2,-0.1182,0.002829,higher feature -> lower survival_target
dcis_E_original_firstorder_MeanAbsoluteDeviation_mean,dcis,E,firstorder,MeanAbsoluteDeviation,mean,0.001624,0.000437,0.001597,0.001651,0.269,228,237.0,84.0,427.0,0.0,0.3,-0.0393,0.322096,higher feature -> lower survival_target
tumor_E_original_firstorder_Energy_std,tumor,E,firstorder,Energy,std,0.001624,0.000542,0.00159,0.001657,0.334,229,244.0,69.9,427.1,0.0,1.0,-0.1075,0.006648,higher feature -> lower survival_target
tumor_E_original_firstorder_TotalEnergy_std,tumor,E,firstorder,TotalEnergy,std,0.001621,0.000535,0.001588,0.001654,0.33,230,249.5,67.0,435.0,0.0,1.1,-0.1075,0.006648,higher feature -> lower survival_target
adipose_E_original_firstorder_Kurtosis_std,adipose,E,firstorder,Kurtosis,std,0.001615,0.000539,0.001581,0.001648,0.334,231,250.0,66.0,438.0,0.0,1.0,-0.0859,0.030231,higher feature -> lower survival_target
muscle_E_original_firstorder_Kurtosis_mean,muscle,E,firstorder,Kurtosis,mean,0.001614,0.000422,0.001588,0.00164,0.262,232,238.0,89.0,420.0,0.0,0.2,0.0075,0.851042,higher feature -> higher survival_target
tdlu_E_original_firstorder_MeanAbsoluteDeviation_std,tdlu,E,firstorder,MeanAbsoluteDeviation,std,0.001611,0.000375,0.001588,0.001634,0.233,233,231.0,92.0,402.0,0.0,0.0,-0.0982,0.013188,higher feature -> lower survival_target
adipose_E_original_firstorder_Kurtosis_mean,adipose,E,firstorder,Kurtosis,mean,0.001611,0.00049,0.001581,0.001641,0.304,234,241.5,74.0,438.0,0.0,0.6,-0.078,0.049394,higher feature -> lower survival_target
stroma_H_original_firstorder_Energy_mean,stroma,H,firstorder,Energy,mean,0.001604,0.000387,0.00158,0.001628,0.241,235,232.0,98.0,417.0,0.0,0.1,-0.085,0.03216,higher feature -> lower survival_target
muscle_H_original_firstorder_Skewness_std,muscle,H,firstorder,Skewness,std,0.001604,0.000566,0.001569,0.001639,0.353,236,261.0,64.0,429.0,0.1,1.2,-0.1064,0.00724,higher feature -> lower survival_target
stroma_H_original_firstorder_TotalEnergy_mean,stroma,H,firstorder,TotalEnergy,mean,0.001601,0.000387,0.001577,0.001625,0.242,237,232.0,97.0,418.0,0.0,0.1,-0.085,0.03216,higher feature -> lower survival_target
tdlu_E_original_firstorder_InterquartileRange_mean,tdlu,E,firstorder,InterquartileRange,mean,0.001596,0.000408,0.001571,0.001621,0.256,238,241.0,84.0,412.0,0.0,0.0,0.0342,0.389009,higher feature -> higher survival_target
muscle_E_original_firstorder_Entropy_mean,muscle,E,firstorder,Entropy,mean,0.001593,0.000479,0.001563,0.001623,0.301,239,245.5,79.0,444.0,0.0,0.6,0.0087,0.825717,higher feature -> higher survival_target
tils_H_original_firstorder_10Percentile_std,tils,H,firstorder,10Percentile,std,0.001591,0.0004,0.001566,0.001616,0.251,240,240.5,87.0,412.0,0.0,0.2,-0.0641,0.10609,higher feature -> lower survival_target
tumor_H_original_firstorder_Median_mean,tumor,H,firstorder,Median,mean,0.001585,0.00033,0.001565,0.001606,0.208,241,239.0,107.0,395.0,0.0,0.0,0.0198,0.618666,higher feature -> higher survival_target
adipose_H_original_firstorder_Median_std,adipose,H,firstorder,Median,std,0.001576,0.00037,0.001553,0.001598,0.235,242,242.0,99.0,416.0,0.0,0.1,0.0347,0.382615,higher feature -> higher survival_target
stroma_H_original_firstorder_Kurtosis_mean,stroma,H,firstorder,Kurtosis,mean,0.001575,0.000455,0.001547,0.001604,0.289,243,250.0,81.9,434.0,0.0,0.1,0.0028,0.94466,higher feature -> higher survival_target
adipose_H_original_firstorder_MeanAbsoluteDeviation_std,adipose,H,firstorder,MeanAbsoluteDeviation,std,0.001573,0.000362,0.00155,0.001595,0.23,244,247.5,103.0,410.0,0.0,0.0,-0.0325,0.413162,higher feature -> lower survival_target
adipose_H_original_firstorder_InterquartileRange_std,adipose,H,firstorder,InterquartileRange,std,0.00157,0.000365,0.001548,0.001593,0.232,245,245.0,103.0,412.0,0.0,0.2,0.0141,0.721922,higher feature -> higher survival_target
stroma_H_original_firstorder_Variance_mean,stroma,H,firstorder,Variance,mean,0.001569,0.000441,0.001542,0.001596,0.281,246,252.0,86.0,437.0,0.0,0.1,-0.1021,0.010003,higher feature -> lower survival_target
tumor_H_original_firstorder_90Percentile_std,tumor,H,firstorder,90Percentile,std,0.001557,0.000548,0.001523,0.001591,0.352,247,280.0,73.0,441.0,0.0,1.1,-0.1326,0.000805,higher feature -> lower survival_target
dcis_H_original_firstorder_Median_mean,dcis,H,firstorder,Median,mean,0.001555,0.00049,0.001525,0.001586,0.315,248,260.5,81.0,445.0,0.0,0.6,-0.0039,0.921699,higher feature -> lower survival_target
muscle_H_original_firstorder_10Percentile_std,muscle,H,firstorder,10Percentile,std,0.001549,0.000364,0.001527,0.001572,0.235,249,254.5,101.0,414.1,0.0,0.1,0.0036,0.928051,higher feature -> higher survival_target
tumor_E_original_firstorder_Entropy_std,tumor,E,firstorder,Entropy,std,0.001549,0.000449,0.001521,0.001577,0.29,250,261.5,80.0,428.0,0.0,0.3,-0.0722,0.068729,higher feature -> lower survival_target
tils_E_original_firstorder_90Percentile_mean,tils,E,firstorder,90Percentile,mean,0.001547,0.000435,0.00152,0.001574,0.281,251,258.0,95.0,446.0,0.0,0.3,0.0818,0.0392,higher feature -> higher survival_target
tdlu_H_original_firstorder_10Percentile_std,tdlu,H,firstorder,10Percentile,std,0.001546,0.00043,0.00152,0.001573,0.278,252,260.0,88.0,435.0,0.0,0.2,-0.0094,0.812708,higher feature -> lower survival_target
stroma_H_original_firstorder_Median_mean,stroma,H,firstorder,Median,mean,0.001537,0.000395,0.001512,0.001561,0.257,253,256.0,97.0,431.0,0.0,0.3,-0.0268,0.499663,higher feature -> lower survival_target
stroma_H_original_firstorder_RootMeanSquared_mean,stroma,H,firstorder,RootMeanSquared,mean,0.001534,0.000377,0.001511,0.001558,0.246,254,252.0,103.0,430.0,0.0,0.0,-0.0728,0.066604,higher feature -> lower survival_target
tdlu_E_original_firstorder_RobustMeanAbsoluteDeviation_mean,tdlu,E,firstorder,RobustMeanAbsoluteDeviation,mean,0.001533,0.000376,0.00151,0.001556,0.245,255,257.0,98.0,422.0,0.0,0.0,0.0343,0.38743,higher feature -> higher survival_target
dcis_E_original_firstorder_90Percentile_std,dcis,E,firstorder,90Percentile,std,0.001532,0.00045,0.001504,0.00156,0.293,256,267.5,89.0,443.0,0.0,0.4,-0.1097,0.005614,higher feature -> lower survival_target
tumor_E_original_firstorder_10Percentile_std,tumor,E,firstorder,10Percentile,std,0.001531,0.000429,0.001504,0.001558,0.28,257,265.0,87.0,436.0,0.0,0.3,-0.0585,0.140535,higher feature -> lower survival_target
tumor_E_original_firstorder_Mean_std,tumor,E,firstorder,Mean,std,0.00153,0.000455,0.001502,0.001558,0.297,258,272.0,77.0,435.0,0.0,0.3,-0.1159,0.003415,higher feature -> lower survival_target
tdlu_H_original_firstorder_10Percentile_mean,tdlu,H,firstorder,10Percentile,mean,0.001529,0.000473,0.0015,0.001558,0.309,259,275.0,85.0,443.0,0.1,0.5,0.033,0.406334,higher feature -> higher survival_target
stroma_H_original_firstorder_MeanAbsoluteDeviation_mean,stroma,H,firstorder,MeanAbsoluteDeviation,mean,0.001529,0.000428,0.001502,0.001555,0.28,260,265.5,88.0,444.0,0.0,0.2,-0.0768,0.052792,higher feature -> lower survival_target
stroma_E_original_firstorder_90Percentile_mean,stroma,E,firstorder,90Percentile,mean,0.001528,0.000414,0.001503,0.001554,0.271,261,259.0,92.0,442.0,0.0,0.0,0.0162,0.683681,higher feature -> higher survival_target
tdlu_E_original_firstorder_InterquartileRange_std,tdlu,E,firstorder,InterquartileRange,std,0.001526,0.000326,0.001506,0.001547,0.214,262,256.0,115.0,417.0,0.0,0.0,-0.0964,0.015,higher feature -> lower survival_target
muscle_E_original_firstorder_Entropy_std,muscle,E,firstorder,Entropy,std,0.001525,0.000375,0.001502,0.001548,0.246,263,263.0,95.0,422.0,0.0,0.1,-0.0892,0.024494,higher feature -> lower survival_target
muscle_E_original_firstorder_Kurtosis_std,muscle,E,firstorder,Kurtosis,std,0.001523,0.000461,0.001494,0.001551,0.303,264,268.0,85.0,451.0,0.0,0.4,0.0147,0.710809,higher feature -> higher survival_target
tdlu_E_original_firstorder_RobustMeanAbsoluteDeviation_std,tdlu,E,firstorder,RobustMeanAbsoluteDeviation,std,0.001515,0.00034,0.001494,0.001536,0.224,265,257.5,115.0,423.1,0.0,0.1,-0.1036,0.008901,higher feature -> lower survival_target
tumor_E_original_firstorder_RootMeanSquared_mean,tumor,E,firstorder,RootMeanSquared,mean,0.001514,0.000461,0.001486,0.001543,0.305,266,272.0,90.0,453.0,0.0,0.1,0.0339,0.392716,higher feature -> higher survival_target
muscle_E_original_firstorder_90Percentile_std,muscle,E,firstorder,90Percentile,std,0.001514,0.000369,0.001491,0.001537,0.243,267,269.0,96.0,416.0,0.0,0.1,-0.1364,0.000562,higher feature -> lower survival_target
stroma_H_original_firstorder_Mean_mean,stroma,H,firstorder,Mean,mean,0.001509,0.000371,0.001486,0.001532,0.246,268,267.5,103.0,439.0,0.0,0.1,-0.0489,0.217734,higher feature -> lower survival_target
vessels_H_original_firstorder_10Percentile_mean,vessels,H,firstorder,10Percentile,mean,0.001506,0.000408,0.00148,0.001531,0.271,269,272.0,96.0,436.0,0.0,0.1,0.0403,0.309642,higher feature -> higher survival_target
tumor_E_original_firstorder_Energy_mean,tumor,E,firstorder,Energy,mean,0.001501,0.000456,0.001472,0.001529,0.304,270,272.0,90.0,456.0,0.0,0.3,0.0213,0.591723,higher feature -> higher survival_target
tumor_E_original_firstorder_TotalEnergy_mean,tumor,E,firstorder,TotalEnergy,mean,0.001501,0.000454,0.001472,0.001529,0.302,271,275.5,86.0,457.0,0.0,0.2,0.0213,0.591723,higher feature -> higher survival_target
vessels_H_original_firstorder_Kurtosis_std,vessels,H,firstorder,Kurtosis,std,0.001497,0.000405,0.001472,0.001522,0.271,272,273.0,96.0,438.0,0.0,0.4,-0.0317,0.425027,higher feature -> lower survival_target
dcis_E_original_firstorder_RobustMeanAbsoluteDeviation_mean,dcis,E,firstorder,RobustMeanAbsoluteDeviation,mean,0.001496,0.000372,0.001473,0.001519,0.248,273,270.0,109.0,435.0,0.0,0.1,-0.0383,0.334683,higher feature -> lower survival_target
tumor_E_original_firstorder_Skewness_mean,tumor,E,firstorder,Skewness,mean,0.001493,0.000468,0.001464,0.001522,0.313,274,290.5,83.9,448.0,0.0,0.2,-0.0297,0.454489,higher feature -> lower survival_target
tdlu_E_original_firstorder_90Percentile_std,tdlu,E,firstorder,90Percentile,std,0.001493,0.00036,0.00147,0.001515,0.241,275,271.0,113.0,428.0,0.0,0.2,-0.1209,0.002259,higher feature -> lower survival_target
tdlu_E_original_firstorder_MeanAbsoluteDeviation_mean,tdlu,E,firstorder,MeanAbsoluteDeviation,mean,0.001492,0.000375,0.001469,0.001516,0.251,276,273.0,102.0,433.0,0.0,0.2,0.037,0.351191,higher feature -> higher survival_target
stroma_H_original_firstorder_RobustMeanAbsoluteDeviation_mean,stroma,H,firstorder,RobustMeanAbsoluteDeviation,mean,0.001492,0.000442,0.001464,0.001519,0.297,277,274.0,92.0,456.0,0.0,0.1,-0.0632,0.111504,higher feature -> lower survival_target
adipose_H_original_firstorder_TotalEnergy_std,adipose,H,firstorder,TotalEnergy,std,0.001491,0.000398,0.001467,0.001516,0.267,278,270.5,100.0,440.0,0.0,0.2,0.0007,0.986572,higher feature -> higher survival_target
muscle_E_original_firstorder_Variance_mean,muscle,E,firstorder,Variance,mean,0.001491,0.000377,0.001468,0.001515,0.253,279,270.0,101.9,434.0,0.0,0.2,-0.0818,0.03907,higher feature -> lower survival_target
muscle_H_original_firstorder_Kurtosis_mean,muscle,H,firstorder,Kurtosis,mean,0.001491,0.000443,0.001464,0.001519,0.297,280,282.0,91.0,443.1,0.0,0.2,-0.1211,0.002227,higher feature -> lower survival_target
adipose_H_original_firstorder_Energy_std,adipose,H,firstorder,Energy,std,0.001491,0.000398,0.001466,0.001515,0.267,281,271.0,99.0,443.0,0.0,0.2,0.0007,0.986572,higher feature -> higher survival_target
tumor_H_original_firstorder_RobustMeanAbsoluteDeviation_mean,tumor,H,firstorder,RobustMeanAbsoluteDeviation,mean,0.001488,0.000418,0.001462,0.001514,0.281,282,276.0,93.0,444.0,0.0,0.0,-0.0469,0.238024,higher feature -> lower survival_target
dcis_E_original_firstorder_90Percentile_mean,dcis,E,firstorder,90Percentile,mean,0.001484,0.000532,0.001451,0.001517,0.359,283,296.5,80.0,459.0,0.0,0.9,0.0323,0.416032,higher feature -> higher survival_target
tils_H_original_firstorder_Uniformity_mean,tils,H,firstorder,Uniformity,mean,0.001477,0.000414,0.001451,0.001502,0.281,284,283.0,99.9,437.0,0.1,0.2,-0.0916,0.020937,higher feature -> lower survival_target
tdlu_E_original_firstorder_Variance_mean,tdlu,E,firstorder,Variance,mean,0.001475,0.000346,0.001453,0.001496,0.235,285,275.0,113.0,436.0,0.0,0.1,0.0278,0.484055,higher feature -> higher survival_target
stroma_H_original_firstorder_InterquartileRange_mean,stroma,H,firstorder,InterquartileRange,mean,0.001474,0.000417,0.001448,0.0015,0.283,286,278.0,96.0,455.0,0.0,0.1,-0.0591,0.136525,higher feature -> lower survival_target
muscle_E_original_firstorder_Skewness_mean,muscle,E,firstorder,Skewness,mean,0.001473,0.00033,0.001452,0.001493,0.224,287,269.0,122.0,429.0,0.0,0.0,0.0296,0.456887,higher feature -> higher survival_target
muscle_E_original_firstorder_InterquartileRange_mean,muscle,E,firstorder,InterquartileRange,mean,0.001469,0.000371,0.001446,0.001492,0.252,288,279.5,107.0,430.0,0.0,0.1,-0.0514,0.195298,higher feature -> lower survival_target
tumor_E_original_firstorder_90Percentile_std,tumor,E,firstorder,90Percentile,std,0.001467,0.000408,0.001441,0.001492,0.278,289,282.0,97.0,438.0,0.0,0.4,-0.1142,0.003939,higher feature -> lower survival_target
dcis_E_original_firstorder_Median_std,dcis,E,firstorder,Median,std,0.001463,0.000419,0.001437,0.001489,0.286,290,289.0,102.0,453.0,0.0,0.1,-0.0019,0.960924,higher feature -> lower survival_target
tumor_E_original_firstorder_RootMeanSquared_std,tumor,E,firstorder,RootMeanSquared,std,0.001461,0.000394,0.001437,0.001485,0.27,291,282.0,101.0,440.0,0.0,0.3,-0.1137,0.004087,higher feature -> lower survival_target
tdlu_H_original_firstorder_RobustMeanAbsoluteDeviation_mean,tdlu,H,firstorder,RobustMeanAbsoluteDeviation,mean,0.001458,0.000427,0.001432,0.001484,0.293,292,290.0,94.0,452.0,0.0,0.1,-0.0071,0.858641,higher feature -> lower survival_target
muscle_E_original_firstorder_10Percentile_mean,muscle,E,firstorder,10Percentile,mean,0.001454,0.000378,0.001431,0.001478,0.26,293,288.0,105.0,441.0,0.0,0.0,-0.0428,0.281531,higher feature -> lower survival_target
muscle_H_original_firstorder_Median_std,muscle,H,firstorder,Median,std,0.00144,0.000354,0.001418,0.001462,0.246,294,286.0,109.0,437.0,0.0,0.3,-0.0266,0.503572,higher feature -> lower survival_target
tils_H_original_firstorder_InterquartileRange_mean,tils,H,firstorder,InterquartileRange,mean,0.001436,0.000336,0.001415,0.001457,0.234,295,287.0,117.9,443.0,0.0,0.1,0.0119,0.76484,higher feature -> higher survival_target
stroma_E_original_firstorder_RobustMeanAbsoluteDeviation_std,stroma,E,firstorder,RobustMeanAbsoluteDeviation,std,0.001434,0.000318,0.001415,0.001454,0.222,296,284.5,128.9,428.0,0.0,0.1,-0.0921,0.020144,higher feature -> lower survival_target
muscle_H_original_firstorder_Kurtosis_std,muscle,H,firstorder,Kurtosis,std,0.001433,0.000356,0.001411,0.001455,0.248,297,293.0,112.0,444.0,0.0,0.1,-0.0533,0.179036,higher feature -> lower survival_target
stroma_E_original_firstorder_Entropy_std,stroma,E,firstorder,Entropy,std,0.001432,0.000399,0.001407,0.001457,0.279,298,294.0,104.0,458.0,0.0,0.4,-0.1106,0.005236,higher feature -> lower survival_target
tdlu_H_original_firstorder_MeanAbsoluteDeviation_mean,tdlu,H,firstorder,MeanAbsoluteDeviation,mean,0.001425,0.000364,0.001402,0.001447,0.256,299,287.0,112.0,446.0,0.0,0.0,-0.0178,0.654045,higher feature -> lower survival_target
vessels_E_original_firstorder_Kurtosis_mean,vessels,E,firstorder,Kurtosis,mean,0.001419,0.00041,0.001394,0.001444,0.289,300,307.0,101.0,450.0,0.0,0.3,-0.0762,0.05465,higher feature -> lower survival_target
vessels_H_original_firstorder_RobustMeanAbsoluteDeviation_std,vessels,H,firstorder,RobustMeanAbsoluteDeviation,std,0.001418,0.000473,0.001389,0.001447,0.334,301,316.0,86.0,459.0,0.0,0.3,-0.1356,0.000604,higher feature -> lower survival_target
muscle_H_original_firstorder_Variance_std,muscle,H,firstorder,Variance,std,0.001418,0.000398,0.001393,0.001443,0.281,302,298.0,98.0,450.0,0.0,0.2,-0.1069,0.006981,higher feature -> lower survival_target
muscle_E_original_firstorder_MeanAbsoluteDeviation_mean,muscle,E,firstorder,MeanAbsoluteDeviation,mean,0.001416,0.000346,0.001395,0.001438,0.244,303,297.5,117.0,443.0,0.0,0.1,-0.0557,0.160342,higher feature -> lower survival_target
dcis_H_original_firstorder_Kurtosis_std,dcis,H,firstorder,Kurtosis,std,0.001408,0.00035,0.001387,0.00143,0.248,304,300.5,118.0,442.0,0.0,0.2,-0.0449,0.258149,higher feature -> lower survival_target
vessels_E_original_firstorder_90Percentile_std,vessels,E,firstorder,90Percentile,std,0.001408,0.000358,0.001386,0.00143,0.254,305,297.5,107.0,442.0,0.0,0.3,-0.1453,0.000237,higher feature -> lower survival_target
dcis_H_original_firstorder_10Percentile_std,dcis,H,firstorder,10Percentile,std,0.001405,0.000418,0.001379,0.001431,0.298,306,308.0,99.0,455.0,0.0,0.5,-0.0682,0.085656,higher feature -> lower survival_target
tumor_E_original_firstorder_Uniformity_mean,tumor,E,firstorder,Uniformity,mean,0.001404,0.000427,0.001378,0.001431,0.304,307,308.0,98.0,460.0,0.0,0.1,-0.061,0.124574,higher feature -> lower survival_target
stroma_H_original_firstorder_Kurtosis_std,stroma,H,firstorder,Kurtosis,std,0.001404,0.000307,0.001385,0.001423,0.219,308,294.0,130.9,437.0,0.0,0.0,-0.0351,0.377262,higher feature -> lower survival_target
muscle_E_original_firstorder_90Percentile_mean,muscle,E,firstorder,90Percentile,mean,0.001401,0.00041,0.001375,0.001426,0.292,309,311.5,105.0,457.0,0.0,0.0,-0.0573,0.149036,higher feature -> lower survival_target
vessels_E_original_firstorder_Skewness_std,vessels,E,firstorder,Skewness,std,0.001399,0.000347,0.001377,0.001421,0.248,310,300.5,117.0,448.0,0.0,0.0,-0.0814,0.04014,higher feature -> lower survival_target
muscle_H_original_firstorder_Entropy_std,muscle,H,firstorder,Entropy,std,0.001397,0.000326,0.001377,0.001418,0.233,311,303.0,123.0,438.0,0.0,0.0,-0.0993,0.012206,higher feature -> lower survival_target
vessels_E_original_firstorder_Skewness_mean,vessels,E,firstorder,Skewness,mean,0.001396,0.000411,0.001371,0.001422,0.295,312,317.0,97.9,455.0,0.0,0.2,-0.0435,0.273575,higher feature -> lower survival_target
stroma_H_original_firstorder_90Percentile_mean,stroma,H,firstorder,90Percentile,mean,0.001395,0.000357,0.001373,0.001417,0.256,313,302.0,121.0,455.0,0.0,0.1,-0.0651,0.101062,higher feature -> lower survival_target
tdlu_E_original_firstorder_Entropy_std,tdlu,E,firstorder,Entropy,std,0.001394,0.000319,0.001375,0.001414,0.229,314,302.0,128.0,442.0,0.0,0.2,-0.0801,0.043395,higher feature -> lower survival_target
tdlu_E_original_firstorder_10Percentile_std,tdlu,E,firstorder,10Percentile,std,0.001394,0.000416,0.001368,0.00142,0.299,315,317.0,97.0,457.0,0.0,0.2,-0.1097,0.005615,higher feature -> lower survival_target
vessels_E_original_firstorder_TotalEnergy_std,vessels,E,firstorder,TotalEnergy,std,0.001393,0.000346,0.001372,0.001415,0.249,316,303.0,115.0,447.0,0.0,0.0,-0.082,0.038585,higher feature -> lower survival_target
vessels_E_original_firstorder_Energy_std,vessels,E,firstorder,Energy,std,0.001391,0.000342,0.00137,0.001412,0.246,317,305.0,117.0,445.0,0.0,0.0,-0.082,0.038585,higher feature -> lower survival_target
muscle_H_original_firstorder_InterquartileRange_std,muscle,H,firstorder,InterquartileRange,std,0.001383,0.000465,0.001354,0.001412,0.336,318,322.5,86.9,459.0,0.0,0.5,-0.0811,0.040973,higher feature -> lower survival_target
tumor_E_original_firstorder_Kurtosis_mean,tumor,E,firstorder,Kurtosis,mean,0.001383,0.000301,0.001364,0.001401,0.218,319,299.5,130.0,446.0,0.0,0.0,0.0134,0.735368,higher feature -> higher survival_target
muscle_H_original_firstorder_RobustMeanAbsoluteDeviation_std,muscle,H,firstorder,RobustMeanAbsoluteDeviation,std,0.001379,0.000417,0.001353,0.001405,0.302,320,319.5,91.0,451.0,0.0,0.4,-0.0894,0.024183,higher feature -> lower survival_target
dcis_H_original_firstorder_Mean_mean,dcis,H,firstorder,Mean,mean,0.001379,0.000391,0.001354,0.001403,0.283,321,312.5,107.0,462.0,0.0,0.1,-0.0391,0.324622,higher feature -> lower survival_target
stroma_E_original_firstorder_InterquartileRange_std,stroma,E,firstorder,InterquartileRange,std,0.001378,0.000288,0.00136,0.001396,0.209,322,304.0,144.0,436.0,0.0,0.0,-0.083,0.036462,higher feature -> lower survival_target
vessels_E_original_firstorder_RootMeanSquared_std,vessels,E,firstorder,RootMeanSquared,std,0.001377,0.000272,0.00136,0.001394,0.197,323,304.0,139.0,434.0,0.0,0.0,-0.1249,0.001603,higher feature -> lower survival_target
tdlu_H_original_firstorder_InterquartileRange_mean,tdlu,H,firstorder,InterquartileRange,mean,0.001374,0.000392,0.00135,0.001399,0.286,324,317.0,108.0,459.0,0.0,0.1,0.0005,0.989941,higher feature -> higher survival_target
adipose_E_original_firstorder_10Percentile_std,adipose,E,firstorder,10Percentile,std,0.001372,0.000276,0.001354,0.001389,0.201,325,302.0,151.0,443.0,0.0,0.0,-0.0662,0.095297,higher feature -> lower survival_target
tdlu_E_original_firstorder_10Percentile_mean,tdlu,E,firstorder,10Percentile,mean,0.00137,0.000364,0.001348,0.001393,0.266,326,312.0,112.0,451.0,0.0,0.0,-0.0315,0.428381,higher feature -> lower survival_target
muscle_E_original_firstorder_RobustMeanAbsoluteDeviation_mean,muscle,E,firstorder,RobustMeanAbsoluteDeviation,mean,0.00137,0.000315,0.001351,0.00139,0.23,327,307.0,136.0,445.0,0.0,0.0,-0.0576,0.146497,higher feature -> lower survival_target
tdlu_H_original_firstorder_Median_mean,tdlu,H,firstorder,Median,mean,0.001367,0.000357,0.001345,0.001389,0.261,328,316.0,115.0,450.0,0.0,0.2,0.0579,0.14444,higher feature -> higher survival_target
adipose_E_original_firstorder_TotalEnergy_mean,adipose,E,firstorder,TotalEnergy,mean,0.001363,0.000294,0.001344,0.001381,0.216,329,306.0,144.9,454.0,0.0,0.0,-0.0873,0.027705,higher feature -> lower survival_target
adipose_E_original_firstorder_Energy_mean,adipose,E,firstorder,Energy,mean,0.001356,0.000296,0.001338,0.001375,0.218,330,307.0,142.0,454.0,0.0,0.0,-0.0873,0.027705,higher feature -> lower survival_target
muscle_E_original_firstorder_Median_mean,muscle,E,firstorder,Median,mean,0.001356,0.000354,0.001334,0.001377,0.261,331,319.0,120.8,459.0,0.0,0.0,-0.0409,0.303332,higher feature -> lower survival_target
tils_H_original_firstorder_TotalEnergy_mean,tils,H,firstorder,TotalEnergy,mean,0.001355,0.000282,0.001337,0.001372,0.208,332,308.5,144.0,443.0,0.0,0.0,-0.0517,0.192707,higher feature -> lower survival_target
stroma_E_original_firstorder_Entropy_mean,stroma,E,firstorder,Entropy,mean,0.001355,0.000365,0.001332,0.001377,0.269,333,318.0,114.0,460.0,0.0,0.0,0.042,0.290035,higher feature -> higher survival_target
adipose_H_original_firstorder_Variance_std,adipose,H,firstorder,Variance,std,0.001354,0.00033,0.001333,0.001374,0.244,334,318.0,125.0,446.0,0.0,0.1,-0.046,0.24665,higher feature -> lower survival_target
tils_H_original_firstorder_Energy_mean,tils,H,firstorder,Energy,mean,0.001353,0.000283,0.001335,0.00137,0.209,335,308.0,144.9,439.0,0.0,0.0,-0.0517,0.192707,higher feature -> lower survival_target
tdlu_H_original_firstorder_Skewness_mean,tdlu,H,firstorder,Skewness,mean,0.001353,0.000307,0.001334,0.001372,0.227,336,311.0,130.0,454.0,0.0,0.0,-0.0884,0.025722,higher feature -> lower survival_target
vessels_H_original_firstorder_Entropy_std,vessels,H,firstorder,Entropy,std,0.00135,0.000369,0.001327,0.001373,0.274,337,331.0,108.0,448.0,0.0,0.0,-0.1103,0.00537,higher feature -> lower survival_target
tdlu_H_original_firstorder_Variance_mean,tdlu,H,firstorder,Variance,mean,0.001348,0.000322,0.001328,0.001368,0.239,338,314.0,126.0,452.0,0.0,0.0,-0.0498,0.20947,higher feature -> lower survival_target
muscle_H_original_firstorder_Uniformity_mean,muscle,H,firstorder,Uniformity,mean,0.001344,0.00031,0.001325,0.001363,0.231,339,313.0,128.0,458.0,0.0,0.0,-0.1189,0.002663,higher feature -> lower survival_target
tils_H_original_firstorder_RobustMeanAbsoluteDeviation_mean,tils,H,firstorder,RobustMeanAbsoluteDeviation,mean,0.001343,0.000301,0.001325,0.001362,0.224,340,312.0,135.0,453.0,0.0,0.0,-0.0126,0.751248,higher feature -> lower survival_target
stroma_E_original_firstorder_TotalEnergy_mean,stroma,E,firstorder,TotalEnergy,mean,0.001341,0.000329,0.00132,0.001361,0.246,341,316.0,130.0,460.0,0.0,0.0,-0.0165,0.678488,higher feature -> lower survival_target
stroma_E_original_firstorder_Energy_mean,stroma,E,firstorder,Energy,mean,0.001336,0.000332,0.001316,0.001357,0.248,342,317.0,127.0,460.0,0.0,0.0,-0.0165,0.678488,higher feature -> lower survival_target
tumor_H_original_firstorder_90Percentile_mean,tumor,H,firstorder,90Percentile,mean,0.001334,0.000324,0.001314,0.001354,0.243,343,324.5,125.0,451.0,0.0,0.0,-0.0365,0.357611,higher feature -> lower survival_target
tils_E_original_firstorder_Skewness_std,tils,E,firstorder,Skewness,std,0.001334,0.000317,0.001314,0.001353,0.238,344,324.0,128.0,452.0,0.0,0.0,-0.0636,0.108955,higher feature -> lower survival_target
vessels_E_original_firstorder_10Percentile_mean,vessels,E,firstorder,10Percentile,mean,0.001331,0.000327,0.001311,0.001351,0.245,345,327.0,132.9,455.0,0.0,0.1,-0.0161,0.685265,higher feature -> lower survival_target
dcis_E_original_firstorder_InterquartileRange_mean,dcis,E,firstorder,InterquartileRange,mean,0.00133,0.000311,0.001311,0.001349,0.234,346,325.5,137.0,458.0,0.0,0.0,-0.02,0.613888,higher feature -> lower survival_target
muscle_H_original_firstorder_MeanAbsoluteDeviation_std,muscle,H,firstorder,MeanAbsoluteDeviation,std,0.001329,0.000423,0.001303,0.001355,0.318,347,341.5,100.8,461.0,0.0,0.2,-0.1149,0.003705,higher feature -> lower survival_target
muscle_E_original_firstorder_Mean_mean,muscle,E,firstorder,Mean,mean,0.001328,0.000384,0.001304,0.001352,0.289,348,333.0,115.0,465.0,0.0,0.1,-0.0466,0.240388,higher feature -> lower survival_target
vessels_E_original_firstorder_Median_mean,vessels,E,firstorder,Median,mean,0.001326,0.000322,0.001306,0.001346,0.243,349,324.0,131.9,458.0,0.0,0.0,-0.0228,0.565392,higher feature -> lower survival_target
tumor_H_original_firstorder_InterquartileRange_mean,tumor,H,firstorder,InterquartileRange,mean,0.001325,0.00031,0.001306,0.001345,0.234,350,323.0,133.9,456.0,0.0,0.0,-0.0368,0.354681,higher feature -> lower survival_target
tumor_E_original_firstorder_Maximum_std,tumor,E,firstorder,Maximum,std,0.001324,0.000845,0.001272,0.001377,0.638,351,384.5,51.9,474.0,0.3,2.5,0.1014,0.01054,higher feature -> higher survival_target
tumor_E_original_firstorder_Range_std,tumor,E,firstorder,Range,std,0.001323,0.00084,0.001271,0.001376,0.635,352,385.0,49.0,475.0,0.3,2.7,0.1014,0.01054,higher feature -> higher survival_target
vessels_H_original_firstorder_90Percentile_std,vessels,H,firstorder,90Percentile,std,0.00132,0.000464,0.001291,0.001348,0.352,353,355.5,92.0,465.0,0.0,0.4,-0.1395,0.00042,higher feature -> lower survival_target
tumor_E_original_firstorder_Maximum_mean,tumor,E,firstorder,Maximum,mean,0.001318,0.000825,0.001267,0.001369,0.626,354,374.0,55.0,475.0,0.4,2.1,-0.1014,0.010529,higher feature -> lower survival_target
tumor_E_original_firstorder_Range_mean,tumor,E,firstorder,Range,mean,0.001317,0.000838,0.001265,0.001369,0.636,355,382.5,52.0,475.0,0.4,2.4,-0.1014,0.010529,higher feature -> lower survival_target
tils_H_original_firstorder_Median_mean,tils,H,firstorder,Median,mean,0.001311,0.000272,0.001294,0.001328,0.208,356,328.0,146.0,451.0,0.0,0.0,0.0546,0.169102,higher feature -> higher survival_target
tils_E_original_firstorder_Kurtosis_mean,tils,E,firstorder,Kurtosis,mean,0.00131,0.000323,0.00129,0.00133,0.246,357,333.5,128.9,457.0,0.0,0.1,-0.0684,0.084657,higher feature -> lower survival_target
tils_E_original_firstorder_InterquartileRange_mean,tils,E,firstorder,InterquartileRange,mean,0.001309,0.000339,0.001288,0.00133,0.259,358,339.0,122.0,461.0,0.0,0.0,0.0552,0.164352,higher feature -> higher survival_target
tils_H_original_firstorder_Entropy_mean,tils,H,firstorder,Entropy,mean,0.001304,0.000282,0.001287,0.001322,0.216,359,329.0,141.0,452.0,0.0,0.0,0.0627,0.11421,higher feature -> higher survival_target
stroma_E_original_firstorder_Kurtosis_std,stroma,E,firstorder,Kurtosis,std,0.001304,0.0003,0.001285,0.001322,0.23,360,334.0,139.9,459.0,0.0,0.0,-0.0561,0.157516,higher feature -> lower survival_target
stroma_H_original_firstorder_Entropy_mean,stroma,H,firstorder,Entropy,mean,0.001301,0.000295,0.001282,0.001319,0.227,361,328.5,148.0,459.0,0.0,0.0,-0.0398,0.316121,higher feature -> lower survival_target
tdlu_E_original_firstorder_Skewness_mean,tdlu,E,firstorder,Skewness,mean,0.001298,0.00028,0.001281,0.001316,0.216,362,329.5,151.0,455.0,0.0,0.0,-0.0395,0.319393,higher feature -> lower survival_target
vessels_E_original_firstorder_Mean_std,vessels,E,firstorder,Mean,std,0.001288,0.000272,0.001271,0.001305,0.211,363,334.5,148.0,452.0,0.0,0.0,-0.0982,0.01324,higher feature -> lower survival_target
tils_H_original_firstorder_90Percentile_mean,tils,H,firstorder,90Percentile,mean,0.001284,0.000269,0.001267,0.0013,0.21,364,335.0,159.0,454.0,0.0,0.0,-0.0161,0.685067,higher feature -> lower survival_target
stroma_H_original_firstorder_Uniformity_mean,stroma,H,firstorder,Uniformity,mean,0.001282,0.000282,0.001265,0.0013,0.22,365,342.0,156.0,456.0,0.0,0.0,0.0232,0.559973,higher feature -> higher survival_target
muscle_H_original_firstorder_Mean_mean,muscle,H,firstorder,Mean,mean,0.001281,0.000338,0.00126,0.001302,0.264,366,351.0,130.0,458.0,0.0,0.0,0.0939,0.017869,higher feature -> higher survival_target
muscle_H_original_firstorder_InterquartileRange_mean,muscle,H,firstorder,InterquartileRange,mean,0.00128,0.000292,0.001262,0.001299,0.228,367,341.0,144.0,455.0,0.0,0.0,0.0915,0.020962,higher feature -> higher survival_target
tdlu_H_original_firstorder_Median_std,tdlu,H,firstorder,Median,std,0.001276,0.000346,0.001255,0.001298,0.271,368,350.0,128.9,457.0,0.1,0.1,-0.1158,0.003436,higher feature -> lower survival_target
stroma_E_original_firstorder_10Percentile_std,stroma,E,firstorder,10Percentile,std,0.001271,0.00026,0.001255,0.001287,0.205,369,343.0,165.0,452.0,0.0,0.0,-0.1228,0.001918,higher feature -> lower survival_target
muscle_E_original_firstorder_Energy_mean,muscle,E,firstorder,Energy,mean,0.001267,0.000306,0.001249,0.001286,0.241,370,349.0,146.0,462.0,0.0,0.0,-0.0807,0.041792,higher feature -> lower survival_target
muscle_E_original_firstorder_TotalEnergy_mean,muscle,E,firstorder,TotalEnergy,mean,0.001267,0.000303,0.001248,0.001286,0.239,371,346.5,147.0,463.0,0.0,0.0,-0.0807,0.041792,higher feature -> lower survival_target
stroma_E_original_firstorder_Skewness_mean,stroma,E,firstorder,Skewness,mean,0.001266,0.000284,0.001249,0.001284,0.224,372,350.0,156.9,458.0,0.0,0.0,-0.0334,0.400621,higher feature -> lower survival_target
stroma_E_original_firstorder_RootMeanSquared_mean,stroma,E,firstorder,RootMeanSquared,mean,0.00126,0.000304,0.001242,0.001279,0.242,373,347.0,152.0,464.0,0.0,0.0,0.0036,0.92832,higher feature -> higher survival_target
stroma_E_original_firstorder_Uniformity_mean,stroma,E,firstorder,Uniformity,mean,0.001258,0.000316,0.001238,0.001278,0.251,374,352.0,145.0,466.0,0.0,0.0,-0.0471,0.235803,higher feature -> lower survival_target
vessels_E_original_firstorder_10Percentile_std,vessels,E,firstorder,10Percentile,std,0.001253,0.000256,0.001238,0.001269,0.205,375,349.0,166.0,455.0,0.0,0.0,-0.0433,0.275256,higher feature -> lower survival_target
vessels_E_original_firstorder_Uniformity_mean,vessels,E,firstorder,Uniformity,mean,0.001253,0.000329,0.001233,0.001273,0.262,376,358.0,143.0,464.0,0.0,0.1,-0.0418,0.292142,higher feature -> lower survival_target
adipose_E_original_firstorder_90Percentile_mean,adipose,E,firstorder,90Percentile,mean,0.001246,0.000263,0.00123,0.001262,0.211,377,348.0,171.0,461.0,0.0,0.0,-0.0905,0.022502,higher feature -> lower survival_target
tumor_H_original_firstorder_Skewness_mean,tumor,H,firstorder,Skewness,mean,0.001244,0.00026,0.001228,0.001261,0.209,378,353.0,165.0,459.0,0.0,0.0,-0.0472,0.235,higher feature -> lower survival_target
vessels_H_original_firstorder_InterquartileRange_std,vessels,H,firstorder,InterquartileRange,std,0.00124,0.000312,0.001221,0.001259,0.252,379,364.5,139.9,464.0,0.0,0.0,-0.1223,0.002002,higher feature -> lower survival_target
muscle_H_original_firstorder_RootMeanSquared_std,muscle,H,firstorder,RootMeanSquared,std,0.001239,0.000307,0.00122,0.001258,0.248,380,360.0,152.0,462.0,0.0,0.0,-0.0863,0.029606,higher feature -> lower survival_target
tils_H_original_firstorder_RootMeanSquared_mean,tils,H,firstorder,RootMeanSquared,mean,0.001239,0.000236,0.001224,0.001253,0.191,381,349.0,175.9,454.0,0.0,0.0,-0.0152,0.701959,higher feature -> lower survival_target
tils_E_original_firstorder_Kurtosis_std,tils,E,firstorder,Kurtosis,std,0.001239,0.000303,0.00122,0.001257,0.245,382,362.0,146.0,460.0,0.0,0.1,-0.0294,0.458665,higher feature -> lower survival_target
adipose_E_original_firstorder_RootMeanSquared_mean,adipose,E,firstorder,RootMeanSquared,mean,0.001237,0.000268,0.001221,0.001254,0.216,383,353.5,171.0,465.0,0.0,0.0,-0.0647,0.103291,higher feature -> lower survival_target
vessels_H_original_firstorder_Median_mean,vessels,H,firstorder,Median,mean,0.001237,0.00026,0.001221,0.001253,0.211,384,351.0,172.0,461.0,0.0,0.0,0.0553,0.163557,higher feature -> higher survival_target
muscle_H_original_firstorder_RobustMeanAbsoluteDeviation_mean,muscle,H,firstorder,RobustMeanAbsoluteDeviation,mean,0.001233,0.000283,0.001216,0.001251,0.229,385,358.0,153.9,462.0,0.0,0.0,0.0879,0.026561,higher feature -> higher survival_target
muscle_H_original_firstorder_Entropy_mean,muscle,H,firstorder,Entropy,mean,0.00123,0.000279,0.001213,0.001248,0.227,386,357.0,161.9,463.0,0.0,0.0,0.1083,0.006274,higher feature -> higher survival_target
stroma_E_original_firstorder_Skewness_std,stroma,E,firstorder,Skewness,std,0.00123,0.000276,0.001213,0.001247,0.225,387,364.0,153.9,463.0,0.0,0.0,-0.0717,0.070792,higher feature -> lower survival_target
tdlu_E_original_firstorder_Kurtosis_std,tdlu,E,firstorder,Kurtosis,std,0.00123,0.000274,0.001213,0.001247,0.223,388,360.5,167.0,459.0,0.0,0.0,-0.0614,0.121618,higher feature -> lower survival_target
tdlu_H_original_firstorder_90Percentile_mean,tdlu,H,firstorder,90Percentile,mean,0.00123,0.000281,0.001212,0.001247,0.228,389,362.0,156.0,460.0,0.0,0.0,0.0041,0.917168,higher feature -> higher survival_target
stroma_E_original_firstorder_Median_mean,stroma,E,firstorder,Median,mean,0.001229,0.000268,0.001213,0.001246,0.218,390,357.0,169.0,463.0,0.0,0.0,-0.0208,0.601044,higher feature -> lower survival_target
vessels_E_original_firstorder_Variance_mean,vessels,E,firstorder,Variance,mean,0.001226,0.000314,0.001207,0.001246,0.256,391,369.0,146.9,465.0,0.0,0.0,-0.0201,0.612217,higher feature -> lower survival_target
stroma_H_original_firstorder_Skewness_mean,stroma,H,firstorder,Skewness,mean,0.001225,0.000277,0.001208,0.001242,0.226,392,366.0,172.9,462.0,0.0,0.0,0.0009,0.9813,higher feature -> higher survival_target
vessels_E_original_firstorder_Mean_mean,vessels,E,firstorder,Mean,mean,0.00122,0.000314,0.0012,0.001239,0.258,393,370.5,145.0,466.0,0.0,0.0,-0.0158,0.690064,higher feature -> lower survival_target
stroma_E_original_firstorder_Mean_mean,stroma,E,firstorder,Mean,mean,0.001218,0.000275,0.001201,0.001236,0.226,394,363.0,167.0,466.0,0.0,0.0,-0.0079,0.841493,higher feature -> lower survival_target
stroma_E_original_firstorder_10Percentile_mean,stroma,E,firstorder,10Percentile,mean,0.001216,0.000257,0.0012,0.001232,0.211,395,366.0,169.9,459.0,0.0,0.0,-0.0582,0.142414,higher feature -> lower survival_target
tils_E_original_firstorder_RobustMeanAbsoluteDeviation_mean,tils,E,firstorder,RobustMeanAbsoluteDeviation,mean,0.001216,0.000278,0.001199,0.001233,0.229,396,368.0,158.0,463.0,0.0,0.0,0.0488,0.219358,higher feature -> higher survival_target
tils_H_original_firstorder_Kurtosis_std,tils,H,firstorder,Kurtosis,std,0.001216,0.000231,0.001201,0.00123,0.19,397,365.0,186.8,458.0,0.0,0.0,-0.0857,0.030777,higher feature -> lower survival_target
tdlu_H_original_firstorder_Entropy_mean,tdlu,H,firstorder,Entropy,mean,0.001215,0.00026,0.001199,0.001231,0.214,398,361.0,176.9,460.0,0.0,0.0,0.0523,0.187344,higher feature -> higher survival_target
muscle_H_original_firstorder_Mean_std,muscle,H,firstorder,Mean,std,0.001211,0.000266,0.001194,0.001227,0.219,399,366.0,166.9,463.0,0.0,0.0,-0.0566,0.153807,higher feature -> lower survival_target
muscle_E_original_firstorder_RootMeanSquared_mean,muscle,E,firstorder,RootMeanSquared,mean,0.001208,0.000308,0.001189,0.001227,0.255,400,372.0,151.9,467.0,0.0,0.0,-0.0578,0.145682,higher feature -> lower survival_target
vessels_E_original_firstorder_InterquartileRange_mean,vessels,E,firstorder,InterquartileRange,mean,0.001197,0.000285,0.001179,0.001215,0.238,401,376.0,161.0,465.0,0.0,0.0,-0.0049,0.902038,higher feature -> lower survival_target
tdlu_E_original_firstorder_Mean_mean,tdlu,E,firstorder,Mean,mean,0.00119,0.000298,0.001172,0.001209,0.25,402,379.0,153.9,467.0,0.0,0.0,-0.0028,0.944768,higher feature -> lower survival_target
vessels_H_original_firstorder_TotalEnergy_std,vessels,H,firstorder,TotalEnergy,std,0.001186,0.000242,0.001171,0.001201,0.204,403,372.0,190.9,463.0,0.0,0.0,-0.0741,0.061989,higher feature -> lower survival_target
vessels_H_original_firstorder_Energy_std,vessels,H,firstorder,Energy,std,0.001183,0.000243,0.001168,0.001198,0.205,404,373.0,186.0,463.0,0.0,0.0,-0.0741,0.061989,higher feature -> lower survival_target
tdlu_E_original_firstorder_Median_mean,tdlu,E,firstorder,Median,mean,0.001177,0.00025,0.001161,0.001192,0.212,405,379.0,181.0,463.0,0.0,0.0,-0.0077,0.84565,higher feature -> lower survival_target
tdlu_E_original_firstorder_90Percentile_mean,tdlu,E,firstorder,90Percentile,mean,0.001176,0.000294,0.001158,0.001194,0.25,406,386.5,157.9,467.0,0.0,0.0,0.0048,0.904782,higher feature -> higher survival_target
muscle_H_original_firstorder_MeanAbsoluteDeviation_mean,muscle,H,firstorder,MeanAbsoluteDeviation,mean,0.001175,0.000262,0.001159,0.001191,0.223,407,380.0,181.0,465.0,0.0,0.0,0.0721,0.069139,higher feature -> higher survival_target
tumor_H_original_firstorder_Entropy_mean,tumor,H,firstorder,Entropy,mean,0.001167,0.000244,0.001152,0.001183,0.209,408,380.0,183.9,464.0,0.0,0.0,0.002,0.959327,higher feature -> higher survival_target
vessels_E_original_firstorder_Entropy_mean,vessels,E,firstorder,Entropy,mean,0.001166,0.000272,0.00115,0.001183,0.233,409,383.5,166.0,466.0,0.0,0.0,0.0246,0.535805,higher feature -> higher survival_target
tdlu_H_original_firstorder_Mean_mean,tdlu,H,firstorder,Mean,mean,0.001164,0.00026,0.001148,0.00118,0.223,410,387.0,183.9,464.0,0.0,0.0,0.0353,0.374568,higher feature -> higher survival_target
tumor_E_original_firstorder_90Percentile_mean,tumor,E,firstorder,90Percentile,mean,0.001161,0.000298,0.001143,0.00118,0.257,411,389.0,159.0,469.0,0.0,0.0,0.0181,0.649489,higher feature -> higher survival_target
muscle_H_original_firstorder_TotalEnergy_mean,muscle,H,firstorder,TotalEnergy,mean,0.00116,0.000267,0.001143,0.001176,0.23,412,388.0,175.0,464.0,0.0,0.0,0.0498,0.209706,higher feature -> higher survival_target
tdlu_E_original_firstorder_Energy_mean,tdlu,E,firstorder,Energy,mean,0.001157,0.000254,0.001142,0.001173,0.22,413,388.0,188.0,467.0,0.0,0.0,-0.0234,0.556628,higher feature -> lower survival_target
muscle_H_original_firstorder_Energy_mean,muscle,H,firstorder,Energy,mean,0.001157,0.000265,0.00114,0.001173,0.229,414,391.0,170.0,464.0,0.0,0.0,0.0498,0.209706,higher feature -> higher survival_target
tdlu_H_original_firstorder_Uniformity_mean,tdlu,H,firstorder,Uniformity,mean,0.001156,0.000232,0.001141,0.00117,0.201,415,383.0,203.0,464.0,0.0,0.0,-0.0818,0.039218,higher feature -> lower survival_target
tdlu_E_original_firstorder_Uniformity_mean,tdlu,E,firstorder,Uniformity,mean,0.001155,0.000245,0.00114,0.00117,0.212,416,388.0,192.0,465.0,0.0,0.1,-0.0431,0.277542,higher feature -> lower survival_target
tdlu_H_original_firstorder_RootMeanSquared_mean,tdlu,H,firstorder,RootMeanSquared,mean,0.001152,0.000233,0.001138,0.001167,0.202,417,385.0,208.9,463.0,0.0,0.0,0.0142,0.721459,higher feature -> higher survival_target
vessels_E_original_firstorder_Median_std,vessels,E,firstorder,Median,std,0.001152,0.00024,0.001137,0.001166,0.208,418,386.0,196.9,466.0,0.0,0.0,-0.0885,0.02557,higher feature -> lower survival_target
tumor_E_original_firstorder_Entropy_mean,tumor,E,firstorder,Entropy,mean,0.001149,0.000292,0.001131,0.001167,0.254,419,395.0,178.0,470.0,0.0,0.0,0.0414,0.29734,higher feature -> higher survival_target
tdlu_E_original_firstorder_TotalEnergy_mean,tdlu,E,firstorder,TotalEnergy,mean,0.001148,0.000255,0.001132,0.001163,0.222,420,389.0,190.0,468.0,0.0,0.0,-0.0234,0.556628,higher feature -> lower survival_target
vessels_H_original_firstorder_Kurtosis_mean,vessels,H,firstorder,Kurtosis,mean,0.001147,0.000224,0.001133,0.001161,0.195,421,385.0,213.9,463.0,0.0,0.0,-0.0504,0.204191,higher feature -> lower survival_target
muscle_H_original_firstorder_90Percentile_mean,muscle,H,firstorder,90Percentile,mean,0.001146,0.000266,0.00113,0.001163,0.232,422,393.0,174.9,467.0,0.0,0.0,0.0894,0.024216,higher feature -> higher survival_target
vessels_H_original_firstorder_Variance_mean,vessels,H,firstorder,Variance,mean,0.001144,0.000241,0.001129,0.001159,0.211,423,389.0,188.0,465.0,0.0,0.0,-0.0506,0.202891,higher feature -> lower survival_target
vessels_E_original_firstorder_90Percentile_mean,vessels,E,firstorder,90Percentile,mean,0.001143,0.000251,0.001127,0.001158,0.219,424,391.0,188.9,467.0,0.0,0.0,-0.0088,0.824742,higher feature -> lower survival_target
vessels_E_original_firstorder_RobustMeanAbsoluteDeviation_mean,vessels,E,firstorder,RobustMeanAbsoluteDeviation,mean,0.001143,0.000251,0.001127,0.001158,0.22,425,393.0,184.0,467.0,0.0,0.0,-0.0063,0.873858,higher feature -> lower survival_target
vessels_H_original_firstorder_Mean_std,vessels,H,firstorder,Mean,std,0.001142,0.000209,0.001129,0.001155,0.183,426,388.0,220.8,462.0,0.0,0.0,-0.0667,0.092625,higher feature -> lower survival_target
tils_E_original_firstorder_MeanAbsoluteDeviation_mean,tils,E,firstorder,MeanAbsoluteDeviation,mean,0.00114,0.000258,0.001124,0.001156,0.226,427,394.0,188.9,467.0,0.0,0.1,0.0416,0.294361,higher feature -> higher survival_target
tdlu_E_original_firstorder_Entropy_mean,tdlu,E,firstorder,Entropy,mean,0.001139,0.000255,0.001123,0.001154,0.224,428,393.0,192.0,466.0,0.0,0.1,0.0368,0.354696,higher feature -> higher survival_target
muscle_H_original_firstorder_90Percentile_std,muscle,H,firstorder,90Percentile,std,0.001138,0.000258,0.001122,0.001154,0.227,429,396.0,174.0,466.0,0.0,0.0,-0.1038,0.008777,higher feature -> lower survival_target
muscle_H_original_firstorder_Variance_mean,muscle,H,firstorder,Variance,mean,0.001135,0.000234,0.001121,0.00115,0.206,430,392.0,203.8,466.0,0.0,0.0,0.0298,0.453121,higher feature -> higher survival_target
vessels_H_original_firstorder_Mean_mean,vessels,H,firstorder,Mean,mean,0.001135,0.000232,0.001121,0.001149,0.205,431,394.0,200.0,465.0,0.0,0.0,0.0345,0.385086,higher feature -> higher survival_target
vessels_H_original_firstorder_Uniformity_mean,vessels,H,firstorder,Uniformity,mean,0.001133,0.000226,0.001119,0.001147,0.2,432,393.0,198.0,466.0,0.0,0.0,-0.0655,0.099099,higher feature -> lower survival_target
tils_H_original_firstorder_Mean_mean,tils,H,firstorder,Mean,mean,0.001129,0.000191,0.001117,0.001141,0.169,433,390.0,231.9,461.0,0.0,0.0,0.0262,0.509963,higher feature -> higher survival_target
vessels_H_original_firstorder_Median_std,vessels,H,firstorder,Median,std,0.001127,0.000196,0.001115,0.001139,0.174,434,390.0,226.9,463.0,0.0,0.0,-0.0394,0.321255,higher feature -> lower survival_target
tumor_H_original_firstorder_Uniformity_mean,tumor,H,firstorder,Uniformity,mean,0.001126,0.000204,0.001113,0.001138,0.181,435,390.0,228.9,464.0,0.0,0.0,-0.029,0.464672,higher feature -> lower survival_target
tdlu_E_original_firstorder_Skewness_std,tdlu,E,firstorder,Skewness,std,0.001117,0.000219,0.001104,0.001131,0.196,436,398.0,210.0,466.0,0.0,0.0,-0.0713,0.072492,higher feature -> lower survival_target
tdlu_E_original_firstorder_RootMeanSquared_mean,tdlu,E,firstorder,RootMeanSquared,mean,0.001115,0.000261,0.001099,0.001131,0.234,437,406.0,183.0,468.0,0.0,0.0,-0.0007,0.985488,higher feature -> lower survival_target
muscle_H_original_firstorder_TotalEnergy_std,muscle,H,firstorder,TotalEnergy,std,0.001115,0.000228,0.0011,0.001129,0.204,438,402.5,210.0,466.0,0.0,0.0,-0.0412,0.299202,higher feature -> lower survival_target
tdlu_E_original_firstorder_Kurtosis_mean,tdlu,E,firstorder,Kurtosis,mean,0.001112,0.000226,0.001098,0.001126,0.203,439,402.5,213.0,466.0,0.0,0.0,-0.0762,0.054761,higher feature -> lower survival_target
vessels_E_original_firstorder_MeanAbsoluteDeviation_mean,vessels,E,firstorder,MeanAbsoluteDeviation,mean,0.00111,0.000255,0.001094,0.001126,0.23,440,407.0,197.0,469.0,0.0,0.0,-0.0015,0.970685,higher feature -> lower survival_target
muscle_H_original_firstorder_Energy_std,muscle,H,firstorder,Energy,std,0.001109,0.000221,0.001096,0.001123,0.199,441,403.0,218.9,466.0,0.0,0.0,-0.0412,0.299202,higher feature -> lower survival_target
vessels_H_original_firstorder_RootMeanSquared_std,vessels,H,firstorder,RootMeanSquared,std,0.001102,0.000239,0.001087,0.001117,0.217,442,408.0,201.0,468.0,0.0,0.0,-0.0983,0.013172,higher feature -> lower survival_target
vessels_H_original_firstorder_Skewness_mean,vessels,H,firstorder,Skewness,mean,0.001097,0.000205,0.001085,0.00111,0.187,443,407.0,225.9,466.0,0.0,0.0,-0.0597,0.132274,higher feature -> lower survival_target
tils_E_original_firstorder_Variance_mean,tils,E,firstorder,Variance,mean,0.001097,0.000227,0.001083,0.001111,0.207,444,410.0,213.0,465.0,0.0,0.0,0.015,0.705643,higher feature -> higher survival_target
tumor_H_original_firstorder_Mean_mean,tumor,H,firstorder,Mean,mean,0.001092,0.000173,0.001082,0.001103,0.159,445,402.0,255.0,465.0,0.0,0.0,-0.001,0.980759,higher feature -> lower survival_target
vessels_H_original_firstorder_Entropy_mean,vessels,H,firstorder,Entropy,mean,0.001086,0.000213,0.001073,0.001099,0.196,446,407.5,229.0,467.0,0.0,0.0,0.0464,0.242113,higher feature -> higher survival_target
tumor_E_original_firstorder_Variance_mean,tumor,E,firstorder,Variance,mean,0.001085,0.000211,0.001072,0.001098,0.195,447,412.0,226.8,466.0,0.0,0.0,-0.0353,0.37474,higher feature -> lower survival_target
muscle_H_original_firstorder_RootMeanSquared_mean,muscle,H,firstorder,RootMeanSquared,mean,0.001078,0.000236,0.001063,0.001092,0.219,448,417.0,208.0,469.0,0.0,0.0,0.0759,0.055667,higher feature -> higher survival_target
vessels_E_original_firstorder_Energy_mean,vessels,E,firstorder,Energy,mean,0.001076,0.000237,0.001061,0.001091,0.22,449,414.0,219.0,470.0,0.0,0.0,-0.0309,0.437058,higher feature -> lower survival_target
tumor_E_original_firstorder_RobustMeanAbsoluteDeviation_mean,tumor,E,firstorder,RobustMeanAbsoluteDeviation,mean,0.001076,0.000194,0.001064,0.001088,0.18,450,411.0,230.8,466.0,0.0,0.0,-0.0362,0.361936,higher feature -> lower survival_target
vessels_E_original_firstorder_TotalEnergy_mean,vessels,E,firstorder,TotalEnergy,mean,0.001073,0.000233,0.001058,0.001087,0.217,451,413.0,220.0,470.0,0.0,0.0,-0.0309,0.437058,higher feature -> lower survival_target
tumor_H_original_firstorder_RootMeanSquared_mean,tumor,H,firstorder,RootMeanSquared,mean,0.001062,0.000174,0.001051,0.001073,0.164,452,412.5,266.0,467.0,0.0,0.0,-0.018,0.650687,higher feature -> lower survival_target
vessels_H_original_firstorder_RobustMeanAbsoluteDeviation_mean,vessels,H,firstorder,RobustMeanAbsoluteDeviation,mean,0.001061,0.000204,0.001048,0.001074,0.193,453,419.0,239.9,467.0,0.0,0.0,0.0122,0.75811,higher feature -> higher survival_target
tdlu_H_original_firstorder_Energy_mean,tdlu,H,firstorder,Energy,mean,0.001057,0.000208,0.001044,0.00107,0.197,454,420.0,233.9,469.0,0.0,0.0,-0.0069,0.861236,higher feature -> lower survival_target
vessels_H_original_firstorder_InterquartileRange_mean,vessels,H,firstorder,InterquartileRange,mean,0.001056,0.000201,0.001044,0.001069,0.19,455,417.5,251.0,467.0,0.0,0.0,0.0183,0.644771,higher feature -> higher survival_target
tdlu_H_original_firstorder_TotalEnergy_mean,tdlu,H,firstorder,TotalEnergy,mean,0.001055,0.000206,0.001042,0.001068,0.195,456,420.0,240.9,469.0,0.0,0.0,-0.0069,0.861236,higher feature -> lower survival_target
vessels_H_original_firstorder_RootMeanSquared_mean,vessels,H,firstorder,RootMeanSquared,mean,0.00105,0.000209,0.001037,0.001063,0.199,457,421.0,227.0,469.0,0.0,0.0,0.0038,0.924701,higher feature -> higher survival_target
vessels_H_original_firstorder_90Percentile_mean,vessels,H,firstorder,90Percentile,mean,0.001049,0.000193,0.001037,0.001061,0.184,458,420.0,249.0,469.0,0.0,0.0,0.017,0.668945,higher feature -> higher survival_target
vessels_H_original_firstorder_MeanAbsoluteDeviation_mean,vessels,H,firstorder,MeanAbsoluteDeviation,mean,0.001048,0.000221,0.001035,0.001062,0.211,459,425.0,214.9,469.0,0.0,0.0,-0.0112,0.778284,higher feature -> lower survival_target
vessels_E_original_firstorder_RootMeanSquared_mean,vessels,E,firstorder,RootMeanSquared,mean,0.001047,0.000238,0.001032,0.001061,0.227,460,426.0,206.0,471.0,0.0,0.0,-0.0147,0.711697,higher feature -> lower survival_target
tumor_E_original_firstorder_InterquartileRange_mean,tumor,E,firstorder,InterquartileRange,mean,0.001045,0.000174,0.001034,0.001056,0.167,461,418.5,268.0,467.0,0.0,0.0,-0.031,0.435832,higher feature -> lower survival_target
vessels_H_original_firstorder_TotalEnergy_mean,vessels,H,firstorder,TotalEnergy,mean,0.00103,0.000193,0.001018,0.001042,0.187,462,425.0,257.0,468.0,0.0,0.0,-0.0068,0.863397,higher feature -> lower survival_target
vessels_H_original_firstorder_Energy_mean,vessels,H,firstorder,Energy,mean,0.001027,0.000193,0.001015,0.001039,0.188,463,426.0,254.0,469.0,0.0,0.0,-0.0068,0.863397,higher feature -> lower survival_target
tumor_E_original_firstorder_MeanAbsoluteDeviation_mean,tumor,E,firstorder,MeanAbsoluteDeviation,mean,0.001,0.00018,0.000989,0.001011,0.18,464,435.0,280.8,470.0,0.0,0.0,-0.0212,0.593737,higher feature -> lower survival_target
tumor_H_original_firstorder_Energy_mean,tumor,H,firstorder,Energy,mean,0.000997,0.000156,0.000987,0.001007,0.156,465,433.0,299.9,470.0,0.0,0.0,-0.0294,0.459473,higher feature -> lower survival_target
tumor_H_original_firstorder_TotalEnergy_mean,tumor,H,firstorder,TotalEnergy,mean,0.000995,0.000153,0.000985,0.001004,0.153,466,433.0,299.0,470.0,0.0,0.0,-0.0294,0.459473,higher feature -> lower survival_target
dcis_E_original_firstorder_Range_mean,dcis,E,firstorder,Range,mean,0.000979,0.000478,0.00095,0.001009,0.489,467,456.0,123.0,478.0,0.0,0.2,0.0923,0.019871,higher feature -> higher survival_target
dcis_E_original_firstorder_Range_std,dcis,E,firstorder,Range,std,0.000979,0.000457,0.00095,0.001007,0.467,468,459.0,123.0,476.0,0.0,0.2,-0.093,0.018968,higher feature -> lower survival_target
dcis_E_original_firstorder_Maximum_mean,dcis,E,firstorder,Maximum,mean,0.000978,0.000477,0.000948,0.001007,0.488,469,459.0,121.0,477.0,0.0,0.3,0.0923,0.019871,higher feature -> higher survival_target
dcis_E_original_firstorder_Maximum_std,dcis,E,firstorder,Maximum,std,0.000973,0.000452,0.000945,0.001001,0.465,470,459.0,121.0,475.0,0.0,0.1,-0.093,0.018968,higher feature -> lower survival_target
tdlu_H_original_firstorder_Range_mean,tdlu,H,firstorder,Range,mean,0.000476,0.000378,0.000452,0.000499,0.794,471,475.0,248.9,489.0,0.0,0.2,-0.1264,0.001404,higher feature -> lower survival_target
tdlu_H_original_firstorder_Maximum_mean,tdlu,H,firstorder,Maximum,mean,0.000474,0.00037,0.000451,0.000497,0.781,472,474.0,266.0,490.0,0.0,0.1,-0.1264,0.001404,higher feature -> lower survival_target
tdlu_H_original_firstorder_Range_std,tdlu,H,firstorder,Range,std,0.000471,0.000366,0.000448,0.000494,0.778,473,475.0,296.5,490.0,0.0,0.0,0.1261,0.001437,higher feature -> higher survival_target
tdlu_H_original_firstorder_Maximum_std,tdlu,H,firstorder,Maximum,std,0.00047,0.000374,0.000447,0.000493,0.795,474,475.0,269.9,490.0,0.0,0.1,0.1261,0.001437,higher feature -> higher survival_target
muscle_E_original_firstorder_Maximum_std,muscle,E,firstorder,Maximum,std,0.000341,0.000163,0.000331,0.000351,0.478,475,477.0,470.0,486.0,0.0,0.0,-0.0032,0.935403,higher feature -> lower survival_target
muscle_E_original_firstorder_Range_std,muscle,E,firstorder,Range,std,0.000341,0.000162,0.000331,0.000351,0.475,476,477.0,470.0,485.0,0.0,0.0,-0.0032,0.935403,higher feature -> lower survival_target
muscle_E_original_firstorder_Maximum_mean,muscle,E,firstorder,Maximum,mean,0.000338,0.000155,0.000328,0.000347,0.459,477,477.0,470.0,486.0,0.0,0.0,0.0031,0.937057,higher feature -> higher survival_target
muscle_E_original_firstorder_Range_mean,muscle,E,firstorder,Range,mean,0.000337,0.000156,0.000328,0.000347,0.464,478,477.0,470.0,486.0,0.0,0.0,0.0031,0.937057,higher feature -> higher survival_target
adipose_E_original_firstorder_Maximum_std,adipose,E,firstorder,Maximum,std,0.000216,0.000387,0.000192,0.00024,1.794,479,489.0,318.7,513.0,0.0,0.2,-0.1338,0.000715,higher feature -> lower survival_target
adipose_E_original_firstorder_Range_std,adipose,E,firstorder,Range,std,0.000213,0.000384,0.000189,0.000236,1.805,480,489.0,303.8,512.0,0.0,0.2,-0.1338,0.000715,higher feature -> lower survival_target
adipose_E_original_firstorder_Maximum_mean,adipose,E,firstorder,Maximum,mean,0.000208,0.000377,0.000185,0.000232,1.807,481,489.0,313.9,513.0,0.0,0.1,0.1338,0.000715,higher feature -> higher survival_target
adipose_E_original_firstorder_Range_mean,adipose,E,firstorder,Range,mean,0.000206,0.000366,0.000183,0.000229,1.776,482,489.0,341.9,512.0,0.0,0.2,0.1338,0.000715,higher feature -> higher survival_target
vessels_E_original_firstorder_Range_mean,vessels,E,firstorder,Range,mean,0.000182,0.000139,0.000174,0.000191,0.759,483,484.0,473.0,493.0,0.0,0.0,0.0374,0.346399,higher feature -> higher survival_target
vessels_E_original_firstorder_Range_std,vessels,E,firstorder,Range,std,0.000182,0.000135,0.000173,0.00019,0.744,484,484.0,473.0,493.0,0.0,0.0,-0.0374,0.346399,higher feature -> lower survival_target
vessels_E_original_firstorder_Maximum_mean,vessels,E,firstorder,Maximum,mean,0.000182,0.000134,0.000173,0.00019,0.736,485,483.0,473.0,493.0,0.0,0.0,0.0374,0.346399,higher feature -> higher survival_target
vessels_E_original_firstorder_Maximum_std,vessels,E,firstorder,Maximum,std,0.000181,0.000133,0.000173,0.000189,0.733,486,484.0,473.0,492.0,0.0,0.0,-0.0374,0.346399,higher feature -> lower survival_target
dcis_H_original_firstorder_Range_mean,dcis,H,firstorder,Range,mean,0.00017,0.00021,0.000157,0.000183,1.235,487,486.0,470.0,499.0,0.0,0.0,-0.0857,0.030601,higher feature -> lower survival_target
dcis_H_original_firstorder_Maximum_mean,dcis,H,firstorder,Maximum,mean,0.000169,0.000207,0.000156,0.000181,1.231,488,486.0,469.0,499.0,0.0,0.0,-0.0857,0.030601,higher feature -> lower survival_target
dcis_H_original_firstorder_Maximum_std,dcis,H,firstorder,Maximum,std,0.000167,0.000202,0.000154,0.000179,1.211,489,486.0,470.0,499.0,0.0,0.0,0.0857,0.030601,higher feature -> higher survival_target
dcis_H_original_firstorder_Range_std,dcis,H,firstorder,Range,std,0.000166,0.0002,0.000153,0.000178,1.206,490,486.0,471.0,499.0,0.0,0.0,0.0857,0.030601,higher feature -> higher survival_target
tils_E_original_firstorder_Maximum_std,tils,E,firstorder,Maximum,std,0.000165,0.000329,0.000144,0.000185,1.999,491,492.0,399.8,513.0,0.0,0.0,-0.0539,0.174578,higher feature -> lower survival_target
tils_E_original_firstorder_Range_std,tils,E,firstorder,Range,std,0.000164,0.000328,0.000144,0.000185,1.992,492,492.0,387.9,511.0,0.0,0.0,-0.0539,0.174578,higher feature -> lower survival_target
tils_E_original_firstorder_Maximum_mean,tils,E,firstorder,Maximum,mean,0.000164,0.000325,0.000144,0.000184,1.986,493,491.5,408.9,513.0,0.0,0.0,0.0539,0.174578,higher feature -> higher survival_target
tils_E_original_firstorder_Range_mean,tils,E,firstorder,Range,mean,0.000162,0.00032,0.000142,0.000182,1.977,494,492.0,410.0,510.0,0.0,0.0,0.0539,0.174578,higher feature -> higher survival_target
tdlu_E_original_firstorder_Maximum_mean,tdlu,E,firstorder,Maximum,mean,4e-05,6.3e-05,3.6e-05,4.4e-05,1.584,495,495.0,483.0,508.0,0.0,0.0,0.0301,0.448313,higher feature -> higher survival_target
tdlu_E_original_firstorder_Range_mean,tdlu,E,firstorder,Range,mean,3.9e-05,6.2e-05,3.6e-05,4.3e-05,1.574,496,496.0,483.0,506.0,0.0,0.0,0.0301,0.448313,higher feature -> higher survival_target
tdlu_E_original_firstorder_Maximum_std,tdlu,E,firstorder,Maximum,std,3.9e-05,5.8e-05,3.6e-05,4.3e-05,1.469,497,495.0,484.0,506.0,0.0,0.0,-0.0301,0.448313,higher feature -> lower survival_target
tdlu_E_original_firstorder_Range_std,tdlu,E,firstorder,Range,std,3.9e-05,5.8e-05,3.5e-05,4.2e-05,1.481,498,495.0,483.0,508.0,0.0,0.0,-0.0301,0.448313,higher feature -> lower survival_target
muscle_H_original_firstorder_Range_mean,muscle,H,firstorder,Range,mean,1.7e-05,2.6e-05,1.6e-05,1.9e-05,1.508,499,499.0,487.0,509.0,0.0,0.0,-0.0218,0.583217,higher feature -> lower survival_target
muscle_H_original_firstorder_Range_std,muscle,H,firstorder,Range,std,1.7e-05,2.6e-05,1.5e-05,1.8e-05,1.572,500,500.0,487.0,509.0,0.0,0.0,0.0218,0.583217,higher feature -> higher survival_target
muscle_H_original_firstorder_Maximum_mean,muscle,H,firstorder,Maximum,mean,1.7e-05,2.4e-05,1.5e-05,1.8e-05,1.464,501,500.0,487.0,509.0,0.0,0.0,-0.0218,0.583217,higher feature -> lower survival_target
muscle_H_original_firstorder_Maximum_std,muscle,H,firstorder,Maximum,std,1.6e-05,2.3e-05,1.5e-05,1.8e-05,1.408,502,499.0,487.0,509.0,0.0,0.0,0.0218,0.583217,higher feature -> higher survival_target
vessels_H_original_firstorder_Range_std,vessels,H,firstorder,Range,std,1.5e-05,2e-05,1.3e-05,1.6e-05,1.379,503,500.0,488.0,512.0,0.0,0.0,0.0413,0.298575,higher feature -> higher survival_target
vessels_H_original_firstorder_Range_mean,vessels,H,firstorder,Range,mean,1.4e-05,1.9e-05,1.3e-05,1.6e-05,1.315,504,500.0,488.0,513.0,0.0,0.0,-0.0413,0.298575,higher feature -> lower survival_target
vessels_H_original_firstorder_Maximum_std,vessels,H,firstorder,Maximum,std,1.4e-05,1.9e-05,1.3e-05,1.6e-05,1.341,505,500.0,488.0,513.0,0.0,0.0,0.0413,0.298575,higher feature -> higher survival_target
vessels_H_original_firstorder_Maximum_mean,vessels,H,firstorder,Maximum,mean,1.4e-05,2e-05,1.3e-05,1.5e-05,1.396,506,500.0,488.0,511.0,0.0,0.0,-0.0413,0.298575,higher feature -> lower survival_target
stroma_E_original_firstorder_Maximum_mean,stroma,E,firstorder,Maximum,mean,1e-06,2e-06,0.0,1e-06,3.819,507,509.0,500.0,513.0,0.0,0.0,0.1141,0.003968,higher feature -> higher survival_target
stroma_E_original_firstorder_Range_std,stroma,E,firstorder,Range,std,1e-06,2e-06,0.0,1e-06,3.46,508,509.0,500.0,513.0,0.0,0.0,-0.1141,0.003968,higher feature -> lower survival_target
stroma_E_original_firstorder_Maximum_std,stroma,E,firstorder,Maximum,std,1e-06,2e-06,0.0,1e-06,4.337,509,509.0,500.0,514.0,0.0,0.0,-0.1141,0.003968,higher feature -> lower survival_target
stroma_E_original_firstorder_Range_mean,stroma,E,firstorder,Range,mean,0.0,2e-06,0.0,1e-06,3.864,510,509.0,501.0,513.0,0.0,0.0,0.1141,0.003968,higher feature -> higher survival_target
adipose_H_original_firstorder_Maximum_std,adipose,H,firstorder,Maximum,std,0.0,0.0,-0.0,0.0,21.002,511,509.0,503.0,513.0,0.0,0.0,0.0024,0.950883,higher feature -> higher survival_target
adipose_H_original_firstorder_Range_std,adipose,H,firstorder,Range,std,0.0,0.0,-0.0,0.0,16.41,512,514.0,506.0,514.0,0.0,0.0,0.0024,0.950883,higher feature -> higher survival_target
tumor_H_original_firstorder_Range_std,tumor,H,firstorder,Range,std,0.0,0.0,0.0,0.0,,513,510.0,503.0,513.0,0.0,0.0,,,undetermined
tumor_H_original_firstorder_Maximum_std,tumor,H,firstorder,Maximum,std,0.0,0.0,0.0,0.0,,514,510.0,504.0,513.0,0.0,0.0,,,undetermined
