feature,region,channel,feature_class,metric,stat,mean_importance,std_importance,ci_lo,ci_hi,cv,rank,median_rank,rank_q025,rank_q975,top20_pct,top50_pct,spearman_rho,spearman_p_value,direction
adipose_H_original_firstorder_Skewness_mean,adipose,H,firstorder,Skewness,mean,0.013207,0.004172,0.012948,0.013466,0.316,1,3.0,1.0,25.0,95.8,99.7,-0.443,0.0,higher feature -> lower survival_target
adipose_H_original_firstorder_Uniformity_mean,adipose,H,firstorder,Uniformity,mean,0.012986,0.003927,0.012742,0.013229,0.302,2,4.0,1.0,24.0,97.2,99.4,-0.4419,0.0,higher feature -> lower survival_target
adipose_H_original_firstorder_Entropy_mean,adipose,H,firstorder,Entropy,mean,0.01249,0.003723,0.012259,0.012721,0.298,3,5.0,1.0,24.0,96.0,99.5,0.441,0.0,higher feature -> higher survival_target
adipose_H_original_firstorder_Kurtosis_mean,adipose,H,firstorder,Kurtosis,mean,0.012246,0.003942,0.012001,0.01249,0.322,4,5.0,1.0,30.0,93.9,99.3,-0.4261,0.0,higher feature -> lower survival_target
adipose_H_original_firstorder_RobustMeanAbsoluteDeviation_mean,adipose,H,firstorder,RobustMeanAbsoluteDeviation,mean,0.010556,0.003644,0.010331,0.010782,0.345,5,8.0,1.0,44.0,89.2,98.1,0.4273,0.0,higher feature -> higher survival_target
adipose_H_original_firstorder_InterquartileRange_mean,adipose,H,firstorder,InterquartileRange,mean,0.010453,0.003724,0.010223,0.010684,0.356,6,8.0,1.0,47.0,85.6,98.1,0.4263,0.0,higher feature -> higher survival_target
adipose_H_original_firstorder_Mean_mean,adipose,H,firstorder,Mean,mean,0.008984,0.00293,0.008802,0.009165,0.326,7,12.0,3.0,48.0,79.7,97.8,0.4189,0.0,higher feature -> higher survival_target
adipose_H_original_firstorder_90Percentile_mean,adipose,H,firstorder,90Percentile,mean,0.00848,0.002734,0.008311,0.00865,0.322,8,14.0,5.0,60.0,74.3,96.8,0.4205,0.0,higher feature -> higher survival_target
adipose_H_original_firstorder_MeanAbsoluteDeviation_mean,adipose,H,firstorder,MeanAbsoluteDeviation,mean,0.0084,0.002921,0.008219,0.008581,0.348,9,14.0,3.0,60.1,70.1,96.3,0.4137,0.0,higher feature -> higher survival_target
adipose_H_original_firstorder_RootMeanSquared_mean,adipose,H,firstorder,RootMeanSquared,mean,0.007636,0.002599,0.007475,0.007797,0.34,10,17.0,5.0,70.0,62.7,93.4,0.4096,0.0,higher feature -> higher survival_target
adipose_H_original_firstorder_Variance_mean,adipose,H,firstorder,Variance,mean,0.00736,0.003043,0.007171,0.007548,0.414,11,19.0,2.0,86.0,53.0,88.8,0.3876,0.0,higher feature -> higher survival_target
adipose_H_original_firstorder_TotalEnergy_mean,adipose,H,firstorder,TotalEnergy,mean,0.007053,0.002544,0.006896,0.007211,0.361,12,20.0,6.0,80.0,51.8,89.9,0.4021,0.0,higher feature -> higher survival_target
adipose_H_original_firstorder_Energy_mean,adipose,H,firstorder,Energy,mean,0.00704,0.002539,0.006883,0.007197,0.361,13,20.0,6.0,87.0,50.6,89.8,0.4021,0.0,higher feature -> higher survival_target
muscularis_E_original_firstorder_InterquartileRange_std,muscularis,E,firstorder,InterquartileRange,std,0.006725,0.004041,0.006474,0.006975,0.601,14,25.5,1.0,201.0,42.9,71.2,-0.2761,2.4e-05,higher feature -> lower survival_target
adipose_H_original_firstorder_Kurtosis_std,adipose,H,firstorder,Kurtosis,std,0.00617,0.003633,0.005945,0.006395,0.589,15,30.0,2.0,199.0,36.1,69.5,-0.3109,2e-06,higher feature -> lower survival_target
immune_H_original_firstorder_Entropy_mean,immune,H,firstorder,Entropy,mean,0.006164,0.003118,0.00597,0.006357,0.506,16,26.5,3.0,162.1,37.6,75.0,0.3574,0.0,higher feature -> higher survival_target
immune_H_original_firstorder_Uniformity_mean,immune,H,firstorder,Uniformity,mean,0.006052,0.003229,0.005852,0.006253,0.534,17,29.0,3.0,196.0,36.0,71.8,-0.3625,0.0,higher feature -> lower survival_target
muscularis_E_original_firstorder_RobustMeanAbsoluteDeviation_std,muscularis,E,firstorder,RobustMeanAbsoluteDeviation,std,0.005941,0.003641,0.005715,0.006167,0.613,18,32.0,2.0,225.2,33.6,65.2,-0.282,1.6e-05,higher feature -> lower survival_target
muscularis_E_original_firstorder_Variance_std,muscularis,E,firstorder,Variance,std,0.005935,0.003851,0.005696,0.006174,0.649,19,34.0,1.0,227.0,33.3,63.7,-0.2416,0.000238,higher feature -> lower survival_target
adipose_H_original_firstorder_Skewness_std,adipose,H,firstorder,Skewness,std,0.005913,0.003336,0.005706,0.00612,0.564,20,31.0,3.0,180.0,34.0,67.4,-0.3394,0.0,higher feature -> lower survival_target
adipose_H_original_firstorder_Median_mean,adipose,H,firstorder,Median,mean,0.005615,0.00272,0.005447,0.005784,0.484,21,32.0,7.0,193.0,29.2,69.6,0.3765,0.0,higher feature -> higher survival_target
muscularis_H_original_firstorder_RootMeanSquared_mean,muscularis,H,firstorder,RootMeanSquared,mean,0.005589,0.002664,0.005424,0.005754,0.477,22,32.0,4.0,148.0,30.4,70.4,0.356,0.0,higher feature -> higher survival_target
lamina_H_original_firstorder_Skewness_std,lamina,H,firstorder,Skewness,std,0.005482,0.003514,0.005264,0.005699,0.641,23,37.0,2.0,269.0,29.6,58.6,-0.325,1e-06,higher feature -> lower survival_target
muscularis_H_original_firstorder_Skewness_std,muscularis,H,firstorder,Skewness,std,0.005245,0.003105,0.005053,0.005438,0.592,24,41.0,3.0,203.2,25.6,58.1,-0.3243,1e-06,higher feature -> lower survival_target
muscularis_H_original_firstorder_InterquartileRange_mean,muscularis,H,firstorder,InterquartileRange,mean,0.005176,0.002701,0.005008,0.005343,0.522,25,38.0,5.0,211.0,24.5,63.5,0.357,0.0,higher feature -> higher survival_target
muscularis_H_original_firstorder_Kurtosis_std,muscularis,H,firstorder,Kurtosis,std,0.004927,0.003515,0.00471,0.005145,0.713,26,50.0,2.0,295.0,22.6,50.3,-0.3067,2e-06,higher feature -> lower survival_target
muscularis_H_original_firstorder_Uniformity_mean,muscularis,H,firstorder,Uniformity,mean,0.004895,0.002408,0.004746,0.005044,0.492,27,40.0,8.0,217.0,20.3,61.3,-0.3708,0.0,higher feature -> lower survival_target
muscularis_H_original_firstorder_Entropy_mean,muscularis,H,firstorder,Entropy,mean,0.004846,0.002229,0.004708,0.004984,0.46,28,39.0,8.0,186.0,17.1,62.5,0.3677,0.0,higher feature -> higher survival_target
muscularis_H_original_firstorder_MeanAbsoluteDeviation_mean,muscularis,H,firstorder,MeanAbsoluteDeviation,mean,0.004644,0.00238,0.004496,0.004791,0.513,29,44.0,7.0,241.0,16.8,56.3,0.3402,0.0,higher feature -> higher survival_target
muscularis_H_original_firstorder_Median_mean,muscularis,H,firstorder,Median,mean,0.0045,0.002673,0.004334,0.004666,0.594,30,52.0,7.0,292.0,16.9,49.1,0.3367,0.0,higher feature -> higher survival_target
urothelium_E_original_firstorder_RootMeanSquared_std,urothelium,E,firstorder,RootMeanSquared,std,0.004431,0.003074,0.00424,0.004621,0.694,31,61.5,2.0,302.0,20.8,43.7,-0.2274,0.000555,higher feature -> lower survival_target
muscularis_H_original_firstorder_Kurtosis_mean,muscularis,H,firstorder,Kurtosis,mean,0.004324,0.002131,0.004192,0.004456,0.493,32,50.0,10.0,218.0,13.3,50.1,-0.3512,0.0,higher feature -> lower survival_target
immune_H_original_firstorder_InterquartileRange_mean,immune,H,firstorder,InterquartileRange,mean,0.004147,0.002587,0.003987,0.004308,0.624,33,59.0,7.0,298.1,15.4,43.3,0.3294,0.0,higher feature -> higher survival_target
vessels_H_original_firstorder_Kurtosis_mean,vessels,H,firstorder,Kurtosis,mean,0.004124,0.002738,0.003955,0.004294,0.664,34,63.0,7.0,349.0,14.9,42.9,-0.278,2.1e-05,higher feature -> lower survival_target
muscularis_H_original_firstorder_Mean_mean,muscularis,H,firstorder,Mean,mean,0.004073,0.002232,0.003935,0.004212,0.548,35,59.0,10.0,274.1,10.8,44.2,0.3476,0.0,higher feature -> higher survival_target
necrosis_H_original_firstorder_90Percentile_std,necrosis,H,firstorder,90Percentile,std,0.004057,0.00181,0.003945,0.004169,0.446,36,56.0,9.0,167.0,9.6,44.9,-0.049,0.462531,higher feature -> lower survival_target
urothelium_E_original_firstorder_Kurtosis_mean,urothelium,E,firstorder,Kurtosis,mean,0.00404,0.002518,0.003884,0.004196,0.623,37,64.0,4.0,297.0,15.4,39.5,-0.2164,0.001035,higher feature -> lower survival_target
lamina_H_original_firstorder_Entropy_mean,lamina,H,firstorder,Entropy,mean,0.004035,0.002168,0.003901,0.00417,0.537,38,56.0,8.0,289.0,12.4,44.7,0.317,1e-06,higher feature -> higher survival_target
immune_H_original_firstorder_Mean_mean,immune,H,firstorder,Mean,mean,0.00402,0.002507,0.003865,0.004175,0.624,39,67.0,8.0,273.3,13.3,39.1,0.3277,0.0,higher feature -> higher survival_target
muscularis_H_original_firstorder_RobustMeanAbsoluteDeviation_mean,muscularis,H,firstorder,RobustMeanAbsoluteDeviation,mean,0.003901,0.001985,0.003778,0.004024,0.509,40,60.0,13.0,303.1,7.4,42.7,0.3493,0.0,higher feature -> higher survival_target
immune_H_original_firstorder_Kurtosis_std,immune,H,firstorder,Kurtosis,std,0.003887,0.002622,0.003724,0.004049,0.675,41,69.0,7.0,354.0,12.4,38.8,-0.304,3e-06,higher feature -> lower survival_target
vessels_H_original_firstorder_Kurtosis_std,vessels,H,firstorder,Kurtosis,std,0.003866,0.002518,0.00371,0.004022,0.651,42,71.5,7.0,312.0,12.9,38.2,-0.2205,0.000825,higher feature -> lower survival_target
lamina_E_original_firstorder_RobustMeanAbsoluteDeviation_std,lamina,E,firstorder,RobustMeanAbsoluteDeviation,std,0.003768,0.002535,0.003611,0.003926,0.673,43,72.0,6.0,355.0,12.5,35.8,-0.251,0.000132,higher feature -> lower survival_target
lamina_H_original_firstorder_Uniformity_mean,lamina,H,firstorder,Uniformity,mean,0.003739,0.001983,0.003616,0.003862,0.53,44,66.0,11.0,285.1,8.4,38.1,-0.3208,1e-06,higher feature -> lower survival_target
necrosis_H_original_firstorder_RootMeanSquared_std,necrosis,H,firstorder,RootMeanSquared,std,0.00366,0.001287,0.003581,0.00374,0.352,45,61.0,16.0,159.0,4.2,36.5,0.0133,0.842303,higher feature -> higher survival_target
muscularis_H_original_firstorder_Energy_mean,muscularis,H,firstorder,Energy,mean,0.00365,0.001783,0.00354,0.003761,0.488,46,68.0,17.0,281.1,5.2,35.6,0.3416,0.0,higher feature -> higher survival_target
muscularis_H_original_firstorder_TotalEnergy_mean,muscularis,H,firstorder,TotalEnergy,mean,0.003647,0.001778,0.003537,0.003757,0.488,47,67.0,17.0,282.0,5.1,35.7,0.3416,0.0,higher feature -> higher survival_target
immune_H_original_firstorder_Kurtosis_mean,immune,H,firstorder,Kurtosis,mean,0.003625,0.002144,0.003492,0.003758,0.591,48,72.0,11.0,335.0,9.1,35.8,-0.3341,0.0,higher feature -> lower survival_target
immune_H_original_firstorder_Skewness_std,immune,H,firstorder,Skewness,std,0.003528,0.002303,0.003385,0.003671,0.653,49,82.0,10.0,371.0,8.9,34.0,-0.321,1e-06,higher feature -> lower survival_target
muscularis_H_original_firstorder_90Percentile_mean,muscularis,H,firstorder,90Percentile,mean,0.003503,0.001694,0.003399,0.003608,0.484,50,70.5,18.0,295.0,3.3,31.4,0.3511,0.0,higher feature -> higher survival_target
muscularis_H_original_firstorder_Skewness_mean,muscularis,H,firstorder,Skewness,mean,0.003461,0.001845,0.003346,0.003575,0.533,51,78.0,15.0,300.0,5.6,30.7,-0.339,0.0,higher feature -> lower survival_target
lamina_H_original_firstorder_Kurtosis_std,lamina,H,firstorder,Kurtosis,std,0.003323,0.002128,0.003191,0.003455,0.64,52,90.0,10.0,353.1,8.4,27.9,-0.2379,0.000298,higher feature -> lower survival_target
urothelium_E_original_firstorder_90Percentile_std,urothelium,E,firstorder,90Percentile,std,0.003307,0.002075,0.003178,0.003435,0.627,53,91.0,10.0,328.0,7.1,28.1,-0.2164,0.001032,higher feature -> lower survival_target
urothelium_E_original_firstorder_RobustMeanAbsoluteDeviation_std,urothelium,E,firstorder,RobustMeanAbsoluteDeviation,std,0.003291,0.002029,0.003166,0.003417,0.617,54,89.0,9.0,313.0,8.1,27.6,-0.1455,0.028407,higher feature -> lower survival_target
lamina_H_original_firstorder_MeanAbsoluteDeviation_std,lamina,H,firstorder,MeanAbsoluteDeviation,std,0.003252,0.001634,0.003151,0.003353,0.503,55,81.0,16.0,287.1,4.2,27.3,-0.1478,0.025972,higher feature -> lower survival_target
immune_H_original_firstorder_Energy_mean,immune,H,firstorder,Energy,mean,0.003237,0.001719,0.00313,0.003343,0.531,56,86.5,16.0,309.1,5.2,26.8,0.298,5e-06,higher feature -> higher survival_target
lamina_E_original_firstorder_InterquartileRange_std,lamina,E,firstorder,InterquartileRange,std,0.003232,0.002154,0.003099,0.003366,0.666,57,96.0,9.0,374.0,6.6,26.4,-0.2363,0.000329,higher feature -> lower survival_target
immune_H_original_firstorder_TotalEnergy_mean,immune,H,firstorder,TotalEnergy,mean,0.003229,0.00169,0.003125,0.003334,0.523,58,86.0,16.0,302.1,5.0,27.0,0.298,5e-06,higher feature -> higher survival_target
urothelium_H_original_firstorder_RootMeanSquared_std,urothelium,H,firstorder,RootMeanSquared,std,0.00318,0.001635,0.003079,0.003281,0.514,59,82.0,16.0,318.1,4.2,26.3,-0.1067,0.108736,higher feature -> lower survival_target
necrosis_E_original_firstorder_Median_mean,necrosis,E,firstorder,Median,mean,0.003167,0.001913,0.003048,0.003285,0.604,60,90.5,13.0,372.0,7.0,27.5,0.1757,0.007976,higher feature -> higher survival_target
immune_H_original_firstorder_Median_std,immune,H,firstorder,Median,std,0.003162,0.001701,0.003057,0.003268,0.538,61,90.0,12.0,270.0,5.6,25.2,0.2043,0.001976,higher feature -> higher survival_target
urothelium_E_original_firstorder_Skewness_std,urothelium,E,firstorder,Skewness,std,0.003141,0.001694,0.003036,0.003246,0.539,62,86.0,13.0,322.2,4.9,23.4,-0.2067,0.001745,higher feature -> lower survival_target
necrosis_H_original_firstorder_Mean_std,necrosis,H,firstorder,Mean,std,0.003081,0.001039,0.003016,0.003145,0.337,63,81.0,26.0,199.0,1.4,18.5,0.0861,0.19627,higher feature -> higher survival_target
necrosis_E_original_firstorder_Mean_mean,necrosis,E,firstorder,Mean,mean,0.003057,0.001829,0.002944,0.003171,0.598,64,99.5,13.0,384.0,6.1,25.5,0.1681,0.011177,higher feature -> higher survival_target
lamina_H_original_firstorder_Mean_mean,lamina,H,firstorder,Mean,mean,0.003049,0.001708,0.002943,0.003155,0.56,65,97.0,15.0,341.0,3.8,22.8,0.3043,3e-06,higher feature -> higher survival_target
necrosis_E_original_firstorder_Uniformity_mean,necrosis,E,firstorder,Uniformity,mean,0.002958,0.001629,0.002857,0.003059,0.551,66,98.0,14.0,340.0,4.6,19.6,-0.1917,0.003736,higher feature -> lower survival_target
lamina_H_original_firstorder_InterquartileRange_std,lamina,H,firstorder,InterquartileRange,std,0.002957,0.001293,0.002877,0.003037,0.437,67,92.0,23.0,296.2,1.7,20.8,-0.0916,0.168807,higher feature -> lower survival_target
lamina_H_original_firstorder_RobustMeanAbsoluteDeviation_std,lamina,H,firstorder,RobustMeanAbsoluteDeviation,std,0.002957,0.001253,0.002879,0.003034,0.424,68,91.0,24.0,290.0,1.6,20.5,-0.0898,0.177443,higher feature -> lower survival_target
immune_H_original_firstorder_Skewness_mean,immune,H,firstorder,Skewness,mean,0.002938,0.00164,0.002837,0.00304,0.558,69,103.5,17.0,319.1,3.6,21.6,-0.2987,5e-06,higher feature -> lower survival_target
urothelium_H_original_firstorder_Median_std,urothelium,H,firstorder,Median,std,0.002936,0.001541,0.00284,0.003032,0.525,70,96.0,17.0,339.1,3.1,21.0,-0.0824,0.216361,higher feature -> lower survival_target
necrosis_E_original_firstorder_Entropy_mean,necrosis,E,firstorder,Entropy,mean,0.00292,0.001588,0.002822,0.003019,0.544,71,101.0,17.0,347.1,4.1,20.9,0.1846,0.00528,higher feature -> higher survival_target
immune_H_original_firstorder_90Percentile_mean,immune,H,firstorder,90Percentile,mean,0.002918,0.001821,0.002805,0.003031,0.624,72,104.5,15.0,381.0,4.1,20.5,0.3057,3e-06,higher feature -> higher survival_target
lamina_H_original_firstorder_90Percentile_std,lamina,H,firstorder,90Percentile,std,0.002895,0.001271,0.002817,0.002974,0.439,73,95.5,24.0,274.0,1.6,19.9,-0.1018,0.126166,higher feature -> lower survival_target
muscularis_E_original_firstorder_MeanAbsoluteDeviation_std,muscularis,E,firstorder,MeanAbsoluteDeviation,std,0.002894,0.001808,0.002781,0.003006,0.625,74,110.0,15.0,365.1,4.8,21.1,-0.2484,0.000156,higher feature -> lower survival_target
urothelium_H_original_firstorder_Mean_std,urothelium,H,firstorder,Mean,std,0.002873,0.001425,0.002784,0.002961,0.496,75,97.0,21.0,332.0,2.5,19.8,-0.0981,0.140457,higher feature -> lower survival_target
immune_H_original_firstorder_RobustMeanAbsoluteDeviation_mean,immune,H,firstorder,RobustMeanAbsoluteDeviation,mean,0.002855,0.001851,0.00274,0.00297,0.648,76,118.0,14.0,406.0,5.1,20.1,0.3051,3e-06,higher feature -> higher survival_target
urothelium_E_original_firstorder_Mean_std,urothelium,E,firstorder,Mean,std,0.002826,0.001768,0.002717,0.002936,0.626,77,120.0,14.0,369.0,5.3,19.0,-0.2023,0.002192,higher feature -> lower survival_target
tumor_H_original_firstorder_Kurtosis_std,tumor,H,firstorder,Kurtosis,std,0.002825,0.001968,0.002703,0.002947,0.697,78,127.0,11.0,368.0,4.9,20.5,-0.2094,0.001508,higher feature -> lower survival_target
tumor_H_original_firstorder_MeanAbsoluteDeviation_std,tumor,H,firstorder,MeanAbsoluteDeviation,std,0.002786,0.001189,0.002712,0.002859,0.427,79,98.0,22.0,268.0,1.9,13.8,-0.0962,0.14851,higher feature -> lower survival_target
urothelium_H_original_firstorder_90Percentile_std,urothelium,H,firstorder,90Percentile,std,0.002731,0.001314,0.002649,0.002812,0.481,80,105.0,25.0,352.2,1.3,17.1,-0.1027,0.122996,higher feature -> lower survival_target
necrosis_E_original_firstorder_10Percentile_std,necrosis,E,firstorder,10Percentile,std,0.002722,0.00146,0.002631,0.002812,0.537,81,111.0,19.0,344.0,3.1,15.7,0.1253,0.05936,higher feature -> higher survival_target
necrosis_E_original_firstorder_90Percentile_mean,necrosis,E,firstorder,90Percentile,mean,0.00272,0.001528,0.002626,0.002815,0.562,82,114.5,19.0,362.0,2.8,16.8,0.1477,0.026046,higher feature -> higher survival_target
urothelium_H_original_firstorder_10Percentile_std,urothelium,H,firstorder,10Percentile,std,0.002718,0.00118,0.002645,0.002791,0.434,83,103.0,26.0,318.0,1.0,16.1,-0.102,0.125373,higher feature -> lower survival_target
necrosis_E_original_firstorder_RootMeanSquared_mean,necrosis,E,firstorder,RootMeanSquared,mean,0.002707,0.001548,0.002612,0.002803,0.572,84,122.0,20.0,394.1,3.0,17.7,0.1535,0.020654,higher feature -> higher survival_target
necrosis_E_original_firstorder_MeanAbsoluteDeviation_std,necrosis,E,firstorder,MeanAbsoluteDeviation,std,0.002707,0.00128,0.002627,0.002786,0.473,85,108.0,23.0,307.0,1.9,15.5,-0.117,0.078514,higher feature -> lower survival_target
tumor_E_original_firstorder_Energy_mean,tumor,E,firstorder,Energy,mean,0.002687,0.001652,0.002585,0.002789,0.615,86,120.0,17.0,431.0,3.7,17.6,0.1496,0.02416,higher feature -> higher survival_target
tumor_E_original_firstorder_TotalEnergy_mean,tumor,E,firstorder,TotalEnergy,mean,0.002671,0.001626,0.00257,0.002771,0.609,87,123.0,16.0,430.1,3.9,18.3,0.1496,0.02416,higher feature -> higher survival_target
urothelium_E_original_firstorder_Kurtosis_std,urothelium,E,firstorder,Kurtosis,std,0.00267,0.00154,0.002574,0.002765,0.577,88,117.0,19.0,367.0,3.1,15.5,-0.1777,0.007291,higher feature -> lower survival_target
urothelium_H_original_firstorder_Entropy_std,urothelium,H,firstorder,Entropy,std,0.002665,0.001367,0.00258,0.00275,0.513,89,117.0,24.0,358.0,1.5,17.5,-0.1157,0.081836,higher feature -> lower survival_target
urothelium_H_original_firstorder_Kurtosis_std,urothelium,H,firstorder,Kurtosis,std,0.002662,0.001592,0.002564,0.002761,0.598,90,123.5,18.0,327.0,3.5,14.3,-0.1942,0.003298,higher feature -> lower survival_target
immune_H_original_firstorder_Median_mean,immune,H,firstorder,Median,mean,0.002642,0.001544,0.002546,0.002737,0.584,91,125.5,22.0,381.1,2.2,17.6,0.3101,2e-06,higher feature -> higher survival_target
immune_H_original_firstorder_RootMeanSquared_mean,immune,H,firstorder,RootMeanSquared,mean,0.002636,0.001576,0.002539,0.002734,0.598,92,125.5,21.0,394.0,2.5,17.0,0.2983,5e-06,higher feature -> higher survival_target
urothelium_E_original_firstorder_MeanAbsoluteDeviation_std,urothelium,E,firstorder,MeanAbsoluteDeviation,std,0.002605,0.00153,0.002511,0.0027,0.587,93,130.5,19.0,359.0,3.4,15.4,-0.1705,0.01006,higher feature -> lower survival_target
vessels_H_original_firstorder_Uniformity_mean,vessels,H,firstorder,Uniformity,mean,0.002576,0.00147,0.002485,0.002668,0.57,94,126.0,22.0,399.0,2.2,14.6,-0.3038,3e-06,higher feature -> lower survival_target
urothelium_H_original_firstorder_MeanAbsoluteDeviation_std,urothelium,H,firstorder,MeanAbsoluteDeviation,std,0.002563,0.001081,0.002496,0.00263,0.422,95,116.0,32.0,333.0,0.7,11.1,-0.0701,0.292781,higher feature -> lower survival_target
urothelium_E_original_firstorder_Skewness_mean,urothelium,E,firstorder,Skewness,mean,0.002558,0.001324,0.002475,0.00264,0.518,96,122.0,24.0,360.0,1.9,12.9,-0.1564,0.018381,higher feature -> lower survival_target
urothelium_E_original_firstorder_Entropy_std,urothelium,E,firstorder,Entropy,std,0.002556,0.001561,0.00246,0.002653,0.61,97,131.0,20.0,379.0,2.6,14.5,-0.1823,0.005863,higher feature -> lower survival_target
tumor_E_original_firstorder_RootMeanSquared_mean,tumor,E,firstorder,RootMeanSquared,mean,0.002553,0.001655,0.00245,0.002656,0.648,98,140.0,17.0,425.1,4.0,16.7,0.1587,0.01673,higher feature -> higher survival_target
vessels_H_original_firstorder_Entropy_mean,vessels,H,firstorder,Entropy,mean,0.002547,0.001382,0.002461,0.002633,0.543,99,123.5,23.0,402.0,1.9,14.1,0.2993,4e-06,higher feature -> higher survival_target
necrosis_H_original_firstorder_MeanAbsoluteDeviation_std,necrosis,H,firstorder,MeanAbsoluteDeviation,std,0.002522,0.001086,0.002454,0.002589,0.431,100,117.0,31.0,300.0,1.1,9.1,-0.0792,0.234618,higher feature -> lower survival_target
necrosis_H_original_firstorder_RobustMeanAbsoluteDeviation_std,necrosis,H,firstorder,RobustMeanAbsoluteDeviation,std,0.002469,0.000845,0.002417,0.002521,0.342,101,116.0,36.0,254.0,0.4,6.6,-0.0233,0.726997,higher feature -> lower survival_target
tumor_E_original_firstorder_Median_mean,tumor,E,firstorder,Median,mean,0.002463,0.001544,0.002367,0.002558,0.627,102,141.5,17.0,429.0,3.1,13.8,0.1471,0.026723,higher feature -> higher survival_target
muscularis_E_original_firstorder_Median_std,muscularis,E,firstorder,Median,std,0.002458,0.001314,0.002377,0.00254,0.534,103,133.5,26.0,340.1,1.6,12.1,-0.2123,0.001294,higher feature -> lower survival_target
lamina_H_original_firstorder_RootMeanSquared_mean,lamina,H,firstorder,RootMeanSquared,mean,0.002457,0.00148,0.002365,0.002549,0.602,104,142.0,20.0,415.0,2.7,13.2,0.2908,8e-06,higher feature -> higher survival_target
muscularis_H_original_firstorder_Variance_mean,muscularis,H,firstorder,Variance,mean,0.002446,0.001337,0.002363,0.002529,0.547,105,137.0,23.0,384.1,1.3,11.8,0.3068,2e-06,higher feature -> higher survival_target
vessels_H_original_firstorder_Skewness_std,vessels,H,firstorder,Skewness,std,0.002436,0.001875,0.002319,0.002552,0.77,106,169.0,14.0,418.0,4.7,14.9,-0.2142,0.001167,higher feature -> lower survival_target
lamina_H_original_firstorder_Median_mean,lamina,H,firstorder,Median,mean,0.002429,0.001278,0.00235,0.002508,0.526,107,135.0,29.0,370.0,1.4,10.9,0.294,7e-06,higher feature -> higher survival_target
immune_H_original_firstorder_Energy_std,immune,H,firstorder,Energy,std,0.002407,0.001156,0.002336,0.002479,0.48,108,131.5,26.0,349.0,1.4,10.5,0.1858,0.004968,higher feature -> higher survival_target
urothelium_H_original_firstorder_Energy_std,urothelium,H,firstorder,Energy,std,0.002405,0.001183,0.002332,0.002479,0.492,109,137.0,29.0,375.1,1.1,9.8,-0.0876,0.1883,higher feature -> lower survival_target
urothelium_H_original_firstorder_TotalEnergy_std,urothelium,H,firstorder,TotalEnergy,std,0.002402,0.001169,0.00233,0.002475,0.487,110,134.0,29.0,375.0,0.6,9.5,-0.0876,0.1883,higher feature -> lower survival_target
immune_H_original_firstorder_TotalEnergy_std,immune,H,firstorder,TotalEnergy,std,0.002398,0.001155,0.002326,0.002469,0.482,111,133.0,26.0,356.0,1.6,9.8,0.1858,0.004968,higher feature -> higher survival_target
necrosis_E_original_firstorder_Energy_mean,necrosis,E,firstorder,Energy,mean,0.002393,0.001347,0.002309,0.002476,0.563,112,145.5,27.0,412.1,1.2,12.7,0.1503,0.023475,higher feature -> higher survival_target
muscularis_E_original_firstorder_10Percentile_mean,muscularis,E,firstorder,10Percentile,mean,0.00239,0.001412,0.002302,0.002477,0.591,113,146.0,19.0,389.1,2.6,11.8,0.1405,0.034346,higher feature -> higher survival_target
necrosis_E_original_firstorder_InterquartileRange_mean,necrosis,E,firstorder,InterquartileRange,mean,0.002387,0.001308,0.002306,0.002468,0.548,114,144.0,24.0,382.0,1.5,10.8,0.1539,0.020322,higher feature -> higher survival_target
necrosis_E_original_firstorder_TotalEnergy_mean,necrosis,E,firstorder,TotalEnergy,mean,0.002384,0.001359,0.0023,0.002468,0.57,115,150.0,27.0,421.0,1.3,13.1,0.1503,0.023475,higher feature -> higher survival_target
tumor_H_original_firstorder_10Percentile_mean,tumor,H,firstorder,10Percentile,mean,0.002379,0.00149,0.002286,0.002471,0.626,116,148.0,21.0,372.0,2.3,10.6,0.1116,0.09351,higher feature -> higher survival_target
vessels_H_original_firstorder_MeanAbsoluteDeviation_mean,vessels,H,firstorder,MeanAbsoluteDeviation,mean,0.002373,0.001402,0.002286,0.00246,0.591,117,149.5,22.0,422.0,2.0,11.9,0.2881,1e-05,higher feature -> higher survival_target
tumor_E_original_firstorder_Mean_mean,tumor,E,firstorder,Mean,mean,0.002371,0.001495,0.002279,0.002464,0.63,118,151.0,20.0,437.0,2.6,12.8,0.1531,0.020989,higher feature -> higher survival_target
necrosis_E_original_firstorder_InterquartileRange_std,necrosis,E,firstorder,InterquartileRange,std,0.002363,0.001121,0.002293,0.002432,0.474,119,136.0,30.0,355.0,0.8,10.4,-0.0731,0.272617,higher feature -> lower survival_target
vessels_H_original_firstorder_InterquartileRange_mean,vessels,H,firstorder,InterquartileRange,mean,0.002357,0.001352,0.002273,0.002441,0.574,120,145.0,24.0,424.0,1.6,11.6,0.2938,7e-06,higher feature -> higher survival_target
necrosis_H_original_firstorder_TotalEnergy_std,necrosis,H,firstorder,TotalEnergy,std,0.002351,0.000887,0.002296,0.002406,0.377,121,127.0,40.0,304.0,0.5,5.9,0.1459,0.028005,higher feature -> higher survival_target
necrosis_E_original_firstorder_RobustMeanAbsoluteDeviation_mean,necrosis,E,firstorder,RobustMeanAbsoluteDeviation,mean,0.002348,0.001299,0.002267,0.002428,0.553,122,148.0,26.0,388.1,1.5,10.1,0.1499,0.023887,higher feature -> higher survival_target
necrosis_E_original_firstorder_Variance_mean,necrosis,E,firstorder,Variance,mean,0.002347,0.001146,0.002276,0.002418,0.488,123,140.5,32.0,376.0,0.9,8.5,0.1422,0.032227,higher feature -> higher survival_target
tumor_E_original_firstorder_90Percentile_mean,tumor,E,firstorder,90Percentile,mean,0.002346,0.001444,0.002257,0.002436,0.615,124,157.0,21.0,416.0,2.3,11.5,0.1643,0.013186,higher feature -> higher survival_target
necrosis_H_original_firstorder_Energy_std,necrosis,H,firstorder,Energy,std,0.002346,0.000896,0.002291,0.002402,0.382,125,127.0,40.0,309.0,0.4,6.0,0.1459,0.028005,higher feature -> higher survival_target
vessels_H_original_firstorder_Variance_mean,vessels,H,firstorder,Variance,mean,0.002338,0.001486,0.002246,0.00243,0.636,126,163.0,19.0,406.0,3.1,12.1,0.2771,2.3e-05,higher feature -> higher survival_target
lamina_H_original_firstorder_InterquartileRange_mean,lamina,H,firstorder,InterquartileRange,mean,0.002335,0.001182,0.002261,0.002408,0.506,127,141.0,26.0,367.0,1.1,9.4,0.2638,5.7e-05,higher feature -> higher survival_target
urothelium_E_original_firstorder_Median_std,urothelium,E,firstorder,Median,std,0.002332,0.00142,0.002244,0.00242,0.609,128,154.0,23.0,395.1,1.9,11.5,-0.17,0.0103,higher feature -> lower survival_target
necrosis_E_original_firstorder_10Percentile_mean,necrosis,E,firstorder,10Percentile,mean,0.002332,0.001317,0.00225,0.002413,0.565,129,148.5,26.0,395.0,1.6,11.3,0.1383,0.03738,higher feature -> higher survival_target
necrosis_E_original_firstorder_MeanAbsoluteDeviation_mean,necrosis,E,firstorder,MeanAbsoluteDeviation,mean,0.002318,0.001172,0.002245,0.00239,0.506,130,148.5,30.0,383.0,0.6,8.4,0.1486,0.025206,higher feature -> higher survival_target
necrosis_E_original_firstorder_RobustMeanAbsoluteDeviation_std,necrosis,E,firstorder,RobustMeanAbsoluteDeviation,std,0.002315,0.00111,0.002246,0.002384,0.479,131,141.0,31.0,358.1,0.9,8.5,-0.0898,0.177785,higher feature -> lower survival_target
muscularis_H_original_firstorder_10Percentile_mean,muscularis,H,firstorder,10Percentile,mean,0.002302,0.00129,0.002222,0.002381,0.56,132,156.0,27.0,375.0,1.3,9.9,0.219,0.000893,higher feature -> higher survival_target
necrosis_H_original_firstorder_InterquartileRange_std,necrosis,H,firstorder,InterquartileRange,std,0.002285,0.000778,0.002237,0.002333,0.34,133,129.0,44.0,300.1,0.4,3.7,-0.0208,0.755372,higher feature -> lower survival_target
lamina_E_original_firstorder_MeanAbsoluteDeviation_std,lamina,E,firstorder,MeanAbsoluteDeviation,std,0.002269,0.001349,0.002185,0.002353,0.594,134,153.0,28.0,413.0,1.6,9.1,-0.2148,0.00113,higher feature -> lower survival_target
adipose_H_original_firstorder_10Percentile_mean,adipose,H,firstorder,10Percentile,mean,0.002241,0.001148,0.00217,0.002313,0.512,135,152.0,30.0,391.0,0.7,8.9,0.2685,4.2e-05,higher feature -> higher survival_target
tumor_E_original_firstorder_RobustMeanAbsoluteDeviation_mean,tumor,E,firstorder,RobustMeanAbsoluteDeviation,mean,0.002238,0.001443,0.002149,0.002328,0.645,136,172.0,22.0,428.0,2.2,11.3,0.1551,0.019368,higher feature -> higher survival_target
tumor_H_original_firstorder_10Percentile_std,tumor,H,firstorder,10Percentile,std,0.002231,0.001495,0.002138,0.002323,0.67,137,175.0,21.0,408.0,2.5,10.6,0.1427,0.03168,higher feature -> higher survival_target
lamina_H_original_firstorder_RobustMeanAbsoluteDeviation_mean,lamina,H,firstorder,RobustMeanAbsoluteDeviation,mean,0.002215,0.001202,0.002141,0.00229,0.543,138,157.0,31.0,386.0,1.3,8.8,0.2684,4.2e-05,higher feature -> higher survival_target
tumor_E_original_firstorder_MeanAbsoluteDeviation_std,tumor,E,firstorder,MeanAbsoluteDeviation,std,0.002206,0.000817,0.002155,0.002256,0.371,139,142.0,39.0,337.0,0.2,4.9,-0.015,0.822189,higher feature -> lower survival_target
necrosis_E_original_firstorder_Variance_std,necrosis,E,firstorder,Variance,std,0.002202,0.001012,0.002139,0.002264,0.46,140,154.0,32.0,362.0,0.6,7.9,-0.0049,0.940925,higher feature -> lower survival_target
tumor_E_original_firstorder_InterquartileRange_mean,tumor,E,firstorder,InterquartileRange,mean,0.002198,0.001399,0.002111,0.002285,0.637,141,179.0,23.0,438.0,2.1,10.7,0.1559,0.018782,higher feature -> higher survival_target
necrosis_H_original_firstorder_Median_std,necrosis,H,firstorder,Median,std,0.002196,0.000819,0.002145,0.002247,0.373,142,137.5,46.0,317.0,0.0,3.7,0.1492,0.024522,higher feature -> higher survival_target
immune_H_original_firstorder_MeanAbsoluteDeviation_mean,immune,H,firstorder,MeanAbsoluteDeviation,mean,0.002194,0.001423,0.002105,0.002282,0.649,143,176.0,25.0,416.0,1.3,9.7,0.2821,1.6e-05,higher feature -> higher survival_target
lamina_E_original_firstorder_10Percentile_mean,lamina,E,firstorder,10Percentile,mean,0.00218,0.001097,0.002112,0.002248,0.503,144,159.0,33.0,402.0,0.7,7.7,0.1209,0.06911,higher feature -> higher survival_target
tumor_E_original_firstorder_Variance_mean,tumor,E,firstorder,Variance,mean,0.002158,0.001385,0.002072,0.002244,0.642,145,189.0,24.0,429.0,1.8,9.4,0.1614,0.014915,higher feature -> higher survival_target
necrosis_E_original_firstorder_Entropy_std,necrosis,E,firstorder,Entropy,std,0.002153,0.000795,0.002104,0.002202,0.369,146,145.0,46.0,365.0,0.0,4.2,-0.0743,0.264927,higher feature -> lower survival_target
tumor_E_original_firstorder_MeanAbsoluteDeviation_mean,tumor,E,firstorder,MeanAbsoluteDeviation,mean,0.002151,0.001273,0.002072,0.00223,0.592,147,174.0,26.0,421.0,1.3,7.9,0.164,0.013334,higher feature -> higher survival_target
adipose_H_original_firstorder_Median_std,adipose,H,firstorder,Median,std,0.002125,0.001416,0.002038,0.002213,0.666,148,188.0,23.0,424.1,2.2,8.6,0.2822,1.6e-05,higher feature -> higher survival_target
vessels_H_original_firstorder_Skewness_mean,vessels,H,firstorder,Skewness,mean,0.002121,0.001294,0.002041,0.002202,0.61,149,171.0,29.0,453.0,1.3,10.2,-0.2921,8e-06,higher feature -> lower survival_target
tumor_H_original_firstorder_RobustMeanAbsoluteDeviation_std,tumor,H,firstorder,RobustMeanAbsoluteDeviation,std,0.002121,0.000924,0.002064,0.002178,0.436,150,155.0,39.0,375.0,0.1,5.1,-0.0585,0.38022,higher feature -> lower survival_target
vessels_H_original_firstorder_RobustMeanAbsoluteDeviation_mean,vessels,H,firstorder,RobustMeanAbsoluteDeviation,mean,0.00211,0.001213,0.002035,0.002185,0.575,151,180.0,28.0,426.1,1.0,8.6,0.2931,7e-06,higher feature -> higher survival_target
lamina_H_original_firstorder_TotalEnergy_mean,lamina,H,firstorder,TotalEnergy,mean,0.002102,0.001171,0.00203,0.002175,0.557,152,172.0,33.0,419.0,0.8,7.6,0.2711,3.5e-05,higher feature -> higher survival_target
lamina_H_original_firstorder_Energy_mean,lamina,H,firstorder,Energy,mean,0.002095,0.001165,0.002023,0.002167,0.556,153,175.0,33.0,416.0,0.3,7.2,0.2711,3.5e-05,higher feature -> higher survival_target
vessels_H_original_firstorder_RootMeanSquared_mean,vessels,H,firstorder,RootMeanSquared,mean,0.002076,0.001266,0.001997,0.002154,0.61,154,180.0,31.0,420.0,1.3,7.6,0.2712,3.4e-05,higher feature -> higher survival_target
adipose_H_original_firstorder_InterquartileRange_std,adipose,H,firstorder,InterquartileRange,std,0.002069,0.001407,0.001982,0.002156,0.68,155,193.5,24.0,427.0,1.6,7.9,0.2527,0.000119,higher feature -> higher survival_target
tumor_E_original_firstorder_RobustMeanAbsoluteDeviation_std,tumor,E,firstorder,RobustMeanAbsoluteDeviation,std,0.002061,0.000721,0.002016,0.002106,0.35,156,153.0,49.0,352.0,0.0,3.1,-0.0051,0.938638,higher feature -> lower survival_target
lamina_E_original_firstorder_Variance_std,lamina,E,firstorder,Variance,std,0.002059,0.001165,0.001987,0.002131,0.566,157,182.0,29.0,424.0,1.2,7.4,-0.1787,0.006951,higher feature -> lower survival_target
tumor_E_original_firstorder_Entropy_mean,tumor,E,firstorder,Entropy,mean,0.002054,0.001144,0.001983,0.002125,0.557,158,184.0,34.0,428.1,1.0,6.5,0.1748,0.008287,higher feature -> higher survival_target
immune_H_original_firstorder_Mean_std,immune,H,firstorder,Mean,std,0.002048,0.000819,0.001998,0.002099,0.4,159,161.5,44.0,363.0,0.0,3.5,0.1494,0.024347,higher feature -> higher survival_target
tumor_H_original_firstorder_InterquartileRange_std,tumor,H,firstorder,InterquartileRange,std,0.002035,0.000878,0.001981,0.002089,0.431,160,165.0,43.0,380.0,0.3,4.3,-0.052,0.435512,higher feature -> lower survival_target
adipose_H_original_firstorder_Mean_std,adipose,H,firstorder,Mean,std,0.002031,0.001289,0.001951,0.002111,0.634,161,194.5,26.0,420.0,1.3,8.2,0.2758,2.5e-05,higher feature -> higher survival_target
lamina_H_original_firstorder_90Percentile_mean,lamina,H,firstorder,90Percentile,mean,0.00202,0.001067,0.001954,0.002086,0.528,162,183.5,35.0,422.0,0.4,5.8,0.2828,1.5e-05,higher feature -> higher survival_target
urothelium_E_original_firstorder_InterquartileRange_std,urothelium,E,firstorder,InterquartileRange,std,0.002005,0.001011,0.001942,0.002067,0.504,163,183.5,34.0,401.0,0.6,5.3,-0.0921,0.166719,higher feature -> lower survival_target
lamina_H_original_firstorder_Variance_std,lamina,H,firstorder,Variance,std,0.002004,0.000695,0.001961,0.002048,0.347,164,162.0,51.0,356.0,0.0,2.2,0.0261,0.695457,higher feature -> higher survival_target
urothelium_E_original_firstorder_TotalEnergy_std,urothelium,E,firstorder,TotalEnergy,std,0.001999,0.001287,0.001919,0.002078,0.644,165,204.0,27.0,435.0,1.4,8.1,-0.1706,0.010044,higher feature -> lower survival_target
lamina_H_original_firstorder_RootMeanSquared_std,lamina,H,firstorder,RootMeanSquared,std,0.001998,0.000833,0.001947,0.00205,0.417,166,173.0,44.0,388.0,0.0,3.9,-0.0526,0.430649,higher feature -> lower survival_target
lamina_H_original_firstorder_10Percentile_std,lamina,H,firstorder,10Percentile,std,0.001997,0.001184,0.001924,0.00207,0.593,167,199.0,28.0,422.0,0.7,7.0,0.1773,0.007398,higher feature -> higher survival_target
urothelium_E_original_firstorder_Energy_std,urothelium,E,firstorder,Energy,std,0.001991,0.001286,0.001911,0.002071,0.646,168,203.5,27.0,435.0,1.7,7.4,-0.1706,0.010044,higher feature -> lower survival_target
urothelium_H_original_firstorder_10Percentile_mean,urothelium,H,firstorder,10Percentile,mean,0.001957,0.000771,0.001909,0.002005,0.394,169,174.0,49.0,370.0,0.1,2.6,-0.0203,0.7611,higher feature -> lower survival_target
tumor_E_original_firstorder_InterquartileRange_std,tumor,E,firstorder,InterquartileRange,std,0.001948,0.000696,0.001905,0.001991,0.357,170,171.0,54.0,384.0,0.0,1.5,-0.0037,0.955979,higher feature -> lower survival_target
immune_H_original_firstorder_Variance_std,immune,H,firstorder,Variance,std,0.001939,0.000783,0.00189,0.001987,0.404,171,175.5,50.0,382.1,0.1,2.6,0.108,0.104509,higher feature -> higher survival_target
necrosis_H_original_firstorder_Variance_std,necrosis,H,firstorder,Variance,std,0.001936,0.000639,0.001896,0.001976,0.33,172,169.0,60.0,347.0,0.0,1.7,0.0428,0.521547,higher feature -> higher survival_target
lamina_H_original_firstorder_Kurtosis_mean,lamina,H,firstorder,Kurtosis,mean,0.001927,0.001066,0.001861,0.001993,0.553,173,201.0,33.0,428.0,0.5,6.6,-0.2591,7.8e-05,higher feature -> lower survival_target
tumor_E_original_firstorder_Uniformity_mean,tumor,E,firstorder,Uniformity,mean,0.001918,0.001088,0.001851,0.001986,0.567,174,204.0,37.9,439.0,0.7,4.4,-0.1797,0.006625,higher feature -> lower survival_target
lamina_H_original_firstorder_10Percentile_mean,lamina,H,firstorder,10Percentile,mean,0.001916,0.001001,0.001854,0.001978,0.522,175,196.0,37.0,413.0,0.7,4.7,0.18,0.006537,higher feature -> higher survival_target
urothelium_E_original_firstorder_Variance_std,urothelium,E,firstorder,Variance,std,0.001904,0.000739,0.001858,0.001949,0.388,176,185.0,50.0,366.0,0.2,2.7,-0.0791,0.235203,higher feature -> lower survival_target
vessels_H_original_firstorder_90Percentile_mean,vessels,H,firstorder,90Percentile,mean,0.001903,0.001081,0.001836,0.00197,0.568,177,206.5,34.0,443.0,0.4,5.4,0.2873,1.1e-05,higher feature -> higher survival_target
lamina_H_original_firstorder_MeanAbsoluteDeviation_mean,lamina,H,firstorder,MeanAbsoluteDeviation,mean,0.00189,0.001119,0.00182,0.001959,0.592,178,210.0,36.0,422.0,1.0,5.1,0.2594,7.7e-05,higher feature -> higher survival_target
tumor_H_original_firstorder_Variance_std,tumor,H,firstorder,Variance,std,0.001889,0.000661,0.001848,0.00193,0.35,179,180.0,53.0,360.1,0.0,1.8,0.0276,0.6795,higher feature -> higher survival_target
tumor_H_original_firstorder_Skewness_mean,tumor,H,firstorder,Skewness,mean,0.001886,0.000759,0.001839,0.001933,0.402,180,184.0,54.0,391.0,0.2,2.4,-0.0792,0.234704,higher feature -> lower survival_target
urothelium_H_original_firstorder_RobustMeanAbsoluteDeviation_std,urothelium,H,firstorder,RobustMeanAbsoluteDeviation,std,0.001883,0.00071,0.001839,0.001927,0.377,181,183.0,58.0,398.0,0.0,1.7,-0.0446,0.504114,higher feature -> lower survival_target
necrosis_E_original_firstorder_Skewness_mean,necrosis,E,firstorder,Skewness,mean,0.001873,0.000898,0.001818,0.001929,0.48,182,199.0,45.0,427.0,0.0,3.2,-0.137,0.039163,higher feature -> lower survival_target
necrosis_H_original_firstorder_InterquartileRange_mean,necrosis,H,firstorder,InterquartileRange,mean,0.001867,0.000737,0.001821,0.001912,0.395,183,184.0,51.0,379.0,0.1,2.5,0.1648,0.012912,higher feature -> higher survival_target
urothelium_H_original_firstorder_Variance_std,urothelium,H,firstorder,Variance,std,0.00185,0.000739,0.001804,0.001896,0.4,184,185.5,55.0,414.0,0.2,1.6,-0.0304,0.648281,higher feature -> lower survival_target
tumor_H_original_firstorder_Variance_mean,tumor,H,firstorder,Variance,mean,0.001841,0.00112,0.001771,0.00191,0.608,185,213.0,32.0,415.0,1.4,4.8,0.2001,0.002454,higher feature -> higher survival_target
vessels_E_original_firstorder_Skewness_std,vessels,E,firstorder,Skewness,std,0.00184,0.000954,0.001781,0.001899,0.519,186,210.5,44.0,417.0,0.6,3.6,-0.1306,0.049308,higher feature -> lower survival_target
necrosis_H_original_firstorder_Skewness_mean,necrosis,H,firstorder,Skewness,mean,0.001829,0.00079,0.00178,0.001878,0.432,187,197.0,52.0,397.0,0.5,2.4,-0.0781,0.241451,higher feature -> lower survival_target
vessels_H_original_firstorder_Mean_mean,vessels,H,firstorder,Mean,mean,0.001827,0.001018,0.001764,0.00189,0.557,188,217.0,37.0,447.0,0.3,4.4,0.2672,4.6e-05,higher feature -> higher survival_target
vessels_E_original_firstorder_Entropy_std,vessels,E,firstorder,Entropy,std,0.00182,0.000868,0.001766,0.001874,0.477,189,202.0,48.0,402.0,0.5,3.0,-0.1217,0.067212,higher feature -> lower survival_target
adipose_E_original_firstorder_Median_mean,adipose,E,firstorder,Median,mean,0.001814,0.000933,0.001756,0.001872,0.514,190,217.5,37.0,426.0,0.2,4.8,0.1075,0.106258,higher feature -> higher survival_target
lamina_E_original_firstorder_10Percentile_std,lamina,E,firstorder,10Percentile,std,0.001812,0.000846,0.00176,0.001865,0.467,191,206.0,45.0,428.0,0.2,3.8,0.0057,0.931707,higher feature -> higher survival_target
lamina_H_original_firstorder_Mean_std,lamina,H,firstorder,Mean,std,0.001811,0.000691,0.001769,0.001854,0.381,192,198.0,55.0,395.0,0.0,1.7,0.0219,0.742684,higher feature -> higher survival_target
adipose_H_original_firstorder_90Percentile_std,adipose,H,firstorder,90Percentile,std,0.001804,0.000935,0.001746,0.001861,0.518,193,214.0,45.0,426.0,0.7,3.6,0.192,0.003689,higher feature -> higher survival_target
lamina_E_original_firstorder_Entropy_std,lamina,E,firstorder,Entropy,std,0.00179,0.000906,0.001734,0.001846,0.506,194,216.0,46.0,423.0,0.3,3.2,-0.1378,0.038083,higher feature -> lower survival_target
adipose_H_original_firstorder_RobustMeanAbsoluteDeviation_std,adipose,H,firstorder,RobustMeanAbsoluteDeviation,std,0.001781,0.00116,0.001709,0.001853,0.651,195,228.0,37.0,434.0,1.0,4.4,0.2345,0.000366,higher feature -> higher survival_target
urothelium_H_original_firstorder_InterquartileRange_std,urothelium,H,firstorder,InterquartileRange,std,0.00178,0.000659,0.001739,0.001821,0.37,196,196.0,67.0,402.0,0.0,1.1,-0.0343,0.606728,higher feature -> lower survival_target
tumor_E_original_firstorder_Variance_std,tumor,E,firstorder,Variance,std,0.001779,0.000825,0.001728,0.00183,0.464,197,209.0,48.0,408.0,0.4,2.7,0.1074,0.106441,higher feature -> higher survival_target
tumor_H_original_firstorder_90Percentile_std,tumor,H,firstorder,90Percentile,std,0.001774,0.000592,0.001738,0.001811,0.334,198,194.0,67.0,381.0,0.0,1.0,-0.01,0.880316,higher feature -> lower survival_target
necrosis_E_original_firstorder_90Percentile_std,necrosis,E,firstorder,90Percentile,std,0.001774,0.000656,0.001734,0.001815,0.37,199,199.0,60.0,389.0,0.0,1.4,-0.0589,0.377302,higher feature -> lower survival_target
vessels_E_original_firstorder_MeanAbsoluteDeviation_std,vessels,E,firstorder,MeanAbsoluteDeviation,std,0.001763,0.000906,0.001707,0.00182,0.514,200,220.5,50.0,421.0,0.5,2.8,-0.1456,0.028332,higher feature -> lower survival_target
tumor_E_original_firstorder_Energy_std,tumor,E,firstorder,Energy,std,0.00176,0.000884,0.001705,0.001815,0.502,201,220.5,46.0,443.0,0.3,3.4,0.083,0.212641,higher feature -> higher survival_target
tumor_E_original_firstorder_TotalEnergy_std,tumor,E,firstorder,TotalEnergy,std,0.001757,0.000881,0.001702,0.001811,0.502,202,221.0,49.0,438.0,0.3,3.2,0.083,0.212641,higher feature -> higher survival_target
lamina_H_original_firstorder_Variance_mean,lamina,H,firstorder,Variance,mean,0.001752,0.001122,0.001683,0.001822,0.64,203,237.0,35.0,437.0,1.3,4.4,0.2425,0.000225,higher feature -> higher survival_target
immune_E_original_firstorder_Kurtosis_std,immune,E,firstorder,Kurtosis,std,0.001752,0.000945,0.001694,0.001811,0.539,204,222.0,46.0,430.0,0.5,3.5,-0.0198,0.766933,higher feature -> lower survival_target
tumor_E_original_firstorder_10Percentile_mean,tumor,E,firstorder,10Percentile,mean,0.001732,0.000823,0.001681,0.001783,0.475,205,223.0,50.0,429.0,0.2,2.6,0.1189,0.073758,higher feature -> higher survival_target
muscularis_E_original_firstorder_RobustMeanAbsoluteDeviation_mean,muscularis,E,firstorder,RobustMeanAbsoluteDeviation,mean,0.00173,0.000739,0.001684,0.001775,0.427,206,211.0,53.9,409.1,0.2,2.4,-0.0957,0.150845,higher feature -> lower survival_target
tumor_E_original_firstorder_Mean_std,tumor,E,firstorder,Mean,std,0.001729,0.000713,0.001685,0.001773,0.412,207,215.5,59.0,412.1,0.0,1.8,0.0406,0.542555,higher feature -> higher survival_target
urothelium_H_original_firstorder_Median_mean,urothelium,H,firstorder,Median,mean,0.001713,0.000647,0.001673,0.001753,0.378,208,210.0,69.0,395.0,0.1,1.2,0.057,0.392808,higher feature -> higher survival_target
muscularis_H_original_firstorder_10Percentile_std,muscularis,H,firstorder,10Percentile,std,0.001696,0.000942,0.001638,0.001754,0.555,209,245.5,42.0,423.0,0.3,3.4,0.2221,0.00075,higher feature -> higher survival_target
immune_H_original_firstorder_90Percentile_std,immune,H,firstorder,90Percentile,std,0.001694,0.000558,0.00166,0.001729,0.329,210,210.5,77.0,380.0,0.0,0.4,0.0391,0.557455,higher feature -> higher survival_target
tumor_H_original_firstorder_RootMeanSquared_mean,tumor,H,firstorder,RootMeanSquared,mean,0.001684,0.000917,0.001627,0.00174,0.544,211,248.0,45.0,438.0,0.2,3.6,0.2202,0.000838,higher feature -> higher survival_target
necrosis_E_original_firstorder_Mean_std,necrosis,E,firstorder,Mean,std,0.001681,0.000715,0.001637,0.001726,0.425,212,226.0,59.9,422.0,0.1,1.8,0.0519,0.436591,higher feature -> higher survival_target
immune_H_original_firstorder_RobustMeanAbsoluteDeviation_std,immune,H,firstorder,RobustMeanAbsoluteDeviation,std,0.00168,0.000639,0.001641,0.00172,0.381,213,218.0,69.0,406.0,0.0,1.1,0.0862,0.195417,higher feature -> higher survival_target
tumor_E_original_firstorder_Median_std,tumor,E,firstorder,Median,std,0.001671,0.000676,0.001629,0.001713,0.405,214,223.5,66.0,412.0,0.1,1.1,0.0415,0.533908,higher feature -> higher survival_target
urothelium_H_original_firstorder_Skewness_std,urothelium,H,firstorder,Skewness,std,0.001669,0.001123,0.0016,0.001739,0.673,215,252.0,45.0,421.0,1.1,3.1,-0.1787,0.006937,higher feature -> lower survival_target
lamina_H_original_firstorder_TotalEnergy_std,lamina,H,firstorder,TotalEnergy,std,0.001669,0.0006,0.001632,0.001706,0.36,216,215.0,69.0,420.1,0.1,0.9,0.1181,0.075747,higher feature -> higher survival_target
lamina_H_original_firstorder_Energy_std,lamina,H,firstorder,Energy,std,0.001665,0.0006,0.001628,0.001702,0.361,217,212.0,73.0,410.0,0.1,1.1,0.1181,0.075747,higher feature -> higher survival_target
vessels_E_original_firstorder_RobustMeanAbsoluteDeviation_std,vessels,E,firstorder,RobustMeanAbsoluteDeviation,std,0.001664,0.000829,0.001612,0.001715,0.498,218,236.0,49.0,436.0,0.2,2.6,-0.137,0.039212,higher feature -> lower survival_target
vessels_E_original_firstorder_90Percentile_std,vessels,E,firstorder,90Percentile,std,0.001663,0.000758,0.001616,0.00171,0.456,219,232.0,52.0,429.0,0.2,2.5,-0.1215,0.067568,higher feature -> lower survival_target
adipose_E_original_firstorder_MeanAbsoluteDeviation_std,adipose,E,firstorder,MeanAbsoluteDeviation,std,0.001662,0.000802,0.001612,0.001712,0.483,220,240.0,53.0,439.0,0.4,2.1,-0.1509,0.022993,higher feature -> lower survival_target
muscularis_E_original_firstorder_Mean_std,muscularis,E,firstorder,Mean,std,0.001659,0.0008,0.00161,0.001709,0.482,221,234.0,55.0,411.0,0.3,2.2,-0.1441,0.02996,higher feature -> lower survival_target
necrosis_H_original_firstorder_10Percentile_mean,necrosis,H,firstorder,10Percentile,mean,0.001658,0.00061,0.00162,0.001696,0.368,222,218.0,66.0,402.0,0.2,0.8,0.0509,0.445486,higher feature -> higher survival_target
necrosis_E_original_firstorder_Kurtosis_mean,necrosis,E,firstorder,Kurtosis,mean,0.001657,0.0006,0.00162,0.001695,0.362,223,218.0,74.0,402.1,0.1,0.8,-0.1396,0.035531,higher feature -> lower survival_target
vessels_E_original_firstorder_InterquartileRange_std,vessels,E,firstorder,InterquartileRange,std,0.001639,0.000732,0.001593,0.001684,0.447,224,234.0,61.0,434.0,0.1,1.9,-0.1213,0.06805,higher feature -> lower survival_target
tumor_H_original_firstorder_Energy_mean,tumor,H,firstorder,Energy,mean,0.001634,0.000886,0.001579,0.001689,0.542,225,259.0,47.0,437.0,0.3,3.3,0.2064,0.001771,higher feature -> higher survival_target
necrosis_H_original_firstorder_Kurtosis_mean,necrosis,H,firstorder,Kurtosis,mean,0.001634,0.000713,0.00159,0.001678,0.436,226,237.0,60.0,422.0,0.2,1.5,-0.1092,0.100724,higher feature -> lower survival_target
necrosis_H_original_firstorder_RobustMeanAbsoluteDeviation_mean,necrosis,H,firstorder,RobustMeanAbsoluteDeviation,mean,0.001632,0.000624,0.001594,0.001671,0.382,227,224.0,71.0,415.1,0.0,0.9,0.1501,0.023705,higher feature -> higher survival_target
tumor_H_original_firstorder_TotalEnergy_mean,tumor,H,firstorder,TotalEnergy,mean,0.001632,0.000874,0.001577,0.001686,0.535,228,256.0,48.0,435.0,0.2,2.8,0.2064,0.001771,higher feature -> higher survival_target
urothelium_H_original_firstorder_TotalEnergy_mean,urothelium,H,firstorder,TotalEnergy,mean,0.001631,0.000596,0.001594,0.001668,0.366,229,223.5,71.0,426.0,0.0,0.5,0.0294,0.659613,higher feature -> higher survival_target
tumor_H_original_firstorder_Median_mean,tumor,H,firstorder,Median,mean,0.001631,0.000796,0.001581,0.00168,0.488,230,242.5,52.0,432.0,0.2,2.5,0.1984,0.00268,higher feature -> higher survival_target
urothelium_H_original_firstorder_Energy_mean,urothelium,H,firstorder,Energy,mean,0.00163,0.000591,0.001594,0.001667,0.363,231,222.0,70.0,433.0,0.0,0.3,0.0294,0.659613,higher feature -> higher survival_target
immune_H_original_firstorder_RootMeanSquared_std,immune,H,firstorder,RootMeanSquared,std,0.00163,0.000564,0.001595,0.001664,0.346,232,219.0,77.0,416.0,0.0,0.4,0.0582,0.382868,higher feature -> higher survival_target
muscularis_E_original_firstorder_InterquartileRange_mean,muscularis,E,firstorder,InterquartileRange,mean,0.001627,0.00068,0.001585,0.001669,0.418,233,229.0,67.0,423.0,0.2,1.6,-0.085,0.201957,higher feature -> lower survival_target
tumor_E_original_firstorder_10Percentile_std,tumor,E,firstorder,10Percentile,std,0.001626,0.000779,0.001578,0.001675,0.479,234,241.0,56.0,438.0,0.1,2.1,0.0916,0.168802,higher feature -> higher survival_target
necrosis_H_original_firstorder_Median_mean,necrosis,H,firstorder,Median,mean,0.001626,0.000555,0.001592,0.00166,0.341,235,225.0,76.0,406.0,0.0,0.9,0.1659,0.012317,higher feature -> higher survival_target
adipose_H_original_firstorder_RootMeanSquared_std,adipose,H,firstorder,RootMeanSquared,std,0.001625,0.000751,0.001578,0.001672,0.462,236,237.0,51.0,429.1,0.1,2.5,0.2169,0.001007,higher feature -> higher survival_target
tumor_H_original_firstorder_InterquartileRange_mean,tumor,H,firstorder,InterquartileRange,mean,0.001623,0.000613,0.001585,0.001661,0.378,237,229.0,72.9,405.0,0.2,0.9,0.1353,0.04173,higher feature -> higher survival_target
urothelium_E_original_firstorder_Range_mean,urothelium,E,firstorder,Range,mean,0.001612,0.001118,0.001543,0.001681,0.693,238,273.0,36.0,463.0,0.6,4.4,0.1688,0.010843,higher feature -> higher survival_target
urothelium_E_original_firstorder_Maximum_mean,urothelium,E,firstorder,Maximum,mean,0.001606,0.001114,0.001537,0.001675,0.694,239,284.5,39.0,463.0,0.8,5.2,0.1688,0.010843,higher feature -> higher survival_target
urothelium_E_original_firstorder_Maximum_std,urothelium,E,firstorder,Maximum,std,0.001598,0.001105,0.001529,0.001666,0.691,240,281.0,40.0,464.0,0.7,4.8,-0.1688,0.010843,higher feature -> lower survival_target
urothelium_E_original_firstorder_Range_std,urothelium,E,firstorder,Range,std,0.001596,0.001096,0.001528,0.001664,0.687,241,284.5,40.0,464.0,0.6,4.2,-0.1688,0.010843,higher feature -> lower survival_target
vessels_E_original_firstorder_Variance_std,vessels,E,firstorder,Variance,std,0.001593,0.000655,0.001552,0.001633,0.411,242,239.0,77.0,437.0,0.1,0.7,-0.096,0.149482,higher feature -> lower survival_target
adipose_H_original_firstorder_Variance_std,adipose,H,firstorder,Variance,std,0.001591,0.000718,0.001546,0.001635,0.451,243,245.0,55.0,432.1,0.2,2.2,0.1916,0.003763,higher feature -> higher survival_target
necrosis_E_original_firstorder_Median_std,necrosis,E,firstorder,Median,std,0.001585,0.000655,0.001545,0.001626,0.413,244,246.0,69.0,421.0,0.1,1.3,0.0408,0.540465,higher feature -> higher survival_target
lamina_H_original_firstorder_Median_std,lamina,H,firstorder,Median,std,0.001584,0.000681,0.001542,0.001626,0.43,245,236.0,64.0,429.0,0.1,1.0,0.1124,0.091081,higher feature -> higher survival_target
necrosis_H_original_firstorder_10Percentile_std,necrosis,H,firstorder,10Percentile,std,0.001581,0.00058,0.001545,0.001617,0.367,246,235.5,68.0,413.0,0.0,1.1,0.1048,0.115326,higher feature -> higher survival_target
tumor_H_original_firstorder_Uniformity_mean,tumor,H,firstorder,Uniformity,mean,0.001577,0.000848,0.001524,0.001629,0.538,247,269.5,50.0,438.0,0.1,2.7,-0.2125,0.001282,higher feature -> lower survival_target
necrosis_E_original_firstorder_RootMeanSquared_std,necrosis,E,firstorder,RootMeanSquared,std,0.001567,0.000625,0.001528,0.001606,0.399,248,243.0,69.0,419.0,0.1,1.3,-0.0034,0.959427,higher feature -> lower survival_target
tumor_H_original_firstorder_90Percentile_mean,tumor,H,firstorder,90Percentile,mean,0.001567,0.000908,0.001511,0.001623,0.58,249,272.0,42.0,433.0,0.6,3.2,0.1974,0.002809,higher feature -> higher survival_target
adipose_H_original_firstorder_MeanAbsoluteDeviation_std,adipose,H,firstorder,MeanAbsoluteDeviation,std,0.001565,0.000602,0.001528,0.001602,0.385,250,241.0,72.0,430.0,0.1,0.8,0.149,0.024794,higher feature -> higher survival_target
immune_H_original_firstorder_Variance_mean,immune,H,firstorder,Variance,mean,0.001563,0.000805,0.001513,0.001613,0.515,251,269.0,52.0,440.0,0.1,2.3,0.2473,0.000168,higher feature -> higher survival_target
tumor_H_original_firstorder_Entropy_mean,tumor,H,firstorder,Entropy,mean,0.001562,0.000874,0.001508,0.001616,0.559,252,267.5,53.0,434.0,0.3,2.1,0.2128,0.001255,higher feature -> higher survival_target
immune_H_original_firstorder_Entropy_std,immune,H,firstorder,Entropy,std,0.001556,0.000585,0.001519,0.001592,0.376,253,242.0,75.0,414.0,0.0,1.0,0.0006,0.99258,higher feature -> higher survival_target
muscularis_H_original_firstorder_Median_std,muscularis,H,firstorder,Median,std,0.001546,0.000762,0.001499,0.001594,0.493,254,272.0,55.9,437.0,0.1,2.3,0.2472,0.000168,higher feature -> higher survival_target
tumor_H_original_firstorder_RootMeanSquared_std,tumor,H,firstorder,RootMeanSquared,std,0.001544,0.000532,0.001511,0.001577,0.345,255,241.5,88.0,415.0,0.0,0.5,-0.0121,0.855698,higher feature -> lower survival_target
necrosis_E_original_firstorder_Energy_std,necrosis,E,firstorder,Energy,std,0.001539,0.000689,0.001497,0.001582,0.447,256,258.0,64.0,438.0,0.0,1.3,0.0918,0.168227,higher feature -> higher survival_target
tumor_E_original_firstorder_RootMeanSquared_std,tumor,E,firstorder,RootMeanSquared,std,0.001538,0.000526,0.001505,0.00157,0.342,257,242.0,81.0,425.0,0.0,0.3,0.0076,0.909776,higher feature -> higher survival_target
necrosis_E_original_firstorder_TotalEnergy_std,necrosis,E,firstorder,TotalEnergy,std,0.001536,0.000688,0.001493,0.001578,0.448,258,268.0,63.0,438.0,0.0,1.1,0.0918,0.168227,higher feature -> higher survival_target
adipose_H_original_firstorder_Energy_std,adipose,H,firstorder,Energy,std,0.001535,0.000759,0.001488,0.001582,0.494,259,266.0,56.0,447.0,0.1,2.0,0.2388,0.000282,higher feature -> higher survival_target
adipose_H_original_firstorder_TotalEnergy_std,adipose,H,firstorder,TotalEnergy,std,0.001534,0.000748,0.001488,0.001581,0.487,260,268.5,54.0,445.0,0.1,2.0,0.2388,0.000282,higher feature -> higher survival_target
vessels_H_original_firstorder_Energy_mean,vessels,H,firstorder,Energy,mean,0.001534,0.000877,0.00148,0.001589,0.572,261,274.0,46.0,451.0,0.5,3.1,0.2544,0.000106,higher feature -> higher survival_target
tumor_H_original_firstorder_RobustMeanAbsoluteDeviation_mean,tumor,H,firstorder,RobustMeanAbsoluteDeviation,mean,0.001531,0.000589,0.001494,0.001567,0.385,262,251.0,81.9,425.0,0.2,0.7,0.1417,0.032859,higher feature -> higher survival_target
immune_H_original_firstorder_MeanAbsoluteDeviation_std,immune,H,firstorder,MeanAbsoluteDeviation,std,0.001531,0.000499,0.0015,0.001561,0.326,263,242.0,92.0,420.0,0.0,0.1,0.0028,0.966404,higher feature -> higher survival_target
tumor_H_original_firstorder_MeanAbsoluteDeviation_mean,tumor,H,firstorder,MeanAbsoluteDeviation,mean,0.001528,0.000802,0.001478,0.001577,0.525,264,273.0,53.0,430.0,0.7,2.4,0.1761,0.00784,higher feature -> higher survival_target
necrosis_H_original_firstorder_Entropy_mean,necrosis,H,firstorder,Entropy,mean,0.001526,0.000608,0.001488,0.001564,0.399,265,257.0,71.0,428.0,0.1,0.7,0.1626,0.014188,higher feature -> higher survival_target
vessels_H_original_firstorder_TotalEnergy_mean,vessels,H,firstorder,TotalEnergy,mean,0.001524,0.000844,0.001472,0.001577,0.554,266,280.0,49.0,453.0,0.3,2.9,0.2544,0.000106,higher feature -> higher survival_target
adipose_E_original_firstorder_RobustMeanAbsoluteDeviation_std,adipose,E,firstorder,RobustMeanAbsoluteDeviation,std,0.001524,0.000711,0.00148,0.001568,0.467,267,260.0,59.0,447.0,0.0,1.6,-0.1497,0.024113,higher feature -> lower survival_target
tumor_H_original_firstorder_Entropy_std,tumor,H,firstorder,Entropy,std,0.001522,0.000686,0.001479,0.001564,0.451,268,262.5,71.0,423.0,0.2,1.1,-0.1727,0.009142,higher feature -> lower survival_target
lamina_H_original_firstorder_Skewness_mean,lamina,H,firstorder,Skewness,mean,0.001507,0.000534,0.001474,0.00154,0.355,269,247.0,83.9,431.0,0.0,0.2,-0.2207,0.000814,higher feature -> lower survival_target
vessels_E_original_firstorder_10Percentile_mean,vessels,E,firstorder,10Percentile,mean,0.001507,0.000834,0.001455,0.001558,0.553,270,275.5,53.0,455.0,0.2,2.0,0.0802,0.228617,higher feature -> higher survival_target
muscularis_H_original_firstorder_MeanAbsoluteDeviation_std,muscularis,H,firstorder,MeanAbsoluteDeviation,std,0.001504,0.000663,0.001463,0.001545,0.441,271,261.5,67.0,434.0,0.2,1.2,0.022,0.741509,higher feature -> higher survival_target
immune_H_original_firstorder_10Percentile_std,immune,H,firstorder,10Percentile,std,0.001498,0.0007,0.001455,0.001541,0.468,272,275.0,65.0,437.0,0.2,1.4,0.1889,0.00429,higher feature -> higher survival_target
tumor_E_original_firstorder_Skewness_mean,tumor,E,firstorder,Skewness,mean,0.001489,0.000672,0.001448,0.001531,0.451,273,278.5,72.0,442.0,0.0,0.9,-0.1233,0.063557,higher feature -> lower survival_target
muscularis_E_original_firstorder_Variance_mean,muscularis,E,firstorder,Variance,mean,0.001489,0.000575,0.001453,0.001525,0.387,274,258.0,75.0,436.0,0.0,0.7,-0.0889,0.182194,higher feature -> lower survival_target
immune_E_original_firstorder_10Percentile_mean,immune,E,firstorder,10Percentile,mean,0.001482,0.00064,0.001442,0.001521,0.432,275,270.0,67.0,437.0,0.1,1.4,0.0773,0.245973,higher feature -> higher survival_target
muscularis_E_original_firstorder_10Percentile_std,muscularis,E,firstorder,10Percentile,std,0.00147,0.000518,0.001437,0.001502,0.353,276,258.0,83.0,414.0,0.0,0.2,-0.0472,0.478935,higher feature -> lower survival_target
muscularis_E_original_firstorder_Skewness_std,muscularis,E,firstorder,Skewness,std,0.001469,0.000632,0.00143,0.001508,0.43,277,269.5,72.0,445.1,0.0,1.0,-0.1136,0.087735,higher feature -> lower survival_target
necrosis_H_original_firstorder_Kurtosis_std,necrosis,H,firstorder,Kurtosis,std,0.001461,0.000548,0.001427,0.001495,0.375,278,266.0,75.0,432.0,0.0,0.6,-0.0796,0.23243,higher feature -> lower survival_target
necrosis_H_original_firstorder_Uniformity_mean,necrosis,H,firstorder,Uniformity,mean,0.001461,0.00056,0.001426,0.001495,0.384,279,264.5,87.0,434.0,0.1,0.7,-0.1705,0.010072,higher feature -> lower survival_target
lamina_E_original_firstorder_Kurtosis_std,lamina,E,firstorder,Kurtosis,std,0.001457,0.000672,0.001415,0.001498,0.461,280,279.0,70.0,442.0,0.2,1.3,-0.0195,0.770642,higher feature -> lower survival_target
urothelium_H_original_firstorder_Entropy_mean,urothelium,H,firstorder,Entropy,mean,0.001455,0.000648,0.001415,0.001495,0.445,281,275.5,71.9,437.0,0.0,1.2,0.1702,0.010179,higher feature -> higher survival_target
muscularis_H_original_firstorder_RobustMeanAbsoluteDeviation_std,muscularis,H,firstorder,RobustMeanAbsoluteDeviation,std,0.00145,0.000568,0.001415,0.001485,0.392,282,273.5,76.0,434.0,0.0,0.5,0.0565,0.396843,higher feature -> higher survival_target
immune_H_original_firstorder_10Percentile_mean,immune,H,firstorder,10Percentile,mean,0.001448,0.000691,0.001405,0.00149,0.477,283,277.0,69.0,447.0,0.2,1.1,0.1975,0.002806,higher feature -> higher survival_target
immune_H_original_firstorder_InterquartileRange_std,immune,H,firstorder,InterquartileRange,std,0.001445,0.000564,0.00141,0.00148,0.39,284,271.0,90.0,429.0,0.1,0.6,0.091,0.171679,higher feature -> higher survival_target
tumor_E_original_firstorder_Entropy_std,tumor,E,firstorder,Entropy,std,0.001445,0.000517,0.001413,0.001477,0.358,285,264.0,91.0,435.0,0.0,0.3,-0.0649,0.330435,higher feature -> lower survival_target
tumor_E_original_firstorder_Kurtosis_std,tumor,E,firstorder,Kurtosis,std,0.001442,0.000611,0.001404,0.001479,0.424,286,276.0,79.0,442.0,0.0,1.5,-0.0775,0.244691,higher feature -> lower survival_target
necrosis_H_original_firstorder_90Percentile_mean,necrosis,H,firstorder,90Percentile,mean,0.001437,0.000511,0.001406,0.001469,0.356,287,263.0,86.0,436.0,0.0,0.5,0.1206,0.06973,higher feature -> higher survival_target
urothelium_H_original_firstorder_Kurtosis_mean,urothelium,H,firstorder,Kurtosis,mean,0.001436,0.000689,0.001394,0.001479,0.479,288,284.5,61.0,437.0,0.2,1.4,-0.1878,0.004523,higher feature -> lower survival_target
adipose_E_original_firstorder_Uniformity_mean,adipose,E,firstorder,Uniformity,mean,0.001431,0.000565,0.001396,0.001466,0.395,289,270.0,76.9,440.0,0.0,0.9,-0.0775,0.244879,higher feature -> lower survival_target
urothelium_H_original_firstorder_Mean_mean,urothelium,H,firstorder,Mean,mean,0.001428,0.000472,0.001398,0.001457,0.331,290,265.0,101.0,428.0,0.0,0.4,0.083,0.21305,higher feature -> higher survival_target
immune_E_original_firstorder_Variance_std,immune,E,firstorder,Variance,std,0.001427,0.000502,0.001396,0.001458,0.351,291,267.5,94.0,441.0,0.0,0.3,-0.0625,0.348397,higher feature -> lower survival_target
vessels_H_original_firstorder_Median_mean,vessels,H,firstorder,Median,mean,0.001425,0.000718,0.001381,0.00147,0.504,292,294.0,61.0,456.0,0.1,1.5,0.2515,0.000128,higher feature -> higher survival_target
tumor_E_original_firstorder_Skewness_std,tumor,E,firstorder,Skewness,std,0.001421,0.000588,0.001385,0.001458,0.414,293,280.0,80.0,441.0,0.0,0.5,-0.1203,0.070387,higher feature -> lower survival_target
tumor_E_original_firstorder_90Percentile_std,tumor,E,firstorder,90Percentile,std,0.001419,0.000482,0.001389,0.001448,0.34,294,271.0,93.0,439.0,0.0,0.2,0.0032,0.961369,higher feature -> higher survival_target
urothelium_H_original_firstorder_RootMeanSquared_mean,urothelium,H,firstorder,RootMeanSquared,mean,0.001414,0.00042,0.001388,0.00144,0.297,295,262.0,102.0,434.0,0.0,0.0,0.0943,0.156541,higher feature -> higher survival_target
muscularis_H_original_firstorder_InterquartileRange_std,muscularis,H,firstorder,InterquartileRange,std,0.001413,0.000545,0.001379,0.001447,0.386,296,282.0,87.0,437.0,0.0,0.5,0.0612,0.35862,higher feature -> higher survival_target
tumor_E_original_firstorder_Kurtosis_mean,tumor,E,firstorder,Kurtosis,mean,0.001411,0.00061,0.001373,0.001449,0.432,297,288.0,80.9,448.0,0.0,0.5,-0.145,0.028926,higher feature -> lower survival_target
tumor_H_original_firstorder_Mean_std,tumor,H,firstorder,Mean,std,0.001408,0.000452,0.00138,0.001436,0.321,298,273.0,104.0,433.0,0.0,0.1,0.0382,0.567215,higher feature -> higher survival_target
vessels_E_original_firstorder_RootMeanSquared_std,vessels,E,firstorder,RootMeanSquared,std,0.001407,0.000465,0.001378,0.001436,0.33,299,272.5,95.0,426.0,0.0,0.3,-0.1118,0.092868,higher feature -> lower survival_target
tumor_H_original_firstorder_Kurtosis_mean,tumor,H,firstorder,Kurtosis,mean,0.001403,0.000569,0.001367,0.001438,0.406,300,283.0,104.0,429.0,0.2,0.9,-0.1598,0.015949,higher feature -> lower survival_target
tumor_H_original_firstorder_Mean_mean,tumor,H,firstorder,Mean,mean,0.001401,0.000678,0.001359,0.001444,0.484,301,297.5,67.0,448.0,0.2,1.2,0.199,0.002597,higher feature -> higher survival_target
necrosis_H_original_firstorder_Skewness_std,necrosis,H,firstorder,Skewness,std,0.001394,0.000465,0.001365,0.001423,0.333,302,279.0,98.0,431.0,0.0,0.1,-0.0869,0.192001,higher feature -> lower survival_target
adipose_H_original_firstorder_10Percentile_std,adipose,H,firstorder,10Percentile,std,0.001389,0.000663,0.001348,0.001431,0.477,303,310.0,72.0,450.0,0.0,1.2,0.2199,0.000852,higher feature -> higher survival_target
muscularis_H_original_firstorder_Mean_std,muscularis,H,firstorder,Mean,std,0.001388,0.000498,0.001357,0.001419,0.359,304,282.0,91.0,441.0,0.0,0.4,0.1753,0.008119,higher feature -> higher survival_target
vessels_E_original_firstorder_Median_std,vessels,E,firstorder,Median,std,0.001382,0.000427,0.001356,0.001409,0.309,305,278.0,105.0,427.0,0.0,0.1,-0.0432,0.516893,higher feature -> lower survival_target
urothelium_H_original_firstorder_Uniformity_mean,urothelium,H,firstorder,Uniformity,mean,0.001381,0.000542,0.001347,0.001415,0.392,306,285.0,86.0,440.0,0.0,0.8,-0.176,0.007857,higher feature -> lower survival_target
necrosis_H_original_firstorder_Variance_mean,necrosis,H,firstorder,Variance,mean,0.001381,0.000428,0.001354,0.001407,0.31,307,275.0,107.0,432.0,0.0,0.0,0.1282,0.05368,higher feature -> higher survival_target
vessels_E_original_firstorder_Kurtosis_std,vessels,E,firstorder,Kurtosis,std,0.001378,0.000583,0.001342,0.001414,0.423,308,292.0,89.0,441.0,0.1,0.5,-0.1181,0.075767,higher feature -> lower survival_target
vessels_E_original_firstorder_Kurtosis_mean,vessels,E,firstorder,Kurtosis,mean,0.001361,0.000591,0.001325,0.001398,0.434,309,300.0,78.9,455.0,0.1,0.4,-0.1201,0.070868,higher feature -> lower survival_target
necrosis_H_original_firstorder_Energy_mean,necrosis,H,firstorder,Energy,mean,0.001355,0.000461,0.001326,0.001384,0.34,310,281.0,110.0,438.0,0.1,0.2,0.1465,0.027274,higher feature -> higher survival_target
necrosis_H_original_firstorder_TotalEnergy_mean,necrosis,H,firstorder,TotalEnergy,mean,0.001354,0.000445,0.001327,0.001382,0.328,311,283.0,112.0,438.0,0.0,0.2,0.1465,0.027274,higher feature -> higher survival_target
necrosis_H_original_firstorder_Mean_mean,necrosis,H,firstorder,Mean,mean,0.001353,0.000485,0.001323,0.001383,0.358,312,289.0,107.0,439.0,0.1,0.4,0.156,0.018693,higher feature -> higher survival_target
lamina_E_original_firstorder_Uniformity_mean,lamina,E,firstorder,Uniformity,mean,0.001351,0.000707,0.001307,0.001395,0.523,313,324.0,68.0,458.0,0.2,1.1,-0.1365,0.039902,higher feature -> lower survival_target
muscularis_H_original_firstorder_90Percentile_std,muscularis,H,firstorder,90Percentile,std,0.001347,0.000491,0.001317,0.001377,0.364,314,293.5,102.0,440.1,0.0,0.4,0.0803,0.22802,higher feature -> higher survival_target
immune_E_original_firstorder_10Percentile_std,immune,E,firstorder,10Percentile,std,0.001346,0.000641,0.001306,0.001385,0.477,315,316.0,80.0,454.0,0.1,0.7,0.0591,0.375343,higher feature -> higher survival_target
necrosis_E_original_firstorder_Skewness_std,necrosis,E,firstorder,Skewness,std,0.001342,0.000406,0.001316,0.001367,0.303,316,280.0,119.0,433.0,0.0,0.1,-0.0824,0.216011,higher feature -> lower survival_target
lamina_E_original_firstorder_RootMeanSquared_mean,lamina,E,firstorder,RootMeanSquared,mean,0.001336,0.000665,0.001294,0.001377,0.498,317,320.5,78.0,460.0,0.1,0.7,0.0972,0.144128,higher feature -> higher survival_target
adipose_E_original_firstorder_InterquartileRange_std,adipose,E,firstorder,InterquartileRange,std,0.001334,0.000632,0.001295,0.001373,0.474,318,315.0,73.0,455.0,0.0,1.2,-0.1589,0.016556,higher feature -> lower survival_target
lamina_E_original_firstorder_Median_std,lamina,E,firstorder,Median,std,0.001331,0.000408,0.001306,0.001357,0.306,319,286.0,113.0,427.0,0.0,0.1,-0.1222,0.066104,higher feature -> lower survival_target
necrosis_H_original_firstorder_MeanAbsoluteDeviation_mean,necrosis,H,firstorder,MeanAbsoluteDeviation,mean,0.001328,0.00042,0.001302,0.001354,0.316,320,290.0,115.0,440.0,0.0,0.0,0.1327,0.045808,higher feature -> higher survival_target
muscularis_H_original_firstorder_RootMeanSquared_std,muscularis,H,firstorder,RootMeanSquared,std,0.001326,0.000458,0.001298,0.001355,0.345,321,298.0,97.0,439.0,0.0,0.3,0.1111,0.095075,higher feature -> higher survival_target
urothelium_H_original_firstorder_InterquartileRange_mean,urothelium,H,firstorder,InterquartileRange,mean,0.001325,0.000395,0.001301,0.00135,0.298,322,288.5,113.0,435.0,0.0,0.0,0.1131,0.089116,higher feature -> higher survival_target
tumor_H_original_firstorder_Skewness_std,tumor,H,firstorder,Skewness,std,0.001323,0.000475,0.001294,0.001353,0.359,323,300.0,102.9,440.0,0.0,0.5,-0.0683,0.305867,higher feature -> lower survival_target
muscularis_E_original_firstorder_90Percentile_mean,muscularis,E,firstorder,90Percentile,mean,0.001323,0.000475,0.001293,0.001352,0.359,324,298.0,88.0,441.0,0.0,0.3,-0.0173,0.795278,higher feature -> lower survival_target
adipose_E_original_firstorder_Skewness_std,adipose,E,firstorder,Skewness,std,0.001319,0.000516,0.001287,0.001351,0.391,325,305.0,103.0,445.0,0.1,0.2,-0.0503,0.450509,higher feature -> lower survival_target
adipose_E_original_firstorder_RootMeanSquared_std,adipose,E,firstorder,RootMeanSquared,std,0.001316,0.000427,0.00129,0.001343,0.324,326,296.5,107.0,437.0,0.0,0.2,-0.0552,0.407829,higher feature -> lower survival_target
adipose_E_original_firstorder_Kurtosis_std,adipose,E,firstorder,Kurtosis,std,0.001314,0.000548,0.00128,0.001348,0.417,327,316.0,86.0,452.0,0.0,0.5,-0.0535,0.422148,higher feature -> lower survival_target
immune_E_original_firstorder_Skewness_std,immune,E,firstorder,Skewness,std,0.001312,0.000495,0.001281,0.001342,0.377,328,303.0,92.0,449.0,0.0,0.2,-0.0608,0.361653,higher feature -> lower survival_target
vessels_E_original_firstorder_Median_mean,vessels,E,firstorder,Median,mean,0.00131,0.000627,0.001272,0.001349,0.478,329,322.0,73.0,458.0,0.0,0.9,0.0511,0.443643,higher feature -> higher survival_target
lamina_E_original_firstorder_Skewness_mean,lamina,E,firstorder,Skewness,mean,0.00131,0.000752,0.001263,0.001356,0.574,330,341.0,69.0,460.0,0.2,1.3,-0.0891,0.180896,higher feature -> lower survival_target
lamina_E_original_firstorder_Mean_mean,lamina,E,firstorder,Mean,mean,0.001305,0.000623,0.001267,0.001344,0.477,331,323.5,72.0,459.0,0.0,0.6,0.09,0.176416,higher feature -> higher survival_target
muscularis_E_original_firstorder_MeanAbsoluteDeviation_mean,muscularis,E,firstorder,MeanAbsoluteDeviation,mean,0.001303,0.000474,0.001274,0.001332,0.364,332,303.5,95.0,449.0,0.0,0.1,-0.0665,0.318485,higher feature -> lower survival_target
tumor_H_original_firstorder_Median_std,tumor,H,firstorder,Median,std,0.001297,0.000468,0.001268,0.001326,0.361,333,307.0,117.0,444.0,0.0,0.2,0.0742,0.265584,higher feature -> higher survival_target
necrosis_E_original_firstorder_Kurtosis_std,necrosis,E,firstorder,Kurtosis,std,0.001295,0.00045,0.001267,0.001323,0.348,334,309.0,102.9,449.0,0.0,0.0,-0.0381,0.567559,higher feature -> lower survival_target
adipose_E_original_firstorder_Entropy_std,adipose,E,firstorder,Entropy,std,0.001293,0.000412,0.001268,0.001319,0.319,335,302.0,121.0,441.0,0.0,0.1,-0.013,0.845371,higher feature -> lower survival_target
muscularis_E_original_firstorder_RootMeanSquared_std,muscularis,E,firstorder,RootMeanSquared,std,0.001288,0.000444,0.00126,0.001315,0.345,336,305.0,107.0,439.0,0.0,0.3,-0.1341,0.043586,higher feature -> lower survival_target
muscularis_E_original_firstorder_Entropy_std,muscularis,E,firstorder,Entropy,std,0.001286,0.00041,0.00126,0.001311,0.319,337,304.0,111.0,449.0,0.0,0.1,-0.0828,0.213691,higher feature -> lower survival_target
lamina_E_original_firstorder_TotalEnergy_std,lamina,E,firstorder,TotalEnergy,std,0.001282,0.000433,0.001256,0.001309,0.338,338,304.5,111.0,443.0,0.0,0.2,-0.083,0.213016,higher feature -> lower survival_target
lamina_E_original_firstorder_Energy_std,lamina,E,firstorder,Energy,std,0.00128,0.000437,0.001253,0.001308,0.341,339,311.0,109.0,446.0,0.0,0.3,-0.083,0.213016,higher feature -> lower survival_target
tumor_H_original_firstorder_Energy_std,tumor,H,firstorder,Energy,std,0.001277,0.000415,0.001251,0.001302,0.325,340,309.0,117.0,443.0,0.0,0.1,0.0945,0.155868,higher feature -> higher survival_target
immune_E_original_firstorder_RootMeanSquared_std,immune,E,firstorder,RootMeanSquared,std,0.001277,0.000445,0.001249,0.001304,0.349,341,308.0,112.0,446.0,0.0,0.2,-0.0257,0.700516,higher feature -> lower survival_target
necrosis_H_original_firstorder_RootMeanSquared_mean,necrosis,H,firstorder,RootMeanSquared,mean,0.001275,0.000446,0.001248,0.001303,0.35,342,311.5,114.0,449.0,0.0,0.3,0.1527,0.021352,higher feature -> higher survival_target
tumor_H_original_firstorder_TotalEnergy_std,tumor,H,firstorder,TotalEnergy,std,0.001275,0.000417,0.001249,0.001301,0.327,343,310.0,109.9,446.0,0.0,0.1,0.0945,0.155868,higher feature -> higher survival_target
vessels_E_original_firstorder_Mean_std,vessels,E,firstorder,Mean,std,0.001274,0.000452,0.001246,0.001302,0.355,344,310.0,108.0,445.0,0.0,0.3,-0.0606,0.363386,higher feature -> lower survival_target
immune_E_original_firstorder_Entropy_std,immune,E,firstorder,Entropy,std,0.001271,0.000416,0.001245,0.001296,0.328,345,309.0,118.0,444.0,0.0,0.0,-0.0902,0.17578,higher feature -> lower survival_target
vessels_H_original_firstorder_Variance_std,vessels,H,firstorder,Variance,std,0.001266,0.000492,0.001235,0.001296,0.389,346,326.0,97.0,445.0,0.0,0.5,0.1625,0.014214,higher feature -> higher survival_target
lamina_E_original_firstorder_Mean_std,lamina,E,firstorder,Mean,std,0.001265,0.00038,0.001241,0.001288,0.3,347,306.0,128.0,443.0,0.0,0.1,-0.1128,0.089901,higher feature -> lower survival_target
muscularis_E_original_firstorder_Kurtosis_mean,muscularis,E,firstorder,Kurtosis,mean,0.001265,0.000524,0.001232,0.001297,0.414,348,322.0,100.0,455.0,0.0,0.7,-0.0919,0.167678,higher feature -> lower survival_target
urothelium_H_original_firstorder_Variance_mean,urothelium,H,firstorder,Variance,mean,0.001264,0.000352,0.001242,0.001286,0.278,349,306.0,126.0,435.0,0.0,0.0,0.1211,0.068665,higher feature -> higher survival_target
muscularis_E_original_firstorder_Energy_std,muscularis,E,firstorder,Energy,std,0.001263,0.000426,0.001237,0.00129,0.338,350,314.5,119.0,447.0,0.0,0.2,-0.1352,0.041909,higher feature -> lower survival_target
muscularis_E_original_firstorder_TotalEnergy_std,muscularis,E,firstorder,TotalEnergy,std,0.001263,0.000425,0.001236,0.001289,0.337,351,312.5,118.0,443.0,0.0,0.2,-0.1352,0.041909,higher feature -> lower survival_target
vessels_E_original_firstorder_Variance_mean,vessels,E,firstorder,Variance,mean,0.001261,0.000355,0.001239,0.001283,0.281,352,307.0,135.0,436.0,0.0,0.0,0.0001,0.99854,higher feature -> higher survival_target
muscularis_E_original_firstorder_Kurtosis_std,muscularis,E,firstorder,Kurtosis,std,0.001259,0.000427,0.001233,0.001286,0.339,353,319.0,107.0,448.0,0.0,0.1,-0.0637,0.339641,higher feature -> lower survival_target
adipose_E_original_firstorder_Mean_std,adipose,E,firstorder,Mean,std,0.001258,0.000365,0.001235,0.001281,0.29,354,307.0,127.0,435.0,0.0,0.0,-0.0172,0.797082,higher feature -> lower survival_target
lamina_E_original_firstorder_Median_mean,lamina,E,firstorder,Median,mean,0.001256,0.000565,0.001221,0.001291,0.45,355,333.0,93.0,460.0,0.0,0.5,0.0729,0.274118,higher feature -> higher survival_target
adipose_E_original_firstorder_90Percentile_std,adipose,E,firstorder,90Percentile,std,0.001255,0.000495,0.001225,0.001286,0.394,356,324.0,106.9,452.0,0.1,0.2,-0.0848,0.202971,higher feature -> lower survival_target
immune_E_original_firstorder_InterquartileRange_std,immune,E,firstorder,InterquartileRange,std,0.00125,0.000411,0.001225,0.001276,0.329,357,313.0,112.9,455.0,0.0,0.0,-0.1049,0.114951,higher feature -> lower survival_target
muscularis_H_original_firstorder_Variance_std,muscularis,H,firstorder,Variance,std,0.001247,0.000416,0.001221,0.001273,0.334,358,316.0,116.0,448.0,0.0,0.2,0.1147,0.084626,higher feature -> higher survival_target
muscularis_E_original_firstorder_90Percentile_std,muscularis,E,firstorder,90Percentile,std,0.00124,0.000373,0.001217,0.001263,0.3,359,314.0,126.9,443.0,0.0,0.0,-0.1021,0.12512,higher feature -> lower survival_target
vessels_E_original_firstorder_10Percentile_std,vessels,E,firstorder,10Percentile,std,0.001233,0.000537,0.0012,0.001267,0.436,360,333.0,103.0,455.0,0.1,0.4,0.0248,0.710713,higher feature -> higher survival_target
adipose_E_original_firstorder_Entropy_mean,adipose,E,firstorder,Entropy,mean,0.001226,0.000417,0.0012,0.001252,0.34,361,323.0,112.0,453.0,0.0,0.1,0.0491,0.461444,higher feature -> higher survival_target
immune_E_original_firstorder_Mean_std,immune,E,firstorder,Mean,std,0.001219,0.000457,0.001191,0.001248,0.375,362,334.0,110.0,455.0,0.0,0.2,-0.013,0.84533,higher feature -> lower survival_target
adipose_E_original_firstorder_Energy_std,adipose,E,firstorder,Energy,std,0.001213,0.000397,0.001189,0.001238,0.327,363,326.0,129.0,450.0,0.0,0.1,-0.0243,0.71553,higher feature -> lower survival_target
lamina_E_original_firstorder_Entropy_mean,lamina,E,firstorder,Entropy,mean,0.001212,0.000576,0.001176,0.001247,0.476,364,349.5,90.0,461.0,0.0,0.6,0.1266,0.056823,higher feature -> higher survival_target
adipose_E_original_firstorder_TotalEnergy_std,adipose,E,firstorder,TotalEnergy,std,0.001208,0.000396,0.001184,0.001233,0.328,365,328.0,127.0,450.0,0.0,0.0,-0.0243,0.71553,higher feature -> lower survival_target
immune_E_original_firstorder_Median_std,immune,E,firstorder,Median,std,0.001203,0.000464,0.001174,0.001232,0.386,366,336.0,105.0,456.0,0.0,0.2,-0.0289,0.665204,higher feature -> lower survival_target
vessels_H_original_firstorder_10Percentile_mean,vessels,H,firstorder,10Percentile,mean,0.001198,0.000359,0.001176,0.00122,0.3,367,327.5,132.0,450.0,0.0,0.0,0.1381,0.03759,higher feature -> higher survival_target
urothelium_H_original_firstorder_RobustMeanAbsoluteDeviation_mean,urothelium,H,firstorder,RobustMeanAbsoluteDeviation,mean,0.001194,0.000342,0.001173,0.001215,0.286,368,327.5,146.0,447.0,0.0,0.1,0.1297,0.050905,higher feature -> higher survival_target
urothelium_E_original_firstorder_90Percentile_mean,urothelium,E,firstorder,90Percentile,mean,0.00119,0.000354,0.001168,0.001212,0.298,369,326.0,140.0,449.0,0.0,0.0,0.0239,0.720335,higher feature -> higher survival_target
lamina_E_original_firstorder_RootMeanSquared_std,lamina,E,firstorder,RootMeanSquared,std,0.001176,0.000354,0.001154,0.001198,0.301,370,333.0,146.0,450.0,0.0,0.0,-0.1271,0.055846,higher feature -> lower survival_target
lamina_E_original_firstorder_90Percentile_mean,lamina,E,firstorder,90Percentile,mean,0.001175,0.00057,0.001139,0.00121,0.485,371,370.0,86.0,462.0,0.0,0.4,0.1021,0.124908,higher feature -> higher survival_target
immune_E_original_firstorder_RobustMeanAbsoluteDeviation_std,immune,E,firstorder,RobustMeanAbsoluteDeviation,std,0.001174,0.000368,0.001151,0.001196,0.313,372,336.0,136.9,456.0,0.0,0.0,-0.1116,0.093475,higher feature -> lower survival_target
adipose_E_original_firstorder_Median_std,adipose,E,firstorder,Median,std,0.001173,0.000403,0.001148,0.001198,0.344,373,344.0,116.0,455.0,0.0,0.1,-0.0708,0.287958,higher feature -> lower survival_target
urothelium_E_original_firstorder_Variance_mean,urothelium,E,firstorder,Variance,mean,0.00117,0.000369,0.001147,0.001193,0.315,374,336.5,139.9,452.0,0.0,0.1,0.0642,0.335796,higher feature -> higher survival_target
vessels_H_original_firstorder_90Percentile_std,vessels,H,firstorder,90Percentile,std,0.001169,0.000356,0.001146,0.001191,0.305,375,336.0,139.0,449.0,0.0,0.1,0.1071,0.107467,higher feature -> higher survival_target
adipose_E_original_firstorder_10Percentile_mean,adipose,E,firstorder,10Percentile,mean,0.001165,0.000444,0.001137,0.001192,0.381,376,349.5,116.9,455.0,0.0,0.3,0.112,0.092315,higher feature -> higher survival_target
muscularis_E_original_firstorder_Entropy_mean,muscularis,E,firstorder,Entropy,mean,0.001164,0.000415,0.001139,0.00119,0.357,377,349.0,120.0,456.0,0.0,0.1,0.0534,0.423734,higher feature -> higher survival_target
urothelium_E_original_firstorder_Uniformity_mean,urothelium,E,firstorder,Uniformity,mean,0.001163,0.000347,0.001142,0.001185,0.298,378,341.5,140.9,448.0,0.0,0.0,-0.104,0.118244,higher feature -> lower survival_target
muscularis_E_original_firstorder_RootMeanSquared_mean,muscularis,E,firstorder,RootMeanSquared,mean,0.001157,0.000442,0.00113,0.001185,0.382,379,357.0,120.9,455.0,0.0,0.2,-0.0182,0.784669,higher feature -> lower survival_target
urothelium_E_original_firstorder_RobustMeanAbsoluteDeviation_mean,urothelium,E,firstorder,RobustMeanAbsoluteDeviation,mean,0.001156,0.00033,0.001135,0.001176,0.285,380,339.0,154.0,450.0,0.0,0.0,0.0786,0.238404,higher feature -> higher survival_target
urothelium_H_original_firstorder_MeanAbsoluteDeviation_mean,urothelium,H,firstorder,MeanAbsoluteDeviation,mean,0.001154,0.0003,0.001135,0.001172,0.26,381,339.5,159.0,448.0,0.0,0.0,0.1439,0.030151,higher feature -> higher survival_target
muscularis_H_original_firstorder_TotalEnergy_std,muscularis,H,firstorder,TotalEnergy,std,0.001151,0.000372,0.001128,0.001174,0.323,382,346.5,136.0,453.0,0.0,0.2,0.191,0.00388,higher feature -> higher survival_target
muscularis_H_original_firstorder_Energy_std,muscularis,H,firstorder,Energy,std,0.001149,0.000365,0.001126,0.001171,0.317,383,346.0,136.9,453.0,0.0,0.2,0.191,0.00388,higher feature -> higher survival_target
vessels_H_original_firstorder_10Percentile_std,vessels,H,firstorder,10Percentile,std,0.001148,0.000369,0.001125,0.001171,0.321,384,352.0,132.9,454.0,0.0,0.0,0.0647,0.331509,higher feature -> higher survival_target
vessels_H_original_firstorder_MeanAbsoluteDeviation_std,vessels,H,firstorder,MeanAbsoluteDeviation,std,0.001142,0.000361,0.00112,0.001164,0.316,385,349.5,158.0,454.0,0.0,0.1,0.0972,0.144179,higher feature -> higher survival_target
urothelium_E_original_firstorder_MeanAbsoluteDeviation_mean,urothelium,E,firstorder,MeanAbsoluteDeviation,mean,0.001138,0.000316,0.001118,0.001157,0.278,386,346.5,158.9,450.0,0.0,0.0,0.0868,0.192724,higher feature -> higher survival_target
immune_E_original_firstorder_Kurtosis_mean,immune,E,firstorder,Kurtosis,mean,0.001136,0.000389,0.001112,0.00116,0.343,387,356.5,135.0,457.0,0.0,0.0,-0.0756,0.256898,higher feature -> lower survival_target
immune_E_original_firstorder_90Percentile_std,immune,E,firstorder,90Percentile,std,0.001133,0.000342,0.001112,0.001154,0.302,388,344.0,149.9,457.0,0.0,0.0,-0.0459,0.491803,higher feature -> lower survival_target
lamina_E_original_firstorder_Energy_mean,lamina,E,firstorder,Energy,mean,0.001132,0.000488,0.001102,0.001162,0.431,389,371.0,118.0,461.0,0.0,0.3,0.0553,0.407359,higher feature -> higher survival_target
lamina_E_original_firstorder_TotalEnergy_mean,lamina,E,firstorder,TotalEnergy,mean,0.00113,0.000481,0.0011,0.001159,0.426,390,373.0,119.0,460.0,0.0,0.2,0.0553,0.407359,higher feature -> higher survival_target
adipose_E_original_firstorder_Variance_std,adipose,E,firstorder,Variance,std,0.001128,0.00041,0.001102,0.001153,0.364,391,355.0,139.0,459.0,0.0,0.3,-0.1206,0.069632,higher feature -> lower survival_target
immune_E_original_firstorder_MeanAbsoluteDeviation_std,immune,E,firstorder,MeanAbsoluteDeviation,std,0.001121,0.000333,0.001101,0.001142,0.297,392,351.0,154.0,457.0,0.0,0.0,-0.1099,0.098453,higher feature -> lower survival_target
lamina_E_original_firstorder_Kurtosis_mean,lamina,E,firstorder,Kurtosis,mean,0.001117,0.000439,0.00109,0.001145,0.393,393,369.0,115.0,458.0,0.0,0.1,-0.125,0.060002,higher feature -> lower survival_target
vessels_E_original_firstorder_MeanAbsoluteDeviation_mean,vessels,E,firstorder,MeanAbsoluteDeviation,mean,0.001117,0.000309,0.001098,0.001136,0.277,394,351.5,168.9,448.0,0.0,0.0,0.0137,0.837027,higher feature -> higher survival_target
vessels_H_original_firstorder_Energy_std,vessels,H,firstorder,Energy,std,0.001117,0.000347,0.001095,0.001138,0.311,395,360.0,147.0,454.0,0.0,0.0,0.0931,0.162136,higher feature -> higher survival_target
adipose_E_original_firstorder_10Percentile_std,adipose,E,firstorder,10Percentile,std,0.001115,0.000346,0.001094,0.001137,0.31,396,357.5,141.9,458.0,0.0,0.0,0.0173,0.795581,higher feature -> higher survival_target
vessels_H_original_firstorder_TotalEnergy_std,vessels,H,firstorder,TotalEnergy,std,0.001115,0.000358,0.001093,0.001137,0.321,397,360.0,140.9,454.0,0.0,0.0,0.0931,0.162136,higher feature -> higher survival_target
adipose_E_original_firstorder_Variance_mean,adipose,E,firstorder,Variance,mean,0.001114,0.000362,0.001092,0.001136,0.325,398,358.0,141.9,455.0,0.0,0.1,-0.0675,0.311526,higher feature -> lower survival_target
urothelium_H_original_firstorder_90Percentile_mean,urothelium,H,firstorder,90Percentile,mean,0.001113,0.000289,0.001096,0.001131,0.259,399,351.5,160.9,454.0,0.0,0.0,0.128,0.05407,higher feature -> higher survival_target
adipose_E_original_firstorder_RobustMeanAbsoluteDeviation_mean,adipose,E,firstorder,RobustMeanAbsoluteDeviation,mean,0.001113,0.000377,0.00109,0.001136,0.339,400,362.0,131.9,455.0,0.0,0.1,-0.0515,0.440315,higher feature -> lower survival_target
urothelium_H_original_firstorder_Skewness_mean,urothelium,H,firstorder,Skewness,mean,0.001105,0.000385,0.001081,0.001129,0.349,401,359.0,154.9,458.0,0.1,0.1,-0.1585,0.016882,higher feature -> lower survival_target
vessels_E_original_firstorder_RobustMeanAbsoluteDeviation_mean,vessels,E,firstorder,RobustMeanAbsoluteDeviation,mean,0.001103,0.000286,0.001085,0.00112,0.259,402,355.0,169.9,451.0,0.0,0.0,-0.0021,0.974739,higher feature -> lower survival_target
urothelium_E_original_firstorder_InterquartileRange_mean,urothelium,E,firstorder,InterquartileRange,mean,0.001102,0.000309,0.001083,0.001121,0.28,403,357.0,162.0,453.0,0.0,0.0,0.0819,0.21895,higher feature -> higher survival_target
muscularis_E_original_firstorder_Uniformity_mean,muscularis,E,firstorder,Uniformity,mean,0.001099,0.000385,0.001075,0.001123,0.351,404,366.5,130.0,460.0,0.0,0.0,-0.0773,0.245957,higher feature -> lower survival_target
adipose_E_original_firstorder_MeanAbsoluteDeviation_mean,adipose,E,firstorder,MeanAbsoluteDeviation,mean,0.001098,0.00036,0.001076,0.001121,0.328,405,363.5,140.9,457.0,0.0,0.1,-0.0631,0.343807,higher feature -> lower survival_target
immune_E_original_firstorder_Energy_std,immune,E,firstorder,Energy,std,0.001097,0.000502,0.001066,0.001128,0.458,406,377.0,122.0,461.0,0.1,0.4,0.0416,0.5325,higher feature -> higher survival_target
immune_E_original_firstorder_TotalEnergy_std,immune,E,firstorder,TotalEnergy,std,0.001094,0.000491,0.001064,0.001125,0.449,407,378.0,122.0,462.0,0.1,0.4,0.0416,0.5325,higher feature -> higher survival_target
muscularis_E_original_firstorder_Mean_mean,muscularis,E,firstorder,Mean,mean,0.001087,0.000409,0.001062,0.001113,0.376,408,376.5,134.0,460.0,0.0,0.1,0.0033,0.961038,higher feature -> higher survival_target
muscularis_E_original_firstorder_Energy_mean,muscularis,E,firstorder,Energy,mean,0.001087,0.000345,0.001065,0.001108,0.317,409,365.0,154.9,457.0,0.0,0.1,-0.0445,0.504457,higher feature -> lower survival_target
muscularis_E_original_firstorder_TotalEnergy_mean,muscularis,E,firstorder,TotalEnergy,mean,0.001082,0.000347,0.00106,0.001103,0.32,410,367.0,149.0,457.0,0.0,0.0,-0.0445,0.504457,higher feature -> lower survival_target
adipose_E_original_firstorder_Mean_mean,adipose,E,firstorder,Mean,mean,0.001081,0.000402,0.001056,0.001106,0.372,411,376.0,142.9,460.0,0.0,0.1,0.0538,0.419996,higher feature -> higher survival_target
vessels_H_original_firstorder_RootMeanSquared_std,vessels,H,firstorder,RootMeanSquared,std,0.00108,0.000336,0.001059,0.001101,0.311,412,368.0,147.0,457.0,0.0,0.0,0.0884,0.184246,higher feature -> higher survival_target
adipose_E_original_firstorder_InterquartileRange_mean,adipose,E,firstorder,InterquartileRange,mean,0.001077,0.000356,0.001055,0.001099,0.33,413,368.0,136.0,459.0,0.0,0.0,-0.0414,0.535133,higher feature -> lower survival_target
urothelium_E_original_firstorder_10Percentile_mean,urothelium,E,firstorder,10Percentile,mean,0.001071,0.000428,0.001045,0.001098,0.399,414,382.5,136.0,460.0,0.0,0.2,-0.0687,0.302491,higher feature -> lower survival_target
urothelium_E_original_firstorder_Entropy_mean,urothelium,E,firstorder,Entropy,mean,0.001067,0.000296,0.001049,0.001086,0.277,415,366.0,168.0,456.0,0.0,0.0,0.0961,0.148984,higher feature -> higher survival_target
adipose_E_original_firstorder_Kurtosis_mean,adipose,E,firstorder,Kurtosis,mean,0.001062,0.000342,0.00104,0.001083,0.322,416,377.0,157.9,459.0,0.0,0.0,-0.0494,0.459086,higher feature -> lower survival_target
vessels_E_original_firstorder_Mean_mean,vessels,E,firstorder,Mean,mean,0.001059,0.000387,0.001036,0.001083,0.365,417,379.0,136.0,462.0,0.0,0.1,0.0571,0.391652,higher feature -> higher survival_target
urothelium_E_original_firstorder_10Percentile_std,urothelium,E,firstorder,10Percentile,std,0.001053,0.000486,0.001023,0.001083,0.461,418,397.0,107.0,462.0,0.0,0.4,-0.1335,0.044563,higher feature -> lower survival_target
muscularis_E_original_firstorder_Skewness_mean,muscularis,E,firstorder,Skewness,mean,0.001053,0.000372,0.00103,0.001076,0.353,419,381.0,145.9,459.0,0.0,0.0,-0.0046,0.945623,higher feature -> lower survival_target
vessels_H_original_firstorder_RobustMeanAbsoluteDeviation_std,vessels,H,firstorder,RobustMeanAbsoluteDeviation,std,0.001053,0.000352,0.001031,0.001075,0.335,420,378.5,158.0,459.0,0.0,0.1,0.1412,0.033475,higher feature -> higher survival_target
vessels_E_original_firstorder_InterquartileRange_mean,vessels,E,firstorder,InterquartileRange,mean,0.001049,0.000286,0.001031,0.001067,0.273,421,373.0,167.0,456.0,0.0,0.0,0.0025,0.970602,higher feature -> higher survival_target
adipose_E_original_firstorder_90Percentile_mean,adipose,E,firstorder,90Percentile,mean,0.001046,0.000343,0.001025,0.001067,0.328,422,381.0,146.9,459.0,0.0,0.0,-0.0143,0.830247,higher feature -> lower survival_target
vessels_H_original_firstorder_Mean_std,vessels,H,firstorder,Mean,std,0.001045,0.000317,0.001025,0.001064,0.303,423,379.0,172.9,457.0,0.0,0.1,0.1138,0.087241,higher feature -> higher survival_target
urothelium_E_original_firstorder_Energy_mean,urothelium,E,firstorder,Energy,mean,0.001044,0.000335,0.001024,0.001065,0.32,424,379.0,154.0,460.0,0.0,0.0,-0.0544,0.41453,higher feature -> lower survival_target
immune_E_original_firstorder_Skewness_mean,immune,E,firstorder,Skewness,mean,0.001044,0.000334,0.001024,0.001065,0.32,425,379.5,162.0,460.0,0.0,0.0,-0.0794,0.233383,higher feature -> lower survival_target
vessels_H_original_firstorder_InterquartileRange_std,vessels,H,firstorder,InterquartileRange,std,0.001042,0.000318,0.001023,0.001062,0.305,426,376.5,175.8,460.0,0.0,0.1,0.1463,0.027482,higher feature -> higher survival_target
urothelium_E_original_firstorder_TotalEnergy_mean,urothelium,E,firstorder,TotalEnergy,mean,0.001038,0.000335,0.001017,0.001058,0.323,427,385.0,161.0,459.0,0.0,0.0,-0.0544,0.41453,higher feature -> lower survival_target
lamina_E_original_firstorder_InterquartileRange_mean,lamina,E,firstorder,InterquartileRange,mean,0.001037,0.000369,0.001015,0.00106,0.355,428,388.0,140.9,460.0,0.0,0.1,0.0768,0.248842,higher feature -> higher survival_target
lamina_E_original_firstorder_MeanAbsoluteDeviation_mean,lamina,E,firstorder,MeanAbsoluteDeviation,mean,0.001032,0.000399,0.001007,0.001056,0.386,429,389.0,131.9,462.0,0.0,0.1,0.0906,0.173911,higher feature -> higher survival_target
lamina_E_original_firstorder_90Percentile_std,lamina,E,firstorder,90Percentile,std,0.001023,0.000251,0.001008,0.001039,0.245,430,379.0,206.9,457.0,0.0,0.0,-0.1226,0.065267,higher feature -> lower survival_target
vessels_E_original_firstorder_Uniformity_mean,vessels,E,firstorder,Uniformity,mean,0.001021,0.000295,0.001003,0.00104,0.289,431,386.5,183.0,457.0,0.0,0.0,-0.0839,0.207771,higher feature -> lower survival_target
vessels_E_original_firstorder_TotalEnergy_std,vessels,E,firstorder,TotalEnergy,std,0.001016,0.000267,0.000999,0.001033,0.263,432,382.0,191.9,458.0,0.0,0.0,-0.057,0.393025,higher feature -> lower survival_target
vessels_E_original_firstorder_Energy_std,vessels,E,firstorder,Energy,std,0.001015,0.000271,0.000998,0.001032,0.267,433,383.0,193.0,459.0,0.0,0.0,-0.057,0.393025,higher feature -> lower survival_target
vessels_E_original_firstorder_Energy_mean,vessels,E,firstorder,Energy,mean,0.001013,0.000318,0.000993,0.001032,0.314,434,387.0,170.9,461.0,0.0,0.0,0.0337,0.613649,higher feature -> higher survival_target
vessels_E_original_firstorder_TotalEnergy_mean,vessels,E,firstorder,TotalEnergy,mean,0.001013,0.000316,0.000993,0.001032,0.312,435,389.5,181.0,461.0,0.0,0.0,0.0337,0.613649,higher feature -> higher survival_target
lamina_E_original_firstorder_RobustMeanAbsoluteDeviation_mean,lamina,E,firstorder,RobustMeanAbsoluteDeviation,mean,0.001006,0.000342,0.000985,0.001027,0.34,436,394.0,154.0,462.0,0.0,0.0,0.074,0.266878,higher feature -> higher survival_target
urothelium_E_original_firstorder_RootMeanSquared_mean,urothelium,E,firstorder,RootMeanSquared,mean,0.000997,0.000289,0.000979,0.001015,0.29,437,392.0,188.0,461.0,0.0,0.0,-0.014,0.833438,higher feature -> lower survival_target
adipose_E_original_firstorder_Skewness_mean,adipose,E,firstorder,Skewness,mean,0.000993,0.000332,0.000973,0.001014,0.334,438,396.0,175.9,462.0,0.0,0.1,-0.0403,0.546101,higher feature -> lower survival_target
vessels_H_original_firstorder_Median_std,vessels,H,firstorder,Median,std,0.000974,0.000293,0.000956,0.000992,0.301,439,400.5,192.0,461.0,0.0,0.0,0.143,0.031226,higher feature -> higher survival_target
lamina_E_original_firstorder_Skewness_std,lamina,E,firstorder,Skewness,std,0.000972,0.000256,0.000956,0.000988,0.263,440,397.0,218.0,459.0,0.0,0.0,-0.087,0.191781,higher feature -> lower survival_target
vessels_E_original_firstorder_Skewness_mean,vessels,E,firstorder,Skewness,mean,0.000971,0.000331,0.00095,0.000991,0.341,441,405.5,168.0,461.0,0.0,0.1,-0.0567,0.39536,higher feature -> lower survival_target
immune_E_original_firstorder_Median_mean,immune,E,firstorder,Median,mean,0.00095,0.000325,0.00093,0.00097,0.342,442,408.5,184.0,462.0,0.0,0.0,0.063,0.344704,higher feature -> higher survival_target
muscularis_E_original_firstorder_Median_mean,muscularis,E,firstorder,Median,mean,0.000941,0.000343,0.00092,0.000963,0.365,443,417.0,175.9,463.0,0.0,0.0,-0.0133,0.842537,higher feature -> lower survival_target
vessels_H_original_firstorder_Entropy_std,vessels,H,firstorder,Entropy,std,0.000941,0.00025,0.000925,0.000956,0.266,444,407.0,207.0,461.0,0.0,0.0,0.0869,0.191981,higher feature -> higher survival_target
lamina_E_original_firstorder_Variance_mean,lamina,E,firstorder,Variance,mean,0.000939,0.000332,0.000918,0.000959,0.353,445,414.0,176.9,463.0,0.0,0.0,0.0739,0.267324,higher feature -> higher survival_target
urothelium_E_original_firstorder_Median_mean,urothelium,E,firstorder,Median,mean,0.000928,0.000264,0.000912,0.000944,0.285,446,410.0,211.0,462.0,0.0,0.0,-0.0567,0.395026,higher feature -> lower survival_target
adipose_E_original_firstorder_RootMeanSquared_mean,adipose,E,firstorder,RootMeanSquared,mean,0.00092,0.000268,0.000904,0.000937,0.291,447,411.0,206.0,463.0,0.0,0.0,0.0167,0.801893,higher feature -> higher survival_target
immune_E_original_firstorder_Uniformity_mean,immune,E,firstorder,Uniformity,mean,0.000916,0.000294,0.000897,0.000934,0.321,448,416.5,206.9,461.0,0.0,0.0,-0.1093,0.100399,higher feature -> lower survival_target
vessels_E_original_firstorder_Entropy_mean,vessels,E,firstorder,Entropy,mean,0.000913,0.00024,0.000898,0.000927,0.263,449,414.0,233.0,462.0,0.0,0.0,0.0692,0.299413,higher feature -> higher survival_target
urothelium_E_original_firstorder_Mean_mean,urothelium,E,firstorder,Mean,mean,0.00091,0.000248,0.000895,0.000926,0.272,450,414.0,224.0,462.0,0.0,0.0,-0.0317,0.634724,higher feature -> lower survival_target
vessels_E_original_firstorder_90Percentile_mean,vessels,E,firstorder,90Percentile,mean,0.000903,0.000238,0.000889,0.000918,0.263,451,414.0,236.9,462.0,0.0,0.0,0.0518,0.437255,higher feature -> higher survival_target
immune_E_original_firstorder_InterquartileRange_mean,immune,E,firstorder,InterquartileRange,mean,0.000884,0.000251,0.000868,0.000899,0.284,452,425.0,232.9,462.0,0.0,0.0,0.0433,0.516691,higher feature -> higher survival_target
immune_E_original_firstorder_TotalEnergy_mean,immune,E,firstorder,TotalEnergy,mean,0.00088,0.000299,0.000861,0.000898,0.34,453,430.0,200.8,463.0,0.0,0.1,0.0522,0.433826,higher feature -> higher survival_target
immune_E_original_firstorder_Energy_mean,immune,E,firstorder,Energy,mean,0.000875,0.000291,0.000857,0.000893,0.332,454,428.0,208.0,463.0,0.0,0.0,0.0522,0.433826,higher feature -> higher survival_target
adipose_E_original_firstorder_Energy_mean,adipose,E,firstorder,Energy,mean,0.000875,0.000242,0.00086,0.00089,0.277,455,423.0,238.0,463.0,0.0,0.0,0.0114,0.864937,higher feature -> higher survival_target
vessels_E_original_firstorder_RootMeanSquared_mean,vessels,E,firstorder,RootMeanSquared,mean,0.000872,0.000253,0.000856,0.000887,0.29,456,425.0,239.0,463.0,0.0,0.0,0.0498,0.455507,higher feature -> higher survival_target
adipose_E_original_firstorder_TotalEnergy_mean,adipose,E,firstorder,TotalEnergy,mean,0.000871,0.000239,0.000856,0.000886,0.274,457,427.0,240.9,463.0,0.0,0.0,0.0114,0.864937,higher feature -> higher survival_target
immune_E_original_firstorder_Mean_mean,immune,E,firstorder,Mean,mean,0.000846,0.000258,0.00083,0.000862,0.305,458,435.0,236.0,463.0,0.0,0.0,0.069,0.300758,higher feature -> higher survival_target
immune_E_original_firstorder_RobustMeanAbsoluteDeviation_mean,immune,E,firstorder,RobustMeanAbsoluteDeviation,mean,0.000846,0.000239,0.000831,0.000861,0.282,459,431.0,255.0,463.0,0.0,0.0,0.0414,0.534993,higher feature -> higher survival_target
immune_E_original_firstorder_Variance_mean,immune,E,firstorder,Variance,mean,0.000842,0.000246,0.000827,0.000858,0.293,460,434.0,239.0,464.0,0.0,0.0,0.0449,0.501112,higher feature -> higher survival_target
immune_E_original_firstorder_Entropy_mean,immune,E,firstorder,Entropy,mean,0.000789,0.000227,0.000774,0.000803,0.287,461,444.0,263.9,464.0,0.0,0.0,0.0966,0.146649,higher feature -> higher survival_target
immune_E_original_firstorder_RootMeanSquared_mean,immune,E,firstorder,RootMeanSquared,mean,0.00078,0.000244,0.000765,0.000795,0.313,462,446.0,260.9,464.0,0.0,0.0,0.0684,0.305012,higher feature -> higher survival_target
immune_E_original_firstorder_MeanAbsoluteDeviation_mean,immune,E,firstorder,MeanAbsoluteDeviation,mean,0.000774,0.000217,0.000761,0.000788,0.28,463,446.0,284.8,464.0,0.0,0.0,0.0576,0.387875,higher feature -> higher survival_target
immune_E_original_firstorder_90Percentile_mean,immune,E,firstorder,90Percentile,mean,0.000751,0.000229,0.000737,0.000765,0.305,464,450.0,300.9,464.0,0.0,0.0,0.0692,0.299033,higher feature -> higher survival_target
vessels_E_original_firstorder_Range_mean,vessels,E,firstorder,Range,mean,0.000205,9.9e-05,0.000199,0.000212,0.481,465,466.0,465.0,468.0,0.0,0.0,0.0658,0.323523,higher feature -> higher survival_target
vessels_E_original_firstorder_Maximum_std,vessels,E,firstorder,Maximum,std,0.000205,0.000105,0.000198,0.000211,0.511,466,467.0,465.0,468.0,0.0,0.0,-0.0658,0.323523,higher feature -> lower survival_target
vessels_E_original_firstorder_Maximum_mean,vessels,E,firstorder,Maximum,mean,0.000205,9.9e-05,0.000198,0.000211,0.486,467,466.0,465.0,468.0,0.0,0.0,0.0658,0.323523,higher feature -> higher survival_target
vessels_E_original_firstorder_Range_std,vessels,E,firstorder,Range,std,0.000203,0.000103,0.000197,0.00021,0.508,468,467.0,465.0,468.0,0.0,0.0,-0.0658,0.323523,higher feature -> lower survival_target
adipose_E_original_firstorder_Range_std,adipose,E,firstorder,Range,std,1.3e-05,2.3e-05,1.1e-05,1.4e-05,1.865,469,475.0,469.0,498.0,0.0,0.0,0.0561,0.400139,higher feature -> higher survival_target
adipose_E_original_firstorder_Range_mean,adipose,E,firstorder,Range,mean,1.3e-05,2.3e-05,1.1e-05,1.4e-05,1.869,470,475.0,469.0,498.0,0.0,0.0,-0.0561,0.400139,higher feature -> lower survival_target
adipose_E_original_firstorder_Maximum_std,adipose,E,firstorder,Maximum,std,1.2e-05,2.3e-05,1.1e-05,1.4e-05,1.864,471,474.0,469.0,497.0,0.0,0.0,0.0561,0.400139,higher feature -> higher survival_target
adipose_E_original_firstorder_Maximum_mean,adipose,E,firstorder,Maximum,mean,1.2e-05,2.4e-05,1.1e-05,1.4e-05,1.886,472,475.0,469.0,498.0,0.0,0.0,-0.0561,0.400139,higher feature -> lower survival_target
tumor_E_original_firstorder_Maximum_mean,tumor,E,firstorder,Maximum,mean,1.1e-05,3.1e-05,9e-06,1.3e-05,2.785,473,479.0,469.0,504.0,0.0,0.0,0.0418,0.530854,higher feature -> higher survival_target
tumor_E_original_firstorder_Range_mean,tumor,E,firstorder,Range,mean,1.1e-05,3e-05,9e-06,1.3e-05,2.76,474,479.0,469.0,504.0,0.0,0.0,0.0418,0.530854,higher feature -> higher survival_target
tumor_E_original_firstorder_Maximum_std,tumor,E,firstorder,Maximum,std,1.1e-05,3.1e-05,9e-06,1.3e-05,2.838,475,478.0,469.0,504.0,0.0,0.0,-0.0418,0.530854,higher feature -> lower survival_target
tumor_E_original_firstorder_Range_std,tumor,E,firstorder,Range,std,1.1e-05,2.8e-05,9e-06,1.3e-05,2.642,476,479.0,469.0,504.0,0.0,0.0,-0.0418,0.530854,higher feature -> lower survival_target
urothelium_H_original_firstorder_Range_std,urothelium,H,firstorder,Range,std,5e-06,8e-06,4e-06,5e-06,1.8,477,481.0,469.0,504.0,0.0,0.0,-0.0073,0.912323,higher feature -> lower survival_target
urothelium_H_original_firstorder_Maximum_mean,urothelium,H,firstorder,Maximum,mean,5e-06,8e-06,4e-06,5e-06,1.847,478,481.0,469.0,504.0,0.0,0.0,0.0073,0.912323,higher feature -> higher survival_target
urothelium_H_original_firstorder_Range_mean,urothelium,H,firstorder,Range,mean,5e-06,9e-06,4e-06,5e-06,1.891,479,482.0,469.0,504.0,0.0,0.0,0.0073,0.912323,higher feature -> higher survival_target
urothelium_H_original_firstorder_Maximum_std,urothelium,H,firstorder,Maximum,std,5e-06,8e-06,4e-06,5e-06,1.767,480,482.0,469.0,504.0,0.0,0.0,-0.0073,0.912323,higher feature -> lower survival_target
vessels_H_original_firstorder_Maximum_mean,vessels,H,firstorder,Maximum,mean,3e-06,7e-06,3e-06,4e-06,1.943,481,485.0,469.0,504.0,0.0,0.0,-0.0087,0.896393,higher feature -> lower survival_target
vessels_H_original_firstorder_Maximum_std,vessels,H,firstorder,Maximum,std,3e-06,7e-06,3e-06,4e-06,2.072,482,485.0,470.0,504.0,0.0,0.0,0.008,0.904668,higher feature -> higher survival_target
vessels_H_original_firstorder_Range_std,vessels,H,firstorder,Range,std,3e-06,7e-06,3e-06,4e-06,2.08,483,493.0,470.0,504.0,0.0,0.0,0.008,0.904668,higher feature -> higher survival_target
vessels_H_original_firstorder_Range_mean,vessels,H,firstorder,Range,mean,3e-06,6e-06,3e-06,3e-06,1.933,484,490.0,470.0,504.0,0.0,0.0,-0.0087,0.896393,higher feature -> lower survival_target
lamina_E_original_firstorder_Maximum_mean,lamina,E,firstorder,Maximum,mean,3e-06,5e-06,2e-06,3e-06,1.838,485,482.0,470.0,501.0,0.0,0.0,-0.0406,0.542681,higher feature -> lower survival_target
lamina_E_original_firstorder_Range_std,lamina,E,firstorder,Range,std,3e-06,6e-06,2e-06,3e-06,2.228,486,482.0,469.0,502.0,0.0,0.0,0.0406,0.542681,higher feature -> higher survival_target
lamina_E_original_firstorder_Range_mean,lamina,E,firstorder,Range,mean,3e-06,5e-06,2e-06,3e-06,2.044,487,483.0,470.0,502.0,0.0,0.0,-0.0406,0.542681,higher feature -> lower survival_target
lamina_E_original_firstorder_Maximum_std,lamina,E,firstorder,Maximum,std,3e-06,6e-06,2e-06,3e-06,2.239,488,483.0,470.0,501.0,0.0,0.0,0.0406,0.542681,higher feature -> higher survival_target
necrosis_E_original_firstorder_Range_mean,necrosis,E,firstorder,Range,mean,0.0,2e-06,0.0,0.0,7.943,489,488.0,475.0,500.0,0.0,0.0,-0.0188,0.777853,higher feature -> lower survival_target
necrosis_E_original_firstorder_Range_std,necrosis,E,firstorder,Range,std,0.0,2e-06,0.0,0.0,6.694,490,488.0,475.0,500.0,0.0,0.0,0.0188,0.777853,higher feature -> higher survival_target
necrosis_E_original_firstorder_Maximum_std,necrosis,E,firstorder,Maximum,std,0.0,1e-06,0.0,0.0,6.747,491,486.0,474.0,500.0,0.0,0.0,0.0188,0.777853,higher feature -> higher survival_target
necrosis_E_original_firstorder_Maximum_mean,necrosis,E,firstorder,Maximum,mean,0.0,1e-06,0.0,0.0,5.936,492,486.0,475.0,500.0,0.0,0.0,-0.0188,0.777853,higher feature -> lower survival_target
immune_E_original_firstorder_Maximum_std,immune,E,firstorder,Maximum,std,0.0,2e-06,-0.0,0.0,19.431,493,492.0,476.0,503.0,0.0,0.0,-0.0766,0.25025,higher feature -> lower survival_target
immune_E_original_firstorder_Range_std,immune,E,firstorder,Range,std,0.0,1e-06,0.0,0.0,15.593,494,494.0,476.0,504.0,0.0,0.0,-0.0766,0.25025,higher feature -> lower survival_target
immune_E_original_firstorder_Range_mean,immune,E,firstorder,Range,mean,0.0,2e-06,-0.0,0.0,20.34,495,494.0,476.0,504.0,0.0,0.0,0.0766,0.25025,higher feature -> higher survival_target
immune_E_original_firstorder_Maximum_mean,immune,E,firstorder,Maximum,mean,0.0,2e-06,-0.0,0.0,30.479,496,491.0,475.0,503.0,0.0,0.0,0.0766,0.25025,higher feature -> higher survival_target
immune_H_original_firstorder_Range_std,immune,H,firstorder,Range,std,0.0,0.0,-0.0,0.0,27.376,497,491.0,477.0,502.0,0.0,0.0,0.07,0.293366,higher feature -> higher survival_target
lamina_H_original_firstorder_Range_std,lamina,H,firstorder,Range,std,0.0,0.0,-0.0,0.0,31.623,498,490.0,477.0,503.0,0.0,0.0,0.07,0.293366,higher feature -> higher survival_target
immune_H_original_firstorder_Range_mean,immune,H,firstorder,Range,mean,0.0,0.0,-0.0,0.0,29.293,499,491.0,477.0,502.0,0.0,0.0,-0.07,0.293366,higher feature -> lower survival_target
lamina_H_original_firstorder_Maximum_mean,lamina,H,firstorder,Maximum,mean,0.0,0.0,-0.0,0.0,28.316,500,491.0,477.0,503.0,0.0,0.0,-0.07,0.293366,higher feature -> lower survival_target
immune_H_original_firstorder_Maximum_std,immune,H,firstorder,Maximum,std,0.0,0.0,-0.0,0.0,22.866,501,490.0,476.0,501.0,0.0,0.0,0.07,0.293366,higher feature -> higher survival_target
immune_H_original_firstorder_Maximum_mean,immune,H,firstorder,Maximum,mean,0.0,0.0,-0.0,0.0,21.708,502,490.0,476.0,502.0,0.0,0.0,-0.07,0.293366,higher feature -> lower survival_target
lamina_H_original_firstorder_Maximum_std,lamina,H,firstorder,Maximum,std,0.0,0.0,-0.0,0.0,31.623,503,490.0,477.0,502.0,0.0,0.0,0.07,0.293366,higher feature -> higher survival_target
lamina_H_original_firstorder_Range_mean,lamina,H,firstorder,Range,mean,0.0,0.0,-0.0,0.0,19.894,504,490.5,478.0,502.0,0.0,0.0,-0.07,0.293366,higher feature -> lower survival_target
