slide,case,compartment,n_tiles,n_tiles_top1_ge_0.50
TCGA-2F-A9KO-01Z-00-DX1.195576CF-B739-4BD9-B15B-4A70AE287D3E_tiles.jsonl,TCGA-2F-A9KO,Blood vessels (vasculature),17256,16136
TCGA-2F-A9KO-01Z-00-DX1.195576CF-B739-4BD9-B15B-4A70AE287D3E_tiles.jsonl,TCGA-2F-A9KO,Inflammatory infiltrates (immune cells),330,236
TCGA-2F-A9KO-01Z-00-DX1.195576CF-B739-4BD9-B15B-4A70AE287D3E_tiles.jsonl,TCGA-2F-A9KO,Invasive urothelial carcinoma (tumor),12123,11575
TCGA-2F-A9KO-01Z-00-DX1.195576CF-B739-4BD9-B15B-4A70AE287D3E_tiles.jsonl,TCGA-2F-A9KO,Lamina propria (fibrovascular stroma),14447,13013
TCGA-2F-A9KO-01Z-00-DX1.195576CF-B739-4BD9-B15B-4A70AE287D3E_tiles.jsonl,TCGA-2F-A9KO,Muscularis propria (detrusor muscle),14010,12341
TCGA-2F-A9KO-01Z-00-DX1.195576CF-B739-4BD9-B15B-4A70AE287D3E_tiles.jsonl,TCGA-2F-A9KO,Necrosis,250,203
TCGA-2F-A9KO-01Z-00-DX1.195576CF-B739-4BD9-B15B-4A70AE287D3E_tiles.jsonl,TCGA-2F-A9KO,Normal urothelium (benign mucosa),8348,7395
TCGA-2F-A9KO-01Z-00-DX1.195576CF-B739-4BD9-B15B-4A70AE287D3E_tiles.jsonl,TCGA-2F-A9KO,Perivesical adipose tissue (extravesical fat),10036,9419
TCGA-2F-A9KP-01Z-00-DX1.3CDF534E-958F-4467-AA7E-FD3C5A86AAAA_tiles.jsonl,TCGA-2F-A9KP,Blood vessels (vasculature),17024,15210
TCGA-2F-A9KP-01Z-00-DX1.3CDF534E-958F-4467-AA7E-FD3C5A86AAAA_tiles.jsonl,TCGA-2F-A9KP,Inflammatory infiltrates (immune cells),749,552
TCGA-2F-A9KP-01Z-00-DX1.3CDF534E-958F-4467-AA7E-FD3C5A86AAAA_tiles.jsonl,TCGA-2F-A9KP,Invasive urothelial carcinoma (tumor),38252,36636
TCGA-2F-A9KP-01Z-00-DX1.3CDF534E-958F-4467-AA7E-FD3C5A86AAAA_tiles.jsonl,TCGA-2F-A9KP,Lamina propria (fibrovascular stroma),12939,11073
TCGA-2F-A9KP-01Z-00-DX1.3CDF534E-958F-4467-AA7E-FD3C5A86AAAA_tiles.jsonl,TCGA-2F-A9KP,Muscularis propria (detrusor muscle),16018,13881
TCGA-2F-A9KP-01Z-00-DX1.3CDF534E-958F-4467-AA7E-FD3C5A86AAAA_tiles.jsonl,TCGA-2F-A9KP,Necrosis,219,192
TCGA-2F-A9KP-01Z-00-DX1.3CDF534E-958F-4467-AA7E-FD3C5A86AAAA_tiles.jsonl,TCGA-2F-A9KP,Normal urothelium (benign mucosa),5283,4499
TCGA-2F-A9KP-01Z-00-DX1.3CDF534E-958F-4467-AA7E-FD3C5A86AAAA_tiles.jsonl,TCGA-2F-A9KP,Perivesical adipose tissue (extravesical fat),11916,11181
TCGA-2F-A9KQ-01Z-00-DX1.1C8CB2DD-5CC6-4E99-A0F9-32A0F598F5F9_tiles.jsonl,TCGA-2F-A9KQ,Blood vessels (vasculature),3344,3182
TCGA-2F-A9KQ-01Z-00-DX1.1C8CB2DD-5CC6-4E99-A0F9-32A0F598F5F9_tiles.jsonl,TCGA-2F-A9KQ,Inflammatory infiltrates (immune cells),45,33
TCGA-2F-A9KQ-01Z-00-DX1.1C8CB2DD-5CC6-4E99-A0F9-32A0F598F5F9_tiles.jsonl,TCGA-2F-A9KQ,Invasive urothelial carcinoma (tumor),434,395
TCGA-2F-A9KQ-01Z-00-DX1.1C8CB2DD-5CC6-4E99-A0F9-32A0F598F5F9_tiles.jsonl,TCGA-2F-A9KQ,Lamina propria (fibrovascular stroma),233,120
TCGA-2F-A9KQ-01Z-00-DX1.1C8CB2DD-5CC6-4E99-A0F9-32A0F598F5F9_tiles.jsonl,TCGA-2F-A9KQ,Muscularis propria (detrusor muscle),326,282
TCGA-2F-A9KQ-01Z-00-DX1.1C8CB2DD-5CC6-4E99-A0F9-32A0F598F5F9_tiles.jsonl,TCGA-2F-A9KQ,Necrosis,1,1
TCGA-2F-A9KQ-01Z-00-DX1.1C8CB2DD-5CC6-4E99-A0F9-32A0F598F5F9_tiles.jsonl,TCGA-2F-A9KQ,Normal urothelium (benign mucosa),5318,5202
TCGA-2F-A9KQ-01Z-00-DX1.1C8CB2DD-5CC6-4E99-A0F9-32A0F598F5F9_tiles.jsonl,TCGA-2F-A9KQ,Perivesical adipose tissue (extravesical fat),539,355
TCGA-2F-A9KR-01Z-00-DX1.D6A4BD2D-18F3-4FA6-8272-60392DDAF7B5_tiles.jsonl,TCGA-2F-A9KR,Blood vessels (vasculature),14185,12898
TCGA-2F-A9KR-01Z-00-DX1.D6A4BD2D-18F3-4FA6-8272-60392DDAF7B5_tiles.jsonl,TCGA-2F-A9KR,Inflammatory infiltrates (immune cells),455,324
TCGA-2F-A9KR-01Z-00-DX1.D6A4BD2D-18F3-4FA6-8272-60392DDAF7B5_tiles.jsonl,TCGA-2F-A9KR,Invasive urothelial carcinoma (tumor),32741,32089
TCGA-2F-A9KR-01Z-00-DX1.D6A4BD2D-18F3-4FA6-8272-60392DDAF7B5_tiles.jsonl,TCGA-2F-A9KR,Lamina propria (fibrovascular stroma),24867,22937
TCGA-2F-A9KR-01Z-00-DX1.D6A4BD2D-18F3-4FA6-8272-60392DDAF7B5_tiles.jsonl,TCGA-2F-A9KR,Muscularis propria (detrusor muscle),19875,17788
TCGA-2F-A9KR-01Z-00-DX1.D6A4BD2D-18F3-4FA6-8272-60392DDAF7B5_tiles.jsonl,TCGA-2F-A9KR,Necrosis,848,754
TCGA-2F-A9KR-01Z-00-DX1.D6A4BD2D-18F3-4FA6-8272-60392DDAF7B5_tiles.jsonl,TCGA-2F-A9KR,Normal urothelium (benign mucosa),8284,7166
TCGA-2F-A9KR-01Z-00-DX1.D6A4BD2D-18F3-4FA6-8272-60392DDAF7B5_tiles.jsonl,TCGA-2F-A9KR,Perivesical adipose tissue (extravesical fat),6265,5750
TCGA-2F-A9KT-01Z-00-DX1.ADD6D87C-0CC2-4B1F-A75F-108C9EB3970F_tiles.jsonl,TCGA-2F-A9KT,Blood vessels (vasculature),16328,14765
TCGA-2F-A9KT-01Z-00-DX1.ADD6D87C-0CC2-4B1F-A75F-108C9EB3970F_tiles.jsonl,TCGA-2F-A9KT,Inflammatory infiltrates (immune cells),657,535
TCGA-2F-A9KT-01Z-00-DX1.ADD6D87C-0CC2-4B1F-A75F-108C9EB3970F_tiles.jsonl,TCGA-2F-A9KT,Invasive urothelial carcinoma (tumor),71221,69183
TCGA-2F-A9KT-01Z-00-DX1.ADD6D87C-0CC2-4B1F-A75F-108C9EB3970F_tiles.jsonl,TCGA-2F-A9KT,Lamina propria (fibrovascular stroma),25717,24045
TCGA-2F-A9KT-01Z-00-DX1.ADD6D87C-0CC2-4B1F-A75F-108C9EB3970F_tiles.jsonl,TCGA-2F-A9KT,Muscularis propria (detrusor muscle),4431,3739
TCGA-2F-A9KT-01Z-00-DX1.ADD6D87C-0CC2-4B1F-A75F-108C9EB3970F_tiles.jsonl,TCGA-2F-A9KT,Necrosis,3906,3711
TCGA-2F-A9KT-01Z-00-DX1.ADD6D87C-0CC2-4B1F-A75F-108C9EB3970F_tiles.jsonl,TCGA-2F-A9KT,Normal urothelium (benign mucosa),4253,3567
TCGA-2F-A9KT-01Z-00-DX1.ADD6D87C-0CC2-4B1F-A75F-108C9EB3970F_tiles.jsonl,TCGA-2F-A9KT,Perivesical adipose tissue (extravesical fat),1487,1275
TCGA-2F-A9KW-01Z-00-DX1.CECFDA2E-2CE7-4115-B4E6-A3D75B130232_tiles.jsonl,TCGA-2F-A9KW,Blood vessels (vasculature),24040,21997
TCGA-2F-A9KW-01Z-00-DX1.CECFDA2E-2CE7-4115-B4E6-A3D75B130232_tiles.jsonl,TCGA-2F-A9KW,Inflammatory infiltrates (immune cells),5513,4651
TCGA-2F-A9KW-01Z-00-DX1.CECFDA2E-2CE7-4115-B4E6-A3D75B130232_tiles.jsonl,TCGA-2F-A9KW,Invasive urothelial carcinoma (tumor),16622,16034
TCGA-2F-A9KW-01Z-00-DX1.CECFDA2E-2CE7-4115-B4E6-A3D75B130232_tiles.jsonl,TCGA-2F-A9KW,Lamina propria (fibrovascular stroma),22090,19426
TCGA-2F-A9KW-01Z-00-DX1.CECFDA2E-2CE7-4115-B4E6-A3D75B130232_tiles.jsonl,TCGA-2F-A9KW,Muscularis propria (detrusor muscle),19283,16813
TCGA-2F-A9KW-01Z-00-DX1.CECFDA2E-2CE7-4115-B4E6-A3D75B130232_tiles.jsonl,TCGA-2F-A9KW,Necrosis,513,459
TCGA-2F-A9KW-01Z-00-DX1.CECFDA2E-2CE7-4115-B4E6-A3D75B130232_tiles.jsonl,TCGA-2F-A9KW,Normal urothelium (benign mucosa),10443,8988
TCGA-2F-A9KW-01Z-00-DX1.CECFDA2E-2CE7-4115-B4E6-A3D75B130232_tiles.jsonl,TCGA-2F-A9KW,Perivesical adipose tissue (extravesical fat),9016,8319
TCGA-4Z-AA7M-01Z-00-DX1.05317C75-A8F3-4124-95D2-F039BEFFE63A_tiles.jsonl,TCGA-4Z-AA7M,Blood vessels (vasculature),5342,4849
TCGA-4Z-AA7M-01Z-00-DX1.05317C75-A8F3-4124-95D2-F039BEFFE63A_tiles.jsonl,TCGA-4Z-AA7M,Inflammatory infiltrates (immune cells),315,213
TCGA-4Z-AA7M-01Z-00-DX1.05317C75-A8F3-4124-95D2-F039BEFFE63A_tiles.jsonl,TCGA-4Z-AA7M,Invasive urothelial carcinoma (tumor),33678,33104
TCGA-4Z-AA7M-01Z-00-DX1.05317C75-A8F3-4124-95D2-F039BEFFE63A_tiles.jsonl,TCGA-4Z-AA7M,Lamina propria (fibrovascular stroma),19032,17963
TCGA-4Z-AA7M-01Z-00-DX1.05317C75-A8F3-4124-95D2-F039BEFFE63A_tiles.jsonl,TCGA-4Z-AA7M,Muscularis propria (detrusor muscle),11531,10455
TCGA-4Z-AA7M-01Z-00-DX1.05317C75-A8F3-4124-95D2-F039BEFFE63A_tiles.jsonl,TCGA-4Z-AA7M,Necrosis,937,837
TCGA-4Z-AA7M-01Z-00-DX1.05317C75-A8F3-4124-95D2-F039BEFFE63A_tiles.jsonl,TCGA-4Z-AA7M,Normal urothelium (benign mucosa),1818,1646
TCGA-4Z-AA7M-01Z-00-DX1.05317C75-A8F3-4124-95D2-F039BEFFE63A_tiles.jsonl,TCGA-4Z-AA7M,Perivesical adipose tissue (extravesical fat),4147,3913
TCGA-4Z-AA7N-01Z-00-DX1.10AA3499-6678-4DB2-9466-9CB3EA25CBB6_tiles.jsonl,TCGA-4Z-AA7N,Blood vessels (vasculature),12213,11286
TCGA-4Z-AA7N-01Z-00-DX1.10AA3499-6678-4DB2-9466-9CB3EA25CBB6_tiles.jsonl,TCGA-4Z-AA7N,Inflammatory infiltrates (immune cells),949,772
TCGA-4Z-AA7N-01Z-00-DX1.10AA3499-6678-4DB2-9466-9CB3EA25CBB6_tiles.jsonl,TCGA-4Z-AA7N,Invasive urothelial carcinoma (tumor),11628,11007
TCGA-4Z-AA7N-01Z-00-DX1.10AA3499-6678-4DB2-9466-9CB3EA25CBB6_tiles.jsonl,TCGA-4Z-AA7N,Lamina propria (fibrovascular stroma),6509,5535
TCGA-4Z-AA7N-01Z-00-DX1.10AA3499-6678-4DB2-9466-9CB3EA25CBB6_tiles.jsonl,TCGA-4Z-AA7N,Muscularis propria (detrusor muscle),11549,10060
TCGA-4Z-AA7N-01Z-00-DX1.10AA3499-6678-4DB2-9466-9CB3EA25CBB6_tiles.jsonl,TCGA-4Z-AA7N,Necrosis,585,520
TCGA-4Z-AA7N-01Z-00-DX1.10AA3499-6678-4DB2-9466-9CB3EA25CBB6_tiles.jsonl,TCGA-4Z-AA7N,Normal urothelium (benign mucosa),6243,5366
TCGA-4Z-AA7N-01Z-00-DX1.10AA3499-6678-4DB2-9466-9CB3EA25CBB6_tiles.jsonl,TCGA-4Z-AA7N,Perivesical adipose tissue (extravesical fat),16884,16324
TCGA-4Z-AA7O-01Z-00-DX1.A45C32E8-AA40-4182-8A6F-986DFE56A748_tiles.jsonl,TCGA-4Z-AA7O,Blood vessels (vasculature),8869,8246
TCGA-4Z-AA7O-01Z-00-DX1.A45C32E8-AA40-4182-8A6F-986DFE56A748_tiles.jsonl,TCGA-4Z-AA7O,Inflammatory infiltrates (immune cells),463,379
TCGA-4Z-AA7O-01Z-00-DX1.A45C32E8-AA40-4182-8A6F-986DFE56A748_tiles.jsonl,TCGA-4Z-AA7O,Invasive urothelial carcinoma (tumor),24777,24387
TCGA-4Z-AA7O-01Z-00-DX1.A45C32E8-AA40-4182-8A6F-986DFE56A748_tiles.jsonl,TCGA-4Z-AA7O,Lamina propria (fibrovascular stroma),20124,18638
TCGA-4Z-AA7O-01Z-00-DX1.A45C32E8-AA40-4182-8A6F-986DFE56A748_tiles.jsonl,TCGA-4Z-AA7O,Muscularis propria (detrusor muscle),9515,8271
TCGA-4Z-AA7O-01Z-00-DX1.A45C32E8-AA40-4182-8A6F-986DFE56A748_tiles.jsonl,TCGA-4Z-AA7O,Necrosis,126,99
TCGA-4Z-AA7O-01Z-00-DX1.A45C32E8-AA40-4182-8A6F-986DFE56A748_tiles.jsonl,TCGA-4Z-AA7O,Normal urothelium (benign mucosa),2407,1960
TCGA-4Z-AA7O-01Z-00-DX1.A45C32E8-AA40-4182-8A6F-986DFE56A748_tiles.jsonl,TCGA-4Z-AA7O,Perivesical adipose tissue (extravesical fat),5399,5159
TCGA-4Z-AA7Q-01Z-00-DX1.9C30EAED-8DE3-437C-8852-0C64B415AFA8_tiles.jsonl,TCGA-4Z-AA7Q,Blood vessels (vasculature),3681,3346
TCGA-4Z-AA7Q-01Z-00-DX1.9C30EAED-8DE3-437C-8852-0C64B415AFA8_tiles.jsonl,TCGA-4Z-AA7Q,Inflammatory infiltrates (immune cells),608,462
TCGA-4Z-AA7Q-01Z-00-DX1.9C30EAED-8DE3-437C-8852-0C64B415AFA8_tiles.jsonl,TCGA-4Z-AA7Q,Invasive urothelial carcinoma (tumor),25989,25116
TCGA-4Z-AA7Q-01Z-00-DX1.9C30EAED-8DE3-437C-8852-0C64B415AFA8_tiles.jsonl,TCGA-4Z-AA7Q,Lamina propria (fibrovascular stroma),16536,15247
TCGA-4Z-AA7Q-01Z-00-DX1.9C30EAED-8DE3-437C-8852-0C64B415AFA8_tiles.jsonl,TCGA-4Z-AA7Q,Muscularis propria (detrusor muscle),8813,7438
TCGA-4Z-AA7Q-01Z-00-DX1.9C30EAED-8DE3-437C-8852-0C64B415AFA8_tiles.jsonl,TCGA-4Z-AA7Q,Necrosis,1503,1354
TCGA-4Z-AA7Q-01Z-00-DX1.9C30EAED-8DE3-437C-8852-0C64B415AFA8_tiles.jsonl,TCGA-4Z-AA7Q,Normal urothelium (benign mucosa),2878,2469
TCGA-4Z-AA7Q-01Z-00-DX1.9C30EAED-8DE3-437C-8852-0C64B415AFA8_tiles.jsonl,TCGA-4Z-AA7Q,Perivesical adipose tissue (extravesical fat),1432,1346
TCGA-4Z-AA7R-01Z-00-DX1.8FBDAFEB-265F-4594-9069-E34BAB417FC4_tiles.jsonl,TCGA-4Z-AA7R,Blood vessels (vasculature),6503,5980
TCGA-4Z-AA7R-01Z-00-DX1.8FBDAFEB-265F-4594-9069-E34BAB417FC4_tiles.jsonl,TCGA-4Z-AA7R,Inflammatory infiltrates (immune cells),1002,854
TCGA-4Z-AA7R-01Z-00-DX1.8FBDAFEB-265F-4594-9069-E34BAB417FC4_tiles.jsonl,TCGA-4Z-AA7R,Invasive urothelial carcinoma (tumor),19964,19668
TCGA-4Z-AA7R-01Z-00-DX1.8FBDAFEB-265F-4594-9069-E34BAB417FC4_tiles.jsonl,TCGA-4Z-AA7R,Lamina propria (fibrovascular stroma),6109,5442
TCGA-4Z-AA7R-01Z-00-DX1.8FBDAFEB-265F-4594-9069-E34BAB417FC4_tiles.jsonl,TCGA-4Z-AA7R,Muscularis propria (detrusor muscle),6615,5811
TCGA-4Z-AA7R-01Z-00-DX1.8FBDAFEB-265F-4594-9069-E34BAB417FC4_tiles.jsonl,TCGA-4Z-AA7R,Necrosis,335,305
TCGA-4Z-AA7R-01Z-00-DX1.8FBDAFEB-265F-4594-9069-E34BAB417FC4_tiles.jsonl,TCGA-4Z-AA7R,Normal urothelium (benign mucosa),3221,2797
TCGA-4Z-AA7R-01Z-00-DX1.8FBDAFEB-265F-4594-9069-E34BAB417FC4_tiles.jsonl,TCGA-4Z-AA7R,Perivesical adipose tissue (extravesical fat),2331,2198
TCGA-4Z-AA7S-01Z-00-DX1.35242781-51FD-4883-A347-6EADC40E39C2_tiles.jsonl,TCGA-4Z-AA7S,Blood vessels (vasculature),9486,8837
TCGA-4Z-AA7S-01Z-00-DX1.35242781-51FD-4883-A347-6EADC40E39C2_tiles.jsonl,TCGA-4Z-AA7S,Inflammatory infiltrates (immune cells),239,174
TCGA-4Z-AA7S-01Z-00-DX1.35242781-51FD-4883-A347-6EADC40E39C2_tiles.jsonl,TCGA-4Z-AA7S,Invasive urothelial carcinoma (tumor),6084,5891
TCGA-4Z-AA7S-01Z-00-DX1.35242781-51FD-4883-A347-6EADC40E39C2_tiles.jsonl,TCGA-4Z-AA7S,Lamina propria (fibrovascular stroma),8226,7352
TCGA-4Z-AA7S-01Z-00-DX1.35242781-51FD-4883-A347-6EADC40E39C2_tiles.jsonl,TCGA-4Z-AA7S,Muscularis propria (detrusor muscle),9975,8889
TCGA-4Z-AA7S-01Z-00-DX1.35242781-51FD-4883-A347-6EADC40E39C2_tiles.jsonl,TCGA-4Z-AA7S,Necrosis,58,51
TCGA-4Z-AA7S-01Z-00-DX1.35242781-51FD-4883-A347-6EADC40E39C2_tiles.jsonl,TCGA-4Z-AA7S,Normal urothelium (benign mucosa),3410,2968
TCGA-4Z-AA7S-01Z-00-DX1.35242781-51FD-4883-A347-6EADC40E39C2_tiles.jsonl,TCGA-4Z-AA7S,Perivesical adipose tissue (extravesical fat),8602,8125
TCGA-4Z-AA7W-01Z-00-DX1.9BE6DF4E-480F-483E-8299-D949B5C09B4B_tiles.jsonl,TCGA-4Z-AA7W,Blood vessels (vasculature),8834,8109
TCGA-4Z-AA7W-01Z-00-DX1.9BE6DF4E-480F-483E-8299-D949B5C09B4B_tiles.jsonl,TCGA-4Z-AA7W,Inflammatory infiltrates (immune cells),279,191
TCGA-4Z-AA7W-01Z-00-DX1.9BE6DF4E-480F-483E-8299-D949B5C09B4B_tiles.jsonl,TCGA-4Z-AA7W,Invasive urothelial carcinoma (tumor),19534,18998
TCGA-4Z-AA7W-01Z-00-DX1.9BE6DF4E-480F-483E-8299-D949B5C09B4B_tiles.jsonl,TCGA-4Z-AA7W,Lamina propria (fibrovascular stroma),11650,10435
TCGA-4Z-AA7W-01Z-00-DX1.9BE6DF4E-480F-483E-8299-D949B5C09B4B_tiles.jsonl,TCGA-4Z-AA7W,Muscularis propria (detrusor muscle),8351,7139
TCGA-4Z-AA7W-01Z-00-DX1.9BE6DF4E-480F-483E-8299-D949B5C09B4B_tiles.jsonl,TCGA-4Z-AA7W,Necrosis,2192,2077
TCGA-4Z-AA7W-01Z-00-DX1.9BE6DF4E-480F-483E-8299-D949B5C09B4B_tiles.jsonl,TCGA-4Z-AA7W,Normal urothelium (benign mucosa),3928,3552
TCGA-4Z-AA7W-01Z-00-DX1.9BE6DF4E-480F-483E-8299-D949B5C09B4B_tiles.jsonl,TCGA-4Z-AA7W,Perivesical adipose tissue (extravesical fat),6672,6304
TCGA-4Z-AA7Y-01Z-00-DX1.5771D5DA-5163-4F6C-A99A-DA682D3F059F_tiles.jsonl,TCGA-4Z-AA7Y,Blood vessels (vasculature),12934,12001
TCGA-4Z-AA7Y-01Z-00-DX1.5771D5DA-5163-4F6C-A99A-DA682D3F059F_tiles.jsonl,TCGA-4Z-AA7Y,Inflammatory infiltrates (immune cells),534,390
TCGA-4Z-AA7Y-01Z-00-DX1.5771D5DA-5163-4F6C-A99A-DA682D3F059F_tiles.jsonl,TCGA-4Z-AA7Y,Invasive urothelial carcinoma (tumor),16488,16189
TCGA-4Z-AA7Y-01Z-00-DX1.5771D5DA-5163-4F6C-A99A-DA682D3F059F_tiles.jsonl,TCGA-4Z-AA7Y,Lamina propria (fibrovascular stroma),4301,3628
TCGA-4Z-AA7Y-01Z-00-DX1.5771D5DA-5163-4F6C-A99A-DA682D3F059F_tiles.jsonl,TCGA-4Z-AA7Y,Muscularis propria (detrusor muscle),9193,8189
TCGA-4Z-AA7Y-01Z-00-DX1.5771D5DA-5163-4F6C-A99A-DA682D3F059F_tiles.jsonl,TCGA-4Z-AA7Y,Necrosis,144,124
TCGA-4Z-AA7Y-01Z-00-DX1.5771D5DA-5163-4F6C-A99A-DA682D3F059F_tiles.jsonl,TCGA-4Z-AA7Y,Normal urothelium (benign mucosa),3613,3379
TCGA-4Z-AA7Y-01Z-00-DX1.5771D5DA-5163-4F6C-A99A-DA682D3F059F_tiles.jsonl,TCGA-4Z-AA7Y,Perivesical adipose tissue (extravesical fat),3993,3710
TCGA-4Z-AA80-01Z-00-DX1.303549D2-42A5-46C4-AD9D-D72337B416E5_tiles.jsonl,TCGA-4Z-AA80,Blood vessels (vasculature),5504,5126
TCGA-4Z-AA80-01Z-00-DX1.303549D2-42A5-46C4-AD9D-D72337B416E5_tiles.jsonl,TCGA-4Z-AA80,Inflammatory infiltrates (immune cells),625,501
TCGA-4Z-AA80-01Z-00-DX1.303549D2-42A5-46C4-AD9D-D72337B416E5_tiles.jsonl,TCGA-4Z-AA80,Invasive urothelial carcinoma (tumor),46160,45602
TCGA-4Z-AA80-01Z-00-DX1.303549D2-42A5-46C4-AD9D-D72337B416E5_tiles.jsonl,TCGA-4Z-AA80,Lamina propria (fibrovascular stroma),13834,12969
TCGA-4Z-AA80-01Z-00-DX1.303549D2-42A5-46C4-AD9D-D72337B416E5_tiles.jsonl,TCGA-4Z-AA80,Muscularis propria (detrusor muscle),6565,5765
TCGA-4Z-AA80-01Z-00-DX1.303549D2-42A5-46C4-AD9D-D72337B416E5_tiles.jsonl,TCGA-4Z-AA80,Necrosis,3217,3017
TCGA-4Z-AA80-01Z-00-DX1.303549D2-42A5-46C4-AD9D-D72337B416E5_tiles.jsonl,TCGA-4Z-AA80,Normal urothelium (benign mucosa),3905,3573
TCGA-4Z-AA80-01Z-00-DX1.303549D2-42A5-46C4-AD9D-D72337B416E5_tiles.jsonl,TCGA-4Z-AA80,Perivesical adipose tissue (extravesical fat),2110,2017
TCGA-4Z-AA81-01Z-00-DX1.797432E9-56C6-4142-9AA4-233D7C565BF1_tiles.jsonl,TCGA-4Z-AA81,Blood vessels (vasculature),5946,5491
TCGA-4Z-AA81-01Z-00-DX1.797432E9-56C6-4142-9AA4-233D7C565BF1_tiles.jsonl,TCGA-4Z-AA81,Inflammatory infiltrates (immune cells),160,102
TCGA-4Z-AA81-01Z-00-DX1.797432E9-56C6-4142-9AA4-233D7C565BF1_tiles.jsonl,TCGA-4Z-AA81,Invasive urothelial carcinoma (tumor),19872,19411
TCGA-4Z-AA81-01Z-00-DX1.797432E9-56C6-4142-9AA4-233D7C565BF1_tiles.jsonl,TCGA-4Z-AA81,Lamina propria (fibrovascular stroma),3262,2874
TCGA-4Z-AA81-01Z-00-DX1.797432E9-56C6-4142-9AA4-233D7C565BF1_tiles.jsonl,TCGA-4Z-AA81,Muscularis propria (detrusor muscle),2774,2331
TCGA-4Z-AA81-01Z-00-DX1.797432E9-56C6-4142-9AA4-233D7C565BF1_tiles.jsonl,TCGA-4Z-AA81,Necrosis,8078,7796
TCGA-4Z-AA81-01Z-00-DX1.797432E9-56C6-4142-9AA4-233D7C565BF1_tiles.jsonl,TCGA-4Z-AA81,Normal urothelium (benign mucosa),1298,1126
TCGA-4Z-AA81-01Z-00-DX1.797432E9-56C6-4142-9AA4-233D7C565BF1_tiles.jsonl,TCGA-4Z-AA81,Perivesical adipose tissue (extravesical fat),4690,4417
TCGA-4Z-AA82-01Z-00-DX1.D18C9339-88DE-48E7-9D75-1ACB95483F7D_tiles.jsonl,TCGA-4Z-AA82,Blood vessels (vasculature),10131,9381
TCGA-4Z-AA82-01Z-00-DX1.D18C9339-88DE-48E7-9D75-1ACB95483F7D_tiles.jsonl,TCGA-4Z-AA82,Inflammatory infiltrates (immune cells),2222,1808
TCGA-4Z-AA82-01Z-00-DX1.D18C9339-88DE-48E7-9D75-1ACB95483F7D_tiles.jsonl,TCGA-4Z-AA82,Invasive urothelial carcinoma (tumor),14445,13768
TCGA-4Z-AA82-01Z-00-DX1.D18C9339-88DE-48E7-9D75-1ACB95483F7D_tiles.jsonl,TCGA-4Z-AA82,Lamina propria (fibrovascular stroma),18152,16278
TCGA-4Z-AA82-01Z-00-DX1.D18C9339-88DE-48E7-9D75-1ACB95483F7D_tiles.jsonl,TCGA-4Z-AA82,Muscularis propria (detrusor muscle),16432,14405
TCGA-4Z-AA82-01Z-00-DX1.D18C9339-88DE-48E7-9D75-1ACB95483F7D_tiles.jsonl,TCGA-4Z-AA82,Necrosis,161,148
TCGA-4Z-AA82-01Z-00-DX1.D18C9339-88DE-48E7-9D75-1ACB95483F7D_tiles.jsonl,TCGA-4Z-AA82,Normal urothelium (benign mucosa),2435,2034
TCGA-4Z-AA82-01Z-00-DX1.D18C9339-88DE-48E7-9D75-1ACB95483F7D_tiles.jsonl,TCGA-4Z-AA82,Perivesical adipose tissue (extravesical fat),7702,7227
TCGA-4Z-AA83-01Z-00-DX1.432ADCAA-36B5-4F9F-B4AE-6D755805FEF5_tiles.jsonl,TCGA-4Z-AA83,Blood vessels (vasculature),15002,13878
TCGA-4Z-AA83-01Z-00-DX1.432ADCAA-36B5-4F9F-B4AE-6D755805FEF5_tiles.jsonl,TCGA-4Z-AA83,Inflammatory infiltrates (immune cells),276,212
TCGA-4Z-AA83-01Z-00-DX1.432ADCAA-36B5-4F9F-B4AE-6D755805FEF5_tiles.jsonl,TCGA-4Z-AA83,Invasive urothelial carcinoma (tumor),14111,13792
TCGA-4Z-AA83-01Z-00-DX1.432ADCAA-36B5-4F9F-B4AE-6D755805FEF5_tiles.jsonl,TCGA-4Z-AA83,Lamina propria (fibrovascular stroma),8329,7031
TCGA-4Z-AA83-01Z-00-DX1.432ADCAA-36B5-4F9F-B4AE-6D755805FEF5_tiles.jsonl,TCGA-4Z-AA83,Muscularis propria (detrusor muscle),7660,6261
TCGA-4Z-AA83-01Z-00-DX1.432ADCAA-36B5-4F9F-B4AE-6D755805FEF5_tiles.jsonl,TCGA-4Z-AA83,Necrosis,351,328
TCGA-4Z-AA83-01Z-00-DX1.432ADCAA-36B5-4F9F-B4AE-6D755805FEF5_tiles.jsonl,TCGA-4Z-AA83,Normal urothelium (benign mucosa),10276,8999
TCGA-4Z-AA83-01Z-00-DX1.432ADCAA-36B5-4F9F-B4AE-6D755805FEF5_tiles.jsonl,TCGA-4Z-AA83,Perivesical adipose tissue (extravesical fat),5435,4985
TCGA-4Z-AA84-01Z-00-DX1.604B60F3-1E19-4335-9F8D-0D6920B1ACF8_tiles.jsonl,TCGA-4Z-AA84,Blood vessels (vasculature),5281,4807
TCGA-4Z-AA84-01Z-00-DX1.604B60F3-1E19-4335-9F8D-0D6920B1ACF8_tiles.jsonl,TCGA-4Z-AA84,Inflammatory infiltrates (immune cells),251,220
TCGA-4Z-AA84-01Z-00-DX1.604B60F3-1E19-4335-9F8D-0D6920B1ACF8_tiles.jsonl,TCGA-4Z-AA84,Invasive urothelial carcinoma (tumor),26844,26320
TCGA-4Z-AA84-01Z-00-DX1.604B60F3-1E19-4335-9F8D-0D6920B1ACF8_tiles.jsonl,TCGA-4Z-AA84,Lamina propria (fibrovascular stroma),2373,2073
TCGA-4Z-AA84-01Z-00-DX1.604B60F3-1E19-4335-9F8D-0D6920B1ACF8_tiles.jsonl,TCGA-4Z-AA84,Muscularis propria (detrusor muscle),1355,1089
TCGA-4Z-AA84-01Z-00-DX1.604B60F3-1E19-4335-9F8D-0D6920B1ACF8_tiles.jsonl,TCGA-4Z-AA84,Necrosis,18788,18432
TCGA-4Z-AA84-01Z-00-DX1.604B60F3-1E19-4335-9F8D-0D6920B1ACF8_tiles.jsonl,TCGA-4Z-AA84,Normal urothelium (benign mucosa),967,865
TCGA-4Z-AA84-01Z-00-DX1.604B60F3-1E19-4335-9F8D-0D6920B1ACF8_tiles.jsonl,TCGA-4Z-AA84,Perivesical adipose tissue (extravesical fat),5581,5268
TCGA-4Z-AA86-01Z-00-DX1.C4DC6342-85A3-4F8A-BA6E-B63C554880B4_tiles.jsonl,TCGA-4Z-AA86,Blood vessels (vasculature),7860,7399
TCGA-4Z-AA86-01Z-00-DX1.C4DC6342-85A3-4F8A-BA6E-B63C554880B4_tiles.jsonl,TCGA-4Z-AA86,Inflammatory infiltrates (immune cells),132,99
TCGA-4Z-AA86-01Z-00-DX1.C4DC6342-85A3-4F8A-BA6E-B63C554880B4_tiles.jsonl,TCGA-4Z-AA86,Invasive urothelial carcinoma (tumor),11892,11481
TCGA-4Z-AA86-01Z-00-DX1.C4DC6342-85A3-4F8A-BA6E-B63C554880B4_tiles.jsonl,TCGA-4Z-AA86,Lamina propria (fibrovascular stroma),1705,1402
TCGA-4Z-AA86-01Z-00-DX1.C4DC6342-85A3-4F8A-BA6E-B63C554880B4_tiles.jsonl,TCGA-4Z-AA86,Muscularis propria (detrusor muscle),3954,3381
TCGA-4Z-AA86-01Z-00-DX1.C4DC6342-85A3-4F8A-BA6E-B63C554880B4_tiles.jsonl,TCGA-4Z-AA86,Necrosis,18532,18184
TCGA-4Z-AA86-01Z-00-DX1.C4DC6342-85A3-4F8A-BA6E-B63C554880B4_tiles.jsonl,TCGA-4Z-AA86,Normal urothelium (benign mucosa),1872,1726
TCGA-4Z-AA86-01Z-00-DX1.C4DC6342-85A3-4F8A-BA6E-B63C554880B4_tiles.jsonl,TCGA-4Z-AA86,Perivesical adipose tissue (extravesical fat),5253,5140
TCGA-4Z-AA87-01Z-00-DX1.84170458-631E-49C5-9D7F-70126388ADE3_tiles.jsonl,TCGA-4Z-AA87,Blood vessels (vasculature),3885,3523
TCGA-4Z-AA87-01Z-00-DX1.84170458-631E-49C5-9D7F-70126388ADE3_tiles.jsonl,TCGA-4Z-AA87,Inflammatory infiltrates (immune cells),1478,1194
TCGA-4Z-AA87-01Z-00-DX1.84170458-631E-49C5-9D7F-70126388ADE3_tiles.jsonl,TCGA-4Z-AA87,Invasive urothelial carcinoma (tumor),18008,17492
TCGA-4Z-AA87-01Z-00-DX1.84170458-631E-49C5-9D7F-70126388ADE3_tiles.jsonl,TCGA-4Z-AA87,Lamina propria (fibrovascular stroma),14705,13555
TCGA-4Z-AA87-01Z-00-DX1.84170458-631E-49C5-9D7F-70126388ADE3_tiles.jsonl,TCGA-4Z-AA87,Muscularis propria (detrusor muscle),6619,5844
TCGA-4Z-AA87-01Z-00-DX1.84170458-631E-49C5-9D7F-70126388ADE3_tiles.jsonl,TCGA-4Z-AA87,Necrosis,2420,2261
TCGA-4Z-AA87-01Z-00-DX1.84170458-631E-49C5-9D7F-70126388ADE3_tiles.jsonl,TCGA-4Z-AA87,Normal urothelium (benign mucosa),2070,1825
TCGA-4Z-AA87-01Z-00-DX1.84170458-631E-49C5-9D7F-70126388ADE3_tiles.jsonl,TCGA-4Z-AA87,Perivesical adipose tissue (extravesical fat),2015,1816
TCGA-4Z-AA89-01Z-00-DX1.6DD89FC0-A062-41F1-AED3-FF8975FAADF3_tiles.jsonl,TCGA-4Z-AA89,Blood vessels (vasculature),8497,7705
TCGA-4Z-AA89-01Z-00-DX1.6DD89FC0-A062-41F1-AED3-FF8975FAADF3_tiles.jsonl,TCGA-4Z-AA89,Inflammatory infiltrates (immune cells),132,83
TCGA-4Z-AA89-01Z-00-DX1.6DD89FC0-A062-41F1-AED3-FF8975FAADF3_tiles.jsonl,TCGA-4Z-AA89,Invasive urothelial carcinoma (tumor),36023,35184
TCGA-4Z-AA89-01Z-00-DX1.6DD89FC0-A062-41F1-AED3-FF8975FAADF3_tiles.jsonl,TCGA-4Z-AA89,Lamina propria (fibrovascular stroma),14395,12838
TCGA-4Z-AA89-01Z-00-DX1.6DD89FC0-A062-41F1-AED3-FF8975FAADF3_tiles.jsonl,TCGA-4Z-AA89,Muscularis propria (detrusor muscle),8126,6655
TCGA-4Z-AA89-01Z-00-DX1.6DD89FC0-A062-41F1-AED3-FF8975FAADF3_tiles.jsonl,TCGA-4Z-AA89,Necrosis,8323,8155
TCGA-4Z-AA89-01Z-00-DX1.6DD89FC0-A062-41F1-AED3-FF8975FAADF3_tiles.jsonl,TCGA-4Z-AA89,Normal urothelium (benign mucosa),4594,4251
TCGA-4Z-AA89-01Z-00-DX1.6DD89FC0-A062-41F1-AED3-FF8975FAADF3_tiles.jsonl,TCGA-4Z-AA89,Perivesical adipose tissue (extravesical fat),1830,1580
TCGA-5N-A9KI-01Z-00-DX1.1BAE5EFF-859F-4D0A-8DDC-527E2901F7D4_tiles.jsonl,TCGA-5N-A9KI,Blood vessels (vasculature),20443,18293
TCGA-5N-A9KI-01Z-00-DX1.1BAE5EFF-859F-4D0A-8DDC-527E2901F7D4_tiles.jsonl,TCGA-5N-A9KI,Inflammatory infiltrates (immune cells),620,468
TCGA-5N-A9KI-01Z-00-DX1.1BAE5EFF-859F-4D0A-8DDC-527E2901F7D4_tiles.jsonl,TCGA-5N-A9KI,Invasive urothelial carcinoma (tumor),36961,35429
TCGA-5N-A9KI-01Z-00-DX1.1BAE5EFF-859F-4D0A-8DDC-527E2901F7D4_tiles.jsonl,TCGA-5N-A9KI,Lamina propria (fibrovascular stroma),10816,9220
TCGA-5N-A9KI-01Z-00-DX1.1BAE5EFF-859F-4D0A-8DDC-527E2901F7D4_tiles.jsonl,TCGA-5N-A9KI,Muscularis propria (detrusor muscle),6138,4846
TCGA-5N-A9KI-01Z-00-DX1.1BAE5EFF-859F-4D0A-8DDC-527E2901F7D4_tiles.jsonl,TCGA-5N-A9KI,Necrosis,4707,4007
TCGA-5N-A9KI-01Z-00-DX1.1BAE5EFF-859F-4D0A-8DDC-527E2901F7D4_tiles.jsonl,TCGA-5N-A9KI,Normal urothelium (benign mucosa),3006,2575
TCGA-5N-A9KI-01Z-00-DX1.1BAE5EFF-859F-4D0A-8DDC-527E2901F7D4_tiles.jsonl,TCGA-5N-A9KI,Perivesical adipose tissue (extravesical fat),29949,28426
TCGA-BL-A0C8-01Z-00-DX1.E7FC7156-EF0C-4C79-93D1-1345ADB36A45_tiles.jsonl,TCGA-BL-A0C8,Blood vessels (vasculature),6802,6528
TCGA-BL-A0C8-01Z-00-DX1.E7FC7156-EF0C-4C79-93D1-1345ADB36A45_tiles.jsonl,TCGA-BL-A0C8,Inflammatory infiltrates (immune cells),348,265
TCGA-BL-A0C8-01Z-00-DX1.E7FC7156-EF0C-4C79-93D1-1345ADB36A45_tiles.jsonl,TCGA-BL-A0C8,Invasive urothelial carcinoma (tumor),3663,3575
TCGA-BL-A0C8-01Z-00-DX1.E7FC7156-EF0C-4C79-93D1-1345ADB36A45_tiles.jsonl,TCGA-BL-A0C8,Lamina propria (fibrovascular stroma),189,135
TCGA-BL-A0C8-01Z-00-DX1.E7FC7156-EF0C-4C79-93D1-1345ADB36A45_tiles.jsonl,TCGA-BL-A0C8,Muscularis propria (detrusor muscle),1286,1046
TCGA-BL-A0C8-01Z-00-DX1.E7FC7156-EF0C-4C79-93D1-1345ADB36A45_tiles.jsonl,TCGA-BL-A0C8,Necrosis,1656,1500
TCGA-BL-A0C8-01Z-00-DX1.E7FC7156-EF0C-4C79-93D1-1345ADB36A45_tiles.jsonl,TCGA-BL-A0C8,Normal urothelium (benign mucosa),11594,11070
TCGA-BL-A0C8-01Z-00-DX1.E7FC7156-EF0C-4C79-93D1-1345ADB36A45_tiles.jsonl,TCGA-BL-A0C8,Perivesical adipose tissue (extravesical fat),62,51
TCGA-BL-A13I-01Z-00-DX1.D08284EF-2E42-44FE-A3B9-BEF64076A86E_tiles.jsonl,TCGA-BL-A13I,Blood vessels (vasculature),5039,4743
TCGA-BL-A13I-01Z-00-DX1.D08284EF-2E42-44FE-A3B9-BEF64076A86E_tiles.jsonl,TCGA-BL-A13I,Inflammatory infiltrates (immune cells),645,534
TCGA-BL-A13I-01Z-00-DX1.D08284EF-2E42-44FE-A3B9-BEF64076A86E_tiles.jsonl,TCGA-BL-A13I,Invasive urothelial carcinoma (tumor),9544,9196
TCGA-BL-A13I-01Z-00-DX1.D08284EF-2E42-44FE-A3B9-BEF64076A86E_tiles.jsonl,TCGA-BL-A13I,Lamina propria (fibrovascular stroma),823,694
TCGA-BL-A13I-01Z-00-DX1.D08284EF-2E42-44FE-A3B9-BEF64076A86E_tiles.jsonl,TCGA-BL-A13I,Muscularis propria (detrusor muscle),209,143
TCGA-BL-A13I-01Z-00-DX1.D08284EF-2E42-44FE-A3B9-BEF64076A86E_tiles.jsonl,TCGA-BL-A13I,Necrosis,1459,1358
TCGA-BL-A13I-01Z-00-DX1.D08284EF-2E42-44FE-A3B9-BEF64076A86E_tiles.jsonl,TCGA-BL-A13I,Normal urothelium (benign mucosa),2432,2231
TCGA-BL-A13I-01Z-00-DX1.D08284EF-2E42-44FE-A3B9-BEF64076A86E_tiles.jsonl,TCGA-BL-A13I,Perivesical adipose tissue (extravesical fat),329,287
TCGA-BL-A13J-01Z-00-DX1.F2AFDD81-C88A-45EA-AC10-D9B38E878019_tiles.jsonl,TCGA-BL-A13J,Blood vessels (vasculature),1495,1360
TCGA-BL-A13J-01Z-00-DX1.F2AFDD81-C88A-45EA-AC10-D9B38E878019_tiles.jsonl,TCGA-BL-A13J,Inflammatory infiltrates (immune cells),65,52
TCGA-BL-A13J-01Z-00-DX1.F2AFDD81-C88A-45EA-AC10-D9B38E878019_tiles.jsonl,TCGA-BL-A13J,Invasive urothelial carcinoma (tumor),5278,5101
TCGA-BL-A13J-01Z-00-DX1.F2AFDD81-C88A-45EA-AC10-D9B38E878019_tiles.jsonl,TCGA-BL-A13J,Lamina propria (fibrovascular stroma),1045,906
TCGA-BL-A13J-01Z-00-DX1.F2AFDD81-C88A-45EA-AC10-D9B38E878019_tiles.jsonl,TCGA-BL-A13J,Muscularis propria (detrusor muscle),664,556
TCGA-BL-A13J-01Z-00-DX1.F2AFDD81-C88A-45EA-AC10-D9B38E878019_tiles.jsonl,TCGA-BL-A13J,Necrosis,78,64
TCGA-BL-A13J-01Z-00-DX1.F2AFDD81-C88A-45EA-AC10-D9B38E878019_tiles.jsonl,TCGA-BL-A13J,Normal urothelium (benign mucosa),1252,1151
TCGA-BL-A13J-01Z-00-DX1.F2AFDD81-C88A-45EA-AC10-D9B38E878019_tiles.jsonl,TCGA-BL-A13J,Perivesical adipose tissue (extravesical fat),363,316
TCGA-BL-A3JM-01Z-00-DX1.33E53972-CEA4-4D84-A5D2-7DAD7B0C27F8_tiles.jsonl,TCGA-BL-A3JM,Blood vessels (vasculature),339,280
TCGA-BL-A3JM-01Z-00-DX1.33E53972-CEA4-4D84-A5D2-7DAD7B0C27F8_tiles.jsonl,TCGA-BL-A3JM,Inflammatory infiltrates (immune cells),141,92
TCGA-BL-A3JM-01Z-00-DX1.33E53972-CEA4-4D84-A5D2-7DAD7B0C27F8_tiles.jsonl,TCGA-BL-A3JM,Invasive urothelial carcinoma (tumor),1646,1550
TCGA-BL-A3JM-01Z-00-DX1.33E53972-CEA4-4D84-A5D2-7DAD7B0C27F8_tiles.jsonl,TCGA-BL-A3JM,Lamina propria (fibrovascular stroma),180,131
TCGA-BL-A3JM-01Z-00-DX1.33E53972-CEA4-4D84-A5D2-7DAD7B0C27F8_tiles.jsonl,TCGA-BL-A3JM,Muscularis propria (detrusor muscle),545,418
TCGA-BL-A3JM-01Z-00-DX1.33E53972-CEA4-4D84-A5D2-7DAD7B0C27F8_tiles.jsonl,TCGA-BL-A3JM,Necrosis,75,70
TCGA-BL-A3JM-01Z-00-DX1.33E53972-CEA4-4D84-A5D2-7DAD7B0C27F8_tiles.jsonl,TCGA-BL-A3JM,Normal urothelium (benign mucosa),889,757
TCGA-BL-A3JM-01Z-00-DX1.33E53972-CEA4-4D84-A5D2-7DAD7B0C27F8_tiles.jsonl,TCGA-BL-A3JM,Perivesical adipose tissue (extravesical fat),1106,1078
TCGA-BL-A5ZZ-01Z-00-DX1.4CF32B22-118E-4570-B341-0F35258329E6_tiles.jsonl,TCGA-BL-A5ZZ,Blood vessels (vasculature),5333,4965
TCGA-BL-A5ZZ-01Z-00-DX1.4CF32B22-118E-4570-B341-0F35258329E6_tiles.jsonl,TCGA-BL-A5ZZ,Inflammatory infiltrates (immune cells),310,237
TCGA-BL-A5ZZ-01Z-00-DX1.4CF32B22-118E-4570-B341-0F35258329E6_tiles.jsonl,TCGA-BL-A5ZZ,Invasive urothelial carcinoma (tumor),2685,2553
TCGA-BL-A5ZZ-01Z-00-DX1.4CF32B22-118E-4570-B341-0F35258329E6_tiles.jsonl,TCGA-BL-A5ZZ,Lamina propria (fibrovascular stroma),22,17
TCGA-BL-A5ZZ-01Z-00-DX1.4CF32B22-118E-4570-B341-0F35258329E6_tiles.jsonl,TCGA-BL-A5ZZ,Muscularis propria (detrusor muscle),119,88
TCGA-BL-A5ZZ-01Z-00-DX1.4CF32B22-118E-4570-B341-0F35258329E6_tiles.jsonl,TCGA-BL-A5ZZ,Necrosis,12043,11632
TCGA-BL-A5ZZ-01Z-00-DX1.4CF32B22-118E-4570-B341-0F35258329E6_tiles.jsonl,TCGA-BL-A5ZZ,Normal urothelium (benign mucosa),9582,9024
TCGA-BL-A5ZZ-01Z-00-DX1.4CF32B22-118E-4570-B341-0F35258329E6_tiles.jsonl,TCGA-BL-A5ZZ,Perivesical adipose tissue (extravesical fat),626,527
TCGA-BT-A0S7-01Z-00-DX1.32588823-EE4E-4F55-B586-29E8E9D98EDE_tiles.jsonl,TCGA-BT-A0S7,Blood vessels (vasculature),8378,7719
TCGA-BT-A0S7-01Z-00-DX1.32588823-EE4E-4F55-B586-29E8E9D98EDE_tiles.jsonl,TCGA-BT-A0S7,Inflammatory infiltrates (immune cells),200,153
TCGA-BT-A0S7-01Z-00-DX1.32588823-EE4E-4F55-B586-29E8E9D98EDE_tiles.jsonl,TCGA-BT-A0S7,Invasive urothelial carcinoma (tumor),58035,57098
TCGA-BT-A0S7-01Z-00-DX1.32588823-EE4E-4F55-B586-29E8E9D98EDE_tiles.jsonl,TCGA-BT-A0S7,Lamina propria (fibrovascular stroma),2095,1566
TCGA-BT-A0S7-01Z-00-DX1.32588823-EE4E-4F55-B586-29E8E9D98EDE_tiles.jsonl,TCGA-BT-A0S7,Muscularis propria (detrusor muscle),12661,11385
TCGA-BT-A0S7-01Z-00-DX1.32588823-EE4E-4F55-B586-29E8E9D98EDE_tiles.jsonl,TCGA-BT-A0S7,Necrosis,8911,8708
TCGA-BT-A0S7-01Z-00-DX1.32588823-EE4E-4F55-B586-29E8E9D98EDE_tiles.jsonl,TCGA-BT-A0S7,Normal urothelium (benign mucosa),3179,2786
TCGA-BT-A0S7-01Z-00-DX1.32588823-EE4E-4F55-B586-29E8E9D98EDE_tiles.jsonl,TCGA-BT-A0S7,Perivesical adipose tissue (extravesical fat),3821,3628
TCGA-BT-A0YX-01Z-00-DX1.B28C49EA-BF1C-44D8-B9A0-DC0A6172702E_tiles.jsonl,TCGA-BT-A0YX,Blood vessels (vasculature),6475,6055
TCGA-BT-A0YX-01Z-00-DX1.B28C49EA-BF1C-44D8-B9A0-DC0A6172702E_tiles.jsonl,TCGA-BT-A0YX,Inflammatory infiltrates (immune cells),1019,846
TCGA-BT-A0YX-01Z-00-DX1.B28C49EA-BF1C-44D8-B9A0-DC0A6172702E_tiles.jsonl,TCGA-BT-A0YX,Invasive urothelial carcinoma (tumor),37623,36987
TCGA-BT-A0YX-01Z-00-DX1.B28C49EA-BF1C-44D8-B9A0-DC0A6172702E_tiles.jsonl,TCGA-BT-A0YX,Lamina propria (fibrovascular stroma),11306,10254
TCGA-BT-A0YX-01Z-00-DX1.B28C49EA-BF1C-44D8-B9A0-DC0A6172702E_tiles.jsonl,TCGA-BT-A0YX,Muscularis propria (detrusor muscle),5531,4655
TCGA-BT-A0YX-01Z-00-DX1.B28C49EA-BF1C-44D8-B9A0-DC0A6172702E_tiles.jsonl,TCGA-BT-A0YX,Necrosis,1650,1545
TCGA-BT-A0YX-01Z-00-DX1.B28C49EA-BF1C-44D8-B9A0-DC0A6172702E_tiles.jsonl,TCGA-BT-A0YX,Normal urothelium (benign mucosa),5139,4578
TCGA-BT-A0YX-01Z-00-DX1.B28C49EA-BF1C-44D8-B9A0-DC0A6172702E_tiles.jsonl,TCGA-BT-A0YX,Perivesical adipose tissue (extravesical fat),2937,2848
TCGA-BT-A20J-01Z-00-DX1.EB1BC7DB-9BF1-467D-B897-9BA2130320CB_tiles.jsonl,TCGA-BT-A20J,Blood vessels (vasculature),7892,7339
TCGA-BT-A20J-01Z-00-DX1.EB1BC7DB-9BF1-467D-B897-9BA2130320CB_tiles.jsonl,TCGA-BT-A20J,Inflammatory infiltrates (immune cells),269,218
TCGA-BT-A20J-01Z-00-DX1.EB1BC7DB-9BF1-467D-B897-9BA2130320CB_tiles.jsonl,TCGA-BT-A20J,Invasive urothelial carcinoma (tumor),4148,3978
TCGA-BT-A20J-01Z-00-DX1.EB1BC7DB-9BF1-467D-B897-9BA2130320CB_tiles.jsonl,TCGA-BT-A20J,Lamina propria (fibrovascular stroma),4591,4004
TCGA-BT-A20J-01Z-00-DX1.EB1BC7DB-9BF1-467D-B897-9BA2130320CB_tiles.jsonl,TCGA-BT-A20J,Muscularis propria (detrusor muscle),2424,1937
TCGA-BT-A20J-01Z-00-DX1.EB1BC7DB-9BF1-467D-B897-9BA2130320CB_tiles.jsonl,TCGA-BT-A20J,Necrosis,751,675
TCGA-BT-A20J-01Z-00-DX1.EB1BC7DB-9BF1-467D-B897-9BA2130320CB_tiles.jsonl,TCGA-BT-A20J,Normal urothelium (benign mucosa),3198,2844
TCGA-BT-A20J-01Z-00-DX1.EB1BC7DB-9BF1-467D-B897-9BA2130320CB_tiles.jsonl,TCGA-BT-A20J,Perivesical adipose tissue (extravesical fat),7447,7144
TCGA-BT-A20N-01Z-00-DX1.0FB9D7FF-BDF5-4768-A6F3-D8D16A899772_tiles.jsonl,TCGA-BT-A20N,Blood vessels (vasculature),14906,13869
TCGA-BT-A20N-01Z-00-DX1.0FB9D7FF-BDF5-4768-A6F3-D8D16A899772_tiles.jsonl,TCGA-BT-A20N,Inflammatory infiltrates (immune cells),323,236
TCGA-BT-A20N-01Z-00-DX1.0FB9D7FF-BDF5-4768-A6F3-D8D16A899772_tiles.jsonl,TCGA-BT-A20N,Invasive urothelial carcinoma (tumor),23681,23180
TCGA-BT-A20N-01Z-00-DX1.0FB9D7FF-BDF5-4768-A6F3-D8D16A899772_tiles.jsonl,TCGA-BT-A20N,Lamina propria (fibrovascular stroma),7117,6021
TCGA-BT-A20N-01Z-00-DX1.0FB9D7FF-BDF5-4768-A6F3-D8D16A899772_tiles.jsonl,TCGA-BT-A20N,Muscularis propria (detrusor muscle),5386,4446
TCGA-BT-A20N-01Z-00-DX1.0FB9D7FF-BDF5-4768-A6F3-D8D16A899772_tiles.jsonl,TCGA-BT-A20N,Necrosis,3558,3363
TCGA-BT-A20N-01Z-00-DX1.0FB9D7FF-BDF5-4768-A6F3-D8D16A899772_tiles.jsonl,TCGA-BT-A20N,Normal urothelium (benign mucosa),1237,961
TCGA-BT-A20N-01Z-00-DX1.0FB9D7FF-BDF5-4768-A6F3-D8D16A899772_tiles.jsonl,TCGA-BT-A20N,Perivesical adipose tissue (extravesical fat),5232,4978
TCGA-BT-A20O-01Z-00-DX1.BD64154E-5CB0-4088-94CC-C48C036E3715_tiles.jsonl,TCGA-BT-A20O,Blood vessels (vasculature),1654,1528
TCGA-BT-A20O-01Z-00-DX1.BD64154E-5CB0-4088-94CC-C48C036E3715_tiles.jsonl,TCGA-BT-A20O,Inflammatory infiltrates (immune cells),363,284
TCGA-BT-A20O-01Z-00-DX1.BD64154E-5CB0-4088-94CC-C48C036E3715_tiles.jsonl,TCGA-BT-A20O,Invasive urothelial carcinoma (tumor),17522,17120
TCGA-BT-A20O-01Z-00-DX1.BD64154E-5CB0-4088-94CC-C48C036E3715_tiles.jsonl,TCGA-BT-A20O,Lamina propria (fibrovascular stroma),3776,3366
TCGA-BT-A20O-01Z-00-DX1.BD64154E-5CB0-4088-94CC-C48C036E3715_tiles.jsonl,TCGA-BT-A20O,Muscularis propria (detrusor muscle),8414,7799
TCGA-BT-A20O-01Z-00-DX1.BD64154E-5CB0-4088-94CC-C48C036E3715_tiles.jsonl,TCGA-BT-A20O,Necrosis,3009,2857
TCGA-BT-A20O-01Z-00-DX1.BD64154E-5CB0-4088-94CC-C48C036E3715_tiles.jsonl,TCGA-BT-A20O,Normal urothelium (benign mucosa),1134,1003
TCGA-BT-A20O-01Z-00-DX1.BD64154E-5CB0-4088-94CC-C48C036E3715_tiles.jsonl,TCGA-BT-A20O,Perivesical adipose tissue (extravesical fat),5088,5040
TCGA-BT-A20P-01Z-00-DX1.721A7D6B-C9F3-4A70-8E84-EA2556349AE1_tiles.jsonl,TCGA-BT-A20P,Blood vessels (vasculature),11637,10872
TCGA-BT-A20P-01Z-00-DX1.721A7D6B-C9F3-4A70-8E84-EA2556349AE1_tiles.jsonl,TCGA-BT-A20P,Inflammatory infiltrates (immune cells),777,601
TCGA-BT-A20P-01Z-00-DX1.721A7D6B-C9F3-4A70-8E84-EA2556349AE1_tiles.jsonl,TCGA-BT-A20P,Invasive urothelial carcinoma (tumor),12427,12151
TCGA-BT-A20P-01Z-00-DX1.721A7D6B-C9F3-4A70-8E84-EA2556349AE1_tiles.jsonl,TCGA-BT-A20P,Lamina propria (fibrovascular stroma),15097,13826
TCGA-BT-A20P-01Z-00-DX1.721A7D6B-C9F3-4A70-8E84-EA2556349AE1_tiles.jsonl,TCGA-BT-A20P,Muscularis propria (detrusor muscle),9940,8667
TCGA-BT-A20P-01Z-00-DX1.721A7D6B-C9F3-4A70-8E84-EA2556349AE1_tiles.jsonl,TCGA-BT-A20P,Necrosis,545,516
TCGA-BT-A20P-01Z-00-DX1.721A7D6B-C9F3-4A70-8E84-EA2556349AE1_tiles.jsonl,TCGA-BT-A20P,Normal urothelium (benign mucosa),2884,2442
TCGA-BT-A20P-01Z-00-DX1.721A7D6B-C9F3-4A70-8E84-EA2556349AE1_tiles.jsonl,TCGA-BT-A20P,Perivesical adipose tissue (extravesical fat),3013,2677
TCGA-BT-A20Q-01Z-00-DX1.BFF3D35C-CB0C-49C3-8D35-D5C84E133B49_tiles.jsonl,TCGA-BT-A20Q,Blood vessels (vasculature),6645,5922
TCGA-BT-A20Q-01Z-00-DX1.BFF3D35C-CB0C-49C3-8D35-D5C84E133B49_tiles.jsonl,TCGA-BT-A20Q,Inflammatory infiltrates (immune cells),1115,845
TCGA-BT-A20Q-01Z-00-DX1.BFF3D35C-CB0C-49C3-8D35-D5C84E133B49_tiles.jsonl,TCGA-BT-A20Q,Invasive urothelial carcinoma (tumor),25194,24425
TCGA-BT-A20Q-01Z-00-DX1.BFF3D35C-CB0C-49C3-8D35-D5C84E133B49_tiles.jsonl,TCGA-BT-A20Q,Lamina propria (fibrovascular stroma),10305,8895
TCGA-BT-A20Q-01Z-00-DX1.BFF3D35C-CB0C-49C3-8D35-D5C84E133B49_tiles.jsonl,TCGA-BT-A20Q,Muscularis propria (detrusor muscle),20787,18530
TCGA-BT-A20Q-01Z-00-DX1.BFF3D35C-CB0C-49C3-8D35-D5C84E133B49_tiles.jsonl,TCGA-BT-A20Q,Necrosis,429,371
TCGA-BT-A20Q-01Z-00-DX1.BFF3D35C-CB0C-49C3-8D35-D5C84E133B49_tiles.jsonl,TCGA-BT-A20Q,Normal urothelium (benign mucosa),3083,2510
TCGA-BT-A20Q-01Z-00-DX1.BFF3D35C-CB0C-49C3-8D35-D5C84E133B49_tiles.jsonl,TCGA-BT-A20Q,Perivesical adipose tissue (extravesical fat),4122,3841
TCGA-BT-A20R-01Z-00-DX1.38320FC0-F1E5-401B-9336-D77796456B30_tiles.jsonl,TCGA-BT-A20R,Blood vessels (vasculature),7721,7247
TCGA-BT-A20R-01Z-00-DX1.38320FC0-F1E5-401B-9336-D77796456B30_tiles.jsonl,TCGA-BT-A20R,Inflammatory infiltrates (immune cells),465,351
TCGA-BT-A20R-01Z-00-DX1.38320FC0-F1E5-401B-9336-D77796456B30_tiles.jsonl,TCGA-BT-A20R,Invasive urothelial carcinoma (tumor),25997,25604
TCGA-BT-A20R-01Z-00-DX1.38320FC0-F1E5-401B-9336-D77796456B30_tiles.jsonl,TCGA-BT-A20R,Lamina propria (fibrovascular stroma),8148,7494
TCGA-BT-A20R-01Z-00-DX1.38320FC0-F1E5-401B-9336-D77796456B30_tiles.jsonl,TCGA-BT-A20R,Muscularis propria (detrusor muscle),4642,3932
TCGA-BT-A20R-01Z-00-DX1.38320FC0-F1E5-401B-9336-D77796456B30_tiles.jsonl,TCGA-BT-A20R,Necrosis,53,41
TCGA-BT-A20R-01Z-00-DX1.38320FC0-F1E5-401B-9336-D77796456B30_tiles.jsonl,TCGA-BT-A20R,Normal urothelium (benign mucosa),1309,1078
TCGA-BT-A20R-01Z-00-DX1.38320FC0-F1E5-401B-9336-D77796456B30_tiles.jsonl,TCGA-BT-A20R,Perivesical adipose tissue (extravesical fat),2865,2714
TCGA-BT-A20T-01Z-00-DX1.96460E53-65E0-425F-B079-939D7AA537BE_tiles.jsonl,TCGA-BT-A20T,Blood vessels (vasculature),8509,7946
TCGA-BT-A20T-01Z-00-DX1.96460E53-65E0-425F-B079-939D7AA537BE_tiles.jsonl,TCGA-BT-A20T,Inflammatory infiltrates (immune cells),820,674
TCGA-BT-A20T-01Z-00-DX1.96460E53-65E0-425F-B079-939D7AA537BE_tiles.jsonl,TCGA-BT-A20T,Invasive urothelial carcinoma (tumor),16968,16609
TCGA-BT-A20T-01Z-00-DX1.96460E53-65E0-425F-B079-939D7AA537BE_tiles.jsonl,TCGA-BT-A20T,Lamina propria (fibrovascular stroma),12472,11400
TCGA-BT-A20T-01Z-00-DX1.96460E53-65E0-425F-B079-939D7AA537BE_tiles.jsonl,TCGA-BT-A20T,Muscularis propria (detrusor muscle),5188,4491
TCGA-BT-A20T-01Z-00-DX1.96460E53-65E0-425F-B079-939D7AA537BE_tiles.jsonl,TCGA-BT-A20T,Necrosis,66,58
TCGA-BT-A20T-01Z-00-DX1.96460E53-65E0-425F-B079-939D7AA537BE_tiles.jsonl,TCGA-BT-A20T,Normal urothelium (benign mucosa),1884,1675
TCGA-BT-A20T-01Z-00-DX1.96460E53-65E0-425F-B079-939D7AA537BE_tiles.jsonl,TCGA-BT-A20T,Perivesical adipose tissue (extravesical fat),5293,4923
TCGA-BT-A20U-01Z-00-DX1.C2FDF7E9-3391-44E8-9E84-C5EA8EB4AB4C_tiles.jsonl,TCGA-BT-A20U,Blood vessels (vasculature),5618,5068
TCGA-BT-A20U-01Z-00-DX1.C2FDF7E9-3391-44E8-9E84-C5EA8EB4AB4C_tiles.jsonl,TCGA-BT-A20U,Inflammatory infiltrates (immune cells),964,724
TCGA-BT-A20U-01Z-00-DX1.C2FDF7E9-3391-44E8-9E84-C5EA8EB4AB4C_tiles.jsonl,TCGA-BT-A20U,Invasive urothelial carcinoma (tumor),61524,60198
TCGA-BT-A20U-01Z-00-DX1.C2FDF7E9-3391-44E8-9E84-C5EA8EB4AB4C_tiles.jsonl,TCGA-BT-A20U,Lamina propria (fibrovascular stroma),17079,14967
TCGA-BT-A20U-01Z-00-DX1.C2FDF7E9-3391-44E8-9E84-C5EA8EB4AB4C_tiles.jsonl,TCGA-BT-A20U,Muscularis propria (detrusor muscle),10435,8746
TCGA-BT-A20U-01Z-00-DX1.C2FDF7E9-3391-44E8-9E84-C5EA8EB4AB4C_tiles.jsonl,TCGA-BT-A20U,Necrosis,4029,3767
TCGA-BT-A20U-01Z-00-DX1.C2FDF7E9-3391-44E8-9E84-C5EA8EB4AB4C_tiles.jsonl,TCGA-BT-A20U,Normal urothelium (benign mucosa),5966,5578
TCGA-BT-A20U-01Z-00-DX1.C2FDF7E9-3391-44E8-9E84-C5EA8EB4AB4C_tiles.jsonl,TCGA-BT-A20U,Perivesical adipose tissue (extravesical fat),1905,1741
TCGA-BT-A20W-01Z-00-DX1.26F73765-704B-4D81-923D-F20860A3EFFC_tiles.jsonl,TCGA-BT-A20W,Blood vessels (vasculature),27021,25305
TCGA-BT-A20W-01Z-00-DX1.26F73765-704B-4D81-923D-F20860A3EFFC_tiles.jsonl,TCGA-BT-A20W,Inflammatory infiltrates (immune cells),476,365
TCGA-BT-A20W-01Z-00-DX1.26F73765-704B-4D81-923D-F20860A3EFFC_tiles.jsonl,TCGA-BT-A20W,Invasive urothelial carcinoma (tumor),4310,4117
TCGA-BT-A20W-01Z-00-DX1.26F73765-704B-4D81-923D-F20860A3EFFC_tiles.jsonl,TCGA-BT-A20W,Lamina propria (fibrovascular stroma),14772,12994
TCGA-BT-A20W-01Z-00-DX1.26F73765-704B-4D81-923D-F20860A3EFFC_tiles.jsonl,TCGA-BT-A20W,Muscularis propria (detrusor muscle),7868,6411
TCGA-BT-A20W-01Z-00-DX1.26F73765-704B-4D81-923D-F20860A3EFFC_tiles.jsonl,TCGA-BT-A20W,Necrosis,54,46
TCGA-BT-A20W-01Z-00-DX1.26F73765-704B-4D81-923D-F20860A3EFFC_tiles.jsonl,TCGA-BT-A20W,Normal urothelium (benign mucosa),6975,5834
TCGA-BT-A20W-01Z-00-DX1.26F73765-704B-4D81-923D-F20860A3EFFC_tiles.jsonl,TCGA-BT-A20W,Perivesical adipose tissue (extravesical fat),5084,4584
TCGA-BT-A2LA-01Z-00-DX1.B76379CE-99AB-4598-B55B-0FA800B8DB74_tiles.jsonl,TCGA-BT-A2LA,Blood vessels (vasculature),7068,6388
TCGA-BT-A2LA-01Z-00-DX1.B76379CE-99AB-4598-B55B-0FA800B8DB74_tiles.jsonl,TCGA-BT-A2LA,Inflammatory infiltrates (immune cells),62,50
TCGA-BT-A2LA-01Z-00-DX1.B76379CE-99AB-4598-B55B-0FA800B8DB74_tiles.jsonl,TCGA-BT-A2LA,Invasive urothelial carcinoma (tumor),19322,18941
TCGA-BT-A2LA-01Z-00-DX1.B76379CE-99AB-4598-B55B-0FA800B8DB74_tiles.jsonl,TCGA-BT-A2LA,Lamina propria (fibrovascular stroma),6546,5766
TCGA-BT-A2LA-01Z-00-DX1.B76379CE-99AB-4598-B55B-0FA800B8DB74_tiles.jsonl,TCGA-BT-A2LA,Muscularis propria (detrusor muscle),3619,2978
TCGA-BT-A2LA-01Z-00-DX1.B76379CE-99AB-4598-B55B-0FA800B8DB74_tiles.jsonl,TCGA-BT-A2LA,Necrosis,323,292
TCGA-BT-A2LA-01Z-00-DX1.B76379CE-99AB-4598-B55B-0FA800B8DB74_tiles.jsonl,TCGA-BT-A2LA,Normal urothelium (benign mucosa),3971,3411
TCGA-BT-A2LA-01Z-00-DX1.B76379CE-99AB-4598-B55B-0FA800B8DB74_tiles.jsonl,TCGA-BT-A2LA,Perivesical adipose tissue (extravesical fat),5169,4963
TCGA-BT-A2LB-01Z-00-DX1.046294E0-4665-41B8-9B95-1A166163EC99_tiles.jsonl,TCGA-BT-A2LB,Blood vessels (vasculature),8500,7827
TCGA-BT-A2LB-01Z-00-DX1.046294E0-4665-41B8-9B95-1A166163EC99_tiles.jsonl,TCGA-BT-A2LB,Inflammatory infiltrates (immune cells),707,545
TCGA-BT-A2LB-01Z-00-DX1.046294E0-4665-41B8-9B95-1A166163EC99_tiles.jsonl,TCGA-BT-A2LB,Invasive urothelial carcinoma (tumor),18891,18348
TCGA-BT-A2LB-01Z-00-DX1.046294E0-4665-41B8-9B95-1A166163EC99_tiles.jsonl,TCGA-BT-A2LB,Lamina propria (fibrovascular stroma),9311,8197
TCGA-BT-A2LB-01Z-00-DX1.046294E0-4665-41B8-9B95-1A166163EC99_tiles.jsonl,TCGA-BT-A2LB,Muscularis propria (detrusor muscle),4556,3711
TCGA-BT-A2LB-01Z-00-DX1.046294E0-4665-41B8-9B95-1A166163EC99_tiles.jsonl,TCGA-BT-A2LB,Necrosis,396,339
TCGA-BT-A2LB-01Z-00-DX1.046294E0-4665-41B8-9B95-1A166163EC99_tiles.jsonl,TCGA-BT-A2LB,Normal urothelium (benign mucosa),4371,3842
TCGA-BT-A2LB-01Z-00-DX1.046294E0-4665-41B8-9B95-1A166163EC99_tiles.jsonl,TCGA-BT-A2LB,Perivesical adipose tissue (extravesical fat),14708,14239
TCGA-BT-A2LD-01Z-00-DX1.A2AEDD2E-481A-401B-BDD7-5D680B5E36E9_tiles.jsonl,TCGA-BT-A2LD,Blood vessels (vasculature),15526,14352
TCGA-BT-A2LD-01Z-00-DX1.A2AEDD2E-481A-401B-BDD7-5D680B5E36E9_tiles.jsonl,TCGA-BT-A2LD,Inflammatory infiltrates (immune cells),830,683
TCGA-BT-A2LD-01Z-00-DX1.A2AEDD2E-481A-401B-BDD7-5D680B5E36E9_tiles.jsonl,TCGA-BT-A2LD,Invasive urothelial carcinoma (tumor),7065,6841
TCGA-BT-A2LD-01Z-00-DX1.A2AEDD2E-481A-401B-BDD7-5D680B5E36E9_tiles.jsonl,TCGA-BT-A2LD,Lamina propria (fibrovascular stroma),7518,6537
TCGA-BT-A2LD-01Z-00-DX1.A2AEDD2E-481A-401B-BDD7-5D680B5E36E9_tiles.jsonl,TCGA-BT-A2LD,Muscularis propria (detrusor muscle),2230,1602
TCGA-BT-A2LD-01Z-00-DX1.A2AEDD2E-481A-401B-BDD7-5D680B5E36E9_tiles.jsonl,TCGA-BT-A2LD,Necrosis,213,182
TCGA-BT-A2LD-01Z-00-DX1.A2AEDD2E-481A-401B-BDD7-5D680B5E36E9_tiles.jsonl,TCGA-BT-A2LD,Normal urothelium (benign mucosa),11377,10258
TCGA-BT-A2LD-01Z-00-DX1.A2AEDD2E-481A-401B-BDD7-5D680B5E36E9_tiles.jsonl,TCGA-BT-A2LD,Perivesical adipose tissue (extravesical fat),6441,6062
TCGA-BT-A3PH-01Z-00-DX1.18FB196C-9F66-4676-81DC-F58A0A5577D8_tiles.jsonl,TCGA-BT-A3PH,Blood vessels (vasculature),4164,3840
TCGA-BT-A3PH-01Z-00-DX1.18FB196C-9F66-4676-81DC-F58A0A5577D8_tiles.jsonl,TCGA-BT-A3PH,Inflammatory infiltrates (immune cells),114,73
TCGA-BT-A3PH-01Z-00-DX1.18FB196C-9F66-4676-81DC-F58A0A5577D8_tiles.jsonl,TCGA-BT-A3PH,Invasive urothelial carcinoma (tumor),18360,17928
TCGA-BT-A3PH-01Z-00-DX1.18FB196C-9F66-4676-81DC-F58A0A5577D8_tiles.jsonl,TCGA-BT-A3PH,Lamina propria (fibrovascular stroma),4163,3581
TCGA-BT-A3PH-01Z-00-DX1.18FB196C-9F66-4676-81DC-F58A0A5577D8_tiles.jsonl,TCGA-BT-A3PH,Muscularis propria (detrusor muscle),4129,3464
TCGA-BT-A3PH-01Z-00-DX1.18FB196C-9F66-4676-81DC-F58A0A5577D8_tiles.jsonl,TCGA-BT-A3PH,Necrosis,86,74
TCGA-BT-A3PH-01Z-00-DX1.18FB196C-9F66-4676-81DC-F58A0A5577D8_tiles.jsonl,TCGA-BT-A3PH,Normal urothelium (benign mucosa),3280,2971
TCGA-BT-A3PH-01Z-00-DX1.18FB196C-9F66-4676-81DC-F58A0A5577D8_tiles.jsonl,TCGA-BT-A3PH,Perivesical adipose tissue (extravesical fat),1544,1364
TCGA-BT-A3PJ-01Z-00-DX1.C730AD35-81DF-4758-97B5-1E9F58E67A2B_tiles.jsonl,TCGA-BT-A3PJ,Blood vessels (vasculature),1711,1527
TCGA-BT-A3PJ-01Z-00-DX1.C730AD35-81DF-4758-97B5-1E9F58E67A2B_tiles.jsonl,TCGA-BT-A3PJ,Inflammatory infiltrates (immune cells),185,119
TCGA-BT-A3PJ-01Z-00-DX1.C730AD35-81DF-4758-97B5-1E9F58E67A2B_tiles.jsonl,TCGA-BT-A3PJ,Invasive urothelial carcinoma (tumor),37440,36736
TCGA-BT-A3PJ-01Z-00-DX1.C730AD35-81DF-4758-97B5-1E9F58E67A2B_tiles.jsonl,TCGA-BT-A3PJ,Lamina propria (fibrovascular stroma),8090,7155
TCGA-BT-A3PJ-01Z-00-DX1.C730AD35-81DF-4758-97B5-1E9F58E67A2B_tiles.jsonl,TCGA-BT-A3PJ,Muscularis propria (detrusor muscle),5187,4398
TCGA-BT-A3PJ-01Z-00-DX1.C730AD35-81DF-4758-97B5-1E9F58E67A2B_tiles.jsonl,TCGA-BT-A3PJ,Necrosis,10490,10278
TCGA-BT-A3PJ-01Z-00-DX1.C730AD35-81DF-4758-97B5-1E9F58E67A2B_tiles.jsonl,TCGA-BT-A3PJ,Normal urothelium (benign mucosa),4726,4359
TCGA-BT-A3PJ-01Z-00-DX1.C730AD35-81DF-4758-97B5-1E9F58E67A2B_tiles.jsonl,TCGA-BT-A3PJ,Perivesical adipose tissue (extravesical fat),3851,3640
TCGA-BT-A3PK-01Z-00-DX1.0C10EB75-B766-47DB-8BD0-853F81074355_tiles.jsonl,TCGA-BT-A3PK,Blood vessels (vasculature),18660,17420
TCGA-BT-A3PK-01Z-00-DX1.0C10EB75-B766-47DB-8BD0-853F81074355_tiles.jsonl,TCGA-BT-A3PK,Inflammatory infiltrates (immune cells),923,688
TCGA-BT-A3PK-01Z-00-DX1.0C10EB75-B766-47DB-8BD0-853F81074355_tiles.jsonl,TCGA-BT-A3PK,Invasive urothelial carcinoma (tumor),34545,33477
TCGA-BT-A3PK-01Z-00-DX1.0C10EB75-B766-47DB-8BD0-853F81074355_tiles.jsonl,TCGA-BT-A3PK,Lamina propria (fibrovascular stroma),15953,14239
TCGA-BT-A3PK-01Z-00-DX1.0C10EB75-B766-47DB-8BD0-853F81074355_tiles.jsonl,TCGA-BT-A3PK,Muscularis propria (detrusor muscle),5978,4687
TCGA-BT-A3PK-01Z-00-DX1.0C10EB75-B766-47DB-8BD0-853F81074355_tiles.jsonl,TCGA-BT-A3PK,Necrosis,5337,4930
TCGA-BT-A3PK-01Z-00-DX1.0C10EB75-B766-47DB-8BD0-853F81074355_tiles.jsonl,TCGA-BT-A3PK,Normal urothelium (benign mucosa),3339,2989
TCGA-BT-A3PK-01Z-00-DX1.0C10EB75-B766-47DB-8BD0-853F81074355_tiles.jsonl,TCGA-BT-A3PK,Perivesical adipose tissue (extravesical fat),2305,2123
TCGA-BT-A42B-01Z-00-DX1.00FCBDE2-728B-4024-A515-64A366DAB307_tiles.jsonl,TCGA-BT-A42B,Blood vessels (vasculature),6564,6059
TCGA-BT-A42B-01Z-00-DX1.00FCBDE2-728B-4024-A515-64A366DAB307_tiles.jsonl,TCGA-BT-A42B,Inflammatory infiltrates (immune cells),648,503
TCGA-BT-A42B-01Z-00-DX1.00FCBDE2-728B-4024-A515-64A366DAB307_tiles.jsonl,TCGA-BT-A42B,Invasive urothelial carcinoma (tumor),28536,27527
TCGA-BT-A42B-01Z-00-DX1.00FCBDE2-728B-4024-A515-64A366DAB307_tiles.jsonl,TCGA-BT-A42B,Lamina propria (fibrovascular stroma),5413,4632
TCGA-BT-A42B-01Z-00-DX1.00FCBDE2-728B-4024-A515-64A366DAB307_tiles.jsonl,TCGA-BT-A42B,Muscularis propria (detrusor muscle),11857,10421
TCGA-BT-A42B-01Z-00-DX1.00FCBDE2-728B-4024-A515-64A366DAB307_tiles.jsonl,TCGA-BT-A42B,Necrosis,5005,4792
TCGA-BT-A42B-01Z-00-DX1.00FCBDE2-728B-4024-A515-64A366DAB307_tiles.jsonl,TCGA-BT-A42B,Normal urothelium (benign mucosa),6978,6218
TCGA-BT-A42B-01Z-00-DX1.00FCBDE2-728B-4024-A515-64A366DAB307_tiles.jsonl,TCGA-BT-A42B,Perivesical adipose tissue (extravesical fat),1559,1432
TCGA-BT-A42C-01Z-00-DX1.49949E15-B218-4E43-947C-5D73B87B1CA9_tiles.jsonl,TCGA-BT-A42C,Blood vessels (vasculature),9236,8208
TCGA-BT-A42C-01Z-00-DX1.49949E15-B218-4E43-947C-5D73B87B1CA9_tiles.jsonl,TCGA-BT-A42C,Inflammatory infiltrates (immune cells),1114,916
TCGA-BT-A42C-01Z-00-DX1.49949E15-B218-4E43-947C-5D73B87B1CA9_tiles.jsonl,TCGA-BT-A42C,Invasive urothelial carcinoma (tumor),3267,2889
TCGA-BT-A42C-01Z-00-DX1.49949E15-B218-4E43-947C-5D73B87B1CA9_tiles.jsonl,TCGA-BT-A42C,Lamina propria (fibrovascular stroma),11611,9855
TCGA-BT-A42C-01Z-00-DX1.49949E15-B218-4E43-947C-5D73B87B1CA9_tiles.jsonl,TCGA-BT-A42C,Muscularis propria (detrusor muscle),6875,5292
TCGA-BT-A42C-01Z-00-DX1.49949E15-B218-4E43-947C-5D73B87B1CA9_tiles.jsonl,TCGA-BT-A42C,Necrosis,51,41
TCGA-BT-A42C-01Z-00-DX1.49949E15-B218-4E43-947C-5D73B87B1CA9_tiles.jsonl,TCGA-BT-A42C,Normal urothelium (benign mucosa),10376,8675
TCGA-BT-A42C-01Z-00-DX1.49949E15-B218-4E43-947C-5D73B87B1CA9_tiles.jsonl,TCGA-BT-A42C,Perivesical adipose tissue (extravesical fat),3550,3250
TCGA-BT-A42E-01Z-00-DX1.7DAF02FF-70D0-412D-8EE3-03AC04E83300_tiles.jsonl,TCGA-BT-A42E,Blood vessels (vasculature),7865,7178
TCGA-BT-A42E-01Z-00-DX1.7DAF02FF-70D0-412D-8EE3-03AC04E83300_tiles.jsonl,TCGA-BT-A42E,Inflammatory infiltrates (immune cells),982,672
TCGA-BT-A42E-01Z-00-DX1.7DAF02FF-70D0-412D-8EE3-03AC04E83300_tiles.jsonl,TCGA-BT-A42E,Invasive urothelial carcinoma (tumor),21929,20575
TCGA-BT-A42E-01Z-00-DX1.7DAF02FF-70D0-412D-8EE3-03AC04E83300_tiles.jsonl,TCGA-BT-A42E,Lamina propria (fibrovascular stroma),6051,4932
TCGA-BT-A42E-01Z-00-DX1.7DAF02FF-70D0-412D-8EE3-03AC04E83300_tiles.jsonl,TCGA-BT-A42E,Muscularis propria (detrusor muscle),10016,8370
TCGA-BT-A42E-01Z-00-DX1.7DAF02FF-70D0-412D-8EE3-03AC04E83300_tiles.jsonl,TCGA-BT-A42E,Necrosis,2976,2711
TCGA-BT-A42E-01Z-00-DX1.7DAF02FF-70D0-412D-8EE3-03AC04E83300_tiles.jsonl,TCGA-BT-A42E,Normal urothelium (benign mucosa),2291,1857
TCGA-BT-A42E-01Z-00-DX1.7DAF02FF-70D0-412D-8EE3-03AC04E83300_tiles.jsonl,TCGA-BT-A42E,Perivesical adipose tissue (extravesical fat),9330,8972
TCGA-BT-A42F-01Z-00-DX1.B934B6A1-C16E-4796-A297-9E92DD74763F_tiles.jsonl,TCGA-BT-A42F,Blood vessels (vasculature),10481,9635
TCGA-BT-A42F-01Z-00-DX1.B934B6A1-C16E-4796-A297-9E92DD74763F_tiles.jsonl,TCGA-BT-A42F,Inflammatory infiltrates (immune cells),1113,949
TCGA-BT-A42F-01Z-00-DX1.B934B6A1-C16E-4796-A297-9E92DD74763F_tiles.jsonl,TCGA-BT-A42F,Invasive urothelial carcinoma (tumor),5931,5758
TCGA-BT-A42F-01Z-00-DX1.B934B6A1-C16E-4796-A297-9E92DD74763F_tiles.jsonl,TCGA-BT-A42F,Lamina propria (fibrovascular stroma),9197,8143
TCGA-BT-A42F-01Z-00-DX1.B934B6A1-C16E-4796-A297-9E92DD74763F_tiles.jsonl,TCGA-BT-A42F,Muscularis propria (detrusor muscle),6215,5264
TCGA-BT-A42F-01Z-00-DX1.B934B6A1-C16E-4796-A297-9E92DD74763F_tiles.jsonl,TCGA-BT-A42F,Necrosis,781,727
TCGA-BT-A42F-01Z-00-DX1.B934B6A1-C16E-4796-A297-9E92DD74763F_tiles.jsonl,TCGA-BT-A42F,Normal urothelium (benign mucosa),8479,7507
TCGA-BT-A42F-01Z-00-DX1.B934B6A1-C16E-4796-A297-9E92DD74763F_tiles.jsonl,TCGA-BT-A42F,Perivesical adipose tissue (extravesical fat),3883,3539
TCGA-C4-A0EZ-01Z-00-DX1.993A12F0-9687-4E56-B887-13C9453A7E63_tiles.jsonl,TCGA-C4-A0EZ,Blood vessels (vasculature),728,641
TCGA-C4-A0EZ-01Z-00-DX1.993A12F0-9687-4E56-B887-13C9453A7E63_tiles.jsonl,TCGA-C4-A0EZ,Inflammatory infiltrates (immune cells),179,156
TCGA-C4-A0EZ-01Z-00-DX1.993A12F0-9687-4E56-B887-13C9453A7E63_tiles.jsonl,TCGA-C4-A0EZ,Invasive urothelial carcinoma (tumor),3067,2947
TCGA-C4-A0EZ-01Z-00-DX1.993A12F0-9687-4E56-B887-13C9453A7E63_tiles.jsonl,TCGA-C4-A0EZ,Lamina propria (fibrovascular stroma),17,9
TCGA-C4-A0EZ-01Z-00-DX1.993A12F0-9687-4E56-B887-13C9453A7E63_tiles.jsonl,TCGA-C4-A0EZ,Muscularis propria (detrusor muscle),10,4
TCGA-C4-A0EZ-01Z-00-DX1.993A12F0-9687-4E56-B887-13C9453A7E63_tiles.jsonl,TCGA-C4-A0EZ,Necrosis,830,748
TCGA-C4-A0EZ-01Z-00-DX1.993A12F0-9687-4E56-B887-13C9453A7E63_tiles.jsonl,TCGA-C4-A0EZ,Normal urothelium (benign mucosa),258,210
TCGA-C4-A0EZ-01Z-00-DX1.993A12F0-9687-4E56-B887-13C9453A7E63_tiles.jsonl,TCGA-C4-A0EZ,Perivesical adipose tissue (extravesical fat),31,29
TCGA-C4-A0F0-01Z-00-DX1.8EBBC2EF-DA6F-4901-838D-C1AC80E83E92_tiles.jsonl,TCGA-C4-A0F0,Blood vessels (vasculature),2252,2031
TCGA-C4-A0F0-01Z-00-DX1.8EBBC2EF-DA6F-4901-838D-C1AC80E83E92_tiles.jsonl,TCGA-C4-A0F0,Inflammatory infiltrates (immune cells),1841,1768
TCGA-C4-A0F0-01Z-00-DX1.8EBBC2EF-DA6F-4901-838D-C1AC80E83E92_tiles.jsonl,TCGA-C4-A0F0,Invasive urothelial carcinoma (tumor),9394,9194
TCGA-C4-A0F0-01Z-00-DX1.8EBBC2EF-DA6F-4901-838D-C1AC80E83E92_tiles.jsonl,TCGA-C4-A0F0,Lamina propria (fibrovascular stroma),211,138
TCGA-C4-A0F0-01Z-00-DX1.8EBBC2EF-DA6F-4901-838D-C1AC80E83E92_tiles.jsonl,TCGA-C4-A0F0,Muscularis propria (detrusor muscle),152,101
TCGA-C4-A0F0-01Z-00-DX1.8EBBC2EF-DA6F-4901-838D-C1AC80E83E92_tiles.jsonl,TCGA-C4-A0F0,Necrosis,901,798
TCGA-C4-A0F0-01Z-00-DX1.8EBBC2EF-DA6F-4901-838D-C1AC80E83E92_tiles.jsonl,TCGA-C4-A0F0,Normal urothelium (benign mucosa),357,304
TCGA-C4-A0F0-01Z-00-DX1.8EBBC2EF-DA6F-4901-838D-C1AC80E83E92_tiles.jsonl,TCGA-C4-A0F0,Perivesical adipose tissue (extravesical fat),252,208
TCGA-C4-A0F1-01Z-00-DX1.C29436CC-B584-4898-8168-97B5552B1B24_tiles.jsonl,TCGA-C4-A0F1,Blood vessels (vasculature),5097,4830
TCGA-C4-A0F1-01Z-00-DX1.C29436CC-B584-4898-8168-97B5552B1B24_tiles.jsonl,TCGA-C4-A0F1,Inflammatory infiltrates (immune cells),637,565
TCGA-C4-A0F1-01Z-00-DX1.C29436CC-B584-4898-8168-97B5552B1B24_tiles.jsonl,TCGA-C4-A0F1,Invasive urothelial carcinoma (tumor),12767,12543
TCGA-C4-A0F1-01Z-00-DX1.C29436CC-B584-4898-8168-97B5552B1B24_tiles.jsonl,TCGA-C4-A0F1,Lamina propria (fibrovascular stroma),321,250
TCGA-C4-A0F1-01Z-00-DX1.C29436CC-B584-4898-8168-97B5552B1B24_tiles.jsonl,TCGA-C4-A0F1,Muscularis propria (detrusor muscle),85,52
TCGA-C4-A0F1-01Z-00-DX1.C29436CC-B584-4898-8168-97B5552B1B24_tiles.jsonl,TCGA-C4-A0F1,Necrosis,265,230
TCGA-C4-A0F1-01Z-00-DX1.C29436CC-B584-4898-8168-97B5552B1B24_tiles.jsonl,TCGA-C4-A0F1,Normal urothelium (benign mucosa),1214,1105
TCGA-C4-A0F1-01Z-00-DX1.C29436CC-B584-4898-8168-97B5552B1B24_tiles.jsonl,TCGA-C4-A0F1,Perivesical adipose tissue (extravesical fat),94,80
TCGA-C4-A0F6-01Z-00-DX1.05FAB26A-4BE9-42B4-95F0-6BD15EBE8792_tiles.jsonl,TCGA-C4-A0F6,Blood vessels (vasculature),390,321
TCGA-C4-A0F6-01Z-00-DX1.05FAB26A-4BE9-42B4-95F0-6BD15EBE8792_tiles.jsonl,TCGA-C4-A0F6,Inflammatory infiltrates (immune cells),877,836
TCGA-C4-A0F6-01Z-00-DX1.05FAB26A-4BE9-42B4-95F0-6BD15EBE8792_tiles.jsonl,TCGA-C4-A0F6,Invasive urothelial carcinoma (tumor),3284,3203
TCGA-C4-A0F6-01Z-00-DX1.05FAB26A-4BE9-42B4-95F0-6BD15EBE8792_tiles.jsonl,TCGA-C4-A0F6,Lamina propria (fibrovascular stroma),241,177
TCGA-C4-A0F6-01Z-00-DX1.05FAB26A-4BE9-42B4-95F0-6BD15EBE8792_tiles.jsonl,TCGA-C4-A0F6,Muscularis propria (detrusor muscle),43,20
TCGA-C4-A0F6-01Z-00-DX1.05FAB26A-4BE9-42B4-95F0-6BD15EBE8792_tiles.jsonl,TCGA-C4-A0F6,Necrosis,73,57
TCGA-C4-A0F6-01Z-00-DX1.05FAB26A-4BE9-42B4-95F0-6BD15EBE8792_tiles.jsonl,TCGA-C4-A0F6,Normal urothelium (benign mucosa),117,111
TCGA-C4-A0F6-01Z-00-DX1.05FAB26A-4BE9-42B4-95F0-6BD15EBE8792_tiles.jsonl,TCGA-C4-A0F6,Perivesical adipose tissue (extravesical fat),95,72
TCGA-C4-A0F7-01Z-00-DX1.606C3AFA-F93D-4226-AA49-41B5916F9018_tiles.jsonl,TCGA-C4-A0F7,Blood vessels (vasculature),1397,1237
TCGA-C4-A0F7-01Z-00-DX1.606C3AFA-F93D-4226-AA49-41B5916F9018_tiles.jsonl,TCGA-C4-A0F7,Inflammatory infiltrates (immune cells),470,398
TCGA-C4-A0F7-01Z-00-DX1.606C3AFA-F93D-4226-AA49-41B5916F9018_tiles.jsonl,TCGA-C4-A0F7,Invasive urothelial carcinoma (tumor),2592,2501
TCGA-C4-A0F7-01Z-00-DX1.606C3AFA-F93D-4226-AA49-41B5916F9018_tiles.jsonl,TCGA-C4-A0F7,Lamina propria (fibrovascular stroma),41,24
TCGA-C4-A0F7-01Z-00-DX1.606C3AFA-F93D-4226-AA49-41B5916F9018_tiles.jsonl,TCGA-C4-A0F7,Muscularis propria (detrusor muscle),71,44
TCGA-C4-A0F7-01Z-00-DX1.606C3AFA-F93D-4226-AA49-41B5916F9018_tiles.jsonl,TCGA-C4-A0F7,Necrosis,36,29
TCGA-C4-A0F7-01Z-00-DX1.606C3AFA-F93D-4226-AA49-41B5916F9018_tiles.jsonl,TCGA-C4-A0F7,Normal urothelium (benign mucosa),499,438
TCGA-C4-A0F7-01Z-00-DX1.606C3AFA-F93D-4226-AA49-41B5916F9018_tiles.jsonl,TCGA-C4-A0F7,Perivesical adipose tissue (extravesical fat),14,10
TCGA-CF-A1HR-01Z-00-DX1.C56E4296-EB85-4DBA-B0A0-9D6FA097A74F_tiles.jsonl,TCGA-CF-A1HR,Blood vessels (vasculature),10450,9725
TCGA-CF-A1HR-01Z-00-DX1.C56E4296-EB85-4DBA-B0A0-9D6FA097A74F_tiles.jsonl,TCGA-CF-A1HR,Inflammatory infiltrates (immune cells),117,75
TCGA-CF-A1HR-01Z-00-DX1.C56E4296-EB85-4DBA-B0A0-9D6FA097A74F_tiles.jsonl,TCGA-CF-A1HR,Invasive urothelial carcinoma (tumor),15301,14804
TCGA-CF-A1HR-01Z-00-DX1.C56E4296-EB85-4DBA-B0A0-9D6FA097A74F_tiles.jsonl,TCGA-CF-A1HR,Lamina propria (fibrovascular stroma),1955,1527
TCGA-CF-A1HR-01Z-00-DX1.C56E4296-EB85-4DBA-B0A0-9D6FA097A74F_tiles.jsonl,TCGA-CF-A1HR,Muscularis propria (detrusor muscle),4510,3789
TCGA-CF-A1HR-01Z-00-DX1.C56E4296-EB85-4DBA-B0A0-9D6FA097A74F_tiles.jsonl,TCGA-CF-A1HR,Necrosis,52,35
TCGA-CF-A1HR-01Z-00-DX1.C56E4296-EB85-4DBA-B0A0-9D6FA097A74F_tiles.jsonl,TCGA-CF-A1HR,Normal urothelium (benign mucosa),1142,934
TCGA-CF-A1HR-01Z-00-DX1.C56E4296-EB85-4DBA-B0A0-9D6FA097A74F_tiles.jsonl,TCGA-CF-A1HR,Perivesical adipose tissue (extravesical fat),2313,2095
TCGA-CF-A1HS-01Z-00-DX1.CA67D874-12C9-49AB-ACA1-92C202E27083_tiles.jsonl,TCGA-CF-A1HS,Blood vessels (vasculature),15826,15328
TCGA-CF-A1HS-01Z-00-DX1.CA67D874-12C9-49AB-ACA1-92C202E27083_tiles.jsonl,TCGA-CF-A1HS,Inflammatory infiltrates (immune cells),199,132
TCGA-CF-A1HS-01Z-00-DX1.CA67D874-12C9-49AB-ACA1-92C202E27083_tiles.jsonl,TCGA-CF-A1HS,Invasive urothelial carcinoma (tumor),13397,12976
TCGA-CF-A1HS-01Z-00-DX1.CA67D874-12C9-49AB-ACA1-92C202E27083_tiles.jsonl,TCGA-CF-A1HS,Lamina propria (fibrovascular stroma),178,128
TCGA-CF-A1HS-01Z-00-DX1.CA67D874-12C9-49AB-ACA1-92C202E27083_tiles.jsonl,TCGA-CF-A1HS,Muscularis propria (detrusor muscle),1454,1258
TCGA-CF-A1HS-01Z-00-DX1.CA67D874-12C9-49AB-ACA1-92C202E27083_tiles.jsonl,TCGA-CF-A1HS,Necrosis,2244,2041
TCGA-CF-A1HS-01Z-00-DX1.CA67D874-12C9-49AB-ACA1-92C202E27083_tiles.jsonl,TCGA-CF-A1HS,Normal urothelium (benign mucosa),808,749
TCGA-CF-A1HS-01Z-00-DX1.CA67D874-12C9-49AB-ACA1-92C202E27083_tiles.jsonl,TCGA-CF-A1HS,Perivesical adipose tissue (extravesical fat),1734,1641
TCGA-CF-A27C-01Z-00-DX1.0FDBC44E-EC0D-4C6F-8B77-177CB1516CF1_tiles.jsonl,TCGA-CF-A27C,Blood vessels (vasculature),2480,2397
TCGA-CF-A27C-01Z-00-DX1.0FDBC44E-EC0D-4C6F-8B77-177CB1516CF1_tiles.jsonl,TCGA-CF-A27C,Inflammatory infiltrates (immune cells),24,19
TCGA-CF-A27C-01Z-00-DX1.0FDBC44E-EC0D-4C6F-8B77-177CB1516CF1_tiles.jsonl,TCGA-CF-A27C,Invasive urothelial carcinoma (tumor),19563,19439
TCGA-CF-A27C-01Z-00-DX1.0FDBC44E-EC0D-4C6F-8B77-177CB1516CF1_tiles.jsonl,TCGA-CF-A27C,Lamina propria (fibrovascular stroma),65,54
TCGA-CF-A27C-01Z-00-DX1.0FDBC44E-EC0D-4C6F-8B77-177CB1516CF1_tiles.jsonl,TCGA-CF-A27C,Muscularis propria (detrusor muscle),57,46
TCGA-CF-A27C-01Z-00-DX1.0FDBC44E-EC0D-4C6F-8B77-177CB1516CF1_tiles.jsonl,TCGA-CF-A27C,Necrosis,64,59
TCGA-CF-A27C-01Z-00-DX1.0FDBC44E-EC0D-4C6F-8B77-177CB1516CF1_tiles.jsonl,TCGA-CF-A27C,Normal urothelium (benign mucosa),3318,3229
TCGA-CF-A27C-01Z-00-DX1.0FDBC44E-EC0D-4C6F-8B77-177CB1516CF1_tiles.jsonl,TCGA-CF-A27C,Perivesical adipose tissue (extravesical fat),29,27
TCGA-CF-A3MF-01Z-00-DX1.91768C26-5BB1-4DE6-9737-AA26BD687A75_tiles.jsonl,TCGA-CF-A3MF,Blood vessels (vasculature),9753,9524
TCGA-CF-A3MF-01Z-00-DX1.91768C26-5BB1-4DE6-9737-AA26BD687A75_tiles.jsonl,TCGA-CF-A3MF,Inflammatory infiltrates (immune cells),11,8
TCGA-CF-A3MF-01Z-00-DX1.91768C26-5BB1-4DE6-9737-AA26BD687A75_tiles.jsonl,TCGA-CF-A3MF,Invasive urothelial carcinoma (tumor),62016,61754
TCGA-CF-A3MF-01Z-00-DX1.91768C26-5BB1-4DE6-9737-AA26BD687A75_tiles.jsonl,TCGA-CF-A3MF,Lamina propria (fibrovascular stroma),70,54
TCGA-CF-A3MF-01Z-00-DX1.91768C26-5BB1-4DE6-9737-AA26BD687A75_tiles.jsonl,TCGA-CF-A3MF,Muscularis propria (detrusor muscle),306,262
TCGA-CF-A3MF-01Z-00-DX1.91768C26-5BB1-4DE6-9737-AA26BD687A75_tiles.jsonl,TCGA-CF-A3MF,Necrosis,737,671
TCGA-CF-A3MF-01Z-00-DX1.91768C26-5BB1-4DE6-9737-AA26BD687A75_tiles.jsonl,TCGA-CF-A3MF,Normal urothelium (benign mucosa),3719,3586
TCGA-CF-A3MF-01Z-00-DX1.91768C26-5BB1-4DE6-9737-AA26BD687A75_tiles.jsonl,TCGA-CF-A3MF,Perivesical adipose tissue (extravesical fat),188,172
TCGA-CF-A3MG-01Z-00-DX1.49D55C73-735B-496E-82DA-1F6BFE88D607_tiles.jsonl,TCGA-CF-A3MG,Blood vessels (vasculature),3389,3157
TCGA-CF-A3MG-01Z-00-DX1.49D55C73-735B-496E-82DA-1F6BFE88D607_tiles.jsonl,TCGA-CF-A3MG,Inflammatory infiltrates (immune cells),158,128
TCGA-CF-A3MG-01Z-00-DX1.49D55C73-735B-496E-82DA-1F6BFE88D607_tiles.jsonl,TCGA-CF-A3MG,Invasive urothelial carcinoma (tumor),12258,12129
TCGA-CF-A3MG-01Z-00-DX1.49D55C73-735B-496E-82DA-1F6BFE88D607_tiles.jsonl,TCGA-CF-A3MG,Lamina propria (fibrovascular stroma),387,328
TCGA-CF-A3MG-01Z-00-DX1.49D55C73-735B-496E-82DA-1F6BFE88D607_tiles.jsonl,TCGA-CF-A3MG,Muscularis propria (detrusor muscle),803,647
TCGA-CF-A3MG-01Z-00-DX1.49D55C73-735B-496E-82DA-1F6BFE88D607_tiles.jsonl,TCGA-CF-A3MG,Necrosis,483,428
TCGA-CF-A3MG-01Z-00-DX1.49D55C73-735B-496E-82DA-1F6BFE88D607_tiles.jsonl,TCGA-CF-A3MG,Normal urothelium (benign mucosa),1966,1877
TCGA-CF-A3MG-01Z-00-DX1.49D55C73-735B-496E-82DA-1F6BFE88D607_tiles.jsonl,TCGA-CF-A3MG,Perivesical adipose tissue (extravesical fat),1036,944
TCGA-CF-A3MH-01Z-00-DX1.4A6F7BDC-B7D2-4203-AA8E-7BA5DB8BF3AC_tiles.jsonl,TCGA-CF-A3MH,Blood vessels (vasculature),15808,15075
TCGA-CF-A3MH-01Z-00-DX1.4A6F7BDC-B7D2-4203-AA8E-7BA5DB8BF3AC_tiles.jsonl,TCGA-CF-A3MH,Inflammatory infiltrates (immune cells),165,133
TCGA-CF-A3MH-01Z-00-DX1.4A6F7BDC-B7D2-4203-AA8E-7BA5DB8BF3AC_tiles.jsonl,TCGA-CF-A3MH,Invasive urothelial carcinoma (tumor),14516,13997
TCGA-CF-A3MH-01Z-00-DX1.4A6F7BDC-B7D2-4203-AA8E-7BA5DB8BF3AC_tiles.jsonl,TCGA-CF-A3MH,Lamina propria (fibrovascular stroma),134,90
TCGA-CF-A3MH-01Z-00-DX1.4A6F7BDC-B7D2-4203-AA8E-7BA5DB8BF3AC_tiles.jsonl,TCGA-CF-A3MH,Muscularis propria (detrusor muscle),482,348
TCGA-CF-A3MH-01Z-00-DX1.4A6F7BDC-B7D2-4203-AA8E-7BA5DB8BF3AC_tiles.jsonl,TCGA-CF-A3MH,Necrosis,102,82
TCGA-CF-A3MH-01Z-00-DX1.4A6F7BDC-B7D2-4203-AA8E-7BA5DB8BF3AC_tiles.jsonl,TCGA-CF-A3MH,Normal urothelium (benign mucosa),7762,7128
TCGA-CF-A3MH-01Z-00-DX1.4A6F7BDC-B7D2-4203-AA8E-7BA5DB8BF3AC_tiles.jsonl,TCGA-CF-A3MH,Perivesical adipose tissue (extravesical fat),1991,1849
TCGA-CF-A3MI-01Z-00-DX1.5619CA1A-F772-44CC-BBE2-F2C365E2699D_tiles.jsonl,TCGA-CF-A3MI,Blood vessels (vasculature),36730,35592
TCGA-CF-A3MI-01Z-00-DX1.5619CA1A-F772-44CC-BBE2-F2C365E2699D_tiles.jsonl,TCGA-CF-A3MI,Inflammatory infiltrates (immune cells),40,29
TCGA-CF-A3MI-01Z-00-DX1.5619CA1A-F772-44CC-BBE2-F2C365E2699D_tiles.jsonl,TCGA-CF-A3MI,Invasive urothelial carcinoma (tumor),14129,13405
TCGA-CF-A3MI-01Z-00-DX1.5619CA1A-F772-44CC-BBE2-F2C365E2699D_tiles.jsonl,TCGA-CF-A3MI,Lamina propria (fibrovascular stroma),56,39
TCGA-CF-A3MI-01Z-00-DX1.5619CA1A-F772-44CC-BBE2-F2C365E2699D_tiles.jsonl,TCGA-CF-A3MI,Muscularis propria (detrusor muscle),613,480
TCGA-CF-A3MI-01Z-00-DX1.5619CA1A-F772-44CC-BBE2-F2C365E2699D_tiles.jsonl,TCGA-CF-A3MI,Necrosis,128,109
TCGA-CF-A3MI-01Z-00-DX1.5619CA1A-F772-44CC-BBE2-F2C365E2699D_tiles.jsonl,TCGA-CF-A3MI,Normal urothelium (benign mucosa),12759,11822
TCGA-CF-A3MI-01Z-00-DX1.5619CA1A-F772-44CC-BBE2-F2C365E2699D_tiles.jsonl,TCGA-CF-A3MI,Perivesical adipose tissue (extravesical fat),2105,1960
TCGA-CF-A47S-01Z-00-DX1.1397F7C0-1098-4C42-B158-28A37723F5F6_tiles.jsonl,TCGA-CF-A47S,Blood vessels (vasculature),7725,7275
TCGA-CF-A47S-01Z-00-DX1.1397F7C0-1098-4C42-B158-28A37723F5F6_tiles.jsonl,TCGA-CF-A47S,Inflammatory infiltrates (immune cells),50,35
TCGA-CF-A47S-01Z-00-DX1.1397F7C0-1098-4C42-B158-28A37723F5F6_tiles.jsonl,TCGA-CF-A47S,Invasive urothelial carcinoma (tumor),34878,34482
TCGA-CF-A47S-01Z-00-DX1.1397F7C0-1098-4C42-B158-28A37723F5F6_tiles.jsonl,TCGA-CF-A47S,Lamina propria (fibrovascular stroma),405,319
TCGA-CF-A47S-01Z-00-DX1.1397F7C0-1098-4C42-B158-28A37723F5F6_tiles.jsonl,TCGA-CF-A47S,Muscularis propria (detrusor muscle),1569,1393
TCGA-CF-A47S-01Z-00-DX1.1397F7C0-1098-4C42-B158-28A37723F5F6_tiles.jsonl,TCGA-CF-A47S,Necrosis,157,131
TCGA-CF-A47S-01Z-00-DX1.1397F7C0-1098-4C42-B158-28A37723F5F6_tiles.jsonl,TCGA-CF-A47S,Normal urothelium (benign mucosa),11157,10733
TCGA-CF-A47S-01Z-00-DX1.1397F7C0-1098-4C42-B158-28A37723F5F6_tiles.jsonl,TCGA-CF-A47S,Perivesical adipose tissue (extravesical fat),486,434
TCGA-CF-A47T-01Z-00-DX1.2AFA4BB3-B97C-4C0D-86F4-53A5F3317129_tiles.jsonl,TCGA-CF-A47T,Blood vessels (vasculature),10495,9975
TCGA-CF-A47T-01Z-00-DX1.2AFA4BB3-B97C-4C0D-86F4-53A5F3317129_tiles.jsonl,TCGA-CF-A47T,Inflammatory infiltrates (immune cells),33,21
TCGA-CF-A47T-01Z-00-DX1.2AFA4BB3-B97C-4C0D-86F4-53A5F3317129_tiles.jsonl,TCGA-CF-A47T,Invasive urothelial carcinoma (tumor),32386,31827
TCGA-CF-A47T-01Z-00-DX1.2AFA4BB3-B97C-4C0D-86F4-53A5F3317129_tiles.jsonl,TCGA-CF-A47T,Lamina propria (fibrovascular stroma),32,21
TCGA-CF-A47T-01Z-00-DX1.2AFA4BB3-B97C-4C0D-86F4-53A5F3317129_tiles.jsonl,TCGA-CF-A47T,Muscularis propria (detrusor muscle),147,111
TCGA-CF-A47T-01Z-00-DX1.2AFA4BB3-B97C-4C0D-86F4-53A5F3317129_tiles.jsonl,TCGA-CF-A47T,Necrosis,179,144
TCGA-CF-A47T-01Z-00-DX1.2AFA4BB3-B97C-4C0D-86F4-53A5F3317129_tiles.jsonl,TCGA-CF-A47T,Normal urothelium (benign mucosa),7005,6563
TCGA-CF-A47T-01Z-00-DX1.2AFA4BB3-B97C-4C0D-86F4-53A5F3317129_tiles.jsonl,TCGA-CF-A47T,Perivesical adipose tissue (extravesical fat),923,827
TCGA-CF-A47V-01Z-00-DX1.DCDFBB74-48BC-434A-ABD3-55367C56F2FD_tiles.jsonl,TCGA-CF-A47V,Blood vessels (vasculature),6446,6165
TCGA-CF-A47V-01Z-00-DX1.DCDFBB74-48BC-434A-ABD3-55367C56F2FD_tiles.jsonl,TCGA-CF-A47V,Inflammatory infiltrates (immune cells),12,8
TCGA-CF-A47V-01Z-00-DX1.DCDFBB74-48BC-434A-ABD3-55367C56F2FD_tiles.jsonl,TCGA-CF-A47V,Invasive urothelial carcinoma (tumor),30291,29983
TCGA-CF-A47V-01Z-00-DX1.DCDFBB74-48BC-434A-ABD3-55367C56F2FD_tiles.jsonl,TCGA-CF-A47V,Lamina propria (fibrovascular stroma),478,355
TCGA-CF-A47V-01Z-00-DX1.DCDFBB74-48BC-434A-ABD3-55367C56F2FD_tiles.jsonl,TCGA-CF-A47V,Muscularis propria (detrusor muscle),922,785
TCGA-CF-A47V-01Z-00-DX1.DCDFBB74-48BC-434A-ABD3-55367C56F2FD_tiles.jsonl,TCGA-CF-A47V,Necrosis,291,270
TCGA-CF-A47V-01Z-00-DX1.DCDFBB74-48BC-434A-ABD3-55367C56F2FD_tiles.jsonl,TCGA-CF-A47V,Normal urothelium (benign mucosa),7423,7194
TCGA-CF-A47V-01Z-00-DX1.DCDFBB74-48BC-434A-ABD3-55367C56F2FD_tiles.jsonl,TCGA-CF-A47V,Perivesical adipose tissue (extravesical fat),217,187
TCGA-CF-A47W-01Z-00-DX1.D14F1F9A-E684-4140-9714-3197A4325568_tiles.jsonl,TCGA-CF-A47W,Blood vessels (vasculature),10201,9846
TCGA-CF-A47W-01Z-00-DX1.D14F1F9A-E684-4140-9714-3197A4325568_tiles.jsonl,TCGA-CF-A47W,Inflammatory infiltrates (immune cells),6,2
TCGA-CF-A47W-01Z-00-DX1.D14F1F9A-E684-4140-9714-3197A4325568_tiles.jsonl,TCGA-CF-A47W,Invasive urothelial carcinoma (tumor),30168,29755
TCGA-CF-A47W-01Z-00-DX1.D14F1F9A-E684-4140-9714-3197A4325568_tiles.jsonl,TCGA-CF-A47W,Lamina propria (fibrovascular stroma),25,13
TCGA-CF-A47W-01Z-00-DX1.D14F1F9A-E684-4140-9714-3197A4325568_tiles.jsonl,TCGA-CF-A47W,Muscularis propria (detrusor muscle),375,337
TCGA-CF-A47W-01Z-00-DX1.D14F1F9A-E684-4140-9714-3197A4325568_tiles.jsonl,TCGA-CF-A47W,Necrosis,1543,1484
TCGA-CF-A47W-01Z-00-DX1.D14F1F9A-E684-4140-9714-3197A4325568_tiles.jsonl,TCGA-CF-A47W,Normal urothelium (benign mucosa),3684,3343
TCGA-CF-A47W-01Z-00-DX1.D14F1F9A-E684-4140-9714-3197A4325568_tiles.jsonl,TCGA-CF-A47W,Perivesical adipose tissue (extravesical fat),78,65
TCGA-CF-A47X-01Z-00-DX1.1FA2C95C-CFB9-47AA-9BA8-2C2D391BA5D7_tiles.jsonl,TCGA-CF-A47X,Blood vessels (vasculature),36499,35695
TCGA-CF-A47X-01Z-00-DX1.1FA2C95C-CFB9-47AA-9BA8-2C2D391BA5D7_tiles.jsonl,TCGA-CF-A47X,Inflammatory infiltrates (immune cells),42,19
TCGA-CF-A47X-01Z-00-DX1.1FA2C95C-CFB9-47AA-9BA8-2C2D391BA5D7_tiles.jsonl,TCGA-CF-A47X,Invasive urothelial carcinoma (tumor),11223,10885
TCGA-CF-A47X-01Z-00-DX1.1FA2C95C-CFB9-47AA-9BA8-2C2D391BA5D7_tiles.jsonl,TCGA-CF-A47X,Lamina propria (fibrovascular stroma),402,311
TCGA-CF-A47X-01Z-00-DX1.1FA2C95C-CFB9-47AA-9BA8-2C2D391BA5D7_tiles.jsonl,TCGA-CF-A47X,Muscularis propria (detrusor muscle),1754,1488
TCGA-CF-A47X-01Z-00-DX1.1FA2C95C-CFB9-47AA-9BA8-2C2D391BA5D7_tiles.jsonl,TCGA-CF-A47X,Necrosis,624,564
TCGA-CF-A47X-01Z-00-DX1.1FA2C95C-CFB9-47AA-9BA8-2C2D391BA5D7_tiles.jsonl,TCGA-CF-A47X,Normal urothelium (benign mucosa),7538,7014
TCGA-CF-A47X-01Z-00-DX1.1FA2C95C-CFB9-47AA-9BA8-2C2D391BA5D7_tiles.jsonl,TCGA-CF-A47X,Perivesical adipose tissue (extravesical fat),3358,3238
TCGA-CF-A47Y-01Z-00-DX1.1D4B8964-E7AB-4C6F-80AC-AF84B80B80C2_tiles.jsonl,TCGA-CF-A47Y,Blood vessels (vasculature),23063,22007
TCGA-CF-A47Y-01Z-00-DX1.1D4B8964-E7AB-4C6F-80AC-AF84B80B80C2_tiles.jsonl,TCGA-CF-A47Y,Inflammatory infiltrates (immune cells),13,9
TCGA-CF-A47Y-01Z-00-DX1.1D4B8964-E7AB-4C6F-80AC-AF84B80B80C2_tiles.jsonl,TCGA-CF-A47Y,Invasive urothelial carcinoma (tumor),27566,26370
TCGA-CF-A47Y-01Z-00-DX1.1D4B8964-E7AB-4C6F-80AC-AF84B80B80C2_tiles.jsonl,TCGA-CF-A47Y,Lamina propria (fibrovascular stroma),223,166
TCGA-CF-A47Y-01Z-00-DX1.1D4B8964-E7AB-4C6F-80AC-AF84B80B80C2_tiles.jsonl,TCGA-CF-A47Y,Muscularis propria (detrusor muscle),338,287
TCGA-CF-A47Y-01Z-00-DX1.1D4B8964-E7AB-4C6F-80AC-AF84B80B80C2_tiles.jsonl,TCGA-CF-A47Y,Necrosis,31,24
TCGA-CF-A47Y-01Z-00-DX1.1D4B8964-E7AB-4C6F-80AC-AF84B80B80C2_tiles.jsonl,TCGA-CF-A47Y,Normal urothelium (benign mucosa),5082,4336
TCGA-CF-A47Y-01Z-00-DX1.1D4B8964-E7AB-4C6F-80AC-AF84B80B80C2_tiles.jsonl,TCGA-CF-A47Y,Perivesical adipose tissue (extravesical fat),4,3
TCGA-CF-A5U8-01Z-00-DX1.D0385BD3-3128-41C6-889D-4EC916B2B228_tiles.jsonl,TCGA-CF-A5U8,Blood vessels (vasculature),7441,7185
TCGA-CF-A5U8-01Z-00-DX1.D0385BD3-3128-41C6-889D-4EC916B2B228_tiles.jsonl,TCGA-CF-A5U8,Inflammatory infiltrates (immune cells),15,9
TCGA-CF-A5U8-01Z-00-DX1.D0385BD3-3128-41C6-889D-4EC916B2B228_tiles.jsonl,TCGA-CF-A5U8,Invasive urothelial carcinoma (tumor),24072,23838
TCGA-CF-A5U8-01Z-00-DX1.D0385BD3-3128-41C6-889D-4EC916B2B228_tiles.jsonl,TCGA-CF-A5U8,Lamina propria (fibrovascular stroma),61,48
TCGA-CF-A5U8-01Z-00-DX1.D0385BD3-3128-41C6-889D-4EC916B2B228_tiles.jsonl,TCGA-CF-A5U8,Muscularis propria (detrusor muscle),265,238
TCGA-CF-A5U8-01Z-00-DX1.D0385BD3-3128-41C6-889D-4EC916B2B228_tiles.jsonl,TCGA-CF-A5U8,Necrosis,298,276
TCGA-CF-A5U8-01Z-00-DX1.D0385BD3-3128-41C6-889D-4EC916B2B228_tiles.jsonl,TCGA-CF-A5U8,Normal urothelium (benign mucosa),8675,8468
TCGA-CF-A5U8-01Z-00-DX1.D0385BD3-3128-41C6-889D-4EC916B2B228_tiles.jsonl,TCGA-CF-A5U8,Perivesical adipose tissue (extravesical fat),133,124
TCGA-CF-A5UA-01Z-00-DX1.7352D4EB-46F5-4EAA-95B9-1D869E8291C3_tiles.jsonl,TCGA-CF-A5UA,Blood vessels (vasculature),5765,5439
TCGA-CF-A5UA-01Z-00-DX1.7352D4EB-46F5-4EAA-95B9-1D869E8291C3_tiles.jsonl,TCGA-CF-A5UA,Inflammatory infiltrates (immune cells),145,96
TCGA-CF-A5UA-01Z-00-DX1.7352D4EB-46F5-4EAA-95B9-1D869E8291C3_tiles.jsonl,TCGA-CF-A5UA,Invasive urothelial carcinoma (tumor),21538,21337
TCGA-CF-A5UA-01Z-00-DX1.7352D4EB-46F5-4EAA-95B9-1D869E8291C3_tiles.jsonl,TCGA-CF-A5UA,Lamina propria (fibrovascular stroma),1644,1388
TCGA-CF-A5UA-01Z-00-DX1.7352D4EB-46F5-4EAA-95B9-1D869E8291C3_tiles.jsonl,TCGA-CF-A5UA,Muscularis propria (detrusor muscle),2523,2161
TCGA-CF-A5UA-01Z-00-DX1.7352D4EB-46F5-4EAA-95B9-1D869E8291C3_tiles.jsonl,TCGA-CF-A5UA,Necrosis,507,438
TCGA-CF-A5UA-01Z-00-DX1.7352D4EB-46F5-4EAA-95B9-1D869E8291C3_tiles.jsonl,TCGA-CF-A5UA,Normal urothelium (benign mucosa),2872,2749
TCGA-CF-A5UA-01Z-00-DX1.7352D4EB-46F5-4EAA-95B9-1D869E8291C3_tiles.jsonl,TCGA-CF-A5UA,Perivesical adipose tissue (extravesical fat),846,775
TCGA-CF-A7I0-01Z-00-DX1.9920A024-B523-4CB6-992F-0BD80D9E11C9_tiles.jsonl,TCGA-CF-A7I0,Blood vessels (vasculature),18127,18022
TCGA-CF-A7I0-01Z-00-DX1.9920A024-B523-4CB6-992F-0BD80D9E11C9_tiles.jsonl,TCGA-CF-A7I0,Inflammatory infiltrates (immune cells),13,10
TCGA-CF-A7I0-01Z-00-DX1.9920A024-B523-4CB6-992F-0BD80D9E11C9_tiles.jsonl,TCGA-CF-A7I0,Invasive urothelial carcinoma (tumor),11003,10869
TCGA-CF-A7I0-01Z-00-DX1.9920A024-B523-4CB6-992F-0BD80D9E11C9_tiles.jsonl,TCGA-CF-A7I0,Lamina propria (fibrovascular stroma),65,50
TCGA-CF-A7I0-01Z-00-DX1.9920A024-B523-4CB6-992F-0BD80D9E11C9_tiles.jsonl,TCGA-CF-A7I0,Muscularis propria (detrusor muscle),115,82
TCGA-CF-A7I0-01Z-00-DX1.9920A024-B523-4CB6-992F-0BD80D9E11C9_tiles.jsonl,TCGA-CF-A7I0,Necrosis,312,281
TCGA-CF-A7I0-01Z-00-DX1.9920A024-B523-4CB6-992F-0BD80D9E11C9_tiles.jsonl,TCGA-CF-A7I0,Normal urothelium (benign mucosa),1017,963
TCGA-CF-A7I0-01Z-00-DX1.9920A024-B523-4CB6-992F-0BD80D9E11C9_tiles.jsonl,TCGA-CF-A7I0,Perivesical adipose tissue (extravesical fat),68,64
TCGA-CF-A8HX-01Z-00-DX1.92B22756-3D98-4DE6-A077-36C9F1AF1EC2_tiles.jsonl,TCGA-CF-A8HX,Blood vessels (vasculature),2417,2303
TCGA-CF-A8HX-01Z-00-DX1.92B22756-3D98-4DE6-A077-36C9F1AF1EC2_tiles.jsonl,TCGA-CF-A8HX,Inflammatory infiltrates (immune cells),4,0
TCGA-CF-A8HX-01Z-00-DX1.92B22756-3D98-4DE6-A077-36C9F1AF1EC2_tiles.jsonl,TCGA-CF-A8HX,Invasive urothelial carcinoma (tumor),14813,14696
TCGA-CF-A8HX-01Z-00-DX1.92B22756-3D98-4DE6-A077-36C9F1AF1EC2_tiles.jsonl,TCGA-CF-A8HX,Lamina propria (fibrovascular stroma),96,72
TCGA-CF-A8HX-01Z-00-DX1.92B22756-3D98-4DE6-A077-36C9F1AF1EC2_tiles.jsonl,TCGA-CF-A8HX,Muscularis propria (detrusor muscle),371,321
TCGA-CF-A8HX-01Z-00-DX1.92B22756-3D98-4DE6-A077-36C9F1AF1EC2_tiles.jsonl,TCGA-CF-A8HX,Necrosis,110,98
TCGA-CF-A8HX-01Z-00-DX1.92B22756-3D98-4DE6-A077-36C9F1AF1EC2_tiles.jsonl,TCGA-CF-A8HX,Normal urothelium (benign mucosa),2416,2354
TCGA-CF-A8HX-01Z-00-DX1.92B22756-3D98-4DE6-A077-36C9F1AF1EC2_tiles.jsonl,TCGA-CF-A8HX,Perivesical adipose tissue (extravesical fat),253,235
TCGA-CF-A8HY-01Z-00-DX1.53F599FE-3A6D-4BAC-92B2-CBE3F183BB71_tiles.jsonl,TCGA-CF-A8HY,Blood vessels (vasculature),8180,8046
TCGA-CF-A8HY-01Z-00-DX1.53F599FE-3A6D-4BAC-92B2-CBE3F183BB71_tiles.jsonl,TCGA-CF-A8HY,Inflammatory infiltrates (immune cells),26,17
TCGA-CF-A8HY-01Z-00-DX1.53F599FE-3A6D-4BAC-92B2-CBE3F183BB71_tiles.jsonl,TCGA-CF-A8HY,Invasive urothelial carcinoma (tumor),20766,20633
TCGA-CF-A8HY-01Z-00-DX1.53F599FE-3A6D-4BAC-92B2-CBE3F183BB71_tiles.jsonl,TCGA-CF-A8HY,Lamina propria (fibrovascular stroma),36,23
TCGA-CF-A8HY-01Z-00-DX1.53F599FE-3A6D-4BAC-92B2-CBE3F183BB71_tiles.jsonl,TCGA-CF-A8HY,Muscularis propria (detrusor muscle),67,50
TCGA-CF-A8HY-01Z-00-DX1.53F599FE-3A6D-4BAC-92B2-CBE3F183BB71_tiles.jsonl,TCGA-CF-A8HY,Necrosis,70,61
TCGA-CF-A8HY-01Z-00-DX1.53F599FE-3A6D-4BAC-92B2-CBE3F183BB71_tiles.jsonl,TCGA-CF-A8HY,Normal urothelium (benign mucosa),1484,1388
TCGA-CF-A8HY-01Z-00-DX1.53F599FE-3A6D-4BAC-92B2-CBE3F183BB71_tiles.jsonl,TCGA-CF-A8HY,Perivesical adipose tissue (extravesical fat),91,81
TCGA-CF-A9FF-01Z-00-DX1.69267287-0015-4BC2-A965-CEE9D0CFC5AA_tiles.jsonl,TCGA-CF-A9FF,Blood vessels (vasculature),6799,6640
TCGA-CF-A9FF-01Z-00-DX1.69267287-0015-4BC2-A965-CEE9D0CFC5AA_tiles.jsonl,TCGA-CF-A9FF,Inflammatory infiltrates (immune cells),26,18
TCGA-CF-A9FF-01Z-00-DX1.69267287-0015-4BC2-A965-CEE9D0CFC5AA_tiles.jsonl,TCGA-CF-A9FF,Invasive urothelial carcinoma (tumor),5879,5835
TCGA-CF-A9FF-01Z-00-DX1.69267287-0015-4BC2-A965-CEE9D0CFC5AA_tiles.jsonl,TCGA-CF-A9FF,Lamina propria (fibrovascular stroma),214,186
TCGA-CF-A9FF-01Z-00-DX1.69267287-0015-4BC2-A965-CEE9D0CFC5AA_tiles.jsonl,TCGA-CF-A9FF,Muscularis propria (detrusor muscle),1045,922
TCGA-CF-A9FF-01Z-00-DX1.69267287-0015-4BC2-A965-CEE9D0CFC5AA_tiles.jsonl,TCGA-CF-A9FF,Necrosis,71,65
TCGA-CF-A9FF-01Z-00-DX1.69267287-0015-4BC2-A965-CEE9D0CFC5AA_tiles.jsonl,TCGA-CF-A9FF,Normal urothelium (benign mucosa),940,862
TCGA-CF-A9FF-01Z-00-DX1.69267287-0015-4BC2-A965-CEE9D0CFC5AA_tiles.jsonl,TCGA-CF-A9FF,Perivesical adipose tissue (extravesical fat),386,359
TCGA-CF-A9FH-01Z-00-DX1.26AACDC9-1C0B-4AD4-A484-E093515F42B1_tiles.jsonl,TCGA-CF-A9FH,Blood vessels (vasculature),15648,14405
TCGA-CF-A9FH-01Z-00-DX1.26AACDC9-1C0B-4AD4-A484-E093515F42B1_tiles.jsonl,TCGA-CF-A9FH,Inflammatory infiltrates (immune cells),1,1
TCGA-CF-A9FH-01Z-00-DX1.26AACDC9-1C0B-4AD4-A484-E093515F42B1_tiles.jsonl,TCGA-CF-A9FH,Invasive urothelial carcinoma (tumor),14268,12132
TCGA-CF-A9FH-01Z-00-DX1.26AACDC9-1C0B-4AD4-A484-E093515F42B1_tiles.jsonl,TCGA-CF-A9FH,Lamina propria (fibrovascular stroma),35,26
TCGA-CF-A9FH-01Z-00-DX1.26AACDC9-1C0B-4AD4-A484-E093515F42B1_tiles.jsonl,TCGA-CF-A9FH,Muscularis propria (detrusor muscle),3627,2358
TCGA-CF-A9FH-01Z-00-DX1.26AACDC9-1C0B-4AD4-A484-E093515F42B1_tiles.jsonl,TCGA-CF-A9FH,Necrosis,4937,3752
TCGA-CF-A9FH-01Z-00-DX1.26AACDC9-1C0B-4AD4-A484-E093515F42B1_tiles.jsonl,TCGA-CF-A9FH,Normal urothelium (benign mucosa),7275,5697
TCGA-CF-A9FH-01Z-00-DX1.26AACDC9-1C0B-4AD4-A484-E093515F42B1_tiles.jsonl,TCGA-CF-A9FH,Perivesical adipose tissue (extravesical fat),289,247
TCGA-CF-A9FL-01Z-00-DX1.711B523B-E033-41ED-AE06-6233C89DCC57_tiles.jsonl,TCGA-CF-A9FL,Blood vessels (vasculature),9621,8882
TCGA-CF-A9FL-01Z-00-DX1.711B523B-E033-41ED-AE06-6233C89DCC57_tiles.jsonl,TCGA-CF-A9FL,Inflammatory infiltrates (immune cells),261,206
TCGA-CF-A9FL-01Z-00-DX1.711B523B-E033-41ED-AE06-6233C89DCC57_tiles.jsonl,TCGA-CF-A9FL,Invasive urothelial carcinoma (tumor),40239,39661
TCGA-CF-A9FL-01Z-00-DX1.711B523B-E033-41ED-AE06-6233C89DCC57_tiles.jsonl,TCGA-CF-A9FL,Lamina propria (fibrovascular stroma),2799,2351
TCGA-CF-A9FL-01Z-00-DX1.711B523B-E033-41ED-AE06-6233C89DCC57_tiles.jsonl,TCGA-CF-A9FL,Muscularis propria (detrusor muscle),7609,6608
TCGA-CF-A9FL-01Z-00-DX1.711B523B-E033-41ED-AE06-6233C89DCC57_tiles.jsonl,TCGA-CF-A9FL,Necrosis,443,398
TCGA-CF-A9FL-01Z-00-DX1.711B523B-E033-41ED-AE06-6233C89DCC57_tiles.jsonl,TCGA-CF-A9FL,Normal urothelium (benign mucosa),2523,2289
TCGA-CF-A9FL-01Z-00-DX1.711B523B-E033-41ED-AE06-6233C89DCC57_tiles.jsonl,TCGA-CF-A9FL,Perivesical adipose tissue (extravesical fat),3065,2973
TCGA-CF-A9FM-01Z-00-DX1.F9379708-8E04-435E-BF12-8E3222AE728D_tiles.jsonl,TCGA-CF-A9FM,Blood vessels (vasculature),9713,9516
TCGA-CF-A9FM-01Z-00-DX1.F9379708-8E04-435E-BF12-8E3222AE728D_tiles.jsonl,TCGA-CF-A9FM,Inflammatory infiltrates (immune cells),19,12
TCGA-CF-A9FM-01Z-00-DX1.F9379708-8E04-435E-BF12-8E3222AE728D_tiles.jsonl,TCGA-CF-A9FM,Invasive urothelial carcinoma (tumor),53830,53584
TCGA-CF-A9FM-01Z-00-DX1.F9379708-8E04-435E-BF12-8E3222AE728D_tiles.jsonl,TCGA-CF-A9FM,Lamina propria (fibrovascular stroma),542,479
TCGA-CF-A9FM-01Z-00-DX1.F9379708-8E04-435E-BF12-8E3222AE728D_tiles.jsonl,TCGA-CF-A9FM,Muscularis propria (detrusor muscle),141,106
TCGA-CF-A9FM-01Z-00-DX1.F9379708-8E04-435E-BF12-8E3222AE728D_tiles.jsonl,TCGA-CF-A9FM,Necrosis,336,302
TCGA-CF-A9FM-01Z-00-DX1.F9379708-8E04-435E-BF12-8E3222AE728D_tiles.jsonl,TCGA-CF-A9FM,Normal urothelium (benign mucosa),7015,6853
TCGA-CF-A9FM-01Z-00-DX1.F9379708-8E04-435E-BF12-8E3222AE728D_tiles.jsonl,TCGA-CF-A9FM,Perivesical adipose tissue (extravesical fat),84,75
TCGA-CU-A0YN-01Z-00-DX1.6C5EAAAF-8F14-49D3-8FFC-9BDAE56CAFD0_tiles.jsonl,TCGA-CU-A0YN,Blood vessels (vasculature),3778,3723
TCGA-CU-A0YN-01Z-00-DX1.6C5EAAAF-8F14-49D3-8FFC-9BDAE56CAFD0_tiles.jsonl,TCGA-CU-A0YN,Inflammatory infiltrates (immune cells),17,15
TCGA-CU-A0YN-01Z-00-DX1.6C5EAAAF-8F14-49D3-8FFC-9BDAE56CAFD0_tiles.jsonl,TCGA-CU-A0YN,Invasive urothelial carcinoma (tumor),3119,3054
TCGA-CU-A0YN-01Z-00-DX1.6C5EAAAF-8F14-49D3-8FFC-9BDAE56CAFD0_tiles.jsonl,TCGA-CU-A0YN,Lamina propria (fibrovascular stroma),99,84
TCGA-CU-A0YN-01Z-00-DX1.6C5EAAAF-8F14-49D3-8FFC-9BDAE56CAFD0_tiles.jsonl,TCGA-CU-A0YN,Muscularis propria (detrusor muscle),21,18
TCGA-CU-A0YN-01Z-00-DX1.6C5EAAAF-8F14-49D3-8FFC-9BDAE56CAFD0_tiles.jsonl,TCGA-CU-A0YN,Necrosis,59,54
TCGA-CU-A0YN-01Z-00-DX1.6C5EAAAF-8F14-49D3-8FFC-9BDAE56CAFD0_tiles.jsonl,TCGA-CU-A0YN,Normal urothelium (benign mucosa),1749,1686
TCGA-CU-A0YN-01Z-00-DX1.6C5EAAAF-8F14-49D3-8FFC-9BDAE56CAFD0_tiles.jsonl,TCGA-CU-A0YN,Perivesical adipose tissue (extravesical fat),10,8
TCGA-CU-A0YO-01Z-00-DX1.847097EC-2E17-44BA-9162-6AA298B7CAFD_tiles.jsonl,TCGA-CU-A0YO,Blood vessels (vasculature),5375,4945
TCGA-CU-A0YO-01Z-00-DX1.847097EC-2E17-44BA-9162-6AA298B7CAFD_tiles.jsonl,TCGA-CU-A0YO,Inflammatory infiltrates (immune cells),14717,13877
TCGA-CU-A0YO-01Z-00-DX1.847097EC-2E17-44BA-9162-6AA298B7CAFD_tiles.jsonl,TCGA-CU-A0YO,Invasive urothelial carcinoma (tumor),15763,15067
TCGA-CU-A0YO-01Z-00-DX1.847097EC-2E17-44BA-9162-6AA298B7CAFD_tiles.jsonl,TCGA-CU-A0YO,Lamina propria (fibrovascular stroma),3771,2903
TCGA-CU-A0YO-01Z-00-DX1.847097EC-2E17-44BA-9162-6AA298B7CAFD_tiles.jsonl,TCGA-CU-A0YO,Muscularis propria (detrusor muscle),3273,2375
TCGA-CU-A0YO-01Z-00-DX1.847097EC-2E17-44BA-9162-6AA298B7CAFD_tiles.jsonl,TCGA-CU-A0YO,Necrosis,27,21
TCGA-CU-A0YO-01Z-00-DX1.847097EC-2E17-44BA-9162-6AA298B7CAFD_tiles.jsonl,TCGA-CU-A0YO,Normal urothelium (benign mucosa),7449,6515
TCGA-CU-A0YO-01Z-00-DX1.847097EC-2E17-44BA-9162-6AA298B7CAFD_tiles.jsonl,TCGA-CU-A0YO,Perivesical adipose tissue (extravesical fat),825,716
TCGA-CU-A0YR-01Z-00-DX1.B3690B2C-0B90-47D6-8709-D493A74E3F7B_tiles.jsonl,TCGA-CU-A0YR,Blood vessels (vasculature),3332,3092
TCGA-CU-A0YR-01Z-00-DX1.B3690B2C-0B90-47D6-8709-D493A74E3F7B_tiles.jsonl,TCGA-CU-A0YR,Inflammatory infiltrates (immune cells),767,587
TCGA-CU-A0YR-01Z-00-DX1.B3690B2C-0B90-47D6-8709-D493A74E3F7B_tiles.jsonl,TCGA-CU-A0YR,Invasive urothelial carcinoma (tumor),5228,4909
TCGA-CU-A0YR-01Z-00-DX1.B3690B2C-0B90-47D6-8709-D493A74E3F7B_tiles.jsonl,TCGA-CU-A0YR,Lamina propria (fibrovascular stroma),471,386
TCGA-CU-A0YR-01Z-00-DX1.B3690B2C-0B90-47D6-8709-D493A74E3F7B_tiles.jsonl,TCGA-CU-A0YR,Muscularis propria (detrusor muscle),164,127
TCGA-CU-A0YR-01Z-00-DX1.B3690B2C-0B90-47D6-8709-D493A74E3F7B_tiles.jsonl,TCGA-CU-A0YR,Necrosis,3225,2968
TCGA-CU-A0YR-01Z-00-DX1.B3690B2C-0B90-47D6-8709-D493A74E3F7B_tiles.jsonl,TCGA-CU-A0YR,Normal urothelium (benign mucosa),7209,6692
TCGA-CU-A0YR-01Z-00-DX1.B3690B2C-0B90-47D6-8709-D493A74E3F7B_tiles.jsonl,TCGA-CU-A0YR,Perivesical adipose tissue (extravesical fat),84,76
TCGA-CU-A3KJ-01Z-00-DX1.5E6E8B80-4059-4625-AED8-D049F4B63FF7_tiles.jsonl,TCGA-CU-A3KJ,Blood vessels (vasculature),3708,3589
TCGA-CU-A3KJ-01Z-00-DX1.5E6E8B80-4059-4625-AED8-D049F4B63FF7_tiles.jsonl,TCGA-CU-A3KJ,Inflammatory infiltrates (immune cells),485,420
TCGA-CU-A3KJ-01Z-00-DX1.5E6E8B80-4059-4625-AED8-D049F4B63FF7_tiles.jsonl,TCGA-CU-A3KJ,Invasive urothelial carcinoma (tumor),20745,20640
TCGA-CU-A3KJ-01Z-00-DX1.5E6E8B80-4059-4625-AED8-D049F4B63FF7_tiles.jsonl,TCGA-CU-A3KJ,Lamina propria (fibrovascular stroma),2816,2649
TCGA-CU-A3KJ-01Z-00-DX1.5E6E8B80-4059-4625-AED8-D049F4B63FF7_tiles.jsonl,TCGA-CU-A3KJ,Muscularis propria (detrusor muscle),331,272
TCGA-CU-A3KJ-01Z-00-DX1.5E6E8B80-4059-4625-AED8-D049F4B63FF7_tiles.jsonl,TCGA-CU-A3KJ,Necrosis,379,350
TCGA-CU-A3KJ-01Z-00-DX1.5E6E8B80-4059-4625-AED8-D049F4B63FF7_tiles.jsonl,TCGA-CU-A3KJ,Normal urothelium (benign mucosa),2251,2092
TCGA-CU-A3KJ-01Z-00-DX1.5E6E8B80-4059-4625-AED8-D049F4B63FF7_tiles.jsonl,TCGA-CU-A3KJ,Perivesical adipose tissue (extravesical fat),5,5
TCGA-CU-A3YL-01Z-00-DX1.813C9F59-869C-4B8E-B295-22F67AD83F37_tiles.jsonl,TCGA-CU-A3YL,Blood vessels (vasculature),11222,10872
TCGA-CU-A3YL-01Z-00-DX1.813C9F59-869C-4B8E-B295-22F67AD83F37_tiles.jsonl,TCGA-CU-A3YL,Inflammatory infiltrates (immune cells),64,46
TCGA-CU-A3YL-01Z-00-DX1.813C9F59-869C-4B8E-B295-22F67AD83F37_tiles.jsonl,TCGA-CU-A3YL,Invasive urothelial carcinoma (tumor),35395,34929
TCGA-CU-A3YL-01Z-00-DX1.813C9F59-869C-4B8E-B295-22F67AD83F37_tiles.jsonl,TCGA-CU-A3YL,Lamina propria (fibrovascular stroma),892,805
TCGA-CU-A3YL-01Z-00-DX1.813C9F59-869C-4B8E-B295-22F67AD83F37_tiles.jsonl,TCGA-CU-A3YL,Muscularis propria (detrusor muscle),407,321
TCGA-CU-A3YL-01Z-00-DX1.813C9F59-869C-4B8E-B295-22F67AD83F37_tiles.jsonl,TCGA-CU-A3YL,Necrosis,300,251
TCGA-CU-A3YL-01Z-00-DX1.813C9F59-869C-4B8E-B295-22F67AD83F37_tiles.jsonl,TCGA-CU-A3YL,Normal urothelium (benign mucosa),7935,7614
TCGA-CU-A3YL-01Z-00-DX1.813C9F59-869C-4B8E-B295-22F67AD83F37_tiles.jsonl,TCGA-CU-A3YL,Perivesical adipose tissue (extravesical fat),105,88
TCGA-CU-A5W6-01Z-00-DX1.11155086-4A71-4207-85B9-CAF7B6D3D60D_tiles.jsonl,TCGA-CU-A5W6,Blood vessels (vasculature),7042,6705
TCGA-CU-A5W6-01Z-00-DX1.11155086-4A71-4207-85B9-CAF7B6D3D60D_tiles.jsonl,TCGA-CU-A5W6,Inflammatory infiltrates (immune cells),938,860
TCGA-CU-A5W6-01Z-00-DX1.11155086-4A71-4207-85B9-CAF7B6D3D60D_tiles.jsonl,TCGA-CU-A5W6,Invasive urothelial carcinoma (tumor),12875,12478
TCGA-CU-A5W6-01Z-00-DX1.11155086-4A71-4207-85B9-CAF7B6D3D60D_tiles.jsonl,TCGA-CU-A5W6,Lamina propria (fibrovascular stroma),5355,5030
TCGA-CU-A5W6-01Z-00-DX1.11155086-4A71-4207-85B9-CAF7B6D3D60D_tiles.jsonl,TCGA-CU-A5W6,Muscularis propria (detrusor muscle),216,150
TCGA-CU-A5W6-01Z-00-DX1.11155086-4A71-4207-85B9-CAF7B6D3D60D_tiles.jsonl,TCGA-CU-A5W6,Necrosis,378,340
TCGA-CU-A5W6-01Z-00-DX1.11155086-4A71-4207-85B9-CAF7B6D3D60D_tiles.jsonl,TCGA-CU-A5W6,Normal urothelium (benign mucosa),3884,3552
TCGA-CU-A5W6-01Z-00-DX1.11155086-4A71-4207-85B9-CAF7B6D3D60D_tiles.jsonl,TCGA-CU-A5W6,Perivesical adipose tissue (extravesical fat),32,24
TCGA-CU-A72E-01Z-00-DX1.11B1B313-85DB-460B-9B78-398224F63A04_tiles.jsonl,TCGA-CU-A72E,Blood vessels (vasculature),11362,10425
TCGA-CU-A72E-01Z-00-DX1.11B1B313-85DB-460B-9B78-398224F63A04_tiles.jsonl,TCGA-CU-A72E,Inflammatory infiltrates (immune cells),1013,805
TCGA-CU-A72E-01Z-00-DX1.11B1B313-85DB-460B-9B78-398224F63A04_tiles.jsonl,TCGA-CU-A72E,Invasive urothelial carcinoma (tumor),26630,25878
TCGA-CU-A72E-01Z-00-DX1.11B1B313-85DB-460B-9B78-398224F63A04_tiles.jsonl,TCGA-CU-A72E,Lamina propria (fibrovascular stroma),9783,8667
TCGA-CU-A72E-01Z-00-DX1.11B1B313-85DB-460B-9B78-398224F63A04_tiles.jsonl,TCGA-CU-A72E,Muscularis propria (detrusor muscle),4424,3584
TCGA-CU-A72E-01Z-00-DX1.11B1B313-85DB-460B-9B78-398224F63A04_tiles.jsonl,TCGA-CU-A72E,Necrosis,99,87
TCGA-CU-A72E-01Z-00-DX1.11B1B313-85DB-460B-9B78-398224F63A04_tiles.jsonl,TCGA-CU-A72E,Normal urothelium (benign mucosa),6687,6064
TCGA-CU-A72E-01Z-00-DX1.11B1B313-85DB-460B-9B78-398224F63A04_tiles.jsonl,TCGA-CU-A72E,Perivesical adipose tissue (extravesical fat),1442,1307
TCGA-DK-A1A3-01Z-00-DX1.89FB6586-56D1-4EF7-AE4B-66EED29667CD_tiles.jsonl,TCGA-DK-A1A3,Blood vessels (vasculature),8238,7555
TCGA-DK-A1A3-01Z-00-DX1.89FB6586-56D1-4EF7-AE4B-66EED29667CD_tiles.jsonl,TCGA-DK-A1A3,Inflammatory infiltrates (immune cells),1601,1319
TCGA-DK-A1A3-01Z-00-DX1.89FB6586-56D1-4EF7-AE4B-66EED29667CD_tiles.jsonl,TCGA-DK-A1A3,Invasive urothelial carcinoma (tumor),11186,10735
TCGA-DK-A1A3-01Z-00-DX1.89FB6586-56D1-4EF7-AE4B-66EED29667CD_tiles.jsonl,TCGA-DK-A1A3,Lamina propria (fibrovascular stroma),12585,11275
TCGA-DK-A1A3-01Z-00-DX1.89FB6586-56D1-4EF7-AE4B-66EED29667CD_tiles.jsonl,TCGA-DK-A1A3,Muscularis propria (detrusor muscle),3380,2610
TCGA-DK-A1A3-01Z-00-DX1.89FB6586-56D1-4EF7-AE4B-66EED29667CD_tiles.jsonl,TCGA-DK-A1A3,Necrosis,332,291
TCGA-DK-A1A3-01Z-00-DX1.89FB6586-56D1-4EF7-AE4B-66EED29667CD_tiles.jsonl,TCGA-DK-A1A3,Normal urothelium (benign mucosa),6118,5435
TCGA-DK-A1A3-01Z-00-DX1.89FB6586-56D1-4EF7-AE4B-66EED29667CD_tiles.jsonl,TCGA-DK-A1A3,Perivesical adipose tissue (extravesical fat),2640,2323
TCGA-DK-A1A5-01Z-00-DX1.463753DB-C4EA-4973-AF04-4BD0FF39C19D_tiles.jsonl,TCGA-DK-A1A5,Blood vessels (vasculature),11600,10463
TCGA-DK-A1A5-01Z-00-DX1.463753DB-C4EA-4973-AF04-4BD0FF39C19D_tiles.jsonl,TCGA-DK-A1A5,Inflammatory infiltrates (immune cells),6121,5289
TCGA-DK-A1A5-01Z-00-DX1.463753DB-C4EA-4973-AF04-4BD0FF39C19D_tiles.jsonl,TCGA-DK-A1A5,Invasive urothelial carcinoma (tumor),7252,6577
TCGA-DK-A1A5-01Z-00-DX1.463753DB-C4EA-4973-AF04-4BD0FF39C19D_tiles.jsonl,TCGA-DK-A1A5,Lamina propria (fibrovascular stroma),12727,10838
TCGA-DK-A1A5-01Z-00-DX1.463753DB-C4EA-4973-AF04-4BD0FF39C19D_tiles.jsonl,TCGA-DK-A1A5,Muscularis propria (detrusor muscle),3554,2521
TCGA-DK-A1A5-01Z-00-DX1.463753DB-C4EA-4973-AF04-4BD0FF39C19D_tiles.jsonl,TCGA-DK-A1A5,Necrosis,336,303
TCGA-DK-A1A5-01Z-00-DX1.463753DB-C4EA-4973-AF04-4BD0FF39C19D_tiles.jsonl,TCGA-DK-A1A5,Normal urothelium (benign mucosa),14654,13229
TCGA-DK-A1A5-01Z-00-DX1.463753DB-C4EA-4973-AF04-4BD0FF39C19D_tiles.jsonl,TCGA-DK-A1A5,Perivesical adipose tissue (extravesical fat),5196,4998
TCGA-DK-A1A6-01Z-00-DX1.FC604B50-6BA7-488C-A153-7F9610E6E37B_tiles.jsonl,TCGA-DK-A1A6,Blood vessels (vasculature),11475,10450
TCGA-DK-A1A6-01Z-00-DX1.FC604B50-6BA7-488C-A153-7F9610E6E37B_tiles.jsonl,TCGA-DK-A1A6,Inflammatory infiltrates (immune cells),3852,3407
TCGA-DK-A1A6-01Z-00-DX1.FC604B50-6BA7-488C-A153-7F9610E6E37B_tiles.jsonl,TCGA-DK-A1A6,Invasive urothelial carcinoma (tumor),6700,6319
TCGA-DK-A1A6-01Z-00-DX1.FC604B50-6BA7-488C-A153-7F9610E6E37B_tiles.jsonl,TCGA-DK-A1A6,Lamina propria (fibrovascular stroma),15978,14467
TCGA-DK-A1A6-01Z-00-DX1.FC604B50-6BA7-488C-A153-7F9610E6E37B_tiles.jsonl,TCGA-DK-A1A6,Muscularis propria (detrusor muscle),6031,4847
TCGA-DK-A1A6-01Z-00-DX1.FC604B50-6BA7-488C-A153-7F9610E6E37B_tiles.jsonl,TCGA-DK-A1A6,Necrosis,1703,1586
TCGA-DK-A1A6-01Z-00-DX1.FC604B50-6BA7-488C-A153-7F9610E6E37B_tiles.jsonl,TCGA-DK-A1A6,Normal urothelium (benign mucosa),5237,4624
TCGA-DK-A1A6-01Z-00-DX1.FC604B50-6BA7-488C-A153-7F9610E6E37B_tiles.jsonl,TCGA-DK-A1A6,Perivesical adipose tissue (extravesical fat),5344,4960
TCGA-DK-A1A7-01Z-00-DX1.57B1442D-8862-447F-98D4-0D52F7B94E62_tiles.jsonl,TCGA-DK-A1A7,Blood vessels (vasculature),5257,4875
TCGA-DK-A1A7-01Z-00-DX1.57B1442D-8862-447F-98D4-0D52F7B94E62_tiles.jsonl,TCGA-DK-A1A7,Inflammatory infiltrates (immune cells),1389,1192
TCGA-DK-A1A7-01Z-00-DX1.57B1442D-8862-447F-98D4-0D52F7B94E62_tiles.jsonl,TCGA-DK-A1A7,Invasive urothelial carcinoma (tumor),19763,19417
TCGA-DK-A1A7-01Z-00-DX1.57B1442D-8862-447F-98D4-0D52F7B94E62_tiles.jsonl,TCGA-DK-A1A7,Lamina propria (fibrovascular stroma),12177,11358
TCGA-DK-A1A7-01Z-00-DX1.57B1442D-8862-447F-98D4-0D52F7B94E62_tiles.jsonl,TCGA-DK-A1A7,Muscularis propria (detrusor muscle),4208,3585
TCGA-DK-A1A7-01Z-00-DX1.57B1442D-8862-447F-98D4-0D52F7B94E62_tiles.jsonl,TCGA-DK-A1A7,Necrosis,144,129
TCGA-DK-A1A7-01Z-00-DX1.57B1442D-8862-447F-98D4-0D52F7B94E62_tiles.jsonl,TCGA-DK-A1A7,Normal urothelium (benign mucosa),1811,1511
TCGA-DK-A1A7-01Z-00-DX1.57B1442D-8862-447F-98D4-0D52F7B94E62_tiles.jsonl,TCGA-DK-A1A7,Perivesical adipose tissue (extravesical fat),1331,1152
TCGA-DK-A1AA-01Z-00-DX1.11F015AE-3B8A-4827-93E2-54F8563BE248_tiles.jsonl,TCGA-DK-A1AA,Blood vessels (vasculature),12502,11755
TCGA-DK-A1AA-01Z-00-DX1.11F015AE-3B8A-4827-93E2-54F8563BE248_tiles.jsonl,TCGA-DK-A1AA,Inflammatory infiltrates (immune cells),2309,2079
TCGA-DK-A1AA-01Z-00-DX1.11F015AE-3B8A-4827-93E2-54F8563BE248_tiles.jsonl,TCGA-DK-A1AA,Invasive urothelial carcinoma (tumor),52860,52346
TCGA-DK-A1AA-01Z-00-DX1.11F015AE-3B8A-4827-93E2-54F8563BE248_tiles.jsonl,TCGA-DK-A1AA,Lamina propria (fibrovascular stroma),9309,8234
TCGA-DK-A1AA-01Z-00-DX1.11F015AE-3B8A-4827-93E2-54F8563BE248_tiles.jsonl,TCGA-DK-A1AA,Muscularis propria (detrusor muscle),7732,6391
TCGA-DK-A1AA-01Z-00-DX1.11F015AE-3B8A-4827-93E2-54F8563BE248_tiles.jsonl,TCGA-DK-A1AA,Necrosis,105,84
TCGA-DK-A1AA-01Z-00-DX1.11F015AE-3B8A-4827-93E2-54F8563BE248_tiles.jsonl,TCGA-DK-A1AA,Normal urothelium (benign mucosa),4486,4077
TCGA-DK-A1AA-01Z-00-DX1.11F015AE-3B8A-4827-93E2-54F8563BE248_tiles.jsonl,TCGA-DK-A1AA,Perivesical adipose tissue (extravesical fat),2910,2442
TCGA-DK-A1AB-01Z-00-DX1.D6032D7B-43EF-469B-A29D-D6DC41DB46D7_tiles.jsonl,TCGA-DK-A1AB,Blood vessels (vasculature),3478,3135
TCGA-DK-A1AB-01Z-00-DX1.D6032D7B-43EF-469B-A29D-D6DC41DB46D7_tiles.jsonl,TCGA-DK-A1AB,Inflammatory infiltrates (immune cells),1369,1150
TCGA-DK-A1AB-01Z-00-DX1.D6032D7B-43EF-469B-A29D-D6DC41DB46D7_tiles.jsonl,TCGA-DK-A1AB,Invasive urothelial carcinoma (tumor),21965,21250
TCGA-DK-A1AB-01Z-00-DX1.D6032D7B-43EF-469B-A29D-D6DC41DB46D7_tiles.jsonl,TCGA-DK-A1AB,Lamina propria (fibrovascular stroma),11247,10164
TCGA-DK-A1AB-01Z-00-DX1.D6032D7B-43EF-469B-A29D-D6DC41DB46D7_tiles.jsonl,TCGA-DK-A1AB,Muscularis propria (detrusor muscle),2393,1830
TCGA-DK-A1AB-01Z-00-DX1.D6032D7B-43EF-469B-A29D-D6DC41DB46D7_tiles.jsonl,TCGA-DK-A1AB,Necrosis,443,382
TCGA-DK-A1AB-01Z-00-DX1.D6032D7B-43EF-469B-A29D-D6DC41DB46D7_tiles.jsonl,TCGA-DK-A1AB,Normal urothelium (benign mucosa),1577,1389
TCGA-DK-A1AB-01Z-00-DX1.D6032D7B-43EF-469B-A29D-D6DC41DB46D7_tiles.jsonl,TCGA-DK-A1AB,Perivesical adipose tissue (extravesical fat),3608,3408
TCGA-DK-A1AC-01Z-00-DX1.6F484315-00FC-4D41-86E2-16200DC61A04_tiles.jsonl,TCGA-DK-A1AC,Blood vessels (vasculature),13736,12141
TCGA-DK-A1AC-01Z-00-DX1.6F484315-00FC-4D41-86E2-16200DC61A04_tiles.jsonl,TCGA-DK-A1AC,Inflammatory infiltrates (immune cells),4751,3912
TCGA-DK-A1AC-01Z-00-DX1.6F484315-00FC-4D41-86E2-16200DC61A04_tiles.jsonl,TCGA-DK-A1AC,Invasive urothelial carcinoma (tumor),33323,31607
TCGA-DK-A1AC-01Z-00-DX1.6F484315-00FC-4D41-86E2-16200DC61A04_tiles.jsonl,TCGA-DK-A1AC,Lamina propria (fibrovascular stroma),3971,2820
TCGA-DK-A1AC-01Z-00-DX1.6F484315-00FC-4D41-86E2-16200DC61A04_tiles.jsonl,TCGA-DK-A1AC,Muscularis propria (detrusor muscle),14692,12131
TCGA-DK-A1AC-01Z-00-DX1.6F484315-00FC-4D41-86E2-16200DC61A04_tiles.jsonl,TCGA-DK-A1AC,Necrosis,9389,8881
TCGA-DK-A1AC-01Z-00-DX1.6F484315-00FC-4D41-86E2-16200DC61A04_tiles.jsonl,TCGA-DK-A1AC,Normal urothelium (benign mucosa),5011,4229
TCGA-DK-A1AC-01Z-00-DX1.6F484315-00FC-4D41-86E2-16200DC61A04_tiles.jsonl,TCGA-DK-A1AC,Perivesical adipose tissue (extravesical fat),7289,6675
TCGA-DK-A1AD-01Z-00-DX1.1B438E00-C022-4CB8-994D-C4EE8E009F00_tiles.jsonl,TCGA-DK-A1AD,Blood vessels (vasculature),12387,11849
TCGA-DK-A1AD-01Z-00-DX1.1B438E00-C022-4CB8-994D-C4EE8E009F00_tiles.jsonl,TCGA-DK-A1AD,Inflammatory infiltrates (immune cells),3451,3049
TCGA-DK-A1AD-01Z-00-DX1.1B438E00-C022-4CB8-994D-C4EE8E009F00_tiles.jsonl,TCGA-DK-A1AD,Invasive urothelial carcinoma (tumor),11860,11419
TCGA-DK-A1AD-01Z-00-DX1.1B438E00-C022-4CB8-994D-C4EE8E009F00_tiles.jsonl,TCGA-DK-A1AD,Lamina propria (fibrovascular stroma),3901,3272
TCGA-DK-A1AD-01Z-00-DX1.1B438E00-C022-4CB8-994D-C4EE8E009F00_tiles.jsonl,TCGA-DK-A1AD,Muscularis propria (detrusor muscle),3214,2615
TCGA-DK-A1AD-01Z-00-DX1.1B438E00-C022-4CB8-994D-C4EE8E009F00_tiles.jsonl,TCGA-DK-A1AD,Necrosis,224,193
TCGA-DK-A1AD-01Z-00-DX1.1B438E00-C022-4CB8-994D-C4EE8E009F00_tiles.jsonl,TCGA-DK-A1AD,Normal urothelium (benign mucosa),17472,16246
TCGA-DK-A1AD-01Z-00-DX1.1B438E00-C022-4CB8-994D-C4EE8E009F00_tiles.jsonl,TCGA-DK-A1AD,Perivesical adipose tissue (extravesical fat),3811,3426
TCGA-DK-A1AE-01Z-00-DX1.85F1B791-E0CD-479F-9C2D-E411981E4471_tiles.jsonl,TCGA-DK-A1AE,Blood vessels (vasculature),3475,3239
TCGA-DK-A1AE-01Z-00-DX1.85F1B791-E0CD-479F-9C2D-E411981E4471_tiles.jsonl,TCGA-DK-A1AE,Inflammatory infiltrates (immune cells),4920,4428
TCGA-DK-A1AE-01Z-00-DX1.85F1B791-E0CD-479F-9C2D-E411981E4471_tiles.jsonl,TCGA-DK-A1AE,Invasive urothelial carcinoma (tumor),32726,32260
TCGA-DK-A1AE-01Z-00-DX1.85F1B791-E0CD-479F-9C2D-E411981E4471_tiles.jsonl,TCGA-DK-A1AE,Lamina propria (fibrovascular stroma),4927,4120
TCGA-DK-A1AE-01Z-00-DX1.85F1B791-E0CD-479F-9C2D-E411981E4471_tiles.jsonl,TCGA-DK-A1AE,Muscularis propria (detrusor muscle),3853,3078
TCGA-DK-A1AE-01Z-00-DX1.85F1B791-E0CD-479F-9C2D-E411981E4471_tiles.jsonl,TCGA-DK-A1AE,Necrosis,1332,1280
TCGA-DK-A1AE-01Z-00-DX1.85F1B791-E0CD-479F-9C2D-E411981E4471_tiles.jsonl,TCGA-DK-A1AE,Normal urothelium (benign mucosa),2854,2411
TCGA-DK-A1AE-01Z-00-DX1.85F1B791-E0CD-479F-9C2D-E411981E4471_tiles.jsonl,TCGA-DK-A1AE,Perivesical adipose tissue (extravesical fat),2233,2132
TCGA-DK-A1AF-01Z-00-DX1.E18DE029-27A6-43A6-9E9D-D0225C7D5324_tiles.jsonl,TCGA-DK-A1AF,Blood vessels (vasculature),26714,24658
TCGA-DK-A1AF-01Z-00-DX1.E18DE029-27A6-43A6-9E9D-D0225C7D5324_tiles.jsonl,TCGA-DK-A1AF,Inflammatory infiltrates (immune cells),11710,10531
TCGA-DK-A1AF-01Z-00-DX1.E18DE029-27A6-43A6-9E9D-D0225C7D5324_tiles.jsonl,TCGA-DK-A1AF,Invasive urothelial carcinoma (tumor),4562,3690
TCGA-DK-A1AF-01Z-00-DX1.E18DE029-27A6-43A6-9E9D-D0225C7D5324_tiles.jsonl,TCGA-DK-A1AF,Lamina propria (fibrovascular stroma),21715,18280
TCGA-DK-A1AF-01Z-00-DX1.E18DE029-27A6-43A6-9E9D-D0225C7D5324_tiles.jsonl,TCGA-DK-A1AF,Muscularis propria (detrusor muscle),8166,5914
TCGA-DK-A1AF-01Z-00-DX1.E18DE029-27A6-43A6-9E9D-D0225C7D5324_tiles.jsonl,TCGA-DK-A1AF,Necrosis,1664,1593
TCGA-DK-A1AF-01Z-00-DX1.E18DE029-27A6-43A6-9E9D-D0225C7D5324_tiles.jsonl,TCGA-DK-A1AF,Normal urothelium (benign mucosa),15207,12845
TCGA-DK-A1AF-01Z-00-DX1.E18DE029-27A6-43A6-9E9D-D0225C7D5324_tiles.jsonl,TCGA-DK-A1AF,Perivesical adipose tissue (extravesical fat),7542,6725
TCGA-DK-A1AG-01Z-00-DX1.1794B149-3C25-4C51-B96F-1EA24BCBBB3C_tiles.jsonl,TCGA-DK-A1AG,Blood vessels (vasculature),13450,12385
TCGA-DK-A1AG-01Z-00-DX1.1794B149-3C25-4C51-B96F-1EA24BCBBB3C_tiles.jsonl,TCGA-DK-A1AG,Inflammatory infiltrates (immune cells),1242,982
TCGA-DK-A1AG-01Z-00-DX1.1794B149-3C25-4C51-B96F-1EA24BCBBB3C_tiles.jsonl,TCGA-DK-A1AG,Invasive urothelial carcinoma (tumor),24628,23871
TCGA-DK-A1AG-01Z-00-DX1.1794B149-3C25-4C51-B96F-1EA24BCBBB3C_tiles.jsonl,TCGA-DK-A1AG,Lamina propria (fibrovascular stroma),14547,13143
TCGA-DK-A1AG-01Z-00-DX1.1794B149-3C25-4C51-B96F-1EA24BCBBB3C_tiles.jsonl,TCGA-DK-A1AG,Muscularis propria (detrusor muscle),4216,3381
TCGA-DK-A1AG-01Z-00-DX1.1794B149-3C25-4C51-B96F-1EA24BCBBB3C_tiles.jsonl,TCGA-DK-A1AG,Necrosis,1234,1143
TCGA-DK-A1AG-01Z-00-DX1.1794B149-3C25-4C51-B96F-1EA24BCBBB3C_tiles.jsonl,TCGA-DK-A1AG,Normal urothelium (benign mucosa),10281,9425
TCGA-DK-A1AG-01Z-00-DX1.1794B149-3C25-4C51-B96F-1EA24BCBBB3C_tiles.jsonl,TCGA-DK-A1AG,Perivesical adipose tissue (extravesical fat),7202,6770
TCGA-DK-A2HX-01Z-00-DX1.F5D261DF-5A52-4BF6-B892-89B245809F7B_tiles.jsonl,TCGA-DK-A2HX,Blood vessels (vasculature),7852,7091
TCGA-DK-A2HX-01Z-00-DX1.F5D261DF-5A52-4BF6-B892-89B245809F7B_tiles.jsonl,TCGA-DK-A2HX,Inflammatory infiltrates (immune cells),7197,6398
TCGA-DK-A2HX-01Z-00-DX1.F5D261DF-5A52-4BF6-B892-89B245809F7B_tiles.jsonl,TCGA-DK-A2HX,Invasive urothelial carcinoma (tumor),11454,10939
TCGA-DK-A2HX-01Z-00-DX1.F5D261DF-5A52-4BF6-B892-89B245809F7B_tiles.jsonl,TCGA-DK-A2HX,Lamina propria (fibrovascular stroma),16086,14184
TCGA-DK-A2HX-01Z-00-DX1.F5D261DF-5A52-4BF6-B892-89B245809F7B_tiles.jsonl,TCGA-DK-A2HX,Muscularis propria (detrusor muscle),4593,3654
TCGA-DK-A2HX-01Z-00-DX1.F5D261DF-5A52-4BF6-B892-89B245809F7B_tiles.jsonl,TCGA-DK-A2HX,Necrosis,192,154
TCGA-DK-A2HX-01Z-00-DX1.F5D261DF-5A52-4BF6-B892-89B245809F7B_tiles.jsonl,TCGA-DK-A2HX,Normal urothelium (benign mucosa),2070,1663
TCGA-DK-A2HX-01Z-00-DX1.F5D261DF-5A52-4BF6-B892-89B245809F7B_tiles.jsonl,TCGA-DK-A2HX,Perivesical adipose tissue (extravesical fat),6876,6340
TCGA-DK-A2I1-01Z-00-DX1.7EBA720C-60F8-4012-95D2-F4B10FB74A18_tiles.jsonl,TCGA-DK-A2I1,Blood vessels (vasculature),5433,5070
TCGA-DK-A2I1-01Z-00-DX1.7EBA720C-60F8-4012-95D2-F4B10FB74A18_tiles.jsonl,TCGA-DK-A2I1,Inflammatory infiltrates (immune cells),581,484
TCGA-DK-A2I1-01Z-00-DX1.7EBA720C-60F8-4012-95D2-F4B10FB74A18_tiles.jsonl,TCGA-DK-A2I1,Invasive urothelial carcinoma (tumor),3861,3693
TCGA-DK-A2I1-01Z-00-DX1.7EBA720C-60F8-4012-95D2-F4B10FB74A18_tiles.jsonl,TCGA-DK-A2I1,Lamina propria (fibrovascular stroma),3850,3429
TCGA-DK-A2I1-01Z-00-DX1.7EBA720C-60F8-4012-95D2-F4B10FB74A18_tiles.jsonl,TCGA-DK-A2I1,Muscularis propria (detrusor muscle),3001,2536
TCGA-DK-A2I1-01Z-00-DX1.7EBA720C-60F8-4012-95D2-F4B10FB74A18_tiles.jsonl,TCGA-DK-A2I1,Necrosis,22,16
TCGA-DK-A2I1-01Z-00-DX1.7EBA720C-60F8-4012-95D2-F4B10FB74A18_tiles.jsonl,TCGA-DK-A2I1,Normal urothelium (benign mucosa),1351,1145
TCGA-DK-A2I1-01Z-00-DX1.7EBA720C-60F8-4012-95D2-F4B10FB74A18_tiles.jsonl,TCGA-DK-A2I1,Perivesical adipose tissue (extravesical fat),2381,2177
TCGA-DK-A2I2-01Z-00-DX1.FF39546E-EE64-4287-8CB5-585801A08519_tiles.jsonl,TCGA-DK-A2I2,Blood vessels (vasculature),7116,6573
TCGA-DK-A2I2-01Z-00-DX1.FF39546E-EE64-4287-8CB5-585801A08519_tiles.jsonl,TCGA-DK-A2I2,Inflammatory infiltrates (immune cells),18238,16600
TCGA-DK-A2I2-01Z-00-DX1.FF39546E-EE64-4287-8CB5-585801A08519_tiles.jsonl,TCGA-DK-A2I2,Invasive urothelial carcinoma (tumor),17508,16503
TCGA-DK-A2I2-01Z-00-DX1.FF39546E-EE64-4287-8CB5-585801A08519_tiles.jsonl,TCGA-DK-A2I2,Lamina propria (fibrovascular stroma),16055,13818
TCGA-DK-A2I2-01Z-00-DX1.FF39546E-EE64-4287-8CB5-585801A08519_tiles.jsonl,TCGA-DK-A2I2,Muscularis propria (detrusor muscle),8300,6550
TCGA-DK-A2I2-01Z-00-DX1.FF39546E-EE64-4287-8CB5-585801A08519_tiles.jsonl,TCGA-DK-A2I2,Necrosis,2084,1867
TCGA-DK-A2I2-01Z-00-DX1.FF39546E-EE64-4287-8CB5-585801A08519_tiles.jsonl,TCGA-DK-A2I2,Normal urothelium (benign mucosa),2877,2349
TCGA-DK-A2I2-01Z-00-DX1.FF39546E-EE64-4287-8CB5-585801A08519_tiles.jsonl,TCGA-DK-A2I2,Perivesical adipose tissue (extravesical fat),4622,4427
TCGA-DK-A2I4-01Z-00-DX1.2DE79A2D-575E-4D5A-A6E3-89D551A5FA46_tiles.jsonl,TCGA-DK-A2I4,Blood vessels (vasculature),4778,4488
TCGA-DK-A2I4-01Z-00-DX1.2DE79A2D-575E-4D5A-A6E3-89D551A5FA46_tiles.jsonl,TCGA-DK-A2I4,Inflammatory infiltrates (immune cells),2574,2131
TCGA-DK-A2I4-01Z-00-DX1.2DE79A2D-575E-4D5A-A6E3-89D551A5FA46_tiles.jsonl,TCGA-DK-A2I4,Invasive urothelial carcinoma (tumor),10516,10270
TCGA-DK-A2I4-01Z-00-DX1.2DE79A2D-575E-4D5A-A6E3-89D551A5FA46_tiles.jsonl,TCGA-DK-A2I4,Lamina propria (fibrovascular stroma),1771,1423
TCGA-DK-A2I4-01Z-00-DX1.2DE79A2D-575E-4D5A-A6E3-89D551A5FA46_tiles.jsonl,TCGA-DK-A2I4,Muscularis propria (detrusor muscle),2728,2187
TCGA-DK-A2I4-01Z-00-DX1.2DE79A2D-575E-4D5A-A6E3-89D551A5FA46_tiles.jsonl,TCGA-DK-A2I4,Necrosis,1567,1462
TCGA-DK-A2I4-01Z-00-DX1.2DE79A2D-575E-4D5A-A6E3-89D551A5FA46_tiles.jsonl,TCGA-DK-A2I4,Normal urothelium (benign mucosa),1906,1689
TCGA-DK-A2I4-01Z-00-DX1.2DE79A2D-575E-4D5A-A6E3-89D551A5FA46_tiles.jsonl,TCGA-DK-A2I4,Perivesical adipose tissue (extravesical fat),4880,4760
TCGA-DK-A2I6-01Z-00-DX1.7BF86D3B-D4F7-47F9-B021-7FD6B673A238_tiles.jsonl,TCGA-DK-A2I6,Blood vessels (vasculature),12945,11732
TCGA-DK-A2I6-01Z-00-DX1.7BF86D3B-D4F7-47F9-B021-7FD6B673A238_tiles.jsonl,TCGA-DK-A2I6,Inflammatory infiltrates (immune cells),2307,1795
TCGA-DK-A2I6-01Z-00-DX1.7BF86D3B-D4F7-47F9-B021-7FD6B673A238_tiles.jsonl,TCGA-DK-A2I6,Invasive urothelial carcinoma (tumor),24923,24177
TCGA-DK-A2I6-01Z-00-DX1.7BF86D3B-D4F7-47F9-B021-7FD6B673A238_tiles.jsonl,TCGA-DK-A2I6,Lamina propria (fibrovascular stroma),8073,6543
TCGA-DK-A2I6-01Z-00-DX1.7BF86D3B-D4F7-47F9-B021-7FD6B673A238_tiles.jsonl,TCGA-DK-A2I6,Muscularis propria (detrusor muscle),4699,3477
TCGA-DK-A2I6-01Z-00-DX1.7BF86D3B-D4F7-47F9-B021-7FD6B673A238_tiles.jsonl,TCGA-DK-A2I6,Necrosis,963,903
TCGA-DK-A2I6-01Z-00-DX1.7BF86D3B-D4F7-47F9-B021-7FD6B673A238_tiles.jsonl,TCGA-DK-A2I6,Normal urothelium (benign mucosa),10926,9970
TCGA-DK-A2I6-01Z-00-DX1.7BF86D3B-D4F7-47F9-B021-7FD6B673A238_tiles.jsonl,TCGA-DK-A2I6,Perivesical adipose tissue (extravesical fat),6844,6285
TCGA-DK-A3IK-01Z-00-DX1.2C3A7E93-113C-4321-94B1-7A228E4897F0_tiles.jsonl,TCGA-DK-A3IK,Blood vessels (vasculature),3423,3152
TCGA-DK-A3IK-01Z-00-DX1.2C3A7E93-113C-4321-94B1-7A228E4897F0_tiles.jsonl,TCGA-DK-A3IK,Inflammatory infiltrates (immune cells),2066,1812
TCGA-DK-A3IK-01Z-00-DX1.2C3A7E93-113C-4321-94B1-7A228E4897F0_tiles.jsonl,TCGA-DK-A3IK,Invasive urothelial carcinoma (tumor),11539,11106
TCGA-DK-A3IK-01Z-00-DX1.2C3A7E93-113C-4321-94B1-7A228E4897F0_tiles.jsonl,TCGA-DK-A3IK,Lamina propria (fibrovascular stroma),5761,5135
TCGA-DK-A3IK-01Z-00-DX1.2C3A7E93-113C-4321-94B1-7A228E4897F0_tiles.jsonl,TCGA-DK-A3IK,Muscularis propria (detrusor muscle),2815,2304
TCGA-DK-A3IK-01Z-00-DX1.2C3A7E93-113C-4321-94B1-7A228E4897F0_tiles.jsonl,TCGA-DK-A3IK,Necrosis,485,440
TCGA-DK-A3IK-01Z-00-DX1.2C3A7E93-113C-4321-94B1-7A228E4897F0_tiles.jsonl,TCGA-DK-A3IK,Normal urothelium (benign mucosa),1111,955
TCGA-DK-A3IK-01Z-00-DX1.2C3A7E93-113C-4321-94B1-7A228E4897F0_tiles.jsonl,TCGA-DK-A3IK,Perivesical adipose tissue (extravesical fat),13760,13585
TCGA-DK-A3IL-01Z-00-DX1.B3F0006E-CB53-4475-9576-3411C835B25A_tiles.jsonl,TCGA-DK-A3IL,Blood vessels (vasculature),13979,12819
TCGA-DK-A3IL-01Z-00-DX1.B3F0006E-CB53-4475-9576-3411C835B25A_tiles.jsonl,TCGA-DK-A3IL,Inflammatory infiltrates (immune cells),4038,3499
TCGA-DK-A3IL-01Z-00-DX1.B3F0006E-CB53-4475-9576-3411C835B25A_tiles.jsonl,TCGA-DK-A3IL,Invasive urothelial carcinoma (tumor),5358,5109
TCGA-DK-A3IL-01Z-00-DX1.B3F0006E-CB53-4475-9576-3411C835B25A_tiles.jsonl,TCGA-DK-A3IL,Lamina propria (fibrovascular stroma),14863,13178
TCGA-DK-A3IL-01Z-00-DX1.B3F0006E-CB53-4475-9576-3411C835B25A_tiles.jsonl,TCGA-DK-A3IL,Muscularis propria (detrusor muscle),6225,5032
TCGA-DK-A3IL-01Z-00-DX1.B3F0006E-CB53-4475-9576-3411C835B25A_tiles.jsonl,TCGA-DK-A3IL,Necrosis,308,266
TCGA-DK-A3IL-01Z-00-DX1.B3F0006E-CB53-4475-9576-3411C835B25A_tiles.jsonl,TCGA-DK-A3IL,Normal urothelium (benign mucosa),6403,5485
TCGA-DK-A3IL-01Z-00-DX1.B3F0006E-CB53-4475-9576-3411C835B25A_tiles.jsonl,TCGA-DK-A3IL,Perivesical adipose tissue (extravesical fat),5146,4687
TCGA-DK-A3IM-01Z-00-DX1.ED1A8B22-566E-4A95-AF6D-7C9E536BE2B7_tiles.jsonl,TCGA-DK-A3IM,Blood vessels (vasculature),7524,6952
TCGA-DK-A3IM-01Z-00-DX1.ED1A8B22-566E-4A95-AF6D-7C9E536BE2B7_tiles.jsonl,TCGA-DK-A3IM,Inflammatory infiltrates (immune cells),2425,1924
TCGA-DK-A3IM-01Z-00-DX1.ED1A8B22-566E-4A95-AF6D-7C9E536BE2B7_tiles.jsonl,TCGA-DK-A3IM,Invasive urothelial carcinoma (tumor),37047,36201
TCGA-DK-A3IM-01Z-00-DX1.ED1A8B22-566E-4A95-AF6D-7C9E536BE2B7_tiles.jsonl,TCGA-DK-A3IM,Lamina propria (fibrovascular stroma),7431,6403
TCGA-DK-A3IM-01Z-00-DX1.ED1A8B22-566E-4A95-AF6D-7C9E536BE2B7_tiles.jsonl,TCGA-DK-A3IM,Muscularis propria (detrusor muscle),6146,5124
TCGA-DK-A3IM-01Z-00-DX1.ED1A8B22-566E-4A95-AF6D-7C9E536BE2B7_tiles.jsonl,TCGA-DK-A3IM,Necrosis,17186,16910
TCGA-DK-A3IM-01Z-00-DX1.ED1A8B22-566E-4A95-AF6D-7C9E536BE2B7_tiles.jsonl,TCGA-DK-A3IM,Normal urothelium (benign mucosa),1995,1737
TCGA-DK-A3IM-01Z-00-DX1.ED1A8B22-566E-4A95-AF6D-7C9E536BE2B7_tiles.jsonl,TCGA-DK-A3IM,Perivesical adipose tissue (extravesical fat),12406,12070
TCGA-DK-A3IN-01Z-00-DX1.2AB0F8FC-CC41-4277-A8AF-8AE709D98DA0_tiles.jsonl,TCGA-DK-A3IN,Blood vessels (vasculature),4688,4272
TCGA-DK-A3IN-01Z-00-DX1.2AB0F8FC-CC41-4277-A8AF-8AE709D98DA0_tiles.jsonl,TCGA-DK-A3IN,Inflammatory infiltrates (immune cells),2225,1890
TCGA-DK-A3IN-01Z-00-DX1.2AB0F8FC-CC41-4277-A8AF-8AE709D98DA0_tiles.jsonl,TCGA-DK-A3IN,Invasive urothelial carcinoma (tumor),14321,13834
TCGA-DK-A3IN-01Z-00-DX1.2AB0F8FC-CC41-4277-A8AF-8AE709D98DA0_tiles.jsonl,TCGA-DK-A3IN,Lamina propria (fibrovascular stroma),12433,11171
TCGA-DK-A3IN-01Z-00-DX1.2AB0F8FC-CC41-4277-A8AF-8AE709D98DA0_tiles.jsonl,TCGA-DK-A3IN,Muscularis propria (detrusor muscle),5223,4258
TCGA-DK-A3IN-01Z-00-DX1.2AB0F8FC-CC41-4277-A8AF-8AE709D98DA0_tiles.jsonl,TCGA-DK-A3IN,Necrosis,2247,2182
TCGA-DK-A3IN-01Z-00-DX1.2AB0F8FC-CC41-4277-A8AF-8AE709D98DA0_tiles.jsonl,TCGA-DK-A3IN,Normal urothelium (benign mucosa),3353,2886
TCGA-DK-A3IN-01Z-00-DX1.2AB0F8FC-CC41-4277-A8AF-8AE709D98DA0_tiles.jsonl,TCGA-DK-A3IN,Perivesical adipose tissue (extravesical fat),1590,1370
TCGA-DK-A3IQ-01Z-00-DX1.D68A6FD8-6E48-4FC1-BAF3-B80D6198EFAE_tiles.jsonl,TCGA-DK-A3IQ,Blood vessels (vasculature),11383,10425
TCGA-DK-A3IQ-01Z-00-DX1.D68A6FD8-6E48-4FC1-BAF3-B80D6198EFAE_tiles.jsonl,TCGA-DK-A3IQ,Inflammatory infiltrates (immune cells),2689,2288
TCGA-DK-A3IQ-01Z-00-DX1.D68A6FD8-6E48-4FC1-BAF3-B80D6198EFAE_tiles.jsonl,TCGA-DK-A3IQ,Invasive urothelial carcinoma (tumor),10746,10077
TCGA-DK-A3IQ-01Z-00-DX1.D68A6FD8-6E48-4FC1-BAF3-B80D6198EFAE_tiles.jsonl,TCGA-DK-A3IQ,Lamina propria (fibrovascular stroma),12200,10771
TCGA-DK-A3IQ-01Z-00-DX1.D68A6FD8-6E48-4FC1-BAF3-B80D6198EFAE_tiles.jsonl,TCGA-DK-A3IQ,Muscularis propria (detrusor muscle),7338,5948
TCGA-DK-A3IQ-01Z-00-DX1.D68A6FD8-6E48-4FC1-BAF3-B80D6198EFAE_tiles.jsonl,TCGA-DK-A3IQ,Necrosis,120,81
TCGA-DK-A3IQ-01Z-00-DX1.D68A6FD8-6E48-4FC1-BAF3-B80D6198EFAE_tiles.jsonl,TCGA-DK-A3IQ,Normal urothelium (benign mucosa),4547,3878
TCGA-DK-A3IQ-01Z-00-DX1.D68A6FD8-6E48-4FC1-BAF3-B80D6198EFAE_tiles.jsonl,TCGA-DK-A3IQ,Perivesical adipose tissue (extravesical fat),7297,6753
TCGA-DK-A3IS-01Z-00-DX1.31CABE32-36D7-4920-BF5A-9C9D8B54320F_tiles.jsonl,TCGA-DK-A3IS,Blood vessels (vasculature),7922,7479
TCGA-DK-A3IS-01Z-00-DX1.31CABE32-36D7-4920-BF5A-9C9D8B54320F_tiles.jsonl,TCGA-DK-A3IS,Inflammatory infiltrates (immune cells),220,174
TCGA-DK-A3IS-01Z-00-DX1.31CABE32-36D7-4920-BF5A-9C9D8B54320F_tiles.jsonl,TCGA-DK-A3IS,Invasive urothelial carcinoma (tumor),21800,21434
TCGA-DK-A3IS-01Z-00-DX1.31CABE32-36D7-4920-BF5A-9C9D8B54320F_tiles.jsonl,TCGA-DK-A3IS,Lamina propria (fibrovascular stroma),5187,4441
TCGA-DK-A3IS-01Z-00-DX1.31CABE32-36D7-4920-BF5A-9C9D8B54320F_tiles.jsonl,TCGA-DK-A3IS,Muscularis propria (detrusor muscle),5197,4368
TCGA-DK-A3IS-01Z-00-DX1.31CABE32-36D7-4920-BF5A-9C9D8B54320F_tiles.jsonl,TCGA-DK-A3IS,Necrosis,750,722
TCGA-DK-A3IS-01Z-00-DX1.31CABE32-36D7-4920-BF5A-9C9D8B54320F_tiles.jsonl,TCGA-DK-A3IS,Normal urothelium (benign mucosa),2620,2167
TCGA-DK-A3IS-01Z-00-DX1.31CABE32-36D7-4920-BF5A-9C9D8B54320F_tiles.jsonl,TCGA-DK-A3IS,Perivesical adipose tissue (extravesical fat),2384,2269
TCGA-DK-A3IT-01Z-00-DX1.819410F8-5E45-484B-8D98-0A3DAB314C6E_tiles.jsonl,TCGA-DK-A3IT,Blood vessels (vasculature),4628,4344
TCGA-DK-A3IT-01Z-00-DX1.819410F8-5E45-484B-8D98-0A3DAB314C6E_tiles.jsonl,TCGA-DK-A3IT,Inflammatory infiltrates (immune cells),2316,1976
TCGA-DK-A3IT-01Z-00-DX1.819410F8-5E45-484B-8D98-0A3DAB314C6E_tiles.jsonl,TCGA-DK-A3IT,Invasive urothelial carcinoma (tumor),17657,17020
TCGA-DK-A3IT-01Z-00-DX1.819410F8-5E45-484B-8D98-0A3DAB314C6E_tiles.jsonl,TCGA-DK-A3IT,Lamina propria (fibrovascular stroma),9499,8431
TCGA-DK-A3IT-01Z-00-DX1.819410F8-5E45-484B-8D98-0A3DAB314C6E_tiles.jsonl,TCGA-DK-A3IT,Muscularis propria (detrusor muscle),5175,4227
TCGA-DK-A3IT-01Z-00-DX1.819410F8-5E45-484B-8D98-0A3DAB314C6E_tiles.jsonl,TCGA-DK-A3IT,Necrosis,146,126
TCGA-DK-A3IT-01Z-00-DX1.819410F8-5E45-484B-8D98-0A3DAB314C6E_tiles.jsonl,TCGA-DK-A3IT,Normal urothelium (benign mucosa),2729,2289
TCGA-DK-A3IT-01Z-00-DX1.819410F8-5E45-484B-8D98-0A3DAB314C6E_tiles.jsonl,TCGA-DK-A3IT,Perivesical adipose tissue (extravesical fat),3930,3787
TCGA-DK-A3IU-01Z-00-DX1.A624F891-20E8-48F6-8FAE-D046F30E257C_tiles.jsonl,TCGA-DK-A3IU,Blood vessels (vasculature),12109,11033
TCGA-DK-A3IU-01Z-00-DX1.A624F891-20E8-48F6-8FAE-D046F30E257C_tiles.jsonl,TCGA-DK-A3IU,Inflammatory infiltrates (immune cells),5447,4900
TCGA-DK-A3IU-01Z-00-DX1.A624F891-20E8-48F6-8FAE-D046F30E257C_tiles.jsonl,TCGA-DK-A3IU,Invasive urothelial carcinoma (tumor),7682,7042
TCGA-DK-A3IU-01Z-00-DX1.A624F891-20E8-48F6-8FAE-D046F30E257C_tiles.jsonl,TCGA-DK-A3IU,Lamina propria (fibrovascular stroma),26392,23285
TCGA-DK-A3IU-01Z-00-DX1.A624F891-20E8-48F6-8FAE-D046F30E257C_tiles.jsonl,TCGA-DK-A3IU,Muscularis propria (detrusor muscle),9765,7853
TCGA-DK-A3IU-01Z-00-DX1.A624F891-20E8-48F6-8FAE-D046F30E257C_tiles.jsonl,TCGA-DK-A3IU,Necrosis,370,324
TCGA-DK-A3IU-01Z-00-DX1.A624F891-20E8-48F6-8FAE-D046F30E257C_tiles.jsonl,TCGA-DK-A3IU,Normal urothelium (benign mucosa),12525,11178
TCGA-DK-A3IU-01Z-00-DX1.A624F891-20E8-48F6-8FAE-D046F30E257C_tiles.jsonl,TCGA-DK-A3IU,Perivesical adipose tissue (extravesical fat),7630,7299
TCGA-DK-A3IV-01Z-00-DX1.3E7EDFE4-61F6-4EA8-9A29-D70C2785E408_tiles.jsonl,TCGA-DK-A3IV,Blood vessels (vasculature),11475,10996
TCGA-DK-A3IV-01Z-00-DX1.3E7EDFE4-61F6-4EA8-9A29-D70C2785E408_tiles.jsonl,TCGA-DK-A3IV,Inflammatory infiltrates (immune cells),6668,6209
TCGA-DK-A3IV-01Z-00-DX1.3E7EDFE4-61F6-4EA8-9A29-D70C2785E408_tiles.jsonl,TCGA-DK-A3IV,Invasive urothelial carcinoma (tumor),45344,44555
TCGA-DK-A3IV-01Z-00-DX1.3E7EDFE4-61F6-4EA8-9A29-D70C2785E408_tiles.jsonl,TCGA-DK-A3IV,Lamina propria (fibrovascular stroma),26695,25103
TCGA-DK-A3IV-01Z-00-DX1.3E7EDFE4-61F6-4EA8-9A29-D70C2785E408_tiles.jsonl,TCGA-DK-A3IV,Muscularis propria (detrusor muscle),2766,2182
TCGA-DK-A3IV-01Z-00-DX1.3E7EDFE4-61F6-4EA8-9A29-D70C2785E408_tiles.jsonl,TCGA-DK-A3IV,Necrosis,2376,2227
TCGA-DK-A3IV-01Z-00-DX1.3E7EDFE4-61F6-4EA8-9A29-D70C2785E408_tiles.jsonl,TCGA-DK-A3IV,Normal urothelium (benign mucosa),6582,6059
TCGA-DK-A3IV-01Z-00-DX1.3E7EDFE4-61F6-4EA8-9A29-D70C2785E408_tiles.jsonl,TCGA-DK-A3IV,Perivesical adipose tissue (extravesical fat),494,437
TCGA-DK-A3WW-01Z-00-DX1.4C3751B5-BD3E-4902-A092-B5877B67851F_tiles.jsonl,TCGA-DK-A3WW,Blood vessels (vasculature),4101,3644
TCGA-DK-A3WW-01Z-00-DX1.4C3751B5-BD3E-4902-A092-B5877B67851F_tiles.jsonl,TCGA-DK-A3WW,Inflammatory infiltrates (immune cells),14365,13436
TCGA-DK-A3WW-01Z-00-DX1.4C3751B5-BD3E-4902-A092-B5877B67851F_tiles.jsonl,TCGA-DK-A3WW,Invasive urothelial carcinoma (tumor),22327,21932
TCGA-DK-A3WW-01Z-00-DX1.4C3751B5-BD3E-4902-A092-B5877B67851F_tiles.jsonl,TCGA-DK-A3WW,Lamina propria (fibrovascular stroma),15652,14335
TCGA-DK-A3WW-01Z-00-DX1.4C3751B5-BD3E-4902-A092-B5877B67851F_tiles.jsonl,TCGA-DK-A3WW,Muscularis propria (detrusor muscle),5113,4299
TCGA-DK-A3WW-01Z-00-DX1.4C3751B5-BD3E-4902-A092-B5877B67851F_tiles.jsonl,TCGA-DK-A3WW,Necrosis,7129,6829
TCGA-DK-A3WW-01Z-00-DX1.4C3751B5-BD3E-4902-A092-B5877B67851F_tiles.jsonl,TCGA-DK-A3WW,Normal urothelium (benign mucosa),1001,810
TCGA-DK-A3WW-01Z-00-DX1.4C3751B5-BD3E-4902-A092-B5877B67851F_tiles.jsonl,TCGA-DK-A3WW,Perivesical adipose tissue (extravesical fat),1992,1872
TCGA-DK-A3WX-01Z-00-DX1.02E25F1B-4726-4D9E-BBC0-CF42F548F559_tiles.jsonl,TCGA-DK-A3WX,Blood vessels (vasculature),5735,5481
TCGA-DK-A3WX-01Z-00-DX1.02E25F1B-4726-4D9E-BBC0-CF42F548F559_tiles.jsonl,TCGA-DK-A3WX,Inflammatory infiltrates (immune cells),1247,1128
TCGA-DK-A3WX-01Z-00-DX1.02E25F1B-4726-4D9E-BBC0-CF42F548F559_tiles.jsonl,TCGA-DK-A3WX,Invasive urothelial carcinoma (tumor),3179,3053
TCGA-DK-A3WX-01Z-00-DX1.02E25F1B-4726-4D9E-BBC0-CF42F548F559_tiles.jsonl,TCGA-DK-A3WX,Lamina propria (fibrovascular stroma),1791,1543
TCGA-DK-A3WX-01Z-00-DX1.02E25F1B-4726-4D9E-BBC0-CF42F548F559_tiles.jsonl,TCGA-DK-A3WX,Muscularis propria (detrusor muscle),1816,1504
TCGA-DK-A3WX-01Z-00-DX1.02E25F1B-4726-4D9E-BBC0-CF42F548F559_tiles.jsonl,TCGA-DK-A3WX,Necrosis,2702,2622
TCGA-DK-A3WX-01Z-00-DX1.02E25F1B-4726-4D9E-BBC0-CF42F548F559_tiles.jsonl,TCGA-DK-A3WX,Normal urothelium (benign mucosa),12624,12014
TCGA-DK-A3WX-01Z-00-DX1.02E25F1B-4726-4D9E-BBC0-CF42F548F559_tiles.jsonl,TCGA-DK-A3WX,Perivesical adipose tissue (extravesical fat),1626,1541
TCGA-DK-A3WY-01Z-00-DX1.B2B8F28A-A9A4-4C6E-8C7F-3008DF2DE498_tiles.jsonl,TCGA-DK-A3WY,Blood vessels (vasculature),6939,6237
TCGA-DK-A3WY-01Z-00-DX1.B2B8F28A-A9A4-4C6E-8C7F-3008DF2DE498_tiles.jsonl,TCGA-DK-A3WY,Inflammatory infiltrates (immune cells),9557,8270
TCGA-DK-A3WY-01Z-00-DX1.B2B8F28A-A9A4-4C6E-8C7F-3008DF2DE498_tiles.jsonl,TCGA-DK-A3WY,Invasive urothelial carcinoma (tumor),30710,29483
TCGA-DK-A3WY-01Z-00-DX1.B2B8F28A-A9A4-4C6E-8C7F-3008DF2DE498_tiles.jsonl,TCGA-DK-A3WY,Lamina propria (fibrovascular stroma),6091,4845
TCGA-DK-A3WY-01Z-00-DX1.B2B8F28A-A9A4-4C6E-8C7F-3008DF2DE498_tiles.jsonl,TCGA-DK-A3WY,Muscularis propria (detrusor muscle),16209,13801
TCGA-DK-A3WY-01Z-00-DX1.B2B8F28A-A9A4-4C6E-8C7F-3008DF2DE498_tiles.jsonl,TCGA-DK-A3WY,Necrosis,2098,1861
TCGA-DK-A3WY-01Z-00-DX1.B2B8F28A-A9A4-4C6E-8C7F-3008DF2DE498_tiles.jsonl,TCGA-DK-A3WY,Normal urothelium (benign mucosa),4338,3618
TCGA-DK-A3WY-01Z-00-DX1.B2B8F28A-A9A4-4C6E-8C7F-3008DF2DE498_tiles.jsonl,TCGA-DK-A3WY,Perivesical adipose tissue (extravesical fat),5978,5658
TCGA-DK-A3X1-01Z-00-DX1.DE470E1B-1DB4-4985-B11D-ECB02A65CA6C_tiles.jsonl,TCGA-DK-A3X1,Blood vessels (vasculature),8189,7664
TCGA-DK-A3X1-01Z-00-DX1.DE470E1B-1DB4-4985-B11D-ECB02A65CA6C_tiles.jsonl,TCGA-DK-A3X1,Inflammatory infiltrates (immune cells),4871,4260
TCGA-DK-A3X1-01Z-00-DX1.DE470E1B-1DB4-4985-B11D-ECB02A65CA6C_tiles.jsonl,TCGA-DK-A3X1,Invasive urothelial carcinoma (tumor),53360,52891
TCGA-DK-A3X1-01Z-00-DX1.DE470E1B-1DB4-4985-B11D-ECB02A65CA6C_tiles.jsonl,TCGA-DK-A3X1,Lamina propria (fibrovascular stroma),14312,13134
TCGA-DK-A3X1-01Z-00-DX1.DE470E1B-1DB4-4985-B11D-ECB02A65CA6C_tiles.jsonl,TCGA-DK-A3X1,Muscularis propria (detrusor muscle),6481,5450
TCGA-DK-A3X1-01Z-00-DX1.DE470E1B-1DB4-4985-B11D-ECB02A65CA6C_tiles.jsonl,TCGA-DK-A3X1,Necrosis,1394,1295
TCGA-DK-A3X1-01Z-00-DX1.DE470E1B-1DB4-4985-B11D-ECB02A65CA6C_tiles.jsonl,TCGA-DK-A3X1,Normal urothelium (benign mucosa),3834,3615
TCGA-DK-A3X1-01Z-00-DX1.DE470E1B-1DB4-4985-B11D-ECB02A65CA6C_tiles.jsonl,TCGA-DK-A3X1,Perivesical adipose tissue (extravesical fat),4839,4549
TCGA-DK-A3X2-01Z-00-DX1.CB507611-E3AE-43A2-B5F8-EEAE59423E2E_tiles.jsonl,TCGA-DK-A3X2,Blood vessels (vasculature),6084,5706
TCGA-DK-A3X2-01Z-00-DX1.CB507611-E3AE-43A2-B5F8-EEAE59423E2E_tiles.jsonl,TCGA-DK-A3X2,Inflammatory infiltrates (immune cells),1250,1079
TCGA-DK-A3X2-01Z-00-DX1.CB507611-E3AE-43A2-B5F8-EEAE59423E2E_tiles.jsonl,TCGA-DK-A3X2,Invasive urothelial carcinoma (tumor),30253,29960
TCGA-DK-A3X2-01Z-00-DX1.CB507611-E3AE-43A2-B5F8-EEAE59423E2E_tiles.jsonl,TCGA-DK-A3X2,Lamina propria (fibrovascular stroma),10392,9393
TCGA-DK-A3X2-01Z-00-DX1.CB507611-E3AE-43A2-B5F8-EEAE59423E2E_tiles.jsonl,TCGA-DK-A3X2,Muscularis propria (detrusor muscle),2162,1652
TCGA-DK-A3X2-01Z-00-DX1.CB507611-E3AE-43A2-B5F8-EEAE59423E2E_tiles.jsonl,TCGA-DK-A3X2,Necrosis,651,621
TCGA-DK-A3X2-01Z-00-DX1.CB507611-E3AE-43A2-B5F8-EEAE59423E2E_tiles.jsonl,TCGA-DK-A3X2,Normal urothelium (benign mucosa),3619,3171
TCGA-DK-A3X2-01Z-00-DX1.CB507611-E3AE-43A2-B5F8-EEAE59423E2E_tiles.jsonl,TCGA-DK-A3X2,Perivesical adipose tissue (extravesical fat),1909,1810
TCGA-DK-A6AV-01Z-00-DX1.FC632EEE-668B-4757-B2FB-139D869812E0_tiles.jsonl,TCGA-DK-A6AV,Blood vessels (vasculature),15046,13992
TCGA-DK-A6AV-01Z-00-DX1.FC632EEE-668B-4757-B2FB-139D869812E0_tiles.jsonl,TCGA-DK-A6AV,Inflammatory infiltrates (immune cells),3581,3108
TCGA-DK-A6AV-01Z-00-DX1.FC632EEE-668B-4757-B2FB-139D869812E0_tiles.jsonl,TCGA-DK-A6AV,Invasive urothelial carcinoma (tumor),5223,5006
TCGA-DK-A6AV-01Z-00-DX1.FC632EEE-668B-4757-B2FB-139D869812E0_tiles.jsonl,TCGA-DK-A6AV,Lamina propria (fibrovascular stroma),16849,15408
TCGA-DK-A6AV-01Z-00-DX1.FC632EEE-668B-4757-B2FB-139D869812E0_tiles.jsonl,TCGA-DK-A6AV,Muscularis propria (detrusor muscle),5410,4418
TCGA-DK-A6AV-01Z-00-DX1.FC632EEE-668B-4757-B2FB-139D869812E0_tiles.jsonl,TCGA-DK-A6AV,Necrosis,266,234
TCGA-DK-A6AV-01Z-00-DX1.FC632EEE-668B-4757-B2FB-139D869812E0_tiles.jsonl,TCGA-DK-A6AV,Normal urothelium (benign mucosa),8774,7913
TCGA-DK-A6AV-01Z-00-DX1.FC632EEE-668B-4757-B2FB-139D869812E0_tiles.jsonl,TCGA-DK-A6AV,Perivesical adipose tissue (extravesical fat),6291,5965
TCGA-DK-A6B0-01Z-00-DX1.83628045-FDD9-4167-879F-7813FDCA7D97_tiles.jsonl,TCGA-DK-A6B0,Blood vessels (vasculature),15787,15214
TCGA-DK-A6B0-01Z-00-DX1.83628045-FDD9-4167-879F-7813FDCA7D97_tiles.jsonl,TCGA-DK-A6B0,Inflammatory infiltrates (immune cells),1277,1036
TCGA-DK-A6B0-01Z-00-DX1.83628045-FDD9-4167-879F-7813FDCA7D97_tiles.jsonl,TCGA-DK-A6B0,Invasive urothelial carcinoma (tumor),14971,14536
TCGA-DK-A6B0-01Z-00-DX1.83628045-FDD9-4167-879F-7813FDCA7D97_tiles.jsonl,TCGA-DK-A6B0,Lamina propria (fibrovascular stroma),6531,5591
TCGA-DK-A6B0-01Z-00-DX1.83628045-FDD9-4167-879F-7813FDCA7D97_tiles.jsonl,TCGA-DK-A6B0,Muscularis propria (detrusor muscle),9375,8224
TCGA-DK-A6B0-01Z-00-DX1.83628045-FDD9-4167-879F-7813FDCA7D97_tiles.jsonl,TCGA-DK-A6B0,Necrosis,2247,2099
TCGA-DK-A6B0-01Z-00-DX1.83628045-FDD9-4167-879F-7813FDCA7D97_tiles.jsonl,TCGA-DK-A6B0,Normal urothelium (benign mucosa),6699,6028
TCGA-DK-A6B0-01Z-00-DX1.83628045-FDD9-4167-879F-7813FDCA7D97_tiles.jsonl,TCGA-DK-A6B0,Perivesical adipose tissue (extravesical fat),4553,4392
TCGA-DK-A6B1-01Z-00-DX1.16F4E625-D690-45CD-B810-9E7F12EF9A90_tiles.jsonl,TCGA-DK-A6B1,Blood vessels (vasculature),18018,17265
TCGA-DK-A6B1-01Z-00-DX1.16F4E625-D690-45CD-B810-9E7F12EF9A90_tiles.jsonl,TCGA-DK-A6B1,Inflammatory infiltrates (immune cells),256,179
TCGA-DK-A6B1-01Z-00-DX1.16F4E625-D690-45CD-B810-9E7F12EF9A90_tiles.jsonl,TCGA-DK-A6B1,Invasive urothelial carcinoma (tumor),42301,41538
TCGA-DK-A6B1-01Z-00-DX1.16F4E625-D690-45CD-B810-9E7F12EF9A90_tiles.jsonl,TCGA-DK-A6B1,Lamina propria (fibrovascular stroma),2494,1999
TCGA-DK-A6B1-01Z-00-DX1.16F4E625-D690-45CD-B810-9E7F12EF9A90_tiles.jsonl,TCGA-DK-A6B1,Muscularis propria (detrusor muscle),3791,3003
TCGA-DK-A6B1-01Z-00-DX1.16F4E625-D690-45CD-B810-9E7F12EF9A90_tiles.jsonl,TCGA-DK-A6B1,Necrosis,129,104
TCGA-DK-A6B1-01Z-00-DX1.16F4E625-D690-45CD-B810-9E7F12EF9A90_tiles.jsonl,TCGA-DK-A6B1,Normal urothelium (benign mucosa),7985,7040
TCGA-DK-A6B1-01Z-00-DX1.16F4E625-D690-45CD-B810-9E7F12EF9A90_tiles.jsonl,TCGA-DK-A6B1,Perivesical adipose tissue (extravesical fat),1826,1617
TCGA-DK-A6B2-01Z-00-DX1.23D318D9-A05D-49D5-8C0E-BAA71BC2AFFA_tiles.jsonl,TCGA-DK-A6B2,Blood vessels (vasculature),6936,6306
TCGA-DK-A6B2-01Z-00-DX1.23D318D9-A05D-49D5-8C0E-BAA71BC2AFFA_tiles.jsonl,TCGA-DK-A6B2,Inflammatory infiltrates (immune cells),5032,4564
TCGA-DK-A6B2-01Z-00-DX1.23D318D9-A05D-49D5-8C0E-BAA71BC2AFFA_tiles.jsonl,TCGA-DK-A6B2,Invasive urothelial carcinoma (tumor),23403,22668
TCGA-DK-A6B2-01Z-00-DX1.23D318D9-A05D-49D5-8C0E-BAA71BC2AFFA_tiles.jsonl,TCGA-DK-A6B2,Lamina propria (fibrovascular stroma),20763,18747
TCGA-DK-A6B2-01Z-00-DX1.23D318D9-A05D-49D5-8C0E-BAA71BC2AFFA_tiles.jsonl,TCGA-DK-A6B2,Muscularis propria (detrusor muscle),8022,6626
TCGA-DK-A6B2-01Z-00-DX1.23D318D9-A05D-49D5-8C0E-BAA71BC2AFFA_tiles.jsonl,TCGA-DK-A6B2,Necrosis,229,196
TCGA-DK-A6B2-01Z-00-DX1.23D318D9-A05D-49D5-8C0E-BAA71BC2AFFA_tiles.jsonl,TCGA-DK-A6B2,Normal urothelium (benign mucosa),4988,4265
TCGA-DK-A6B2-01Z-00-DX1.23D318D9-A05D-49D5-8C0E-BAA71BC2AFFA_tiles.jsonl,TCGA-DK-A6B2,Perivesical adipose tissue (extravesical fat),2307,2036
TCGA-DK-A6B5-01Z-00-DX1.A1A01D61-DAA3-4172-8D69-FF0456190967_tiles.jsonl,TCGA-DK-A6B5,Blood vessels (vasculature),9317,8505
TCGA-DK-A6B5-01Z-00-DX1.A1A01D61-DAA3-4172-8D69-FF0456190967_tiles.jsonl,TCGA-DK-A6B5,Inflammatory infiltrates (immune cells),2330,2017
TCGA-DK-A6B5-01Z-00-DX1.A1A01D61-DAA3-4172-8D69-FF0456190967_tiles.jsonl,TCGA-DK-A6B5,Invasive urothelial carcinoma (tumor),21555,20857
TCGA-DK-A6B5-01Z-00-DX1.A1A01D61-DAA3-4172-8D69-FF0456190967_tiles.jsonl,TCGA-DK-A6B5,Lamina propria (fibrovascular stroma),12797,11557
TCGA-DK-A6B5-01Z-00-DX1.A1A01D61-DAA3-4172-8D69-FF0456190967_tiles.jsonl,TCGA-DK-A6B5,Muscularis propria (detrusor muscle),6995,5766
TCGA-DK-A6B5-01Z-00-DX1.A1A01D61-DAA3-4172-8D69-FF0456190967_tiles.jsonl,TCGA-DK-A6B5,Necrosis,2342,2236
TCGA-DK-A6B5-01Z-00-DX1.A1A01D61-DAA3-4172-8D69-FF0456190967_tiles.jsonl,TCGA-DK-A6B5,Normal urothelium (benign mucosa),5973,5153
TCGA-DK-A6B5-01Z-00-DX1.A1A01D61-DAA3-4172-8D69-FF0456190967_tiles.jsonl,TCGA-DK-A6B5,Perivesical adipose tissue (extravesical fat),5251,4975
TCGA-DK-A6B6-01Z-00-DX1.CD8B2F09-A5BA-4795-92FD-03A7315C3A2D_tiles.jsonl,TCGA-DK-A6B6,Blood vessels (vasculature),7536,7175
TCGA-DK-A6B6-01Z-00-DX1.CD8B2F09-A5BA-4795-92FD-03A7315C3A2D_tiles.jsonl,TCGA-DK-A6B6,Inflammatory infiltrates (immune cells),4034,3702
TCGA-DK-A6B6-01Z-00-DX1.CD8B2F09-A5BA-4795-92FD-03A7315C3A2D_tiles.jsonl,TCGA-DK-A6B6,Invasive urothelial carcinoma (tumor),12490,12105
TCGA-DK-A6B6-01Z-00-DX1.CD8B2F09-A5BA-4795-92FD-03A7315C3A2D_tiles.jsonl,TCGA-DK-A6B6,Lamina propria (fibrovascular stroma),4755,4275
TCGA-DK-A6B6-01Z-00-DX1.CD8B2F09-A5BA-4795-92FD-03A7315C3A2D_tiles.jsonl,TCGA-DK-A6B6,Muscularis propria (detrusor muscle),751,572
TCGA-DK-A6B6-01Z-00-DX1.CD8B2F09-A5BA-4795-92FD-03A7315C3A2D_tiles.jsonl,TCGA-DK-A6B6,Necrosis,631,532
TCGA-DK-A6B6-01Z-00-DX1.CD8B2F09-A5BA-4795-92FD-03A7315C3A2D_tiles.jsonl,TCGA-DK-A6B6,Normal urothelium (benign mucosa),18188,17414
TCGA-DK-A6B6-01Z-00-DX1.CD8B2F09-A5BA-4795-92FD-03A7315C3A2D_tiles.jsonl,TCGA-DK-A6B6,Perivesical adipose tissue (extravesical fat),2815,2672
TCGA-E5-A2PC-01Z-00-DX1.409697C6-097B-4B24-A54B-B52BEC5A0A9B_tiles.jsonl,TCGA-E5-A2PC,Blood vessels (vasculature),8720,7901
TCGA-E5-A2PC-01Z-00-DX1.409697C6-097B-4B24-A54B-B52BEC5A0A9B_tiles.jsonl,TCGA-E5-A2PC,Inflammatory infiltrates (immune cells),685,478
TCGA-E5-A2PC-01Z-00-DX1.409697C6-097B-4B24-A54B-B52BEC5A0A9B_tiles.jsonl,TCGA-E5-A2PC,Invasive urothelial carcinoma (tumor),9362,9244
TCGA-E5-A2PC-01Z-00-DX1.409697C6-097B-4B24-A54B-B52BEC5A0A9B_tiles.jsonl,TCGA-E5-A2PC,Lamina propria (fibrovascular stroma),5901,4959
TCGA-E5-A2PC-01Z-00-DX1.409697C6-097B-4B24-A54B-B52BEC5A0A9B_tiles.jsonl,TCGA-E5-A2PC,Muscularis propria (detrusor muscle),5445,4426
TCGA-E5-A2PC-01Z-00-DX1.409697C6-097B-4B24-A54B-B52BEC5A0A9B_tiles.jsonl,TCGA-E5-A2PC,Necrosis,244,198
TCGA-E5-A2PC-01Z-00-DX1.409697C6-097B-4B24-A54B-B52BEC5A0A9B_tiles.jsonl,TCGA-E5-A2PC,Normal urothelium (benign mucosa),1459,1241
TCGA-E5-A2PC-01Z-00-DX1.409697C6-097B-4B24-A54B-B52BEC5A0A9B_tiles.jsonl,TCGA-E5-A2PC,Perivesical adipose tissue (extravesical fat),9144,8708
TCGA-E5-A4TZ-01Z-00-DX1.08FA5E08-5AF7-461E-8EBC-200BF969E505_tiles.jsonl,TCGA-E5-A4TZ,Blood vessels (vasculature),9485,9067
TCGA-E5-A4TZ-01Z-00-DX1.08FA5E08-5AF7-461E-8EBC-200BF969E505_tiles.jsonl,TCGA-E5-A4TZ,Inflammatory infiltrates (immune cells),668,575
TCGA-E5-A4TZ-01Z-00-DX1.08FA5E08-5AF7-461E-8EBC-200BF969E505_tiles.jsonl,TCGA-E5-A4TZ,Invasive urothelial carcinoma (tumor),39998,39425
TCGA-E5-A4TZ-01Z-00-DX1.08FA5E08-5AF7-461E-8EBC-200BF969E505_tiles.jsonl,TCGA-E5-A4TZ,Lamina propria (fibrovascular stroma),1055,882
TCGA-E5-A4TZ-01Z-00-DX1.08FA5E08-5AF7-461E-8EBC-200BF969E505_tiles.jsonl,TCGA-E5-A4TZ,Muscularis propria (detrusor muscle),623,475
TCGA-E5-A4TZ-01Z-00-DX1.08FA5E08-5AF7-461E-8EBC-200BF969E505_tiles.jsonl,TCGA-E5-A4TZ,Necrosis,433,386
TCGA-E5-A4TZ-01Z-00-DX1.08FA5E08-5AF7-461E-8EBC-200BF969E505_tiles.jsonl,TCGA-E5-A4TZ,Normal urothelium (benign mucosa),19033,18273
TCGA-E5-A4TZ-01Z-00-DX1.08FA5E08-5AF7-461E-8EBC-200BF969E505_tiles.jsonl,TCGA-E5-A4TZ,Perivesical adipose tissue (extravesical fat),5505,5255
TCGA-E5-A4U1-01Z-00-DX1.A088BCB3-86D7-4895-A168-00981B44EF78_tiles.jsonl,TCGA-E5-A4U1,Blood vessels (vasculature),16134,15337
TCGA-E5-A4U1-01Z-00-DX1.A088BCB3-86D7-4895-A168-00981B44EF78_tiles.jsonl,TCGA-E5-A4U1,Inflammatory infiltrates (immune cells),1748,1548
TCGA-E5-A4U1-01Z-00-DX1.A088BCB3-86D7-4895-A168-00981B44EF78_tiles.jsonl,TCGA-E5-A4U1,Invasive urothelial carcinoma (tumor),7680,7432
TCGA-E5-A4U1-01Z-00-DX1.A088BCB3-86D7-4895-A168-00981B44EF78_tiles.jsonl,TCGA-E5-A4U1,Lamina propria (fibrovascular stroma),2412,1957
TCGA-E5-A4U1-01Z-00-DX1.A088BCB3-86D7-4895-A168-00981B44EF78_tiles.jsonl,TCGA-E5-A4U1,Muscularis propria (detrusor muscle),3139,2540
TCGA-E5-A4U1-01Z-00-DX1.A088BCB3-86D7-4895-A168-00981B44EF78_tiles.jsonl,TCGA-E5-A4U1,Necrosis,462,421
TCGA-E5-A4U1-01Z-00-DX1.A088BCB3-86D7-4895-A168-00981B44EF78_tiles.jsonl,TCGA-E5-A4U1,Normal urothelium (benign mucosa),13575,12631
TCGA-E5-A4U1-01Z-00-DX1.A088BCB3-86D7-4895-A168-00981B44EF78_tiles.jsonl,TCGA-E5-A4U1,Perivesical adipose tissue (extravesical fat),6050,5614
TCGA-E7-A3X6-01Z-00-DX1.5566A0E9-E1C3-4F97-8C82-D2FF3FE3FD8D_tiles.jsonl,TCGA-E7-A3X6,Blood vessels (vasculature),5206,5022
TCGA-E7-A3X6-01Z-00-DX1.5566A0E9-E1C3-4F97-8C82-D2FF3FE3FD8D_tiles.jsonl,TCGA-E7-A3X6,Inflammatory infiltrates (immune cells),186,145
TCGA-E7-A3X6-01Z-00-DX1.5566A0E9-E1C3-4F97-8C82-D2FF3FE3FD8D_tiles.jsonl,TCGA-E7-A3X6,Invasive urothelial carcinoma (tumor),10567,10416
TCGA-E7-A3X6-01Z-00-DX1.5566A0E9-E1C3-4F97-8C82-D2FF3FE3FD8D_tiles.jsonl,TCGA-E7-A3X6,Lamina propria (fibrovascular stroma),1045,943
TCGA-E7-A3X6-01Z-00-DX1.5566A0E9-E1C3-4F97-8C82-D2FF3FE3FD8D_tiles.jsonl,TCGA-E7-A3X6,Muscularis propria (detrusor muscle),359,287
TCGA-E7-A3X6-01Z-00-DX1.5566A0E9-E1C3-4F97-8C82-D2FF3FE3FD8D_tiles.jsonl,TCGA-E7-A3X6,Necrosis,595,549
TCGA-E7-A3X6-01Z-00-DX1.5566A0E9-E1C3-4F97-8C82-D2FF3FE3FD8D_tiles.jsonl,TCGA-E7-A3X6,Normal urothelium (benign mucosa),7565,7372
TCGA-E7-A3X6-01Z-00-DX1.5566A0E9-E1C3-4F97-8C82-D2FF3FE3FD8D_tiles.jsonl,TCGA-E7-A3X6,Perivesical adipose tissue (extravesical fat),77,67
TCGA-E7-A3Y1-01Z-00-DX1.D3E81A0B-1D20-4916-8872-81D469A1E276_tiles.jsonl,TCGA-E7-A3Y1,Blood vessels (vasculature),6735,6592
TCGA-E7-A3Y1-01Z-00-DX1.D3E81A0B-1D20-4916-8872-81D469A1E276_tiles.jsonl,TCGA-E7-A3Y1,Inflammatory infiltrates (immune cells),9,7
TCGA-E7-A3Y1-01Z-00-DX1.D3E81A0B-1D20-4916-8872-81D469A1E276_tiles.jsonl,TCGA-E7-A3Y1,Invasive urothelial carcinoma (tumor),16709,16504
TCGA-E7-A3Y1-01Z-00-DX1.D3E81A0B-1D20-4916-8872-81D469A1E276_tiles.jsonl,TCGA-E7-A3Y1,Lamina propria (fibrovascular stroma),272,253
TCGA-E7-A3Y1-01Z-00-DX1.D3E81A0B-1D20-4916-8872-81D469A1E276_tiles.jsonl,TCGA-E7-A3Y1,Muscularis propria (detrusor muscle),4,1
TCGA-E7-A3Y1-01Z-00-DX1.D3E81A0B-1D20-4916-8872-81D469A1E276_tiles.jsonl,TCGA-E7-A3Y1,Necrosis,54,46
TCGA-E7-A3Y1-01Z-00-DX1.D3E81A0B-1D20-4916-8872-81D469A1E276_tiles.jsonl,TCGA-E7-A3Y1,Normal urothelium (benign mucosa),11995,11809
TCGA-E7-A3Y1-01Z-00-DX1.D3E81A0B-1D20-4916-8872-81D469A1E276_tiles.jsonl,TCGA-E7-A3Y1,Perivesical adipose tissue (extravesical fat),62,59
TCGA-E7-A4IJ-01Z-00-DX1.7215592C-D179-4EE8-81F7-B3E32AE0D830_tiles.jsonl,TCGA-E7-A4IJ,Blood vessels (vasculature),13525,12803
TCGA-E7-A4IJ-01Z-00-DX1.7215592C-D179-4EE8-81F7-B3E32AE0D830_tiles.jsonl,TCGA-E7-A4IJ,Inflammatory infiltrates (immune cells),175,129
TCGA-E7-A4IJ-01Z-00-DX1.7215592C-D179-4EE8-81F7-B3E32AE0D830_tiles.jsonl,TCGA-E7-A4IJ,Invasive urothelial carcinoma (tumor),14354,13803
TCGA-E7-A4IJ-01Z-00-DX1.7215592C-D179-4EE8-81F7-B3E32AE0D830_tiles.jsonl,TCGA-E7-A4IJ,Lamina propria (fibrovascular stroma),11968,10660
TCGA-E7-A4IJ-01Z-00-DX1.7215592C-D179-4EE8-81F7-B3E32AE0D830_tiles.jsonl,TCGA-E7-A4IJ,Muscularis propria (detrusor muscle),10212,8613
TCGA-E7-A4IJ-01Z-00-DX1.7215592C-D179-4EE8-81F7-B3E32AE0D830_tiles.jsonl,TCGA-E7-A4IJ,Necrosis,950,867
TCGA-E7-A4IJ-01Z-00-DX1.7215592C-D179-4EE8-81F7-B3E32AE0D830_tiles.jsonl,TCGA-E7-A4IJ,Normal urothelium (benign mucosa),7115,6024
TCGA-E7-A4IJ-01Z-00-DX1.7215592C-D179-4EE8-81F7-B3E32AE0D830_tiles.jsonl,TCGA-E7-A4IJ,Perivesical adipose tissue (extravesical fat),3141,3027
TCGA-E7-A4XJ-01Z-00-DX1.70DA8872-34A6-41B7-8D17-2B15C80EF5CF_tiles.jsonl,TCGA-E7-A4XJ,Blood vessels (vasculature),6816,6388
TCGA-E7-A4XJ-01Z-00-DX1.70DA8872-34A6-41B7-8D17-2B15C80EF5CF_tiles.jsonl,TCGA-E7-A4XJ,Inflammatory infiltrates (immune cells),87,48
TCGA-E7-A4XJ-01Z-00-DX1.70DA8872-34A6-41B7-8D17-2B15C80EF5CF_tiles.jsonl,TCGA-E7-A4XJ,Invasive urothelial carcinoma (tumor),29586,29094
TCGA-E7-A4XJ-01Z-00-DX1.70DA8872-34A6-41B7-8D17-2B15C80EF5CF_tiles.jsonl,TCGA-E7-A4XJ,Lamina propria (fibrovascular stroma),1756,1561
TCGA-E7-A4XJ-01Z-00-DX1.70DA8872-34A6-41B7-8D17-2B15C80EF5CF_tiles.jsonl,TCGA-E7-A4XJ,Muscularis propria (detrusor muscle),633,484
TCGA-E7-A4XJ-01Z-00-DX1.70DA8872-34A6-41B7-8D17-2B15C80EF5CF_tiles.jsonl,TCGA-E7-A4XJ,Necrosis,3173,2968
TCGA-E7-A4XJ-01Z-00-DX1.70DA8872-34A6-41B7-8D17-2B15C80EF5CF_tiles.jsonl,TCGA-E7-A4XJ,Normal urothelium (benign mucosa),3008,2746
TCGA-E7-A4XJ-01Z-00-DX1.70DA8872-34A6-41B7-8D17-2B15C80EF5CF_tiles.jsonl,TCGA-E7-A4XJ,Perivesical adipose tissue (extravesical fat),1021,957
TCGA-E7-A519-01Z-00-DX1.F197805D-A2DB-4207-91EC-A9AE1FE16C53_tiles.jsonl,TCGA-E7-A519,Blood vessels (vasculature),3303,3099
TCGA-E7-A519-01Z-00-DX1.F197805D-A2DB-4207-91EC-A9AE1FE16C53_tiles.jsonl,TCGA-E7-A519,Inflammatory infiltrates (immune cells),22,15
TCGA-E7-A519-01Z-00-DX1.F197805D-A2DB-4207-91EC-A9AE1FE16C53_tiles.jsonl,TCGA-E7-A519,Invasive urothelial carcinoma (tumor),17364,17080
TCGA-E7-A519-01Z-00-DX1.F197805D-A2DB-4207-91EC-A9AE1FE16C53_tiles.jsonl,TCGA-E7-A519,Lamina propria (fibrovascular stroma),1673,1581
TCGA-E7-A519-01Z-00-DX1.F197805D-A2DB-4207-91EC-A9AE1FE16C53_tiles.jsonl,TCGA-E7-A519,Muscularis propria (detrusor muscle),283,232
TCGA-E7-A519-01Z-00-DX1.F197805D-A2DB-4207-91EC-A9AE1FE16C53_tiles.jsonl,TCGA-E7-A519,Necrosis,41,36
TCGA-E7-A519-01Z-00-DX1.F197805D-A2DB-4207-91EC-A9AE1FE16C53_tiles.jsonl,TCGA-E7-A519,Normal urothelium (benign mucosa),8022,7824
TCGA-E7-A519-01Z-00-DX1.F197805D-A2DB-4207-91EC-A9AE1FE16C53_tiles.jsonl,TCGA-E7-A519,Perivesical adipose tissue (extravesical fat),12,11
TCGA-E7-A541-01Z-00-DX1.8387CEF8-706B-486C-BC07-783EC1016BCC_tiles.jsonl,TCGA-E7-A541,Blood vessels (vasculature),11553,10828
TCGA-E7-A541-01Z-00-DX1.8387CEF8-706B-486C-BC07-783EC1016BCC_tiles.jsonl,TCGA-E7-A541,Inflammatory infiltrates (immune cells),384,290
TCGA-E7-A541-01Z-00-DX1.8387CEF8-706B-486C-BC07-783EC1016BCC_tiles.jsonl,TCGA-E7-A541,Invasive urothelial carcinoma (tumor),24272,23326
TCGA-E7-A541-01Z-00-DX1.8387CEF8-706B-486C-BC07-783EC1016BCC_tiles.jsonl,TCGA-E7-A541,Lamina propria (fibrovascular stroma),19344,18030
TCGA-E7-A541-01Z-00-DX1.8387CEF8-706B-486C-BC07-783EC1016BCC_tiles.jsonl,TCGA-E7-A541,Muscularis propria (detrusor muscle),4218,3219
TCGA-E7-A541-01Z-00-DX1.8387CEF8-706B-486C-BC07-783EC1016BCC_tiles.jsonl,TCGA-E7-A541,Necrosis,4079,3801
TCGA-E7-A541-01Z-00-DX1.8387CEF8-706B-486C-BC07-783EC1016BCC_tiles.jsonl,TCGA-E7-A541,Normal urothelium (benign mucosa),7753,6962
TCGA-E7-A541-01Z-00-DX1.8387CEF8-706B-486C-BC07-783EC1016BCC_tiles.jsonl,TCGA-E7-A541,Perivesical adipose tissue (extravesical fat),77,64
TCGA-E7-A5KE-01Z-00-DX1.BDCD4071-5EE5-4863-A722-DAA32F3A7FB4_tiles.jsonl,TCGA-E7-A5KE,Blood vessels (vasculature),2996,2940
TCGA-E7-A5KE-01Z-00-DX1.BDCD4071-5EE5-4863-A722-DAA32F3A7FB4_tiles.jsonl,TCGA-E7-A5KE,Inflammatory infiltrates (immune cells),4,3
TCGA-E7-A5KE-01Z-00-DX1.BDCD4071-5EE5-4863-A722-DAA32F3A7FB4_tiles.jsonl,TCGA-E7-A5KE,Invasive urothelial carcinoma (tumor),6866,6789
TCGA-E7-A5KE-01Z-00-DX1.BDCD4071-5EE5-4863-A722-DAA32F3A7FB4_tiles.jsonl,TCGA-E7-A5KE,Lamina propria (fibrovascular stroma),25,21
TCGA-E7-A5KE-01Z-00-DX1.BDCD4071-5EE5-4863-A722-DAA32F3A7FB4_tiles.jsonl,TCGA-E7-A5KE,Muscularis propria (detrusor muscle),5,3
TCGA-E7-A5KE-01Z-00-DX1.BDCD4071-5EE5-4863-A722-DAA32F3A7FB4_tiles.jsonl,TCGA-E7-A5KE,Necrosis,71,60
TCGA-E7-A5KE-01Z-00-DX1.BDCD4071-5EE5-4863-A722-DAA32F3A7FB4_tiles.jsonl,TCGA-E7-A5KE,Normal urothelium (benign mucosa),5045,4969
TCGA-E7-A5KE-01Z-00-DX1.BDCD4071-5EE5-4863-A722-DAA32F3A7FB4_tiles.jsonl,TCGA-E7-A5KE,Perivesical adipose tissue (extravesical fat),348,312
TCGA-E7-A5KF-01Z-00-DX1.61663245-91CA-423F-9639-30B9F7E216C4_tiles.jsonl,TCGA-E7-A5KF,Blood vessels (vasculature),1919,1865
TCGA-E7-A5KF-01Z-00-DX1.61663245-91CA-423F-9639-30B9F7E216C4_tiles.jsonl,TCGA-E7-A5KF,Inflammatory infiltrates (immune cells),8,7
TCGA-E7-A5KF-01Z-00-DX1.61663245-91CA-423F-9639-30B9F7E216C4_tiles.jsonl,TCGA-E7-A5KF,Invasive urothelial carcinoma (tumor),20294,20196
TCGA-E7-A5KF-01Z-00-DX1.61663245-91CA-423F-9639-30B9F7E216C4_tiles.jsonl,TCGA-E7-A5KF,Lamina propria (fibrovascular stroma),171,153
TCGA-E7-A5KF-01Z-00-DX1.61663245-91CA-423F-9639-30B9F7E216C4_tiles.jsonl,TCGA-E7-A5KF,Muscularis propria (detrusor muscle),1,1
TCGA-E7-A5KF-01Z-00-DX1.61663245-91CA-423F-9639-30B9F7E216C4_tiles.jsonl,TCGA-E7-A5KF,Necrosis,29,29
TCGA-E7-A5KF-01Z-00-DX1.61663245-91CA-423F-9639-30B9F7E216C4_tiles.jsonl,TCGA-E7-A5KF,Normal urothelium (benign mucosa),13383,13323
TCGA-E7-A5KF-01Z-00-DX1.61663245-91CA-423F-9639-30B9F7E216C4_tiles.jsonl,TCGA-E7-A5KF,Perivesical adipose tissue (extravesical fat),35,31
TCGA-E7-A677-01Z-00-DX1.D66285D0-F67B-4423-929B-DF34BBC55C80_tiles.jsonl,TCGA-E7-A677,Blood vessels (vasculature),3941,3844
TCGA-E7-A677-01Z-00-DX1.D66285D0-F67B-4423-929B-DF34BBC55C80_tiles.jsonl,TCGA-E7-A677,Inflammatory infiltrates (immune cells),42,32
TCGA-E7-A677-01Z-00-DX1.D66285D0-F67B-4423-929B-DF34BBC55C80_tiles.jsonl,TCGA-E7-A677,Invasive urothelial carcinoma (tumor),7275,7188
TCGA-E7-A677-01Z-00-DX1.D66285D0-F67B-4423-929B-DF34BBC55C80_tiles.jsonl,TCGA-E7-A677,Lamina propria (fibrovascular stroma),890,838
TCGA-E7-A677-01Z-00-DX1.D66285D0-F67B-4423-929B-DF34BBC55C80_tiles.jsonl,TCGA-E7-A677,Muscularis propria (detrusor muscle),40,29
TCGA-E7-A677-01Z-00-DX1.D66285D0-F67B-4423-929B-DF34BBC55C80_tiles.jsonl,TCGA-E7-A677,Necrosis,152,139
TCGA-E7-A677-01Z-00-DX1.D66285D0-F67B-4423-929B-DF34BBC55C80_tiles.jsonl,TCGA-E7-A677,Normal urothelium (benign mucosa),13065,12870
TCGA-E7-A677-01Z-00-DX1.D66285D0-F67B-4423-929B-DF34BBC55C80_tiles.jsonl,TCGA-E7-A677,Perivesical adipose tissue (extravesical fat),195,175
TCGA-E7-A678-01Z-00-DX1.C589E72B-7214-4EE9-A796-869C2372DD67_tiles.jsonl,TCGA-E7-A678,Blood vessels (vasculature),2675,2599
TCGA-E7-A678-01Z-00-DX1.C589E72B-7214-4EE9-A796-869C2372DD67_tiles.jsonl,TCGA-E7-A678,Inflammatory infiltrates (immune cells),11,7
TCGA-E7-A678-01Z-00-DX1.C589E72B-7214-4EE9-A796-869C2372DD67_tiles.jsonl,TCGA-E7-A678,Invasive urothelial carcinoma (tumor),10789,10657
TCGA-E7-A678-01Z-00-DX1.C589E72B-7214-4EE9-A796-869C2372DD67_tiles.jsonl,TCGA-E7-A678,Lamina propria (fibrovascular stroma),266,244
TCGA-E7-A678-01Z-00-DX1.C589E72B-7214-4EE9-A796-869C2372DD67_tiles.jsonl,TCGA-E7-A678,Muscularis propria (detrusor muscle),20,16
TCGA-E7-A678-01Z-00-DX1.C589E72B-7214-4EE9-A796-869C2372DD67_tiles.jsonl,TCGA-E7-A678,Necrosis,24,22
TCGA-E7-A678-01Z-00-DX1.C589E72B-7214-4EE9-A796-869C2372DD67_tiles.jsonl,TCGA-E7-A678,Normal urothelium (benign mucosa),52734,52594
TCGA-E7-A678-01Z-00-DX1.C589E72B-7214-4EE9-A796-869C2372DD67_tiles.jsonl,TCGA-E7-A678,Perivesical adipose tissue (extravesical fat),41,34
TCGA-E7-A6MD-01Z-00-DX1.7E0C04CD-B51E-47F7-B79D-FEEC9B5023FF_tiles.jsonl,TCGA-E7-A6MD,Blood vessels (vasculature),4005,3631
TCGA-E7-A6MD-01Z-00-DX1.7E0C04CD-B51E-47F7-B79D-FEEC9B5023FF_tiles.jsonl,TCGA-E7-A6MD,Inflammatory infiltrates (immune cells),334,254
TCGA-E7-A6MD-01Z-00-DX1.7E0C04CD-B51E-47F7-B79D-FEEC9B5023FF_tiles.jsonl,TCGA-E7-A6MD,Invasive urothelial carcinoma (tumor),21017,20600
TCGA-E7-A6MD-01Z-00-DX1.7E0C04CD-B51E-47F7-B79D-FEEC9B5023FF_tiles.jsonl,TCGA-E7-A6MD,Lamina propria (fibrovascular stroma),3339,2921
TCGA-E7-A6MD-01Z-00-DX1.7E0C04CD-B51E-47F7-B79D-FEEC9B5023FF_tiles.jsonl,TCGA-E7-A6MD,Muscularis propria (detrusor muscle),3738,3245
TCGA-E7-A6MD-01Z-00-DX1.7E0C04CD-B51E-47F7-B79D-FEEC9B5023FF_tiles.jsonl,TCGA-E7-A6MD,Necrosis,704,617
TCGA-E7-A6MD-01Z-00-DX1.7E0C04CD-B51E-47F7-B79D-FEEC9B5023FF_tiles.jsonl,TCGA-E7-A6MD,Normal urothelium (benign mucosa),1192,1035
TCGA-E7-A6MD-01Z-00-DX1.7E0C04CD-B51E-47F7-B79D-FEEC9B5023FF_tiles.jsonl,TCGA-E7-A6MD,Perivesical adipose tissue (extravesical fat),1511,1492
TCGA-E7-A6ME-01Z-00-DX1.114098C0-6CD9-4240-B8F4-C2E6D86A6868_tiles.jsonl,TCGA-E7-A6ME,Blood vessels (vasculature),8284,7383
TCGA-E7-A6ME-01Z-00-DX1.114098C0-6CD9-4240-B8F4-C2E6D86A6868_tiles.jsonl,TCGA-E7-A6ME,Inflammatory infiltrates (immune cells),832,623
TCGA-E7-A6ME-01Z-00-DX1.114098C0-6CD9-4240-B8F4-C2E6D86A6868_tiles.jsonl,TCGA-E7-A6ME,Invasive urothelial carcinoma (tumor),20171,19590
TCGA-E7-A6ME-01Z-00-DX1.114098C0-6CD9-4240-B8F4-C2E6D86A6868_tiles.jsonl,TCGA-E7-A6ME,Lamina propria (fibrovascular stroma),17094,15657
TCGA-E7-A6ME-01Z-00-DX1.114098C0-6CD9-4240-B8F4-C2E6D86A6868_tiles.jsonl,TCGA-E7-A6ME,Muscularis propria (detrusor muscle),7383,5865
TCGA-E7-A6ME-01Z-00-DX1.114098C0-6CD9-4240-B8F4-C2E6D86A6868_tiles.jsonl,TCGA-E7-A6ME,Necrosis,1893,1705
TCGA-E7-A6ME-01Z-00-DX1.114098C0-6CD9-4240-B8F4-C2E6D86A6868_tiles.jsonl,TCGA-E7-A6ME,Normal urothelium (benign mucosa),12513,11180
TCGA-E7-A6ME-01Z-00-DX1.114098C0-6CD9-4240-B8F4-C2E6D86A6868_tiles.jsonl,TCGA-E7-A6ME,Perivesical adipose tissue (extravesical fat),5425,5103
TCGA-E7-A6MF-01Z-00-DX1.2B0C8CBF-3244-4D17-B9CA-3CBE000BEC29_tiles.jsonl,TCGA-E7-A6MF,Blood vessels (vasculature),1659,1595
TCGA-E7-A6MF-01Z-00-DX1.2B0C8CBF-3244-4D17-B9CA-3CBE000BEC29_tiles.jsonl,TCGA-E7-A6MF,Inflammatory infiltrates (immune cells),2,1
TCGA-E7-A6MF-01Z-00-DX1.2B0C8CBF-3244-4D17-B9CA-3CBE000BEC29_tiles.jsonl,TCGA-E7-A6MF,Invasive urothelial carcinoma (tumor),8111,7982
TCGA-E7-A6MF-01Z-00-DX1.2B0C8CBF-3244-4D17-B9CA-3CBE000BEC29_tiles.jsonl,TCGA-E7-A6MF,Lamina propria (fibrovascular stroma),485,460
TCGA-E7-A6MF-01Z-00-DX1.2B0C8CBF-3244-4D17-B9CA-3CBE000BEC29_tiles.jsonl,TCGA-E7-A6MF,Muscularis propria (detrusor muscle),6,3
TCGA-E7-A6MF-01Z-00-DX1.2B0C8CBF-3244-4D17-B9CA-3CBE000BEC29_tiles.jsonl,TCGA-E7-A6MF,Necrosis,71,69
TCGA-E7-A6MF-01Z-00-DX1.2B0C8CBF-3244-4D17-B9CA-3CBE000BEC29_tiles.jsonl,TCGA-E7-A6MF,Normal urothelium (benign mucosa),9701,9577
TCGA-E7-A6MF-01Z-00-DX1.2B0C8CBF-3244-4D17-B9CA-3CBE000BEC29_tiles.jsonl,TCGA-E7-A6MF,Perivesical adipose tissue (extravesical fat),445,408
TCGA-E7-A7DU-01Z-00-DX1.25C7F59E-1F03-47EF-9F17-DB9ADB16276E_tiles.jsonl,TCGA-E7-A7DU,Blood vessels (vasculature),15007,14681
TCGA-E7-A7DU-01Z-00-DX1.25C7F59E-1F03-47EF-9F17-DB9ADB16276E_tiles.jsonl,TCGA-E7-A7DU,Inflammatory infiltrates (immune cells),608,482
TCGA-E7-A7DU-01Z-00-DX1.25C7F59E-1F03-47EF-9F17-DB9ADB16276E_tiles.jsonl,TCGA-E7-A7DU,Invasive urothelial carcinoma (tumor),61363,61012
TCGA-E7-A7DU-01Z-00-DX1.25C7F59E-1F03-47EF-9F17-DB9ADB16276E_tiles.jsonl,TCGA-E7-A7DU,Lamina propria (fibrovascular stroma),3429,3145
TCGA-E7-A7DU-01Z-00-DX1.25C7F59E-1F03-47EF-9F17-DB9ADB16276E_tiles.jsonl,TCGA-E7-A7DU,Muscularis propria (detrusor muscle),3993,3559
TCGA-E7-A7DU-01Z-00-DX1.25C7F59E-1F03-47EF-9F17-DB9ADB16276E_tiles.jsonl,TCGA-E7-A7DU,Necrosis,282,247
TCGA-E7-A7DU-01Z-00-DX1.25C7F59E-1F03-47EF-9F17-DB9ADB16276E_tiles.jsonl,TCGA-E7-A7DU,Normal urothelium (benign mucosa),7214,6962
TCGA-E7-A7DU-01Z-00-DX1.25C7F59E-1F03-47EF-9F17-DB9ADB16276E_tiles.jsonl,TCGA-E7-A7DU,Perivesical adipose tissue (extravesical fat),264,251
TCGA-E7-A7DV-01Z-00-DX1.FCE4752B-30BC-4747-A9F4-38141E09F005_tiles.jsonl,TCGA-E7-A7DV,Blood vessels (vasculature),5904,5350
TCGA-E7-A7DV-01Z-00-DX1.FCE4752B-30BC-4747-A9F4-38141E09F005_tiles.jsonl,TCGA-E7-A7DV,Inflammatory infiltrates (immune cells),219,144
TCGA-E7-A7DV-01Z-00-DX1.FCE4752B-30BC-4747-A9F4-38141E09F005_tiles.jsonl,TCGA-E7-A7DV,Invasive urothelial carcinoma (tumor),35958,34840
TCGA-E7-A7DV-01Z-00-DX1.FCE4752B-30BC-4747-A9F4-38141E09F005_tiles.jsonl,TCGA-E7-A7DV,Lamina propria (fibrovascular stroma),12276,11035
TCGA-E7-A7DV-01Z-00-DX1.FCE4752B-30BC-4747-A9F4-38141E09F005_tiles.jsonl,TCGA-E7-A7DV,Muscularis propria (detrusor muscle),5698,4610
TCGA-E7-A7DV-01Z-00-DX1.FCE4752B-30BC-4747-A9F4-38141E09F005_tiles.jsonl,TCGA-E7-A7DV,Necrosis,28742,27887
TCGA-E7-A7DV-01Z-00-DX1.FCE4752B-30BC-4747-A9F4-38141E09F005_tiles.jsonl,TCGA-E7-A7DV,Normal urothelium (benign mucosa),3069,2361
TCGA-E7-A7DV-01Z-00-DX1.FCE4752B-30BC-4747-A9F4-38141E09F005_tiles.jsonl,TCGA-E7-A7DV,Perivesical adipose tissue (extravesical fat),294,261
TCGA-E7-A7PW-01Z-00-DX1.27B92FC6-D50C-4816-A2C2-35E73D379DDD_tiles.jsonl,TCGA-E7-A7PW,Blood vessels (vasculature),22791,21892
TCGA-E7-A7PW-01Z-00-DX1.27B92FC6-D50C-4816-A2C2-35E73D379DDD_tiles.jsonl,TCGA-E7-A7PW,Inflammatory infiltrates (immune cells),13,11
TCGA-E7-A7PW-01Z-00-DX1.27B92FC6-D50C-4816-A2C2-35E73D379DDD_tiles.jsonl,TCGA-E7-A7PW,Invasive urothelial carcinoma (tumor),72104,70871
TCGA-E7-A7PW-01Z-00-DX1.27B92FC6-D50C-4816-A2C2-35E73D379DDD_tiles.jsonl,TCGA-E7-A7PW,Lamina propria (fibrovascular stroma),3154,2893
TCGA-E7-A7PW-01Z-00-DX1.27B92FC6-D50C-4816-A2C2-35E73D379DDD_tiles.jsonl,TCGA-E7-A7PW,Muscularis propria (detrusor muscle),591,484
TCGA-E7-A7PW-01Z-00-DX1.27B92FC6-D50C-4816-A2C2-35E73D379DDD_tiles.jsonl,TCGA-E7-A7PW,Necrosis,460,411
TCGA-E7-A7PW-01Z-00-DX1.27B92FC6-D50C-4816-A2C2-35E73D379DDD_tiles.jsonl,TCGA-E7-A7PW,Normal urothelium (benign mucosa),8051,7485
TCGA-E7-A7PW-01Z-00-DX1.27B92FC6-D50C-4816-A2C2-35E73D379DDD_tiles.jsonl,TCGA-E7-A7PW,Perivesical adipose tissue (extravesical fat),356,328
TCGA-E7-A7XN-01Z-00-DX1.5C955881-5B13-4D6B-B99C-E849ADCDE647_tiles.jsonl,TCGA-E7-A7XN,Blood vessels (vasculature),23790,23043
TCGA-E7-A7XN-01Z-00-DX1.5C955881-5B13-4D6B-B99C-E849ADCDE647_tiles.jsonl,TCGA-E7-A7XN,Inflammatory infiltrates (immune cells),582,415
TCGA-E7-A7XN-01Z-00-DX1.5C955881-5B13-4D6B-B99C-E849ADCDE647_tiles.jsonl,TCGA-E7-A7XN,Invasive urothelial carcinoma (tumor),36651,36044
TCGA-E7-A7XN-01Z-00-DX1.5C955881-5B13-4D6B-B99C-E849ADCDE647_tiles.jsonl,TCGA-E7-A7XN,Lamina propria (fibrovascular stroma),10246,9395
TCGA-E7-A7XN-01Z-00-DX1.5C955881-5B13-4D6B-B99C-E849ADCDE647_tiles.jsonl,TCGA-E7-A7XN,Muscularis propria (detrusor muscle),5304,4384
TCGA-E7-A7XN-01Z-00-DX1.5C955881-5B13-4D6B-B99C-E849ADCDE647_tiles.jsonl,TCGA-E7-A7XN,Necrosis,5814,5426
TCGA-E7-A7XN-01Z-00-DX1.5C955881-5B13-4D6B-B99C-E849ADCDE647_tiles.jsonl,TCGA-E7-A7XN,Normal urothelium (benign mucosa),14096,13156
TCGA-E7-A7XN-01Z-00-DX1.5C955881-5B13-4D6B-B99C-E849ADCDE647_tiles.jsonl,TCGA-E7-A7XN,Perivesical adipose tissue (extravesical fat),797,715
TCGA-E7-A85H-01Z-00-DX1.0C1D94F2-1120-45AC-9053-7833DA12194F_tiles.jsonl,TCGA-E7-A85H,Blood vessels (vasculature),33996,32184
TCGA-E7-A85H-01Z-00-DX1.0C1D94F2-1120-45AC-9053-7833DA12194F_tiles.jsonl,TCGA-E7-A85H,Inflammatory infiltrates (immune cells),496,375
TCGA-E7-A85H-01Z-00-DX1.0C1D94F2-1120-45AC-9053-7833DA12194F_tiles.jsonl,TCGA-E7-A85H,Invasive urothelial carcinoma (tumor),15978,15505
TCGA-E7-A85H-01Z-00-DX1.0C1D94F2-1120-45AC-9053-7833DA12194F_tiles.jsonl,TCGA-E7-A85H,Lamina propria (fibrovascular stroma),25655,23165
TCGA-E7-A85H-01Z-00-DX1.0C1D94F2-1120-45AC-9053-7833DA12194F_tiles.jsonl,TCGA-E7-A85H,Muscularis propria (detrusor muscle),10644,8337
TCGA-E7-A85H-01Z-00-DX1.0C1D94F2-1120-45AC-9053-7833DA12194F_tiles.jsonl,TCGA-E7-A85H,Necrosis,1127,1036
TCGA-E7-A85H-01Z-00-DX1.0C1D94F2-1120-45AC-9053-7833DA12194F_tiles.jsonl,TCGA-E7-A85H,Normal urothelium (benign mucosa),24909,22309
TCGA-E7-A85H-01Z-00-DX1.0C1D94F2-1120-45AC-9053-7833DA12194F_tiles.jsonl,TCGA-E7-A85H,Perivesical adipose tissue (extravesical fat),4955,4685
TCGA-E7-A8O7-01Z-00-DX1.E3D79C43-608D-40A1-9F65-0414FDF27741_tiles.jsonl,TCGA-E7-A8O7,Blood vessels (vasculature),6468,6316
TCGA-E7-A8O7-01Z-00-DX1.E3D79C43-608D-40A1-9F65-0414FDF27741_tiles.jsonl,TCGA-E7-A8O7,Inflammatory infiltrates (immune cells),400,327
TCGA-E7-A8O7-01Z-00-DX1.E3D79C43-608D-40A1-9F65-0414FDF27741_tiles.jsonl,TCGA-E7-A8O7,Invasive urothelial carcinoma (tumor),32437,32266
TCGA-E7-A8O7-01Z-00-DX1.E3D79C43-608D-40A1-9F65-0414FDF27741_tiles.jsonl,TCGA-E7-A8O7,Lamina propria (fibrovascular stroma),2979,2820
TCGA-E7-A8O7-01Z-00-DX1.E3D79C43-608D-40A1-9F65-0414FDF27741_tiles.jsonl,TCGA-E7-A8O7,Muscularis propria (detrusor muscle),24,14
TCGA-E7-A8O7-01Z-00-DX1.E3D79C43-608D-40A1-9F65-0414FDF27741_tiles.jsonl,TCGA-E7-A8O7,Necrosis,480,462
TCGA-E7-A8O7-01Z-00-DX1.E3D79C43-608D-40A1-9F65-0414FDF27741_tiles.jsonl,TCGA-E7-A8O7,Normal urothelium (benign mucosa),13338,13096
TCGA-E7-A8O7-01Z-00-DX1.E3D79C43-608D-40A1-9F65-0414FDF27741_tiles.jsonl,TCGA-E7-A8O7,Perivesical adipose tissue (extravesical fat),194,166
TCGA-E7-A8O8-01Z-00-DX1.009173C4-BC8E-4B96-98FC-E24A39438F4E_tiles.jsonl,TCGA-E7-A8O8,Blood vessels (vasculature),13473,13102
TCGA-E7-A8O8-01Z-00-DX1.009173C4-BC8E-4B96-98FC-E24A39438F4E_tiles.jsonl,TCGA-E7-A8O8,Inflammatory infiltrates (immune cells),34,26
TCGA-E7-A8O8-01Z-00-DX1.009173C4-BC8E-4B96-98FC-E24A39438F4E_tiles.jsonl,TCGA-E7-A8O8,Invasive urothelial carcinoma (tumor),21155,20833
TCGA-E7-A8O8-01Z-00-DX1.009173C4-BC8E-4B96-98FC-E24A39438F4E_tiles.jsonl,TCGA-E7-A8O8,Lamina propria (fibrovascular stroma),865,751
TCGA-E7-A8O8-01Z-00-DX1.009173C4-BC8E-4B96-98FC-E24A39438F4E_tiles.jsonl,TCGA-E7-A8O8,Muscularis propria (detrusor muscle),92,62
TCGA-E7-A8O8-01Z-00-DX1.009173C4-BC8E-4B96-98FC-E24A39438F4E_tiles.jsonl,TCGA-E7-A8O8,Necrosis,439,412
TCGA-E7-A8O8-01Z-00-DX1.009173C4-BC8E-4B96-98FC-E24A39438F4E_tiles.jsonl,TCGA-E7-A8O8,Normal urothelium (benign mucosa),9391,9017
TCGA-E7-A8O8-01Z-00-DX1.009173C4-BC8E-4B96-98FC-E24A39438F4E_tiles.jsonl,TCGA-E7-A8O8,Perivesical adipose tissue (extravesical fat),631,584
TCGA-E7-A97P-01Z-00-DX1.09FD969F-62C2-4C79-A826-657A7991C87B_tiles.jsonl,TCGA-E7-A97P,Blood vessels (vasculature),8012,7790
TCGA-E7-A97P-01Z-00-DX1.09FD969F-62C2-4C79-A826-657A7991C87B_tiles.jsonl,TCGA-E7-A97P,Inflammatory infiltrates (immune cells),175,128
TCGA-E7-A97P-01Z-00-DX1.09FD969F-62C2-4C79-A826-657A7991C87B_tiles.jsonl,TCGA-E7-A97P,Invasive urothelial carcinoma (tumor),19461,19104
TCGA-E7-A97P-01Z-00-DX1.09FD969F-62C2-4C79-A826-657A7991C87B_tiles.jsonl,TCGA-E7-A97P,Lamina propria (fibrovascular stroma),8624,7985
TCGA-E7-A97P-01Z-00-DX1.09FD969F-62C2-4C79-A826-657A7991C87B_tiles.jsonl,TCGA-E7-A97P,Muscularis propria (detrusor muscle),1785,1490
TCGA-E7-A97P-01Z-00-DX1.09FD969F-62C2-4C79-A826-657A7991C87B_tiles.jsonl,TCGA-E7-A97P,Necrosis,668,598
TCGA-E7-A97P-01Z-00-DX1.09FD969F-62C2-4C79-A826-657A7991C87B_tiles.jsonl,TCGA-E7-A97P,Normal urothelium (benign mucosa),6849,6515
TCGA-E7-A97P-01Z-00-DX1.09FD969F-62C2-4C79-A826-657A7991C87B_tiles.jsonl,TCGA-E7-A97P,Perivesical adipose tissue (extravesical fat),506,462
TCGA-E7-A97Q-01Z-00-DX1.821AF545-5433-4D2C-AACE-EA206E15B13D_tiles.jsonl,TCGA-E7-A97Q,Blood vessels (vasculature),3177,2996
TCGA-E7-A97Q-01Z-00-DX1.821AF545-5433-4D2C-AACE-EA206E15B13D_tiles.jsonl,TCGA-E7-A97Q,Inflammatory infiltrates (immune cells),419,379
TCGA-E7-A97Q-01Z-00-DX1.821AF545-5433-4D2C-AACE-EA206E15B13D_tiles.jsonl,TCGA-E7-A97Q,Invasive urothelial carcinoma (tumor),2232,2080
TCGA-E7-A97Q-01Z-00-DX1.821AF545-5433-4D2C-AACE-EA206E15B13D_tiles.jsonl,TCGA-E7-A97Q,Lamina propria (fibrovascular stroma),2053,1838
TCGA-E7-A97Q-01Z-00-DX1.821AF545-5433-4D2C-AACE-EA206E15B13D_tiles.jsonl,TCGA-E7-A97Q,Muscularis propria (detrusor muscle),72,42
TCGA-E7-A97Q-01Z-00-DX1.821AF545-5433-4D2C-AACE-EA206E15B13D_tiles.jsonl,TCGA-E7-A97Q,Necrosis,57,49
TCGA-E7-A97Q-01Z-00-DX1.821AF545-5433-4D2C-AACE-EA206E15B13D_tiles.jsonl,TCGA-E7-A97Q,Normal urothelium (benign mucosa),1382,1277
TCGA-E7-A97Q-01Z-00-DX1.821AF545-5433-4D2C-AACE-EA206E15B13D_tiles.jsonl,TCGA-E7-A97Q,Perivesical adipose tissue (extravesical fat),848,740
TCGA-FD-A3B3-01Z-00-DX1.CD634C50-2746-468E-BEEC-50E76E400602_tiles.jsonl,TCGA-FD-A3B3,Blood vessels (vasculature),17268,16096
TCGA-FD-A3B3-01Z-00-DX1.CD634C50-2746-468E-BEEC-50E76E400602_tiles.jsonl,TCGA-FD-A3B3,Inflammatory infiltrates (immune cells),2516,2031
TCGA-FD-A3B3-01Z-00-DX1.CD634C50-2746-468E-BEEC-50E76E400602_tiles.jsonl,TCGA-FD-A3B3,Invasive urothelial carcinoma (tumor),13514,12847
TCGA-FD-A3B3-01Z-00-DX1.CD634C50-2746-468E-BEEC-50E76E400602_tiles.jsonl,TCGA-FD-A3B3,Lamina propria (fibrovascular stroma),14157,12706
TCGA-FD-A3B3-01Z-00-DX1.CD634C50-2746-468E-BEEC-50E76E400602_tiles.jsonl,TCGA-FD-A3B3,Muscularis propria (detrusor muscle),5341,4066
TCGA-FD-A3B3-01Z-00-DX1.CD634C50-2746-468E-BEEC-50E76E400602_tiles.jsonl,TCGA-FD-A3B3,Necrosis,1129,970
TCGA-FD-A3B3-01Z-00-DX1.CD634C50-2746-468E-BEEC-50E76E400602_tiles.jsonl,TCGA-FD-A3B3,Normal urothelium (benign mucosa),7210,6335
TCGA-FD-A3B3-01Z-00-DX1.CD634C50-2746-468E-BEEC-50E76E400602_tiles.jsonl,TCGA-FD-A3B3,Perivesical adipose tissue (extravesical fat),10545,10212
TCGA-FD-A3B4-01Z-00-DX1.45B61DCC-09B4-4863-875A-ED1DEECE5F27_tiles.jsonl,TCGA-FD-A3B4,Blood vessels (vasculature),18457,17277
TCGA-FD-A3B4-01Z-00-DX1.45B61DCC-09B4-4863-875A-ED1DEECE5F27_tiles.jsonl,TCGA-FD-A3B4,Inflammatory infiltrates (immune cells),663,476
TCGA-FD-A3B4-01Z-00-DX1.45B61DCC-09B4-4863-875A-ED1DEECE5F27_tiles.jsonl,TCGA-FD-A3B4,Invasive urothelial carcinoma (tumor),50076,49231
TCGA-FD-A3B4-01Z-00-DX1.45B61DCC-09B4-4863-875A-ED1DEECE5F27_tiles.jsonl,TCGA-FD-A3B4,Lamina propria (fibrovascular stroma),20366,18936
TCGA-FD-A3B4-01Z-00-DX1.45B61DCC-09B4-4863-875A-ED1DEECE5F27_tiles.jsonl,TCGA-FD-A3B4,Muscularis propria (detrusor muscle),7880,6638
TCGA-FD-A3B4-01Z-00-DX1.45B61DCC-09B4-4863-875A-ED1DEECE5F27_tiles.jsonl,TCGA-FD-A3B4,Necrosis,6481,6231
TCGA-FD-A3B4-01Z-00-DX1.45B61DCC-09B4-4863-875A-ED1DEECE5F27_tiles.jsonl,TCGA-FD-A3B4,Normal urothelium (benign mucosa),6382,5606
TCGA-FD-A3B4-01Z-00-DX1.45B61DCC-09B4-4863-875A-ED1DEECE5F27_tiles.jsonl,TCGA-FD-A3B4,Perivesical adipose tissue (extravesical fat),2335,2255
TCGA-FD-A3B5-01Z-00-DX1.69DEA650-3D53-46AC-BB60-BF68C4413608_tiles.jsonl,TCGA-FD-A3B5,Blood vessels (vasculature),11969,11113
TCGA-FD-A3B5-01Z-00-DX1.69DEA650-3D53-46AC-BB60-BF68C4413608_tiles.jsonl,TCGA-FD-A3B5,Inflammatory infiltrates (immune cells),553,437
TCGA-FD-A3B5-01Z-00-DX1.69DEA650-3D53-46AC-BB60-BF68C4413608_tiles.jsonl,TCGA-FD-A3B5,Invasive urothelial carcinoma (tumor),57504,56572
TCGA-FD-A3B5-01Z-00-DX1.69DEA650-3D53-46AC-BB60-BF68C4413608_tiles.jsonl,TCGA-FD-A3B5,Lamina propria (fibrovascular stroma),14368,12966
TCGA-FD-A3B5-01Z-00-DX1.69DEA650-3D53-46AC-BB60-BF68C4413608_tiles.jsonl,TCGA-FD-A3B5,Muscularis propria (detrusor muscle),5146,4127
TCGA-FD-A3B5-01Z-00-DX1.69DEA650-3D53-46AC-BB60-BF68C4413608_tiles.jsonl,TCGA-FD-A3B5,Necrosis,318,276
TCGA-FD-A3B5-01Z-00-DX1.69DEA650-3D53-46AC-BB60-BF68C4413608_tiles.jsonl,TCGA-FD-A3B5,Normal urothelium (benign mucosa),9862,8849
TCGA-FD-A3B5-01Z-00-DX1.69DEA650-3D53-46AC-BB60-BF68C4413608_tiles.jsonl,TCGA-FD-A3B5,Perivesical adipose tissue (extravesical fat),2680,2585
TCGA-FD-A3B6-01Z-00-DX1.04CCC012-F2FF-4CBA-9A2C-8EC979427204_tiles.jsonl,TCGA-FD-A3B6,Blood vessels (vasculature),16165,14949
TCGA-FD-A3B6-01Z-00-DX1.04CCC012-F2FF-4CBA-9A2C-8EC979427204_tiles.jsonl,TCGA-FD-A3B6,Inflammatory infiltrates (immune cells),112,92
TCGA-FD-A3B6-01Z-00-DX1.04CCC012-F2FF-4CBA-9A2C-8EC979427204_tiles.jsonl,TCGA-FD-A3B6,Invasive urothelial carcinoma (tumor),719,507
TCGA-FD-A3B6-01Z-00-DX1.04CCC012-F2FF-4CBA-9A2C-8EC979427204_tiles.jsonl,TCGA-FD-A3B6,Lamina propria (fibrovascular stroma),24714,22958
TCGA-FD-A3B6-01Z-00-DX1.04CCC012-F2FF-4CBA-9A2C-8EC979427204_tiles.jsonl,TCGA-FD-A3B6,Muscularis propria (detrusor muscle),5816,4483
TCGA-FD-A3B6-01Z-00-DX1.04CCC012-F2FF-4CBA-9A2C-8EC979427204_tiles.jsonl,TCGA-FD-A3B6,Necrosis,75,71
TCGA-FD-A3B6-01Z-00-DX1.04CCC012-F2FF-4CBA-9A2C-8EC979427204_tiles.jsonl,TCGA-FD-A3B6,Normal urothelium (benign mucosa),27239,25694
TCGA-FD-A3B6-01Z-00-DX1.04CCC012-F2FF-4CBA-9A2C-8EC979427204_tiles.jsonl,TCGA-FD-A3B6,Perivesical adipose tissue (extravesical fat),1960,1815
TCGA-FD-A3B7-01Z-00-DX1.758419EB-E5A3-4383-817A-B3870FBA1776_tiles.jsonl,TCGA-FD-A3B7,Blood vessels (vasculature),14070,12835
TCGA-FD-A3B7-01Z-00-DX1.758419EB-E5A3-4383-817A-B3870FBA1776_tiles.jsonl,TCGA-FD-A3B7,Inflammatory infiltrates (immune cells),1788,1319
TCGA-FD-A3B7-01Z-00-DX1.758419EB-E5A3-4383-817A-B3870FBA1776_tiles.jsonl,TCGA-FD-A3B7,Invasive urothelial carcinoma (tumor),28316,27157
TCGA-FD-A3B7-01Z-00-DX1.758419EB-E5A3-4383-817A-B3870FBA1776_tiles.jsonl,TCGA-FD-A3B7,Lamina propria (fibrovascular stroma),24158,22080
TCGA-FD-A3B7-01Z-00-DX1.758419EB-E5A3-4383-817A-B3870FBA1776_tiles.jsonl,TCGA-FD-A3B7,Muscularis propria (detrusor muscle),11296,9476
TCGA-FD-A3B7-01Z-00-DX1.758419EB-E5A3-4383-817A-B3870FBA1776_tiles.jsonl,TCGA-FD-A3B7,Necrosis,7619,7288
TCGA-FD-A3B7-01Z-00-DX1.758419EB-E5A3-4383-817A-B3870FBA1776_tiles.jsonl,TCGA-FD-A3B7,Normal urothelium (benign mucosa),3658,3032
TCGA-FD-A3B7-01Z-00-DX1.758419EB-E5A3-4383-817A-B3870FBA1776_tiles.jsonl,TCGA-FD-A3B7,Perivesical adipose tissue (extravesical fat),1255,1206
TCGA-FD-A3B8-01Z-00-DX1.85E75835-8607-47C3-B8BD-4F01E54E5574_tiles.jsonl,TCGA-FD-A3B8,Blood vessels (vasculature),6793,6181
TCGA-FD-A3B8-01Z-00-DX1.85E75835-8607-47C3-B8BD-4F01E54E5574_tiles.jsonl,TCGA-FD-A3B8,Inflammatory infiltrates (immune cells),811,639
TCGA-FD-A3B8-01Z-00-DX1.85E75835-8607-47C3-B8BD-4F01E54E5574_tiles.jsonl,TCGA-FD-A3B8,Invasive urothelial carcinoma (tumor),15860,15147
TCGA-FD-A3B8-01Z-00-DX1.85E75835-8607-47C3-B8BD-4F01E54E5574_tiles.jsonl,TCGA-FD-A3B8,Lamina propria (fibrovascular stroma),10921,9614
TCGA-FD-A3B8-01Z-00-DX1.85E75835-8607-47C3-B8BD-4F01E54E5574_tiles.jsonl,TCGA-FD-A3B8,Muscularis propria (detrusor muscle),7244,6222
TCGA-FD-A3B8-01Z-00-DX1.85E75835-8607-47C3-B8BD-4F01E54E5574_tiles.jsonl,TCGA-FD-A3B8,Necrosis,1732,1676
TCGA-FD-A3B8-01Z-00-DX1.85E75835-8607-47C3-B8BD-4F01E54E5574_tiles.jsonl,TCGA-FD-A3B8,Normal urothelium (benign mucosa),2564,2220
TCGA-FD-A3B8-01Z-00-DX1.85E75835-8607-47C3-B8BD-4F01E54E5574_tiles.jsonl,TCGA-FD-A3B8,Perivesical adipose tissue (extravesical fat),5275,5137
TCGA-FD-A3N5-01Z-00-DX1.C42537CC-55C9-43CD-921E-75D010B06582_tiles.jsonl,TCGA-FD-A3N5,Blood vessels (vasculature),15272,13903
TCGA-FD-A3N5-01Z-00-DX1.C42537CC-55C9-43CD-921E-75D010B06582_tiles.jsonl,TCGA-FD-A3N5,Inflammatory infiltrates (immune cells),2730,2228
TCGA-FD-A3N5-01Z-00-DX1.C42537CC-55C9-43CD-921E-75D010B06582_tiles.jsonl,TCGA-FD-A3N5,Invasive urothelial carcinoma (tumor),22234,21857
TCGA-FD-A3N5-01Z-00-DX1.C42537CC-55C9-43CD-921E-75D010B06582_tiles.jsonl,TCGA-FD-A3N5,Lamina propria (fibrovascular stroma),21643,19180
TCGA-FD-A3N5-01Z-00-DX1.C42537CC-55C9-43CD-921E-75D010B06582_tiles.jsonl,TCGA-FD-A3N5,Muscularis propria (detrusor muscle),9469,7486
TCGA-FD-A3N5-01Z-00-DX1.C42537CC-55C9-43CD-921E-75D010B06582_tiles.jsonl,TCGA-FD-A3N5,Necrosis,600,530
TCGA-FD-A3N5-01Z-00-DX1.C42537CC-55C9-43CD-921E-75D010B06582_tiles.jsonl,TCGA-FD-A3N5,Normal urothelium (benign mucosa),7802,6556
TCGA-FD-A3N5-01Z-00-DX1.C42537CC-55C9-43CD-921E-75D010B06582_tiles.jsonl,TCGA-FD-A3N5,Perivesical adipose tissue (extravesical fat),7290,6960
TCGA-FD-A3N6-01Z-00-DX1.C94C21D1-83F2-45EE-A7BE-6A4E5C9B1A89_tiles.jsonl,TCGA-FD-A3N6,Blood vessels (vasculature),10738,9769
TCGA-FD-A3N6-01Z-00-DX1.C94C21D1-83F2-45EE-A7BE-6A4E5C9B1A89_tiles.jsonl,TCGA-FD-A3N6,Inflammatory infiltrates (immune cells),1978,1644
TCGA-FD-A3N6-01Z-00-DX1.C94C21D1-83F2-45EE-A7BE-6A4E5C9B1A89_tiles.jsonl,TCGA-FD-A3N6,Invasive urothelial carcinoma (tumor),22725,22205
TCGA-FD-A3N6-01Z-00-DX1.C94C21D1-83F2-45EE-A7BE-6A4E5C9B1A89_tiles.jsonl,TCGA-FD-A3N6,Lamina propria (fibrovascular stroma),22691,20812
TCGA-FD-A3N6-01Z-00-DX1.C94C21D1-83F2-45EE-A7BE-6A4E5C9B1A89_tiles.jsonl,TCGA-FD-A3N6,Muscularis propria (detrusor muscle),5013,3882
TCGA-FD-A3N6-01Z-00-DX1.C94C21D1-83F2-45EE-A7BE-6A4E5C9B1A89_tiles.jsonl,TCGA-FD-A3N6,Necrosis,2255,2128
TCGA-FD-A3N6-01Z-00-DX1.C94C21D1-83F2-45EE-A7BE-6A4E5C9B1A89_tiles.jsonl,TCGA-FD-A3N6,Normal urothelium (benign mucosa),17694,16313
TCGA-FD-A3N6-01Z-00-DX1.C94C21D1-83F2-45EE-A7BE-6A4E5C9B1A89_tiles.jsonl,TCGA-FD-A3N6,Perivesical adipose tissue (extravesical fat),3946,3777
TCGA-FD-A3NA-01Z-00-DX1.2AD62CEE-0D76-4382-AE2E-9B7FCB1130D9_tiles.jsonl,TCGA-FD-A3NA,Blood vessels (vasculature),21017,19659
TCGA-FD-A3NA-01Z-00-DX1.2AD62CEE-0D76-4382-AE2E-9B7FCB1130D9_tiles.jsonl,TCGA-FD-A3NA,Inflammatory infiltrates (immune cells),498,386
TCGA-FD-A3NA-01Z-00-DX1.2AD62CEE-0D76-4382-AE2E-9B7FCB1130D9_tiles.jsonl,TCGA-FD-A3NA,Invasive urothelial carcinoma (tumor),40092,39086
TCGA-FD-A3NA-01Z-00-DX1.2AD62CEE-0D76-4382-AE2E-9B7FCB1130D9_tiles.jsonl,TCGA-FD-A3NA,Lamina propria (fibrovascular stroma),18814,17212
TCGA-FD-A3NA-01Z-00-DX1.2AD62CEE-0D76-4382-AE2E-9B7FCB1130D9_tiles.jsonl,TCGA-FD-A3NA,Muscularis propria (detrusor muscle),8638,7110
TCGA-FD-A3NA-01Z-00-DX1.2AD62CEE-0D76-4382-AE2E-9B7FCB1130D9_tiles.jsonl,TCGA-FD-A3NA,Necrosis,662,576
TCGA-FD-A3NA-01Z-00-DX1.2AD62CEE-0D76-4382-AE2E-9B7FCB1130D9_tiles.jsonl,TCGA-FD-A3NA,Normal urothelium (benign mucosa),6975,5994
TCGA-FD-A3NA-01Z-00-DX1.2AD62CEE-0D76-4382-AE2E-9B7FCB1130D9_tiles.jsonl,TCGA-FD-A3NA,Perivesical adipose tissue (extravesical fat),5704,5382
TCGA-FD-A3SJ-01Z-00-DX1.CF7DF110-22A8-4071-9717-A71915407248_tiles.jsonl,TCGA-FD-A3SJ,Blood vessels (vasculature),25853,23541
TCGA-FD-A3SJ-01Z-00-DX1.CF7DF110-22A8-4071-9717-A71915407248_tiles.jsonl,TCGA-FD-A3SJ,Inflammatory infiltrates (immune cells),3354,2796
TCGA-FD-A3SJ-01Z-00-DX1.CF7DF110-22A8-4071-9717-A71915407248_tiles.jsonl,TCGA-FD-A3SJ,Invasive urothelial carcinoma (tumor),19648,18064
TCGA-FD-A3SJ-01Z-00-DX1.CF7DF110-22A8-4071-9717-A71915407248_tiles.jsonl,TCGA-FD-A3SJ,Lamina propria (fibrovascular stroma),7983,6229
TCGA-FD-A3SJ-01Z-00-DX1.CF7DF110-22A8-4071-9717-A71915407248_tiles.jsonl,TCGA-FD-A3SJ,Muscularis propria (detrusor muscle),24474,20895
TCGA-FD-A3SJ-01Z-00-DX1.CF7DF110-22A8-4071-9717-A71915407248_tiles.jsonl,TCGA-FD-A3SJ,Necrosis,976,868
TCGA-FD-A3SJ-01Z-00-DX1.CF7DF110-22A8-4071-9717-A71915407248_tiles.jsonl,TCGA-FD-A3SJ,Normal urothelium (benign mucosa),8760,7203
TCGA-FD-A3SJ-01Z-00-DX1.CF7DF110-22A8-4071-9717-A71915407248_tiles.jsonl,TCGA-FD-A3SJ,Perivesical adipose tissue (extravesical fat),6232,5692
TCGA-FD-A3SL-01Z-00-DX1.7B364C1F-3879-43C1-A3C7-B1CB03A7616B_tiles.jsonl,TCGA-FD-A3SL,Blood vessels (vasculature),18718,17032
TCGA-FD-A3SL-01Z-00-DX1.7B364C1F-3879-43C1-A3C7-B1CB03A7616B_tiles.jsonl,TCGA-FD-A3SL,Inflammatory infiltrates (immune cells),1091,812
TCGA-FD-A3SL-01Z-00-DX1.7B364C1F-3879-43C1-A3C7-B1CB03A7616B_tiles.jsonl,TCGA-FD-A3SL,Invasive urothelial carcinoma (tumor),22738,21317
TCGA-FD-A3SL-01Z-00-DX1.7B364C1F-3879-43C1-A3C7-B1CB03A7616B_tiles.jsonl,TCGA-FD-A3SL,Lamina propria (fibrovascular stroma),10179,8029
TCGA-FD-A3SL-01Z-00-DX1.7B364C1F-3879-43C1-A3C7-B1CB03A7616B_tiles.jsonl,TCGA-FD-A3SL,Muscularis propria (detrusor muscle),9673,7738
TCGA-FD-A3SL-01Z-00-DX1.7B364C1F-3879-43C1-A3C7-B1CB03A7616B_tiles.jsonl,TCGA-FD-A3SL,Necrosis,1623,1452
TCGA-FD-A3SL-01Z-00-DX1.7B364C1F-3879-43C1-A3C7-B1CB03A7616B_tiles.jsonl,TCGA-FD-A3SL,Normal urothelium (benign mucosa),5451,4409
TCGA-FD-A3SL-01Z-00-DX1.7B364C1F-3879-43C1-A3C7-B1CB03A7616B_tiles.jsonl,TCGA-FD-A3SL,Perivesical adipose tissue (extravesical fat),12447,11970
TCGA-FD-A3SM-01Z-00-DX1.D391C864-B5B5-4C4D-915F-FBD8BCACAD36_tiles.jsonl,TCGA-FD-A3SM,Blood vessels (vasculature),15311,13906
TCGA-FD-A3SM-01Z-00-DX1.D391C864-B5B5-4C4D-915F-FBD8BCACAD36_tiles.jsonl,TCGA-FD-A3SM,Inflammatory infiltrates (immune cells),867,633
TCGA-FD-A3SM-01Z-00-DX1.D391C864-B5B5-4C4D-915F-FBD8BCACAD36_tiles.jsonl,TCGA-FD-A3SM,Invasive urothelial carcinoma (tumor),42063,40949
TCGA-FD-A3SM-01Z-00-DX1.D391C864-B5B5-4C4D-915F-FBD8BCACAD36_tiles.jsonl,TCGA-FD-A3SM,Lamina propria (fibrovascular stroma),8521,6776
TCGA-FD-A3SM-01Z-00-DX1.D391C864-B5B5-4C4D-915F-FBD8BCACAD36_tiles.jsonl,TCGA-FD-A3SM,Muscularis propria (detrusor muscle),15561,12938
TCGA-FD-A3SM-01Z-00-DX1.D391C864-B5B5-4C4D-915F-FBD8BCACAD36_tiles.jsonl,TCGA-FD-A3SM,Necrosis,379,320
TCGA-FD-A3SM-01Z-00-DX1.D391C864-B5B5-4C4D-915F-FBD8BCACAD36_tiles.jsonl,TCGA-FD-A3SM,Normal urothelium (benign mucosa),9558,8125
TCGA-FD-A3SM-01Z-00-DX1.D391C864-B5B5-4C4D-915F-FBD8BCACAD36_tiles.jsonl,TCGA-FD-A3SM,Perivesical adipose tissue (extravesical fat),5020,4583
TCGA-FD-A3SN-01Z-00-DX1.CB50ED59-FB7E-4892-AF72-6D297EC62466_tiles.jsonl,TCGA-FD-A3SN,Blood vessels (vasculature),24595,22473
TCGA-FD-A3SN-01Z-00-DX1.CB50ED59-FB7E-4892-AF72-6D297EC62466_tiles.jsonl,TCGA-FD-A3SN,Inflammatory infiltrates (immune cells),1093,828
TCGA-FD-A3SN-01Z-00-DX1.CB50ED59-FB7E-4892-AF72-6D297EC62466_tiles.jsonl,TCGA-FD-A3SN,Invasive urothelial carcinoma (tumor),23363,21507
TCGA-FD-A3SN-01Z-00-DX1.CB50ED59-FB7E-4892-AF72-6D297EC62466_tiles.jsonl,TCGA-FD-A3SN,Lamina propria (fibrovascular stroma),8529,6790
TCGA-FD-A3SN-01Z-00-DX1.CB50ED59-FB7E-4892-AF72-6D297EC62466_tiles.jsonl,TCGA-FD-A3SN,Muscularis propria (detrusor muscle),17970,14681
TCGA-FD-A3SN-01Z-00-DX1.CB50ED59-FB7E-4892-AF72-6D297EC62466_tiles.jsonl,TCGA-FD-A3SN,Necrosis,4590,4381
TCGA-FD-A3SN-01Z-00-DX1.CB50ED59-FB7E-4892-AF72-6D297EC62466_tiles.jsonl,TCGA-FD-A3SN,Normal urothelium (benign mucosa),7449,6243
TCGA-FD-A3SN-01Z-00-DX1.CB50ED59-FB7E-4892-AF72-6D297EC62466_tiles.jsonl,TCGA-FD-A3SN,Perivesical adipose tissue (extravesical fat),4571,4378
TCGA-FD-A3SO-01Z-00-DX1.C3A855BF-976F-4E2B-9E39-3D1AEA1A67F6_tiles.jsonl,TCGA-FD-A3SO,Blood vessels (vasculature),9182,8363
TCGA-FD-A3SO-01Z-00-DX1.C3A855BF-976F-4E2B-9E39-3D1AEA1A67F6_tiles.jsonl,TCGA-FD-A3SO,Inflammatory infiltrates (immune cells),4692,3974
TCGA-FD-A3SO-01Z-00-DX1.C3A855BF-976F-4E2B-9E39-3D1AEA1A67F6_tiles.jsonl,TCGA-FD-A3SO,Invasive urothelial carcinoma (tumor),25419,24787
TCGA-FD-A3SO-01Z-00-DX1.C3A855BF-976F-4E2B-9E39-3D1AEA1A67F6_tiles.jsonl,TCGA-FD-A3SO,Lamina propria (fibrovascular stroma),5816,4798
TCGA-FD-A3SO-01Z-00-DX1.C3A855BF-976F-4E2B-9E39-3D1AEA1A67F6_tiles.jsonl,TCGA-FD-A3SO,Muscularis propria (detrusor muscle),9853,8443
TCGA-FD-A3SO-01Z-00-DX1.C3A855BF-976F-4E2B-9E39-3D1AEA1A67F6_tiles.jsonl,TCGA-FD-A3SO,Necrosis,1215,1076
TCGA-FD-A3SO-01Z-00-DX1.C3A855BF-976F-4E2B-9E39-3D1AEA1A67F6_tiles.jsonl,TCGA-FD-A3SO,Normal urothelium (benign mucosa),4393,3930
TCGA-FD-A3SO-01Z-00-DX1.C3A855BF-976F-4E2B-9E39-3D1AEA1A67F6_tiles.jsonl,TCGA-FD-A3SO,Perivesical adipose tissue (extravesical fat),5990,5823
TCGA-FD-A3SP-01Z-00-DX1.05986238-A4B9-497D-9D00-8DB37B0040FE_tiles.jsonl,TCGA-FD-A3SP,Blood vessels (vasculature),11365,10597
TCGA-FD-A3SP-01Z-00-DX1.05986238-A4B9-497D-9D00-8DB37B0040FE_tiles.jsonl,TCGA-FD-A3SP,Inflammatory infiltrates (immune cells),1265,951
TCGA-FD-A3SP-01Z-00-DX1.05986238-A4B9-497D-9D00-8DB37B0040FE_tiles.jsonl,TCGA-FD-A3SP,Invasive urothelial carcinoma (tumor),18542,17609
TCGA-FD-A3SP-01Z-00-DX1.05986238-A4B9-497D-9D00-8DB37B0040FE_tiles.jsonl,TCGA-FD-A3SP,Lamina propria (fibrovascular stroma),5172,4377
TCGA-FD-A3SP-01Z-00-DX1.05986238-A4B9-497D-9D00-8DB37B0040FE_tiles.jsonl,TCGA-FD-A3SP,Muscularis propria (detrusor muscle),8864,7540
TCGA-FD-A3SP-01Z-00-DX1.05986238-A4B9-497D-9D00-8DB37B0040FE_tiles.jsonl,TCGA-FD-A3SP,Necrosis,6577,6298
TCGA-FD-A3SP-01Z-00-DX1.05986238-A4B9-497D-9D00-8DB37B0040FE_tiles.jsonl,TCGA-FD-A3SP,Normal urothelium (benign mucosa),2462,2142
TCGA-FD-A3SP-01Z-00-DX1.05986238-A4B9-497D-9D00-8DB37B0040FE_tiles.jsonl,TCGA-FD-A3SP,Perivesical adipose tissue (extravesical fat),7193,6930
TCGA-FD-A3SQ-01Z-00-DX1.86DF2023-BD72-4D84-B7AA-2330AA433DB9_tiles.jsonl,TCGA-FD-A3SQ,Blood vessels (vasculature),12800,11866
TCGA-FD-A3SQ-01Z-00-DX1.86DF2023-BD72-4D84-B7AA-2330AA433DB9_tiles.jsonl,TCGA-FD-A3SQ,Inflammatory infiltrates (immune cells),1941,1589
TCGA-FD-A3SQ-01Z-00-DX1.86DF2023-BD72-4D84-B7AA-2330AA433DB9_tiles.jsonl,TCGA-FD-A3SQ,Invasive urothelial carcinoma (tumor),21820,20925
TCGA-FD-A3SQ-01Z-00-DX1.86DF2023-BD72-4D84-B7AA-2330AA433DB9_tiles.jsonl,TCGA-FD-A3SQ,Lamina propria (fibrovascular stroma),5410,4476
TCGA-FD-A3SQ-01Z-00-DX1.86DF2023-BD72-4D84-B7AA-2330AA433DB9_tiles.jsonl,TCGA-FD-A3SQ,Muscularis propria (detrusor muscle),11901,10322
TCGA-FD-A3SQ-01Z-00-DX1.86DF2023-BD72-4D84-B7AA-2330AA433DB9_tiles.jsonl,TCGA-FD-A3SQ,Necrosis,657,553
TCGA-FD-A3SQ-01Z-00-DX1.86DF2023-BD72-4D84-B7AA-2330AA433DB9_tiles.jsonl,TCGA-FD-A3SQ,Normal urothelium (benign mucosa),6119,5182
TCGA-FD-A3SQ-01Z-00-DX1.86DF2023-BD72-4D84-B7AA-2330AA433DB9_tiles.jsonl,TCGA-FD-A3SQ,Perivesical adipose tissue (extravesical fat),11032,10849
TCGA-FD-A3SR-01Z-00-DX1.7E2FB51A-9562-4B3D-8431-6283342B4311_tiles.jsonl,TCGA-FD-A3SR,Blood vessels (vasculature),3588,3205
TCGA-FD-A3SR-01Z-00-DX1.7E2FB51A-9562-4B3D-8431-6283342B4311_tiles.jsonl,TCGA-FD-A3SR,Inflammatory infiltrates (immune cells),514,394
TCGA-FD-A3SR-01Z-00-DX1.7E2FB51A-9562-4B3D-8431-6283342B4311_tiles.jsonl,TCGA-FD-A3SR,Invasive urothelial carcinoma (tumor),27809,27383
TCGA-FD-A3SR-01Z-00-DX1.7E2FB51A-9562-4B3D-8431-6283342B4311_tiles.jsonl,TCGA-FD-A3SR,Lamina propria (fibrovascular stroma),3334,2826
TCGA-FD-A3SR-01Z-00-DX1.7E2FB51A-9562-4B3D-8431-6283342B4311_tiles.jsonl,TCGA-FD-A3SR,Muscularis propria (detrusor muscle),8840,7988
TCGA-FD-A3SR-01Z-00-DX1.7E2FB51A-9562-4B3D-8431-6283342B4311_tiles.jsonl,TCGA-FD-A3SR,Necrosis,1039,954
TCGA-FD-A3SR-01Z-00-DX1.7E2FB51A-9562-4B3D-8431-6283342B4311_tiles.jsonl,TCGA-FD-A3SR,Normal urothelium (benign mucosa),1554,1240
TCGA-FD-A3SR-01Z-00-DX1.7E2FB51A-9562-4B3D-8431-6283342B4311_tiles.jsonl,TCGA-FD-A3SR,Perivesical adipose tissue (extravesical fat),4522,4421
TCGA-FD-A3SS-01Z-00-DX1.FEEC4D8E-E87D-4742-B377-5DA2999D6997_tiles.jsonl,TCGA-FD-A3SS,Blood vessels (vasculature),8780,8118
TCGA-FD-A3SS-01Z-00-DX1.FEEC4D8E-E87D-4742-B377-5DA2999D6997_tiles.jsonl,TCGA-FD-A3SS,Inflammatory infiltrates (immune cells),291,194
TCGA-FD-A3SS-01Z-00-DX1.FEEC4D8E-E87D-4742-B377-5DA2999D6997_tiles.jsonl,TCGA-FD-A3SS,Invasive urothelial carcinoma (tumor),43815,42614
TCGA-FD-A3SS-01Z-00-DX1.FEEC4D8E-E87D-4742-B377-5DA2999D6997_tiles.jsonl,TCGA-FD-A3SS,Lamina propria (fibrovascular stroma),4929,3974
TCGA-FD-A3SS-01Z-00-DX1.FEEC4D8E-E87D-4742-B377-5DA2999D6997_tiles.jsonl,TCGA-FD-A3SS,Muscularis propria (detrusor muscle),9779,8343
TCGA-FD-A3SS-01Z-00-DX1.FEEC4D8E-E87D-4742-B377-5DA2999D6997_tiles.jsonl,TCGA-FD-A3SS,Necrosis,4350,4207
TCGA-FD-A3SS-01Z-00-DX1.FEEC4D8E-E87D-4742-B377-5DA2999D6997_tiles.jsonl,TCGA-FD-A3SS,Normal urothelium (benign mucosa),3536,2900
TCGA-FD-A3SS-01Z-00-DX1.FEEC4D8E-E87D-4742-B377-5DA2999D6997_tiles.jsonl,TCGA-FD-A3SS,Perivesical adipose tissue (extravesical fat),1320,1225
TCGA-FD-A43N-01Z-00-DX1.57422C5F-A3A1-4595-9E06-C05C7FF5944B_tiles.jsonl,TCGA-FD-A43N,Blood vessels (vasculature),19585,17750
TCGA-FD-A43N-01Z-00-DX1.57422C5F-A3A1-4595-9E06-C05C7FF5944B_tiles.jsonl,TCGA-FD-A43N,Inflammatory infiltrates (immune cells),1512,1281
TCGA-FD-A43N-01Z-00-DX1.57422C5F-A3A1-4595-9E06-C05C7FF5944B_tiles.jsonl,TCGA-FD-A43N,Invasive urothelial carcinoma (tumor),23618,22459
TCGA-FD-A43N-01Z-00-DX1.57422C5F-A3A1-4595-9E06-C05C7FF5944B_tiles.jsonl,TCGA-FD-A43N,Lamina propria (fibrovascular stroma),19531,16820
TCGA-FD-A43N-01Z-00-DX1.57422C5F-A3A1-4595-9E06-C05C7FF5944B_tiles.jsonl,TCGA-FD-A43N,Muscularis propria (detrusor muscle),15869,12950
TCGA-FD-A43N-01Z-00-DX1.57422C5F-A3A1-4595-9E06-C05C7FF5944B_tiles.jsonl,TCGA-FD-A43N,Necrosis,5265,5106
TCGA-FD-A43N-01Z-00-DX1.57422C5F-A3A1-4595-9E06-C05C7FF5944B_tiles.jsonl,TCGA-FD-A43N,Normal urothelium (benign mucosa),15190,13074
TCGA-FD-A43N-01Z-00-DX1.57422C5F-A3A1-4595-9E06-C05C7FF5944B_tiles.jsonl,TCGA-FD-A43N,Perivesical adipose tissue (extravesical fat),6950,6477
TCGA-FD-A43P-01Z-00-DX1.792612F7-802C-4A90-A2B5-A6A82FCDE92F_tiles.jsonl,TCGA-FD-A43P,Blood vessels (vasculature),20105,18404
TCGA-FD-A43P-01Z-00-DX1.792612F7-802C-4A90-A2B5-A6A82FCDE92F_tiles.jsonl,TCGA-FD-A43P,Inflammatory infiltrates (immune cells),494,356
TCGA-FD-A43P-01Z-00-DX1.792612F7-802C-4A90-A2B5-A6A82FCDE92F_tiles.jsonl,TCGA-FD-A43P,Invasive urothelial carcinoma (tumor),16232,15927
TCGA-FD-A43P-01Z-00-DX1.792612F7-802C-4A90-A2B5-A6A82FCDE92F_tiles.jsonl,TCGA-FD-A43P,Lamina propria (fibrovascular stroma),21809,18948
TCGA-FD-A43P-01Z-00-DX1.792612F7-802C-4A90-A2B5-A6A82FCDE92F_tiles.jsonl,TCGA-FD-A43P,Muscularis propria (detrusor muscle),10646,8410
TCGA-FD-A43P-01Z-00-DX1.792612F7-802C-4A90-A2B5-A6A82FCDE92F_tiles.jsonl,TCGA-FD-A43P,Necrosis,54,47
TCGA-FD-A43P-01Z-00-DX1.792612F7-802C-4A90-A2B5-A6A82FCDE92F_tiles.jsonl,TCGA-FD-A43P,Normal urothelium (benign mucosa),16699,14094
TCGA-FD-A43P-01Z-00-DX1.792612F7-802C-4A90-A2B5-A6A82FCDE92F_tiles.jsonl,TCGA-FD-A43P,Perivesical adipose tissue (extravesical fat),11241,10982
TCGA-FD-A43S-01Z-00-DX1.528CA6F1-B53B-4396-B776-9761B578DCDE_tiles.jsonl,TCGA-FD-A43S,Blood vessels (vasculature),7428,6846
TCGA-FD-A43S-01Z-00-DX1.528CA6F1-B53B-4396-B776-9761B578DCDE_tiles.jsonl,TCGA-FD-A43S,Inflammatory infiltrates (immune cells),4161,3686
TCGA-FD-A43S-01Z-00-DX1.528CA6F1-B53B-4396-B776-9761B578DCDE_tiles.jsonl,TCGA-FD-A43S,Invasive urothelial carcinoma (tumor),44511,43872
TCGA-FD-A43S-01Z-00-DX1.528CA6F1-B53B-4396-B776-9761B578DCDE_tiles.jsonl,TCGA-FD-A43S,Lamina propria (fibrovascular stroma),17651,15875
TCGA-FD-A43S-01Z-00-DX1.528CA6F1-B53B-4396-B776-9761B578DCDE_tiles.jsonl,TCGA-FD-A43S,Muscularis propria (detrusor muscle),7194,6083
TCGA-FD-A43S-01Z-00-DX1.528CA6F1-B53B-4396-B776-9761B578DCDE_tiles.jsonl,TCGA-FD-A43S,Necrosis,962,876
TCGA-FD-A43S-01Z-00-DX1.528CA6F1-B53B-4396-B776-9761B578DCDE_tiles.jsonl,TCGA-FD-A43S,Normal urothelium (benign mucosa),4809,4228
TCGA-FD-A43S-01Z-00-DX1.528CA6F1-B53B-4396-B776-9761B578DCDE_tiles.jsonl,TCGA-FD-A43S,Perivesical adipose tissue (extravesical fat),5444,5231
TCGA-FD-A43U-01Z-00-DX1.003EC6EC-229E-4578-BF5B-1FB3EBF68845_tiles.jsonl,TCGA-FD-A43U,Blood vessels (vasculature),7508,6896
TCGA-FD-A43U-01Z-00-DX1.003EC6EC-229E-4578-BF5B-1FB3EBF68845_tiles.jsonl,TCGA-FD-A43U,Inflammatory infiltrates (immune cells),436,313
TCGA-FD-A43U-01Z-00-DX1.003EC6EC-229E-4578-BF5B-1FB3EBF68845_tiles.jsonl,TCGA-FD-A43U,Invasive urothelial carcinoma (tumor),16429,15969
TCGA-FD-A43U-01Z-00-DX1.003EC6EC-229E-4578-BF5B-1FB3EBF68845_tiles.jsonl,TCGA-FD-A43U,Lamina propria (fibrovascular stroma),14090,12566
TCGA-FD-A43U-01Z-00-DX1.003EC6EC-229E-4578-BF5B-1FB3EBF68845_tiles.jsonl,TCGA-FD-A43U,Muscularis propria (detrusor muscle),9474,8056
TCGA-FD-A43U-01Z-00-DX1.003EC6EC-229E-4578-BF5B-1FB3EBF68845_tiles.jsonl,TCGA-FD-A43U,Necrosis,278,248
TCGA-FD-A43U-01Z-00-DX1.003EC6EC-229E-4578-BF5B-1FB3EBF68845_tiles.jsonl,TCGA-FD-A43U,Normal urothelium (benign mucosa),6073,5411
TCGA-FD-A43U-01Z-00-DX1.003EC6EC-229E-4578-BF5B-1FB3EBF68845_tiles.jsonl,TCGA-FD-A43U,Perivesical adipose tissue (extravesical fat),12272,11963
TCGA-FD-A43X-01Z-00-DX1.CB2A73D9-F64C-4553-8D11-4C25CEF98C45_tiles.jsonl,TCGA-FD-A43X,Blood vessels (vasculature),21692,20077
TCGA-FD-A43X-01Z-00-DX1.CB2A73D9-F64C-4553-8D11-4C25CEF98C45_tiles.jsonl,TCGA-FD-A43X,Inflammatory infiltrates (immune cells),651,495
TCGA-FD-A43X-01Z-00-DX1.CB2A73D9-F64C-4553-8D11-4C25CEF98C45_tiles.jsonl,TCGA-FD-A43X,Invasive urothelial carcinoma (tumor),32493,31862
TCGA-FD-A43X-01Z-00-DX1.CB2A73D9-F64C-4553-8D11-4C25CEF98C45_tiles.jsonl,TCGA-FD-A43X,Lamina propria (fibrovascular stroma),12732,10687
TCGA-FD-A43X-01Z-00-DX1.CB2A73D9-F64C-4553-8D11-4C25CEF98C45_tiles.jsonl,TCGA-FD-A43X,Muscularis propria (detrusor muscle),14973,12364
TCGA-FD-A43X-01Z-00-DX1.CB2A73D9-F64C-4553-8D11-4C25CEF98C45_tiles.jsonl,TCGA-FD-A43X,Necrosis,55,53
TCGA-FD-A43X-01Z-00-DX1.CB2A73D9-F64C-4553-8D11-4C25CEF98C45_tiles.jsonl,TCGA-FD-A43X,Normal urothelium (benign mucosa),19799,17602
TCGA-FD-A43X-01Z-00-DX1.CB2A73D9-F64C-4553-8D11-4C25CEF98C45_tiles.jsonl,TCGA-FD-A43X,Perivesical adipose tissue (extravesical fat),5125,4801
TCGA-FD-A43Y-01Z-00-DX1.6516167F-A303-4524-98D6-E32CB521ED08_tiles.jsonl,TCGA-FD-A43Y,Blood vessels (vasculature),7519,6897
TCGA-FD-A43Y-01Z-00-DX1.6516167F-A303-4524-98D6-E32CB521ED08_tiles.jsonl,TCGA-FD-A43Y,Inflammatory infiltrates (immune cells),1265,969
TCGA-FD-A43Y-01Z-00-DX1.6516167F-A303-4524-98D6-E32CB521ED08_tiles.jsonl,TCGA-FD-A43Y,Invasive urothelial carcinoma (tumor),12236,11921
TCGA-FD-A43Y-01Z-00-DX1.6516167F-A303-4524-98D6-E32CB521ED08_tiles.jsonl,TCGA-FD-A43Y,Lamina propria (fibrovascular stroma),8925,7941
TCGA-FD-A43Y-01Z-00-DX1.6516167F-A303-4524-98D6-E32CB521ED08_tiles.jsonl,TCGA-FD-A43Y,Muscularis propria (detrusor muscle),7177,6268
TCGA-FD-A43Y-01Z-00-DX1.6516167F-A303-4524-98D6-E32CB521ED08_tiles.jsonl,TCGA-FD-A43Y,Necrosis,889,813
TCGA-FD-A43Y-01Z-00-DX1.6516167F-A303-4524-98D6-E32CB521ED08_tiles.jsonl,TCGA-FD-A43Y,Normal urothelium (benign mucosa),3461,3093
TCGA-FD-A43Y-01Z-00-DX1.6516167F-A303-4524-98D6-E32CB521ED08_tiles.jsonl,TCGA-FD-A43Y,Perivesical adipose tissue (extravesical fat),9728,9529
TCGA-FD-A5BR-01Z-00-DX1.53CA363B-8DA6-465A-9FEA-2D120B5787A8_tiles.jsonl,TCGA-FD-A5BR,Blood vessels (vasculature),15168,13959
TCGA-FD-A5BR-01Z-00-DX1.53CA363B-8DA6-465A-9FEA-2D120B5787A8_tiles.jsonl,TCGA-FD-A5BR,Inflammatory infiltrates (immune cells),3518,2866
TCGA-FD-A5BR-01Z-00-DX1.53CA363B-8DA6-465A-9FEA-2D120B5787A8_tiles.jsonl,TCGA-FD-A5BR,Invasive urothelial carcinoma (tumor),21339,20702
TCGA-FD-A5BR-01Z-00-DX1.53CA363B-8DA6-465A-9FEA-2D120B5787A8_tiles.jsonl,TCGA-FD-A5BR,Lamina propria (fibrovascular stroma),15906,14014
TCGA-FD-A5BR-01Z-00-DX1.53CA363B-8DA6-465A-9FEA-2D120B5787A8_tiles.jsonl,TCGA-FD-A5BR,Muscularis propria (detrusor muscle),6543,5198
TCGA-FD-A5BR-01Z-00-DX1.53CA363B-8DA6-465A-9FEA-2D120B5787A8_tiles.jsonl,TCGA-FD-A5BR,Necrosis,1217,1137
TCGA-FD-A5BR-01Z-00-DX1.53CA363B-8DA6-465A-9FEA-2D120B5787A8_tiles.jsonl,TCGA-FD-A5BR,Normal urothelium (benign mucosa),19171,17792
TCGA-FD-A5BR-01Z-00-DX1.53CA363B-8DA6-465A-9FEA-2D120B5787A8_tiles.jsonl,TCGA-FD-A5BR,Perivesical adipose tissue (extravesical fat),14418,13942
TCGA-FD-A5BS-01Z-00-DX1.A7155CEB-37C9-4AD2-B229-B76F18814585_tiles.jsonl,TCGA-FD-A5BS,Blood vessels (vasculature),15952,14850
TCGA-FD-A5BS-01Z-00-DX1.A7155CEB-37C9-4AD2-B229-B76F18814585_tiles.jsonl,TCGA-FD-A5BS,Inflammatory infiltrates (immune cells),2265,1824
TCGA-FD-A5BS-01Z-00-DX1.A7155CEB-37C9-4AD2-B229-B76F18814585_tiles.jsonl,TCGA-FD-A5BS,Invasive urothelial carcinoma (tumor),5601,5264
TCGA-FD-A5BS-01Z-00-DX1.A7155CEB-37C9-4AD2-B229-B76F18814585_tiles.jsonl,TCGA-FD-A5BS,Lamina propria (fibrovascular stroma),27624,25756
TCGA-FD-A5BS-01Z-00-DX1.A7155CEB-37C9-4AD2-B229-B76F18814585_tiles.jsonl,TCGA-FD-A5BS,Muscularis propria (detrusor muscle),9867,8211
TCGA-FD-A5BS-01Z-00-DX1.A7155CEB-37C9-4AD2-B229-B76F18814585_tiles.jsonl,TCGA-FD-A5BS,Necrosis,1486,1353
TCGA-FD-A5BS-01Z-00-DX1.A7155CEB-37C9-4AD2-B229-B76F18814585_tiles.jsonl,TCGA-FD-A5BS,Normal urothelium (benign mucosa),14714,13569
TCGA-FD-A5BS-01Z-00-DX1.A7155CEB-37C9-4AD2-B229-B76F18814585_tiles.jsonl,TCGA-FD-A5BS,Perivesical adipose tissue (extravesical fat),14651,14252
TCGA-FD-A5BT-01Z-00-DX1.2A4716E6-A5C0-4C69-82FD-E771ABB3B28D_tiles.jsonl,TCGA-FD-A5BT,Blood vessels (vasculature),18742,17466
TCGA-FD-A5BT-01Z-00-DX1.2A4716E6-A5C0-4C69-82FD-E771ABB3B28D_tiles.jsonl,TCGA-FD-A5BT,Inflammatory infiltrates (immune cells),1490,1212
TCGA-FD-A5BT-01Z-00-DX1.2A4716E6-A5C0-4C69-82FD-E771ABB3B28D_tiles.jsonl,TCGA-FD-A5BT,Invasive urothelial carcinoma (tumor),13228,12958
TCGA-FD-A5BT-01Z-00-DX1.2A4716E6-A5C0-4C69-82FD-E771ABB3B28D_tiles.jsonl,TCGA-FD-A5BT,Lamina propria (fibrovascular stroma),7587,6367
TCGA-FD-A5BT-01Z-00-DX1.2A4716E6-A5C0-4C69-82FD-E771ABB3B28D_tiles.jsonl,TCGA-FD-A5BT,Muscularis propria (detrusor muscle),6623,5240
TCGA-FD-A5BT-01Z-00-DX1.2A4716E6-A5C0-4C69-82FD-E771ABB3B28D_tiles.jsonl,TCGA-FD-A5BT,Necrosis,400,360
TCGA-FD-A5BT-01Z-00-DX1.2A4716E6-A5C0-4C69-82FD-E771ABB3B28D_tiles.jsonl,TCGA-FD-A5BT,Normal urothelium (benign mucosa),11591,10245
TCGA-FD-A5BT-01Z-00-DX1.2A4716E6-A5C0-4C69-82FD-E771ABB3B28D_tiles.jsonl,TCGA-FD-A5BT,Perivesical adipose tissue (extravesical fat),6899,6368
TCGA-FD-A5BU-01Z-00-DX1.94A8468C-59E7-4185-A877-CC271EA01C90_tiles.jsonl,TCGA-FD-A5BU,Blood vessels (vasculature),9646,8931
TCGA-FD-A5BU-01Z-00-DX1.94A8468C-59E7-4185-A877-CC271EA01C90_tiles.jsonl,TCGA-FD-A5BU,Inflammatory infiltrates (immune cells),1092,856
TCGA-FD-A5BU-01Z-00-DX1.94A8468C-59E7-4185-A877-CC271EA01C90_tiles.jsonl,TCGA-FD-A5BU,Invasive urothelial carcinoma (tumor),5347,4956
TCGA-FD-A5BU-01Z-00-DX1.94A8468C-59E7-4185-A877-CC271EA01C90_tiles.jsonl,TCGA-FD-A5BU,Lamina propria (fibrovascular stroma),14641,13354
TCGA-FD-A5BU-01Z-00-DX1.94A8468C-59E7-4185-A877-CC271EA01C90_tiles.jsonl,TCGA-FD-A5BU,Muscularis propria (detrusor muscle),5420,4381
TCGA-FD-A5BU-01Z-00-DX1.94A8468C-59E7-4185-A877-CC271EA01C90_tiles.jsonl,TCGA-FD-A5BU,Necrosis,745,676
TCGA-FD-A5BU-01Z-00-DX1.94A8468C-59E7-4185-A877-CC271EA01C90_tiles.jsonl,TCGA-FD-A5BU,Normal urothelium (benign mucosa),6179,5399
TCGA-FD-A5BU-01Z-00-DX1.94A8468C-59E7-4185-A877-CC271EA01C90_tiles.jsonl,TCGA-FD-A5BU,Perivesical adipose tissue (extravesical fat),18370,18115
TCGA-FD-A5BV-01Z-00-DX1.FD47C060-5104-45AC-95F8-0C4C5924FE26_tiles.jsonl,TCGA-FD-A5BV,Blood vessels (vasculature),8303,7394
TCGA-FD-A5BV-01Z-00-DX1.FD47C060-5104-45AC-95F8-0C4C5924FE26_tiles.jsonl,TCGA-FD-A5BV,Inflammatory infiltrates (immune cells),445,329
TCGA-FD-A5BV-01Z-00-DX1.FD47C060-5104-45AC-95F8-0C4C5924FE26_tiles.jsonl,TCGA-FD-A5BV,Invasive urothelial carcinoma (tumor),16931,16146
TCGA-FD-A5BV-01Z-00-DX1.FD47C060-5104-45AC-95F8-0C4C5924FE26_tiles.jsonl,TCGA-FD-A5BV,Lamina propria (fibrovascular stroma),16979,14833
TCGA-FD-A5BV-01Z-00-DX1.FD47C060-5104-45AC-95F8-0C4C5924FE26_tiles.jsonl,TCGA-FD-A5BV,Muscularis propria (detrusor muscle),13934,12133
TCGA-FD-A5BV-01Z-00-DX1.FD47C060-5104-45AC-95F8-0C4C5924FE26_tiles.jsonl,TCGA-FD-A5BV,Necrosis,3465,3347
TCGA-FD-A5BV-01Z-00-DX1.FD47C060-5104-45AC-95F8-0C4C5924FE26_tiles.jsonl,TCGA-FD-A5BV,Normal urothelium (benign mucosa),7746,6404
TCGA-FD-A5BV-01Z-00-DX1.FD47C060-5104-45AC-95F8-0C4C5924FE26_tiles.jsonl,TCGA-FD-A5BV,Perivesical adipose tissue (extravesical fat),14117,13556
TCGA-FD-A5BX-01Z-00-DX1.172B23F4-4651-4C93-93E1-D0E81331DCA7_tiles.jsonl,TCGA-FD-A5BX,Blood vessels (vasculature),7720,6908
TCGA-FD-A5BX-01Z-00-DX1.172B23F4-4651-4C93-93E1-D0E81331DCA7_tiles.jsonl,TCGA-FD-A5BX,Inflammatory infiltrates (immune cells),532,360
TCGA-FD-A5BX-01Z-00-DX1.172B23F4-4651-4C93-93E1-D0E81331DCA7_tiles.jsonl,TCGA-FD-A5BX,Invasive urothelial carcinoma (tumor),12425,11493
TCGA-FD-A5BX-01Z-00-DX1.172B23F4-4651-4C93-93E1-D0E81331DCA7_tiles.jsonl,TCGA-FD-A5BX,Lamina propria (fibrovascular stroma),4694,3588
TCGA-FD-A5BX-01Z-00-DX1.172B23F4-4651-4C93-93E1-D0E81331DCA7_tiles.jsonl,TCGA-FD-A5BX,Muscularis propria (detrusor muscle),12580,10817
TCGA-FD-A5BX-01Z-00-DX1.172B23F4-4651-4C93-93E1-D0E81331DCA7_tiles.jsonl,TCGA-FD-A5BX,Necrosis,4085,3883
TCGA-FD-A5BX-01Z-00-DX1.172B23F4-4651-4C93-93E1-D0E81331DCA7_tiles.jsonl,TCGA-FD-A5BX,Normal urothelium (benign mucosa),13601,12177
TCGA-FD-A5BX-01Z-00-DX1.172B23F4-4651-4C93-93E1-D0E81331DCA7_tiles.jsonl,TCGA-FD-A5BX,Perivesical adipose tissue (extravesical fat),6009,5925
TCGA-FD-A5BY-01Z-00-DX1.9DF7C69C-FABA-46DC-9954-A7120C65061F_tiles.jsonl,TCGA-FD-A5BY,Blood vessels (vasculature),8985,8302
TCGA-FD-A5BY-01Z-00-DX1.9DF7C69C-FABA-46DC-9954-A7120C65061F_tiles.jsonl,TCGA-FD-A5BY,Inflammatory infiltrates (immune cells),862,701
TCGA-FD-A5BY-01Z-00-DX1.9DF7C69C-FABA-46DC-9954-A7120C65061F_tiles.jsonl,TCGA-FD-A5BY,Invasive urothelial carcinoma (tumor),13528,13078
TCGA-FD-A5BY-01Z-00-DX1.9DF7C69C-FABA-46DC-9954-A7120C65061F_tiles.jsonl,TCGA-FD-A5BY,Lamina propria (fibrovascular stroma),12071,10805
TCGA-FD-A5BY-01Z-00-DX1.9DF7C69C-FABA-46DC-9954-A7120C65061F_tiles.jsonl,TCGA-FD-A5BY,Muscularis propria (detrusor muscle),5495,4596
TCGA-FD-A5BY-01Z-00-DX1.9DF7C69C-FABA-46DC-9954-A7120C65061F_tiles.jsonl,TCGA-FD-A5BY,Necrosis,85,63
TCGA-FD-A5BY-01Z-00-DX1.9DF7C69C-FABA-46DC-9954-A7120C65061F_tiles.jsonl,TCGA-FD-A5BY,Normal urothelium (benign mucosa),9071,8143
TCGA-FD-A5BY-01Z-00-DX1.9DF7C69C-FABA-46DC-9954-A7120C65061F_tiles.jsonl,TCGA-FD-A5BY,Perivesical adipose tissue (extravesical fat),6223,6022
TCGA-FD-A5BZ-01Z-00-DX1.344B1F8F-3B3A-4D42-894E-27C5AE265F42_tiles.jsonl,TCGA-FD-A5BZ,Blood vessels (vasculature),15964,14911
TCGA-FD-A5BZ-01Z-00-DX1.344B1F8F-3B3A-4D42-894E-27C5AE265F42_tiles.jsonl,TCGA-FD-A5BZ,Inflammatory infiltrates (immune cells),1193,992
TCGA-FD-A5BZ-01Z-00-DX1.344B1F8F-3B3A-4D42-894E-27C5AE265F42_tiles.jsonl,TCGA-FD-A5BZ,Invasive urothelial carcinoma (tumor),15838,15447
TCGA-FD-A5BZ-01Z-00-DX1.344B1F8F-3B3A-4D42-894E-27C5AE265F42_tiles.jsonl,TCGA-FD-A5BZ,Lamina propria (fibrovascular stroma),13273,11557
TCGA-FD-A5BZ-01Z-00-DX1.344B1F8F-3B3A-4D42-894E-27C5AE265F42_tiles.jsonl,TCGA-FD-A5BZ,Muscularis propria (detrusor muscle),3996,2958
TCGA-FD-A5BZ-01Z-00-DX1.344B1F8F-3B3A-4D42-894E-27C5AE265F42_tiles.jsonl,TCGA-FD-A5BZ,Necrosis,331,317
TCGA-FD-A5BZ-01Z-00-DX1.344B1F8F-3B3A-4D42-894E-27C5AE265F42_tiles.jsonl,TCGA-FD-A5BZ,Normal urothelium (benign mucosa),20215,18521
TCGA-FD-A5BZ-01Z-00-DX1.344B1F8F-3B3A-4D42-894E-27C5AE265F42_tiles.jsonl,TCGA-FD-A5BZ,Perivesical adipose tissue (extravesical fat),5990,5744
TCGA-FD-A5C0-01Z-00-DX1.D11E8348-04DE-4934-B063-2E3F3AD8D110_tiles.jsonl,TCGA-FD-A5C0,Blood vessels (vasculature),14790,13547
TCGA-FD-A5C0-01Z-00-DX1.D11E8348-04DE-4934-B063-2E3F3AD8D110_tiles.jsonl,TCGA-FD-A5C0,Inflammatory infiltrates (immune cells),1412,1113
TCGA-FD-A5C0-01Z-00-DX1.D11E8348-04DE-4934-B063-2E3F3AD8D110_tiles.jsonl,TCGA-FD-A5C0,Invasive urothelial carcinoma (tumor),8608,8108
TCGA-FD-A5C0-01Z-00-DX1.D11E8348-04DE-4934-B063-2E3F3AD8D110_tiles.jsonl,TCGA-FD-A5C0,Lamina propria (fibrovascular stroma),14619,12569
TCGA-FD-A5C0-01Z-00-DX1.D11E8348-04DE-4934-B063-2E3F3AD8D110_tiles.jsonl,TCGA-FD-A5C0,Muscularis propria (detrusor muscle),8147,6354
TCGA-FD-A5C0-01Z-00-DX1.D11E8348-04DE-4934-B063-2E3F3AD8D110_tiles.jsonl,TCGA-FD-A5C0,Necrosis,412,359
TCGA-FD-A5C0-01Z-00-DX1.D11E8348-04DE-4934-B063-2E3F3AD8D110_tiles.jsonl,TCGA-FD-A5C0,Normal urothelium (benign mucosa),7387,6136
TCGA-FD-A5C0-01Z-00-DX1.D11E8348-04DE-4934-B063-2E3F3AD8D110_tiles.jsonl,TCGA-FD-A5C0,Perivesical adipose tissue (extravesical fat),11185,10630
TCGA-FD-A5C1-01Z-00-DX1.EAD87C49-A25C-4D37-AF27-E27F7016E065_tiles.jsonl,TCGA-FD-A5C1,Blood vessels (vasculature),14648,13361
TCGA-FD-A5C1-01Z-00-DX1.EAD87C49-A25C-4D37-AF27-E27F7016E065_tiles.jsonl,TCGA-FD-A5C1,Inflammatory infiltrates (immune cells),1141,883
TCGA-FD-A5C1-01Z-00-DX1.EAD87C49-A25C-4D37-AF27-E27F7016E065_tiles.jsonl,TCGA-FD-A5C1,Invasive urothelial carcinoma (tumor),7377,6921
TCGA-FD-A5C1-01Z-00-DX1.EAD87C49-A25C-4D37-AF27-E27F7016E065_tiles.jsonl,TCGA-FD-A5C1,Lamina propria (fibrovascular stroma),14263,12591
TCGA-FD-A5C1-01Z-00-DX1.EAD87C49-A25C-4D37-AF27-E27F7016E065_tiles.jsonl,TCGA-FD-A5C1,Muscularis propria (detrusor muscle),7100,5537
TCGA-FD-A5C1-01Z-00-DX1.EAD87C49-A25C-4D37-AF27-E27F7016E065_tiles.jsonl,TCGA-FD-A5C1,Necrosis,1015,908
TCGA-FD-A5C1-01Z-00-DX1.EAD87C49-A25C-4D37-AF27-E27F7016E065_tiles.jsonl,TCGA-FD-A5C1,Normal urothelium (benign mucosa),11997,10512
TCGA-FD-A5C1-01Z-00-DX1.EAD87C49-A25C-4D37-AF27-E27F7016E065_tiles.jsonl,TCGA-FD-A5C1,Perivesical adipose tissue (extravesical fat),14139,13739
TCGA-FD-A62N-01Z-00-DX1.204E48B7-51D1-49D7-88F3-4BD33A07146A_tiles.jsonl,TCGA-FD-A62N,Blood vessels (vasculature),8019,7376
TCGA-FD-A62N-01Z-00-DX1.204E48B7-51D1-49D7-88F3-4BD33A07146A_tiles.jsonl,TCGA-FD-A62N,Inflammatory infiltrates (immune cells),1145,963
TCGA-FD-A62N-01Z-00-DX1.204E48B7-51D1-49D7-88F3-4BD33A07146A_tiles.jsonl,TCGA-FD-A62N,Invasive urothelial carcinoma (tumor),10122,9825
TCGA-FD-A62N-01Z-00-DX1.204E48B7-51D1-49D7-88F3-4BD33A07146A_tiles.jsonl,TCGA-FD-A62N,Lamina propria (fibrovascular stroma),22033,20576
TCGA-FD-A62N-01Z-00-DX1.204E48B7-51D1-49D7-88F3-4BD33A07146A_tiles.jsonl,TCGA-FD-A62N,Muscularis propria (detrusor muscle),2829,2196
TCGA-FD-A62N-01Z-00-DX1.204E48B7-51D1-49D7-88F3-4BD33A07146A_tiles.jsonl,TCGA-FD-A62N,Necrosis,117,105
TCGA-FD-A62N-01Z-00-DX1.204E48B7-51D1-49D7-88F3-4BD33A07146A_tiles.jsonl,TCGA-FD-A62N,Normal urothelium (benign mucosa),7030,6398
TCGA-FD-A62N-01Z-00-DX1.204E48B7-51D1-49D7-88F3-4BD33A07146A_tiles.jsonl,TCGA-FD-A62N,Perivesical adipose tissue (extravesical fat),10145,9888
TCGA-FD-A62O-01Z-00-DX1.4DD5E512-EF71-498B-8C25-18F42D0E1F1F_tiles.jsonl,TCGA-FD-A62O,Blood vessels (vasculature),7179,6485
TCGA-FD-A62O-01Z-00-DX1.4DD5E512-EF71-498B-8C25-18F42D0E1F1F_tiles.jsonl,TCGA-FD-A62O,Inflammatory infiltrates (immune cells),232,161
TCGA-FD-A62O-01Z-00-DX1.4DD5E512-EF71-498B-8C25-18F42D0E1F1F_tiles.jsonl,TCGA-FD-A62O,Invasive urothelial carcinoma (tumor),21363,20762
TCGA-FD-A62O-01Z-00-DX1.4DD5E512-EF71-498B-8C25-18F42D0E1F1F_tiles.jsonl,TCGA-FD-A62O,Lamina propria (fibrovascular stroma),15652,13932
TCGA-FD-A62O-01Z-00-DX1.4DD5E512-EF71-498B-8C25-18F42D0E1F1F_tiles.jsonl,TCGA-FD-A62O,Muscularis propria (detrusor muscle),7683,6578
TCGA-FD-A62O-01Z-00-DX1.4DD5E512-EF71-498B-8C25-18F42D0E1F1F_tiles.jsonl,TCGA-FD-A62O,Necrosis,1417,1376
TCGA-FD-A62O-01Z-00-DX1.4DD5E512-EF71-498B-8C25-18F42D0E1F1F_tiles.jsonl,TCGA-FD-A62O,Normal urothelium (benign mucosa),7679,6621
TCGA-FD-A62O-01Z-00-DX1.4DD5E512-EF71-498B-8C25-18F42D0E1F1F_tiles.jsonl,TCGA-FD-A62O,Perivesical adipose tissue (extravesical fat),10475,10226
TCGA-FD-A62P-01Z-00-DX1.56B14555-896E-420A-AE8B-4E2D35D87871_tiles.jsonl,TCGA-FD-A62P,Blood vessels (vasculature),24369,22621
TCGA-FD-A62P-01Z-00-DX1.56B14555-896E-420A-AE8B-4E2D35D87871_tiles.jsonl,TCGA-FD-A62P,Inflammatory infiltrates (immune cells),5211,4461
TCGA-FD-A62P-01Z-00-DX1.56B14555-896E-420A-AE8B-4E2D35D87871_tiles.jsonl,TCGA-FD-A62P,Invasive urothelial carcinoma (tumor),4169,3763
TCGA-FD-A62P-01Z-00-DX1.56B14555-896E-420A-AE8B-4E2D35D87871_tiles.jsonl,TCGA-FD-A62P,Lamina propria (fibrovascular stroma),16472,13992
TCGA-FD-A62P-01Z-00-DX1.56B14555-896E-420A-AE8B-4E2D35D87871_tiles.jsonl,TCGA-FD-A62P,Muscularis propria (detrusor muscle),9201,7091
TCGA-FD-A62P-01Z-00-DX1.56B14555-896E-420A-AE8B-4E2D35D87871_tiles.jsonl,TCGA-FD-A62P,Necrosis,343,281
TCGA-FD-A62P-01Z-00-DX1.56B14555-896E-420A-AE8B-4E2D35D87871_tiles.jsonl,TCGA-FD-A62P,Normal urothelium (benign mucosa),26636,24588
TCGA-FD-A62P-01Z-00-DX1.56B14555-896E-420A-AE8B-4E2D35D87871_tiles.jsonl,TCGA-FD-A62P,Perivesical adipose tissue (extravesical fat),5759,5032
TCGA-FD-A62S-01Z-00-DX1.B35DA29A-6F19-4663-9DB2-AB57DAFC84A7_tiles.jsonl,TCGA-FD-A62S,Blood vessels (vasculature),12500,11393
TCGA-FD-A62S-01Z-00-DX1.B35DA29A-6F19-4663-9DB2-AB57DAFC84A7_tiles.jsonl,TCGA-FD-A62S,Inflammatory infiltrates (immune cells),2105,1737
TCGA-FD-A62S-01Z-00-DX1.B35DA29A-6F19-4663-9DB2-AB57DAFC84A7_tiles.jsonl,TCGA-FD-A62S,Invasive urothelial carcinoma (tumor),36831,34663
TCGA-FD-A62S-01Z-00-DX1.B35DA29A-6F19-4663-9DB2-AB57DAFC84A7_tiles.jsonl,TCGA-FD-A62S,Lamina propria (fibrovascular stroma),41055,37064
TCGA-FD-A62S-01Z-00-DX1.B35DA29A-6F19-4663-9DB2-AB57DAFC84A7_tiles.jsonl,TCGA-FD-A62S,Muscularis propria (detrusor muscle),8584,6475
TCGA-FD-A62S-01Z-00-DX1.B35DA29A-6F19-4663-9DB2-AB57DAFC84A7_tiles.jsonl,TCGA-FD-A62S,Necrosis,132,111
TCGA-FD-A62S-01Z-00-DX1.B35DA29A-6F19-4663-9DB2-AB57DAFC84A7_tiles.jsonl,TCGA-FD-A62S,Normal urothelium (benign mucosa),21026,18605
TCGA-FD-A62S-01Z-00-DX1.B35DA29A-6F19-4663-9DB2-AB57DAFC84A7_tiles.jsonl,TCGA-FD-A62S,Perivesical adipose tissue (extravesical fat),5767,5497
TCGA-FD-A6TA-01Z-00-DX1.FC156A8A-B71C-46A3-B83F-99DB0FC41FC8_tiles.jsonl,TCGA-FD-A6TA,Blood vessels (vasculature),16648,15193
TCGA-FD-A6TA-01Z-00-DX1.FC156A8A-B71C-46A3-B83F-99DB0FC41FC8_tiles.jsonl,TCGA-FD-A6TA,Inflammatory infiltrates (immune cells),1254,959
TCGA-FD-A6TA-01Z-00-DX1.FC156A8A-B71C-46A3-B83F-99DB0FC41FC8_tiles.jsonl,TCGA-FD-A6TA,Invasive urothelial carcinoma (tumor),18485,17688
TCGA-FD-A6TA-01Z-00-DX1.FC156A8A-B71C-46A3-B83F-99DB0FC41FC8_tiles.jsonl,TCGA-FD-A6TA,Lamina propria (fibrovascular stroma),16424,14069
TCGA-FD-A6TA-01Z-00-DX1.FC156A8A-B71C-46A3-B83F-99DB0FC41FC8_tiles.jsonl,TCGA-FD-A6TA,Muscularis propria (detrusor muscle),10863,8833
TCGA-FD-A6TA-01Z-00-DX1.FC156A8A-B71C-46A3-B83F-99DB0FC41FC8_tiles.jsonl,TCGA-FD-A6TA,Necrosis,2258,2106
TCGA-FD-A6TA-01Z-00-DX1.FC156A8A-B71C-46A3-B83F-99DB0FC41FC8_tiles.jsonl,TCGA-FD-A6TA,Normal urothelium (benign mucosa),14913,13104
TCGA-FD-A6TA-01Z-00-DX1.FC156A8A-B71C-46A3-B83F-99DB0FC41FC8_tiles.jsonl,TCGA-FD-A6TA,Perivesical adipose tissue (extravesical fat),6195,5850
TCGA-FD-A6TB-01Z-00-DX1.CDCC077C-2DFE-4B04-A0D0-69E1CFE80AC5_tiles.jsonl,TCGA-FD-A6TB,Blood vessels (vasculature),8494,7826
TCGA-FD-A6TB-01Z-00-DX1.CDCC077C-2DFE-4B04-A0D0-69E1CFE80AC5_tiles.jsonl,TCGA-FD-A6TB,Inflammatory infiltrates (immune cells),2151,1786
TCGA-FD-A6TB-01Z-00-DX1.CDCC077C-2DFE-4B04-A0D0-69E1CFE80AC5_tiles.jsonl,TCGA-FD-A6TB,Invasive urothelial carcinoma (tumor),4588,4287
TCGA-FD-A6TB-01Z-00-DX1.CDCC077C-2DFE-4B04-A0D0-69E1CFE80AC5_tiles.jsonl,TCGA-FD-A6TB,Lamina propria (fibrovascular stroma),9059,8013
TCGA-FD-A6TB-01Z-00-DX1.CDCC077C-2DFE-4B04-A0D0-69E1CFE80AC5_tiles.jsonl,TCGA-FD-A6TB,Muscularis propria (detrusor muscle),6907,5750
TCGA-FD-A6TB-01Z-00-DX1.CDCC077C-2DFE-4B04-A0D0-69E1CFE80AC5_tiles.jsonl,TCGA-FD-A6TB,Necrosis,499,446
TCGA-FD-A6TB-01Z-00-DX1.CDCC077C-2DFE-4B04-A0D0-69E1CFE80AC5_tiles.jsonl,TCGA-FD-A6TB,Normal urothelium (benign mucosa),12735,11719
TCGA-FD-A6TB-01Z-00-DX1.CDCC077C-2DFE-4B04-A0D0-69E1CFE80AC5_tiles.jsonl,TCGA-FD-A6TB,Perivesical adipose tissue (extravesical fat),11887,11614
TCGA-FD-A6TC-01Z-00-DX1.AC96EA62-D56E-4565-88E0-EBAEB8087C4F_tiles.jsonl,TCGA-FD-A6TC,Blood vessels (vasculature),12026,11050
TCGA-FD-A6TC-01Z-00-DX1.AC96EA62-D56E-4565-88E0-EBAEB8087C4F_tiles.jsonl,TCGA-FD-A6TC,Inflammatory infiltrates (immune cells),527,393
TCGA-FD-A6TC-01Z-00-DX1.AC96EA62-D56E-4565-88E0-EBAEB8087C4F_tiles.jsonl,TCGA-FD-A6TC,Invasive urothelial carcinoma (tumor),28914,28139
TCGA-FD-A6TC-01Z-00-DX1.AC96EA62-D56E-4565-88E0-EBAEB8087C4F_tiles.jsonl,TCGA-FD-A6TC,Lamina propria (fibrovascular stroma),16093,14319
TCGA-FD-A6TC-01Z-00-DX1.AC96EA62-D56E-4565-88E0-EBAEB8087C4F_tiles.jsonl,TCGA-FD-A6TC,Muscularis propria (detrusor muscle),5913,4856
TCGA-FD-A6TC-01Z-00-DX1.AC96EA62-D56E-4565-88E0-EBAEB8087C4F_tiles.jsonl,TCGA-FD-A6TC,Necrosis,826,749
TCGA-FD-A6TC-01Z-00-DX1.AC96EA62-D56E-4565-88E0-EBAEB8087C4F_tiles.jsonl,TCGA-FD-A6TC,Normal urothelium (benign mucosa),8054,6892
TCGA-FD-A6TC-01Z-00-DX1.AC96EA62-D56E-4565-88E0-EBAEB8087C4F_tiles.jsonl,TCGA-FD-A6TC,Perivesical adipose tissue (extravesical fat),4447,4160
TCGA-FD-A6TD-01Z-00-DX1.836B03BC-CD19-437D-A925-9862BB08AB1D_tiles.jsonl,TCGA-FD-A6TD,Blood vessels (vasculature),5171,4896
TCGA-FD-A6TD-01Z-00-DX1.836B03BC-CD19-437D-A925-9862BB08AB1D_tiles.jsonl,TCGA-FD-A6TD,Inflammatory infiltrates (immune cells),291,203
TCGA-FD-A6TD-01Z-00-DX1.836B03BC-CD19-437D-A925-9862BB08AB1D_tiles.jsonl,TCGA-FD-A6TD,Invasive urothelial carcinoma (tumor),45334,44243
TCGA-FD-A6TD-01Z-00-DX1.836B03BC-CD19-437D-A925-9862BB08AB1D_tiles.jsonl,TCGA-FD-A6TD,Lamina propria (fibrovascular stroma),26432,24555
TCGA-FD-A6TD-01Z-00-DX1.836B03BC-CD19-437D-A925-9862BB08AB1D_tiles.jsonl,TCGA-FD-A6TD,Muscularis propria (detrusor muscle),6481,5344
TCGA-FD-A6TD-01Z-00-DX1.836B03BC-CD19-437D-A925-9862BB08AB1D_tiles.jsonl,TCGA-FD-A6TD,Necrosis,432,382
TCGA-FD-A6TD-01Z-00-DX1.836B03BC-CD19-437D-A925-9862BB08AB1D_tiles.jsonl,TCGA-FD-A6TD,Normal urothelium (benign mucosa),12737,11569
TCGA-FD-A6TD-01Z-00-DX1.836B03BC-CD19-437D-A925-9862BB08AB1D_tiles.jsonl,TCGA-FD-A6TD,Perivesical adipose tissue (extravesical fat),402,339
TCGA-FD-A6TE-01Z-00-DX1.1CD738A0-1D6D-461B-9322-21F77CC3D167_tiles.jsonl,TCGA-FD-A6TE,Blood vessels (vasculature),12699,11283
TCGA-FD-A6TE-01Z-00-DX1.1CD738A0-1D6D-461B-9322-21F77CC3D167_tiles.jsonl,TCGA-FD-A6TE,Inflammatory infiltrates (immune cells),3076,2422
TCGA-FD-A6TE-01Z-00-DX1.1CD738A0-1D6D-461B-9322-21F77CC3D167_tiles.jsonl,TCGA-FD-A6TE,Invasive urothelial carcinoma (tumor),13458,12988
TCGA-FD-A6TE-01Z-00-DX1.1CD738A0-1D6D-461B-9322-21F77CC3D167_tiles.jsonl,TCGA-FD-A6TE,Lamina propria (fibrovascular stroma),16037,13925
TCGA-FD-A6TE-01Z-00-DX1.1CD738A0-1D6D-461B-9322-21F77CC3D167_tiles.jsonl,TCGA-FD-A6TE,Muscularis propria (detrusor muscle),14810,12379
TCGA-FD-A6TE-01Z-00-DX1.1CD738A0-1D6D-461B-9322-21F77CC3D167_tiles.jsonl,TCGA-FD-A6TE,Necrosis,222,186
TCGA-FD-A6TE-01Z-00-DX1.1CD738A0-1D6D-461B-9322-21F77CC3D167_tiles.jsonl,TCGA-FD-A6TE,Normal urothelium (benign mucosa),11194,9860
TCGA-FD-A6TE-01Z-00-DX1.1CD738A0-1D6D-461B-9322-21F77CC3D167_tiles.jsonl,TCGA-FD-A6TE,Perivesical adipose tissue (extravesical fat),20664,20013
TCGA-FD-A6TF-01Z-00-DX1.15B2C3E0-A0D7-4879-82B1-6C9AB09AF8E2_tiles.jsonl,TCGA-FD-A6TF,Blood vessels (vasculature),23888,22082
TCGA-FD-A6TF-01Z-00-DX1.15B2C3E0-A0D7-4879-82B1-6C9AB09AF8E2_tiles.jsonl,TCGA-FD-A6TF,Inflammatory infiltrates (immune cells),1365,1121
TCGA-FD-A6TF-01Z-00-DX1.15B2C3E0-A0D7-4879-82B1-6C9AB09AF8E2_tiles.jsonl,TCGA-FD-A6TF,Invasive urothelial carcinoma (tumor),28344,27644
TCGA-FD-A6TF-01Z-00-DX1.15B2C3E0-A0D7-4879-82B1-6C9AB09AF8E2_tiles.jsonl,TCGA-FD-A6TF,Lamina propria (fibrovascular stroma),16686,14500
TCGA-FD-A6TF-01Z-00-DX1.15B2C3E0-A0D7-4879-82B1-6C9AB09AF8E2_tiles.jsonl,TCGA-FD-A6TF,Muscularis propria (detrusor muscle),8391,6744
TCGA-FD-A6TF-01Z-00-DX1.15B2C3E0-A0D7-4879-82B1-6C9AB09AF8E2_tiles.jsonl,TCGA-FD-A6TF,Necrosis,2383,2242
TCGA-FD-A6TF-01Z-00-DX1.15B2C3E0-A0D7-4879-82B1-6C9AB09AF8E2_tiles.jsonl,TCGA-FD-A6TF,Normal urothelium (benign mucosa),14729,12895
TCGA-FD-A6TF-01Z-00-DX1.15B2C3E0-A0D7-4879-82B1-6C9AB09AF8E2_tiles.jsonl,TCGA-FD-A6TF,Perivesical adipose tissue (extravesical fat),6614,6181
TCGA-FD-A6TG-01Z-00-DX1.C49D520E-3589-4623-9BBE-9676BAC83A8F_tiles.jsonl,TCGA-FD-A6TG,Blood vessels (vasculature),9837,8919
TCGA-FD-A6TG-01Z-00-DX1.C49D520E-3589-4623-9BBE-9676BAC83A8F_tiles.jsonl,TCGA-FD-A6TG,Inflammatory infiltrates (immune cells),680,518
TCGA-FD-A6TG-01Z-00-DX1.C49D520E-3589-4623-9BBE-9676BAC83A8F_tiles.jsonl,TCGA-FD-A6TG,Invasive urothelial carcinoma (tumor),20578,19430
TCGA-FD-A6TG-01Z-00-DX1.C49D520E-3589-4623-9BBE-9676BAC83A8F_tiles.jsonl,TCGA-FD-A6TG,Lamina propria (fibrovascular stroma),20978,18903
TCGA-FD-A6TG-01Z-00-DX1.C49D520E-3589-4623-9BBE-9676BAC83A8F_tiles.jsonl,TCGA-FD-A6TG,Muscularis propria (detrusor muscle),5207,4025
TCGA-FD-A6TG-01Z-00-DX1.C49D520E-3589-4623-9BBE-9676BAC83A8F_tiles.jsonl,TCGA-FD-A6TG,Necrosis,1023,917
TCGA-FD-A6TG-01Z-00-DX1.C49D520E-3589-4623-9BBE-9676BAC83A8F_tiles.jsonl,TCGA-FD-A6TG,Normal urothelium (benign mucosa),7032,5978
TCGA-FD-A6TG-01Z-00-DX1.C49D520E-3589-4623-9BBE-9676BAC83A8F_tiles.jsonl,TCGA-FD-A6TG,Perivesical adipose tissue (extravesical fat),11465,10983
TCGA-FD-A6TH-01Z-00-DX1.1791761E-876F-4AAB-A0B1-272A37A41E3A_tiles.jsonl,TCGA-FD-A6TH,Blood vessels (vasculature),11723,10832
TCGA-FD-A6TH-01Z-00-DX1.1791761E-876F-4AAB-A0B1-272A37A41E3A_tiles.jsonl,TCGA-FD-A6TH,Inflammatory infiltrates (immune cells),517,408
TCGA-FD-A6TH-01Z-00-DX1.1791761E-876F-4AAB-A0B1-272A37A41E3A_tiles.jsonl,TCGA-FD-A6TH,Invasive urothelial carcinoma (tumor),30497,29818
TCGA-FD-A6TH-01Z-00-DX1.1791761E-876F-4AAB-A0B1-272A37A41E3A_tiles.jsonl,TCGA-FD-A6TH,Lamina propria (fibrovascular stroma),11404,9847
TCGA-FD-A6TH-01Z-00-DX1.1791761E-876F-4AAB-A0B1-272A37A41E3A_tiles.jsonl,TCGA-FD-A6TH,Muscularis propria (detrusor muscle),8800,7224
TCGA-FD-A6TH-01Z-00-DX1.1791761E-876F-4AAB-A0B1-272A37A41E3A_tiles.jsonl,TCGA-FD-A6TH,Necrosis,1226,1148
TCGA-FD-A6TH-01Z-00-DX1.1791761E-876F-4AAB-A0B1-272A37A41E3A_tiles.jsonl,TCGA-FD-A6TH,Normal urothelium (benign mucosa),6288,5349
TCGA-FD-A6TH-01Z-00-DX1.1791761E-876F-4AAB-A0B1-272A37A41E3A_tiles.jsonl,TCGA-FD-A6TH,Perivesical adipose tissue (extravesical fat),6345,6056
TCGA-FD-A6TI-01Z-00-DX1.A451F82D-983B-4646-BFC6-E40A66F2B9C8_tiles.jsonl,TCGA-FD-A6TI,Blood vessels (vasculature),12295,10915
TCGA-FD-A6TI-01Z-00-DX1.A451F82D-983B-4646-BFC6-E40A66F2B9C8_tiles.jsonl,TCGA-FD-A6TI,Inflammatory infiltrates (immune cells),349,279
TCGA-FD-A6TI-01Z-00-DX1.A451F82D-983B-4646-BFC6-E40A66F2B9C8_tiles.jsonl,TCGA-FD-A6TI,Invasive urothelial carcinoma (tumor),16281,15615
TCGA-FD-A6TI-01Z-00-DX1.A451F82D-983B-4646-BFC6-E40A66F2B9C8_tiles.jsonl,TCGA-FD-A6TI,Lamina propria (fibrovascular stroma),9698,7944
TCGA-FD-A6TI-01Z-00-DX1.A451F82D-983B-4646-BFC6-E40A66F2B9C8_tiles.jsonl,TCGA-FD-A6TI,Muscularis propria (detrusor muscle),7233,5659
TCGA-FD-A6TI-01Z-00-DX1.A451F82D-983B-4646-BFC6-E40A66F2B9C8_tiles.jsonl,TCGA-FD-A6TI,Necrosis,129,106
TCGA-FD-A6TI-01Z-00-DX1.A451F82D-983B-4646-BFC6-E40A66F2B9C8_tiles.jsonl,TCGA-FD-A6TI,Normal urothelium (benign mucosa),6454,5331
TCGA-FD-A6TI-01Z-00-DX1.A451F82D-983B-4646-BFC6-E40A66F2B9C8_tiles.jsonl,TCGA-FD-A6TI,Perivesical adipose tissue (extravesical fat),9001,8703
TCGA-FD-A6TK-01Z-00-DX1.B685DA87-72A6-4C38-8AA1-40B6E543383C_tiles.jsonl,TCGA-FD-A6TK,Blood vessels (vasculature),9723,8967
TCGA-FD-A6TK-01Z-00-DX1.B685DA87-72A6-4C38-8AA1-40B6E543383C_tiles.jsonl,TCGA-FD-A6TK,Inflammatory infiltrates (immune cells),512,400
TCGA-FD-A6TK-01Z-00-DX1.B685DA87-72A6-4C38-8AA1-40B6E543383C_tiles.jsonl,TCGA-FD-A6TK,Invasive urothelial carcinoma (tumor),7277,6980
TCGA-FD-A6TK-01Z-00-DX1.B685DA87-72A6-4C38-8AA1-40B6E543383C_tiles.jsonl,TCGA-FD-A6TK,Lamina propria (fibrovascular stroma),7925,7013
TCGA-FD-A6TK-01Z-00-DX1.B685DA87-72A6-4C38-8AA1-40B6E543383C_tiles.jsonl,TCGA-FD-A6TK,Muscularis propria (detrusor muscle),3252,2479
TCGA-FD-A6TK-01Z-00-DX1.B685DA87-72A6-4C38-8AA1-40B6E543383C_tiles.jsonl,TCGA-FD-A6TK,Necrosis,13,10
TCGA-FD-A6TK-01Z-00-DX1.B685DA87-72A6-4C38-8AA1-40B6E543383C_tiles.jsonl,TCGA-FD-A6TK,Normal urothelium (benign mucosa),16946,15899
TCGA-FD-A6TK-01Z-00-DX1.B685DA87-72A6-4C38-8AA1-40B6E543383C_tiles.jsonl,TCGA-FD-A6TK,Perivesical adipose tissue (extravesical fat),5552,5236
TCGA-FJ-A3Z7-01Z-00-DX1.B36BF723-0E71-4FA9-A915-823634B91EA9_tiles.jsonl,TCGA-FJ-A3Z7,Blood vessels (vasculature),16232,15472
TCGA-FJ-A3Z7-01Z-00-DX1.B36BF723-0E71-4FA9-A915-823634B91EA9_tiles.jsonl,TCGA-FJ-A3Z7,Inflammatory infiltrates (immune cells),508,400
TCGA-FJ-A3Z7-01Z-00-DX1.B36BF723-0E71-4FA9-A915-823634B91EA9_tiles.jsonl,TCGA-FJ-A3Z7,Invasive urothelial carcinoma (tumor),8950,8434
TCGA-FJ-A3Z7-01Z-00-DX1.B36BF723-0E71-4FA9-A915-823634B91EA9_tiles.jsonl,TCGA-FJ-A3Z7,Lamina propria (fibrovascular stroma),6638,5733
TCGA-FJ-A3Z7-01Z-00-DX1.B36BF723-0E71-4FA9-A915-823634B91EA9_tiles.jsonl,TCGA-FJ-A3Z7,Muscularis propria (detrusor muscle),4737,3944
TCGA-FJ-A3Z7-01Z-00-DX1.B36BF723-0E71-4FA9-A915-823634B91EA9_tiles.jsonl,TCGA-FJ-A3Z7,Necrosis,1979,1804
TCGA-FJ-A3Z7-01Z-00-DX1.B36BF723-0E71-4FA9-A915-823634B91EA9_tiles.jsonl,TCGA-FJ-A3Z7,Normal urothelium (benign mucosa),6867,5957
TCGA-FJ-A3Z7-01Z-00-DX1.B36BF723-0E71-4FA9-A915-823634B91EA9_tiles.jsonl,TCGA-FJ-A3Z7,Perivesical adipose tissue (extravesical fat),5289,5030
TCGA-FJ-A3Z9-01Z-00-DX1.012EC33E-2BEF-4EDB-81D5-6EAC32D90C87_tiles.jsonl,TCGA-FJ-A3Z9,Blood vessels (vasculature),12917,12336
TCGA-FJ-A3Z9-01Z-00-DX1.012EC33E-2BEF-4EDB-81D5-6EAC32D90C87_tiles.jsonl,TCGA-FJ-A3Z9,Inflammatory infiltrates (immune cells),876,723
TCGA-FJ-A3Z9-01Z-00-DX1.012EC33E-2BEF-4EDB-81D5-6EAC32D90C87_tiles.jsonl,TCGA-FJ-A3Z9,Invasive urothelial carcinoma (tumor),25622,25106
TCGA-FJ-A3Z9-01Z-00-DX1.012EC33E-2BEF-4EDB-81D5-6EAC32D90C87_tiles.jsonl,TCGA-FJ-A3Z9,Lamina propria (fibrovascular stroma),4655,4089
TCGA-FJ-A3Z9-01Z-00-DX1.012EC33E-2BEF-4EDB-81D5-6EAC32D90C87_tiles.jsonl,TCGA-FJ-A3Z9,Muscularis propria (detrusor muscle),6022,5287
TCGA-FJ-A3Z9-01Z-00-DX1.012EC33E-2BEF-4EDB-81D5-6EAC32D90C87_tiles.jsonl,TCGA-FJ-A3Z9,Necrosis,1331,1217
TCGA-FJ-A3Z9-01Z-00-DX1.012EC33E-2BEF-4EDB-81D5-6EAC32D90C87_tiles.jsonl,TCGA-FJ-A3Z9,Normal urothelium (benign mucosa),34291,33036
TCGA-FJ-A3Z9-01Z-00-DX1.012EC33E-2BEF-4EDB-81D5-6EAC32D90C87_tiles.jsonl,TCGA-FJ-A3Z9,Perivesical adipose tissue (extravesical fat),1326,1206
TCGA-FJ-A3ZE-01Z-00-DX1.CD478617-4D80-4F36-8908-8480738367C6_tiles.jsonl,TCGA-FJ-A3ZE,Blood vessels (vasculature),10788,10316
TCGA-FJ-A3ZE-01Z-00-DX1.CD478617-4D80-4F36-8908-8480738367C6_tiles.jsonl,TCGA-FJ-A3ZE,Inflammatory infiltrates (immune cells),132,106
TCGA-FJ-A3ZE-01Z-00-DX1.CD478617-4D80-4F36-8908-8480738367C6_tiles.jsonl,TCGA-FJ-A3ZE,Invasive urothelial carcinoma (tumor),23749,23226
TCGA-FJ-A3ZE-01Z-00-DX1.CD478617-4D80-4F36-8908-8480738367C6_tiles.jsonl,TCGA-FJ-A3ZE,Lamina propria (fibrovascular stroma),297,242
TCGA-FJ-A3ZE-01Z-00-DX1.CD478617-4D80-4F36-8908-8480738367C6_tiles.jsonl,TCGA-FJ-A3ZE,Muscularis propria (detrusor muscle),1858,1623
TCGA-FJ-A3ZE-01Z-00-DX1.CD478617-4D80-4F36-8908-8480738367C6_tiles.jsonl,TCGA-FJ-A3ZE,Necrosis,20762,20534
TCGA-FJ-A3ZE-01Z-00-DX1.CD478617-4D80-4F36-8908-8480738367C6_tiles.jsonl,TCGA-FJ-A3ZE,Normal urothelium (benign mucosa),11717,11075
TCGA-FJ-A3ZE-01Z-00-DX1.CD478617-4D80-4F36-8908-8480738367C6_tiles.jsonl,TCGA-FJ-A3ZE,Perivesical adipose tissue (extravesical fat),2377,2183
TCGA-FJ-A3ZF-01Z-00-DX1.1B5E03AA-51A0-4E2B-A2B3-9652B1FA1D55_tiles.jsonl,TCGA-FJ-A3ZF,Blood vessels (vasculature),14710,14323
TCGA-FJ-A3ZF-01Z-00-DX1.1B5E03AA-51A0-4E2B-A2B3-9652B1FA1D55_tiles.jsonl,TCGA-FJ-A3ZF,Inflammatory infiltrates (immune cells),201,156
TCGA-FJ-A3ZF-01Z-00-DX1.1B5E03AA-51A0-4E2B-A2B3-9652B1FA1D55_tiles.jsonl,TCGA-FJ-A3ZF,Invasive urothelial carcinoma (tumor),1577,1427
TCGA-FJ-A3ZF-01Z-00-DX1.1B5E03AA-51A0-4E2B-A2B3-9652B1FA1D55_tiles.jsonl,TCGA-FJ-A3ZF,Lamina propria (fibrovascular stroma),1287,1069
TCGA-FJ-A3ZF-01Z-00-DX1.1B5E03AA-51A0-4E2B-A2B3-9652B1FA1D55_tiles.jsonl,TCGA-FJ-A3ZF,Muscularis propria (detrusor muscle),709,519
TCGA-FJ-A3ZF-01Z-00-DX1.1B5E03AA-51A0-4E2B-A2B3-9652B1FA1D55_tiles.jsonl,TCGA-FJ-A3ZF,Necrosis,1260,1199
TCGA-FJ-A3ZF-01Z-00-DX1.1B5E03AA-51A0-4E2B-A2B3-9652B1FA1D55_tiles.jsonl,TCGA-FJ-A3ZF,Normal urothelium (benign mucosa),9702,9112
TCGA-FJ-A3ZF-01Z-00-DX1.1B5E03AA-51A0-4E2B-A2B3-9652B1FA1D55_tiles.jsonl,TCGA-FJ-A3ZF,Perivesical adipose tissue (extravesical fat),1274,1178
TCGA-FJ-A871-01Z-00-DX1.72748A33-5021-4AC6-AEF4-9BDA17233AB3_tiles.jsonl,TCGA-FJ-A871,Blood vessels (vasculature),4571,4295
TCGA-FJ-A871-01Z-00-DX1.72748A33-5021-4AC6-AEF4-9BDA17233AB3_tiles.jsonl,TCGA-FJ-A871,Inflammatory infiltrates (immune cells),672,528
TCGA-FJ-A871-01Z-00-DX1.72748A33-5021-4AC6-AEF4-9BDA17233AB3_tiles.jsonl,TCGA-FJ-A871,Invasive urothelial carcinoma (tumor),6300,5942
TCGA-FJ-A871-01Z-00-DX1.72748A33-5021-4AC6-AEF4-9BDA17233AB3_tiles.jsonl,TCGA-FJ-A871,Lamina propria (fibrovascular stroma),472,341
TCGA-FJ-A871-01Z-00-DX1.72748A33-5021-4AC6-AEF4-9BDA17233AB3_tiles.jsonl,TCGA-FJ-A871,Muscularis propria (detrusor muscle),328,231
TCGA-FJ-A871-01Z-00-DX1.72748A33-5021-4AC6-AEF4-9BDA17233AB3_tiles.jsonl,TCGA-FJ-A871,Necrosis,2795,2655
TCGA-FJ-A871-01Z-00-DX1.72748A33-5021-4AC6-AEF4-9BDA17233AB3_tiles.jsonl,TCGA-FJ-A871,Normal urothelium (benign mucosa),14524,13852
TCGA-FJ-A871-01Z-00-DX1.72748A33-5021-4AC6-AEF4-9BDA17233AB3_tiles.jsonl,TCGA-FJ-A871,Perivesical adipose tissue (extravesical fat),1058,960
TCGA-FT-A3EE-01Z-00-DX1.1CA5BFA3-F6F7-45DE-83EC-F328AC4EBE80_tiles.jsonl,TCGA-FT-A3EE,Blood vessels (vasculature),28145,26176
TCGA-FT-A3EE-01Z-00-DX1.1CA5BFA3-F6F7-45DE-83EC-F328AC4EBE80_tiles.jsonl,TCGA-FT-A3EE,Inflammatory infiltrates (immune cells),4628,3797
TCGA-FT-A3EE-01Z-00-DX1.1CA5BFA3-F6F7-45DE-83EC-F328AC4EBE80_tiles.jsonl,TCGA-FT-A3EE,Invasive urothelial carcinoma (tumor),52289,50296
TCGA-FT-A3EE-01Z-00-DX1.1CA5BFA3-F6F7-45DE-83EC-F328AC4EBE80_tiles.jsonl,TCGA-FT-A3EE,Lamina propria (fibrovascular stroma),24746,21876
TCGA-FT-A3EE-01Z-00-DX1.1CA5BFA3-F6F7-45DE-83EC-F328AC4EBE80_tiles.jsonl,TCGA-FT-A3EE,Muscularis propria (detrusor muscle),7688,6015
TCGA-FT-A3EE-01Z-00-DX1.1CA5BFA3-F6F7-45DE-83EC-F328AC4EBE80_tiles.jsonl,TCGA-FT-A3EE,Necrosis,2420,2079
TCGA-FT-A3EE-01Z-00-DX1.1CA5BFA3-F6F7-45DE-83EC-F328AC4EBE80_tiles.jsonl,TCGA-FT-A3EE,Normal urothelium (benign mucosa),4934,4285
TCGA-FT-A3EE-01Z-00-DX1.1CA5BFA3-F6F7-45DE-83EC-F328AC4EBE80_tiles.jsonl,TCGA-FT-A3EE,Perivesical adipose tissue (extravesical fat),3150,2805
TCGA-FT-A61P-01Z-00-DX1.39960BA6-ECC6-4EE0-B3ED-F3991E3742F6_tiles.jsonl,TCGA-FT-A61P,Blood vessels (vasculature),7110,6536
TCGA-FT-A61P-01Z-00-DX1.39960BA6-ECC6-4EE0-B3ED-F3991E3742F6_tiles.jsonl,TCGA-FT-A61P,Inflammatory infiltrates (immune cells),355,265
TCGA-FT-A61P-01Z-00-DX1.39960BA6-ECC6-4EE0-B3ED-F3991E3742F6_tiles.jsonl,TCGA-FT-A61P,Invasive urothelial carcinoma (tumor),15183,14713
TCGA-FT-A61P-01Z-00-DX1.39960BA6-ECC6-4EE0-B3ED-F3991E3742F6_tiles.jsonl,TCGA-FT-A61P,Lamina propria (fibrovascular stroma),5704,5020
TCGA-FT-A61P-01Z-00-DX1.39960BA6-ECC6-4EE0-B3ED-F3991E3742F6_tiles.jsonl,TCGA-FT-A61P,Muscularis propria (detrusor muscle),8563,7483
TCGA-FT-A61P-01Z-00-DX1.39960BA6-ECC6-4EE0-B3ED-F3991E3742F6_tiles.jsonl,TCGA-FT-A61P,Necrosis,4819,4610
TCGA-FT-A61P-01Z-00-DX1.39960BA6-ECC6-4EE0-B3ED-F3991E3742F6_tiles.jsonl,TCGA-FT-A61P,Normal urothelium (benign mucosa),1838,1519
TCGA-FT-A61P-01Z-00-DX1.39960BA6-ECC6-4EE0-B3ED-F3991E3742F6_tiles.jsonl,TCGA-FT-A61P,Perivesical adipose tissue (extravesical fat),7628,7448
TCGA-G2-A2EC-01Z-00-DX1.44DA27E7-C499-46A1-A871-DBA4E5BCAA6A_tiles.jsonl,TCGA-G2-A2EC,Blood vessels (vasculature),13848,12029
TCGA-G2-A2EC-01Z-00-DX1.44DA27E7-C499-46A1-A871-DBA4E5BCAA6A_tiles.jsonl,TCGA-G2-A2EC,Inflammatory infiltrates (immune cells),1122,856
TCGA-G2-A2EC-01Z-00-DX1.44DA27E7-C499-46A1-A871-DBA4E5BCAA6A_tiles.jsonl,TCGA-G2-A2EC,Invasive urothelial carcinoma (tumor),8453,7315
TCGA-G2-A2EC-01Z-00-DX1.44DA27E7-C499-46A1-A871-DBA4E5BCAA6A_tiles.jsonl,TCGA-G2-A2EC,Lamina propria (fibrovascular stroma),2547,1867
TCGA-G2-A2EC-01Z-00-DX1.44DA27E7-C499-46A1-A871-DBA4E5BCAA6A_tiles.jsonl,TCGA-G2-A2EC,Muscularis propria (detrusor muscle),14747,12520
TCGA-G2-A2EC-01Z-00-DX1.44DA27E7-C499-46A1-A871-DBA4E5BCAA6A_tiles.jsonl,TCGA-G2-A2EC,Necrosis,2218,1932
TCGA-G2-A2EC-01Z-00-DX1.44DA27E7-C499-46A1-A871-DBA4E5BCAA6A_tiles.jsonl,TCGA-G2-A2EC,Normal urothelium (benign mucosa),17345,15112
TCGA-G2-A2EC-01Z-00-DX1.44DA27E7-C499-46A1-A871-DBA4E5BCAA6A_tiles.jsonl,TCGA-G2-A2EC,Perivesical adipose tissue (extravesical fat),11400,10340
TCGA-G2-A2EF-01Z-00-DX1.5FA6C53C-C749-46CE-B85C-DDFE27962F7C_tiles.jsonl,TCGA-G2-A2EF,Blood vessels (vasculature),10874,10110
TCGA-G2-A2EF-01Z-00-DX1.5FA6C53C-C749-46CE-B85C-DDFE27962F7C_tiles.jsonl,TCGA-G2-A2EF,Inflammatory infiltrates (immune cells),2377,2052
TCGA-G2-A2EF-01Z-00-DX1.5FA6C53C-C749-46CE-B85C-DDFE27962F7C_tiles.jsonl,TCGA-G2-A2EF,Invasive urothelial carcinoma (tumor),19797,19067
TCGA-G2-A2EF-01Z-00-DX1.5FA6C53C-C749-46CE-B85C-DDFE27962F7C_tiles.jsonl,TCGA-G2-A2EF,Lamina propria (fibrovascular stroma),2277,1852
TCGA-G2-A2EF-01Z-00-DX1.5FA6C53C-C749-46CE-B85C-DDFE27962F7C_tiles.jsonl,TCGA-G2-A2EF,Muscularis propria (detrusor muscle),3152,2584
TCGA-G2-A2EF-01Z-00-DX1.5FA6C53C-C749-46CE-B85C-DDFE27962F7C_tiles.jsonl,TCGA-G2-A2EF,Necrosis,10852,10540
TCGA-G2-A2EF-01Z-00-DX1.5FA6C53C-C749-46CE-B85C-DDFE27962F7C_tiles.jsonl,TCGA-G2-A2EF,Normal urothelium (benign mucosa),19188,18046
TCGA-G2-A2EF-01Z-00-DX1.5FA6C53C-C749-46CE-B85C-DDFE27962F7C_tiles.jsonl,TCGA-G2-A2EF,Perivesical adipose tissue (extravesical fat),3163,2939
TCGA-G2-A2EJ-01Z-00-DX1.BBADB2AF-BF32-4678-A54B-F82CA11DC715_tiles.jsonl,TCGA-G2-A2EJ,Blood vessels (vasculature),13551,13001
TCGA-G2-A2EJ-01Z-00-DX1.BBADB2AF-BF32-4678-A54B-F82CA11DC715_tiles.jsonl,TCGA-G2-A2EJ,Inflammatory infiltrates (immune cells),197,155
TCGA-G2-A2EJ-01Z-00-DX1.BBADB2AF-BF32-4678-A54B-F82CA11DC715_tiles.jsonl,TCGA-G2-A2EJ,Invasive urothelial carcinoma (tumor),27097,26637
TCGA-G2-A2EJ-01Z-00-DX1.BBADB2AF-BF32-4678-A54B-F82CA11DC715_tiles.jsonl,TCGA-G2-A2EJ,Lamina propria (fibrovascular stroma),590,463
TCGA-G2-A2EJ-01Z-00-DX1.BBADB2AF-BF32-4678-A54B-F82CA11DC715_tiles.jsonl,TCGA-G2-A2EJ,Muscularis propria (detrusor muscle),562,427
TCGA-G2-A2EJ-01Z-00-DX1.BBADB2AF-BF32-4678-A54B-F82CA11DC715_tiles.jsonl,TCGA-G2-A2EJ,Necrosis,364,330
TCGA-G2-A2EJ-01Z-00-DX1.BBADB2AF-BF32-4678-A54B-F82CA11DC715_tiles.jsonl,TCGA-G2-A2EJ,Normal urothelium (benign mucosa),22204,21496
TCGA-G2-A2EJ-01Z-00-DX1.BBADB2AF-BF32-4678-A54B-F82CA11DC715_tiles.jsonl,TCGA-G2-A2EJ,Perivesical adipose tissue (extravesical fat),1995,1877
TCGA-G2-A2EK-01Z-00-DX1.1F826341-0877-46E0-8DB7-9D01E8874614_tiles.jsonl,TCGA-G2-A2EK,Blood vessels (vasculature),10671,9539
TCGA-G2-A2EK-01Z-00-DX1.1F826341-0877-46E0-8DB7-9D01E8874614_tiles.jsonl,TCGA-G2-A2EK,Inflammatory infiltrates (immune cells),1543,1331
TCGA-G2-A2EK-01Z-00-DX1.1F826341-0877-46E0-8DB7-9D01E8874614_tiles.jsonl,TCGA-G2-A2EK,Invasive urothelial carcinoma (tumor),3233,2755
TCGA-G2-A2EK-01Z-00-DX1.1F826341-0877-46E0-8DB7-9D01E8874614_tiles.jsonl,TCGA-G2-A2EK,Lamina propria (fibrovascular stroma),3981,3189
TCGA-G2-A2EK-01Z-00-DX1.1F826341-0877-46E0-8DB7-9D01E8874614_tiles.jsonl,TCGA-G2-A2EK,Muscularis propria (detrusor muscle),11065,9402
TCGA-G2-A2EK-01Z-00-DX1.1F826341-0877-46E0-8DB7-9D01E8874614_tiles.jsonl,TCGA-G2-A2EK,Necrosis,786,676
TCGA-G2-A2EK-01Z-00-DX1.1F826341-0877-46E0-8DB7-9D01E8874614_tiles.jsonl,TCGA-G2-A2EK,Normal urothelium (benign mucosa),19056,17257
TCGA-G2-A2EK-01Z-00-DX1.1F826341-0877-46E0-8DB7-9D01E8874614_tiles.jsonl,TCGA-G2-A2EK,Perivesical adipose tissue (extravesical fat),5985,5528
TCGA-G2-A2EL-01Z-00-DX1.CCC37120-A9F0-4278-9EA6-6CD1A132596C_tiles.jsonl,TCGA-G2-A2EL,Blood vessels (vasculature),24537,23361
TCGA-G2-A2EL-01Z-00-DX1.CCC37120-A9F0-4278-9EA6-6CD1A132596C_tiles.jsonl,TCGA-G2-A2EL,Inflammatory infiltrates (immune cells),177,134
TCGA-G2-A2EL-01Z-00-DX1.CCC37120-A9F0-4278-9EA6-6CD1A132596C_tiles.jsonl,TCGA-G2-A2EL,Invasive urothelial carcinoma (tumor),15474,14374
TCGA-G2-A2EL-01Z-00-DX1.CCC37120-A9F0-4278-9EA6-6CD1A132596C_tiles.jsonl,TCGA-G2-A2EL,Lamina propria (fibrovascular stroma),573,425
TCGA-G2-A2EL-01Z-00-DX1.CCC37120-A9F0-4278-9EA6-6CD1A132596C_tiles.jsonl,TCGA-G2-A2EL,Muscularis propria (detrusor muscle),814,616
TCGA-G2-A2EL-01Z-00-DX1.CCC37120-A9F0-4278-9EA6-6CD1A132596C_tiles.jsonl,TCGA-G2-A2EL,Necrosis,5188,5018
TCGA-G2-A2EL-01Z-00-DX1.CCC37120-A9F0-4278-9EA6-6CD1A132596C_tiles.jsonl,TCGA-G2-A2EL,Normal urothelium (benign mucosa),21727,20276
TCGA-G2-A2EL-01Z-00-DX1.CCC37120-A9F0-4278-9EA6-6CD1A132596C_tiles.jsonl,TCGA-G2-A2EL,Perivesical adipose tissue (extravesical fat),3190,3021
TCGA-G2-A2EO-01Z-00-DX1.E2FEF97D-F947-4497-8605-BBBFC3EC665B_tiles.jsonl,TCGA-G2-A2EO,Blood vessels (vasculature),1446,1335
TCGA-G2-A2EO-01Z-00-DX1.E2FEF97D-F947-4497-8605-BBBFC3EC665B_tiles.jsonl,TCGA-G2-A2EO,Inflammatory infiltrates (immune cells),386,308
TCGA-G2-A2EO-01Z-00-DX1.E2FEF97D-F947-4497-8605-BBBFC3EC665B_tiles.jsonl,TCGA-G2-A2EO,Invasive urothelial carcinoma (tumor),1925,1756
TCGA-G2-A2EO-01Z-00-DX1.E2FEF97D-F947-4497-8605-BBBFC3EC665B_tiles.jsonl,TCGA-G2-A2EO,Lamina propria (fibrovascular stroma),728,598
TCGA-G2-A2EO-01Z-00-DX1.E2FEF97D-F947-4497-8605-BBBFC3EC665B_tiles.jsonl,TCGA-G2-A2EO,Muscularis propria (detrusor muscle),3536,3272
TCGA-G2-A2EO-01Z-00-DX1.E2FEF97D-F947-4497-8605-BBBFC3EC665B_tiles.jsonl,TCGA-G2-A2EO,Necrosis,203,176
TCGA-G2-A2EO-01Z-00-DX1.E2FEF97D-F947-4497-8605-BBBFC3EC665B_tiles.jsonl,TCGA-G2-A2EO,Normal urothelium (benign mucosa),1128,1023
TCGA-G2-A2EO-01Z-00-DX1.E2FEF97D-F947-4497-8605-BBBFC3EC665B_tiles.jsonl,TCGA-G2-A2EO,Perivesical adipose tissue (extravesical fat),6008,5944
TCGA-G2-A2ES-01Z-00-DX1.B80524C7-9705-461E-852E-DA99575FABF0_tiles.jsonl,TCGA-G2-A2ES,Blood vessels (vasculature),5390,4873
TCGA-G2-A2ES-01Z-00-DX1.B80524C7-9705-461E-852E-DA99575FABF0_tiles.jsonl,TCGA-G2-A2ES,Inflammatory infiltrates (immune cells),1418,1118
TCGA-G2-A2ES-01Z-00-DX1.B80524C7-9705-461E-852E-DA99575FABF0_tiles.jsonl,TCGA-G2-A2ES,Invasive urothelial carcinoma (tumor),25018,24101
TCGA-G2-A2ES-01Z-00-DX1.B80524C7-9705-461E-852E-DA99575FABF0_tiles.jsonl,TCGA-G2-A2ES,Lamina propria (fibrovascular stroma),7075,6223
TCGA-G2-A2ES-01Z-00-DX1.B80524C7-9705-461E-852E-DA99575FABF0_tiles.jsonl,TCGA-G2-A2ES,Muscularis propria (detrusor muscle),8143,7174
TCGA-G2-A2ES-01Z-00-DX1.B80524C7-9705-461E-852E-DA99575FABF0_tiles.jsonl,TCGA-G2-A2ES,Necrosis,9060,8778
TCGA-G2-A2ES-01Z-00-DX1.B80524C7-9705-461E-852E-DA99575FABF0_tiles.jsonl,TCGA-G2-A2ES,Normal urothelium (benign mucosa),11782,10817
TCGA-G2-A2ES-01Z-00-DX1.B80524C7-9705-461E-852E-DA99575FABF0_tiles.jsonl,TCGA-G2-A2ES,Perivesical adipose tissue (extravesical fat),3794,3635
TCGA-G2-A3IB-01Z-00-DX1.27F44B48-11D5-438D-B568-E099C05AD428_tiles.jsonl,TCGA-G2-A3IB,Blood vessels (vasculature),12596,12257
TCGA-G2-A3IB-01Z-00-DX1.27F44B48-11D5-438D-B568-E099C05AD428_tiles.jsonl,TCGA-G2-A3IB,Inflammatory infiltrates (immune cells),38,26
TCGA-G2-A3IB-01Z-00-DX1.27F44B48-11D5-438D-B568-E099C05AD428_tiles.jsonl,TCGA-G2-A3IB,Invasive urothelial carcinoma (tumor),5015,4903
TCGA-G2-A3IB-01Z-00-DX1.27F44B48-11D5-438D-B568-E099C05AD428_tiles.jsonl,TCGA-G2-A3IB,Lamina propria (fibrovascular stroma),404,366
TCGA-G2-A3IB-01Z-00-DX1.27F44B48-11D5-438D-B568-E099C05AD428_tiles.jsonl,TCGA-G2-A3IB,Muscularis propria (detrusor muscle),292,231
TCGA-G2-A3IB-01Z-00-DX1.27F44B48-11D5-438D-B568-E099C05AD428_tiles.jsonl,TCGA-G2-A3IB,Necrosis,3983,3835
TCGA-G2-A3IB-01Z-00-DX1.27F44B48-11D5-438D-B568-E099C05AD428_tiles.jsonl,TCGA-G2-A3IB,Normal urothelium (benign mucosa),22780,22335
TCGA-G2-A3IB-01Z-00-DX1.27F44B48-11D5-438D-B568-E099C05AD428_tiles.jsonl,TCGA-G2-A3IB,Perivesical adipose tissue (extravesical fat),972,880
TCGA-G2-A3IE-01Z-00-DX1.DEEF9D35-CE4C-499F-9481-9E9E379694FC_tiles.jsonl,TCGA-G2-A3IE,Blood vessels (vasculature),26188,25110
TCGA-G2-A3IE-01Z-00-DX1.DEEF9D35-CE4C-499F-9481-9E9E379694FC_tiles.jsonl,TCGA-G2-A3IE,Inflammatory infiltrates (immune cells),199,154
TCGA-G2-A3IE-01Z-00-DX1.DEEF9D35-CE4C-499F-9481-9E9E379694FC_tiles.jsonl,TCGA-G2-A3IE,Invasive urothelial carcinoma (tumor),23690,22695
TCGA-G2-A3IE-01Z-00-DX1.DEEF9D35-CE4C-499F-9481-9E9E379694FC_tiles.jsonl,TCGA-G2-A3IE,Lamina propria (fibrovascular stroma),2969,2523
TCGA-G2-A3IE-01Z-00-DX1.DEEF9D35-CE4C-499F-9481-9E9E379694FC_tiles.jsonl,TCGA-G2-A3IE,Muscularis propria (detrusor muscle),3495,2953
TCGA-G2-A3IE-01Z-00-DX1.DEEF9D35-CE4C-499F-9481-9E9E379694FC_tiles.jsonl,TCGA-G2-A3IE,Necrosis,266,239
TCGA-G2-A3IE-01Z-00-DX1.DEEF9D35-CE4C-499F-9481-9E9E379694FC_tiles.jsonl,TCGA-G2-A3IE,Normal urothelium (benign mucosa),41033,39452
TCGA-G2-A3IE-01Z-00-DX1.DEEF9D35-CE4C-499F-9481-9E9E379694FC_tiles.jsonl,TCGA-G2-A3IE,Perivesical adipose tissue (extravesical fat),4560,4292
TCGA-G2-A3VY-01Z-00-DX1.E571536B-7C5A-48DC-9CED-5ACA78DDD43F_tiles.jsonl,TCGA-G2-A3VY,Blood vessels (vasculature),10029,9352
TCGA-G2-A3VY-01Z-00-DX1.E571536B-7C5A-48DC-9CED-5ACA78DDD43F_tiles.jsonl,TCGA-G2-A3VY,Inflammatory infiltrates (immune cells),1956,1548
TCGA-G2-A3VY-01Z-00-DX1.E571536B-7C5A-48DC-9CED-5ACA78DDD43F_tiles.jsonl,TCGA-G2-A3VY,Invasive urothelial carcinoma (tumor),8433,7909
TCGA-G2-A3VY-01Z-00-DX1.E571536B-7C5A-48DC-9CED-5ACA78DDD43F_tiles.jsonl,TCGA-G2-A3VY,Lamina propria (fibrovascular stroma),7451,6528
TCGA-G2-A3VY-01Z-00-DX1.E571536B-7C5A-48DC-9CED-5ACA78DDD43F_tiles.jsonl,TCGA-G2-A3VY,Muscularis propria (detrusor muscle),2329,1731
TCGA-G2-A3VY-01Z-00-DX1.E571536B-7C5A-48DC-9CED-5ACA78DDD43F_tiles.jsonl,TCGA-G2-A3VY,Necrosis,1700,1467
TCGA-G2-A3VY-01Z-00-DX1.E571536B-7C5A-48DC-9CED-5ACA78DDD43F_tiles.jsonl,TCGA-G2-A3VY,Normal urothelium (benign mucosa),3364,2945
TCGA-G2-A3VY-01Z-00-DX1.E571536B-7C5A-48DC-9CED-5ACA78DDD43F_tiles.jsonl,TCGA-G2-A3VY,Perivesical adipose tissue (extravesical fat),578,496
TCGA-G2-AA3B-01Z-00-DX1.F4F8CCF4-E74C-4B07-B385-5E30E0E1BB0D_tiles.jsonl,TCGA-G2-AA3B,Blood vessels (vasculature),11573,11116
TCGA-G2-AA3B-01Z-00-DX1.F4F8CCF4-E74C-4B07-B385-5E30E0E1BB0D_tiles.jsonl,TCGA-G2-AA3B,Inflammatory infiltrates (immune cells),1197,1062
TCGA-G2-AA3B-01Z-00-DX1.F4F8CCF4-E74C-4B07-B385-5E30E0E1BB0D_tiles.jsonl,TCGA-G2-AA3B,Invasive urothelial carcinoma (tumor),8498,8297
TCGA-G2-AA3B-01Z-00-DX1.F4F8CCF4-E74C-4B07-B385-5E30E0E1BB0D_tiles.jsonl,TCGA-G2-AA3B,Lamina propria (fibrovascular stroma),2702,2405
TCGA-G2-AA3B-01Z-00-DX1.F4F8CCF4-E74C-4B07-B385-5E30E0E1BB0D_tiles.jsonl,TCGA-G2-AA3B,Muscularis propria (detrusor muscle),1033,844
TCGA-G2-AA3B-01Z-00-DX1.F4F8CCF4-E74C-4B07-B385-5E30E0E1BB0D_tiles.jsonl,TCGA-G2-AA3B,Necrosis,210,178
TCGA-G2-AA3B-01Z-00-DX1.F4F8CCF4-E74C-4B07-B385-5E30E0E1BB0D_tiles.jsonl,TCGA-G2-AA3B,Normal urothelium (benign mucosa),11799,11175
TCGA-G2-AA3B-01Z-00-DX1.F4F8CCF4-E74C-4B07-B385-5E30E0E1BB0D_tiles.jsonl,TCGA-G2-AA3B,Perivesical adipose tissue (extravesical fat),3948,3805
TCGA-G2-AA3C-01Z-00-DX1.D2CA01A1-A2F3-4624-A022-BAEA71AA67AC_tiles.jsonl,TCGA-G2-AA3C,Blood vessels (vasculature),18393,17680
TCGA-G2-AA3C-01Z-00-DX1.D2CA01A1-A2F3-4624-A022-BAEA71AA67AC_tiles.jsonl,TCGA-G2-AA3C,Inflammatory infiltrates (immune cells),189,145
TCGA-G2-AA3C-01Z-00-DX1.D2CA01A1-A2F3-4624-A022-BAEA71AA67AC_tiles.jsonl,TCGA-G2-AA3C,Invasive urothelial carcinoma (tumor),30248,29543
TCGA-G2-AA3C-01Z-00-DX1.D2CA01A1-A2F3-4624-A022-BAEA71AA67AC_tiles.jsonl,TCGA-G2-AA3C,Lamina propria (fibrovascular stroma),1280,1108
TCGA-G2-AA3C-01Z-00-DX1.D2CA01A1-A2F3-4624-A022-BAEA71AA67AC_tiles.jsonl,TCGA-G2-AA3C,Muscularis propria (detrusor muscle),713,615
TCGA-G2-AA3C-01Z-00-DX1.D2CA01A1-A2F3-4624-A022-BAEA71AA67AC_tiles.jsonl,TCGA-G2-AA3C,Necrosis,2601,2404
TCGA-G2-AA3C-01Z-00-DX1.D2CA01A1-A2F3-4624-A022-BAEA71AA67AC_tiles.jsonl,TCGA-G2-AA3C,Normal urothelium (benign mucosa),20327,19323
TCGA-G2-AA3C-01Z-00-DX1.D2CA01A1-A2F3-4624-A022-BAEA71AA67AC_tiles.jsonl,TCGA-G2-AA3C,Perivesical adipose tissue (extravesical fat),3049,2903
TCGA-G2-AA3D-01Z-00-DX1.8C31FE8D-13F9-49FF-A4FB-2D004B109394_tiles.jsonl,TCGA-G2-AA3D,Blood vessels (vasculature),2379,2309
TCGA-G2-AA3D-01Z-00-DX1.8C31FE8D-13F9-49FF-A4FB-2D004B109394_tiles.jsonl,TCGA-G2-AA3D,Inflammatory infiltrates (immune cells),385,332
TCGA-G2-AA3D-01Z-00-DX1.8C31FE8D-13F9-49FF-A4FB-2D004B109394_tiles.jsonl,TCGA-G2-AA3D,Invasive urothelial carcinoma (tumor),412,365
TCGA-G2-AA3D-01Z-00-DX1.8C31FE8D-13F9-49FF-A4FB-2D004B109394_tiles.jsonl,TCGA-G2-AA3D,Lamina propria (fibrovascular stroma),106,90
TCGA-G2-AA3D-01Z-00-DX1.8C31FE8D-13F9-49FF-A4FB-2D004B109394_tiles.jsonl,TCGA-G2-AA3D,Muscularis propria (detrusor muscle),1052,933
TCGA-G2-AA3D-01Z-00-DX1.8C31FE8D-13F9-49FF-A4FB-2D004B109394_tiles.jsonl,TCGA-G2-AA3D,Necrosis,540,503
TCGA-G2-AA3D-01Z-00-DX1.8C31FE8D-13F9-49FF-A4FB-2D004B109394_tiles.jsonl,TCGA-G2-AA3D,Normal urothelium (benign mucosa),1424,1321
TCGA-G2-AA3D-01Z-00-DX1.8C31FE8D-13F9-49FF-A4FB-2D004B109394_tiles.jsonl,TCGA-G2-AA3D,Perivesical adipose tissue (extravesical fat),206,190
TCGA-G2-AA3F-01Z-00-DX1.C63054C3-6DBF-42A1-ADA3-79FF26ED02B3_tiles.jsonl,TCGA-G2-AA3F,Blood vessels (vasculature),32165,30875
TCGA-G2-AA3F-01Z-00-DX1.C63054C3-6DBF-42A1-ADA3-79FF26ED02B3_tiles.jsonl,TCGA-G2-AA3F,Inflammatory infiltrates (immune cells),738,579
TCGA-G2-AA3F-01Z-00-DX1.C63054C3-6DBF-42A1-ADA3-79FF26ED02B3_tiles.jsonl,TCGA-G2-AA3F,Invasive urothelial carcinoma (tumor),8659,8160
TCGA-G2-AA3F-01Z-00-DX1.C63054C3-6DBF-42A1-ADA3-79FF26ED02B3_tiles.jsonl,TCGA-G2-AA3F,Lamina propria (fibrovascular stroma),1832,1500
TCGA-G2-AA3F-01Z-00-DX1.C63054C3-6DBF-42A1-ADA3-79FF26ED02B3_tiles.jsonl,TCGA-G2-AA3F,Muscularis propria (detrusor muscle),3747,3171
TCGA-G2-AA3F-01Z-00-DX1.C63054C3-6DBF-42A1-ADA3-79FF26ED02B3_tiles.jsonl,TCGA-G2-AA3F,Necrosis,6442,5999
TCGA-G2-AA3F-01Z-00-DX1.C63054C3-6DBF-42A1-ADA3-79FF26ED02B3_tiles.jsonl,TCGA-G2-AA3F,Normal urothelium (benign mucosa),18663,17324
TCGA-G2-AA3F-01Z-00-DX1.C63054C3-6DBF-42A1-ADA3-79FF26ED02B3_tiles.jsonl,TCGA-G2-AA3F,Perivesical adipose tissue (extravesical fat),4554,4230
TCGA-GC-A3BM-01Z-00-DX1.8880FA8C-8607-4C55-A619-2C8D7F2866EF_tiles.jsonl,TCGA-GC-A3BM,Blood vessels (vasculature),797,771
TCGA-GC-A3BM-01Z-00-DX1.8880FA8C-8607-4C55-A619-2C8D7F2866EF_tiles.jsonl,TCGA-GC-A3BM,Inflammatory infiltrates (immune cells),47,36
TCGA-GC-A3BM-01Z-00-DX1.8880FA8C-8607-4C55-A619-2C8D7F2866EF_tiles.jsonl,TCGA-GC-A3BM,Invasive urothelial carcinoma (tumor),2698,2677
TCGA-GC-A3BM-01Z-00-DX1.8880FA8C-8607-4C55-A619-2C8D7F2866EF_tiles.jsonl,TCGA-GC-A3BM,Lamina propria (fibrovascular stroma),126,104
TCGA-GC-A3BM-01Z-00-DX1.8880FA8C-8607-4C55-A619-2C8D7F2866EF_tiles.jsonl,TCGA-GC-A3BM,Muscularis propria (detrusor muscle),107,87
TCGA-GC-A3BM-01Z-00-DX1.8880FA8C-8607-4C55-A619-2C8D7F2866EF_tiles.jsonl,TCGA-GC-A3BM,Necrosis,33,29
TCGA-GC-A3BM-01Z-00-DX1.8880FA8C-8607-4C55-A619-2C8D7F2866EF_tiles.jsonl,TCGA-GC-A3BM,Normal urothelium (benign mucosa),1305,1256
TCGA-GC-A3BM-01Z-00-DX1.8880FA8C-8607-4C55-A619-2C8D7F2866EF_tiles.jsonl,TCGA-GC-A3BM,Perivesical adipose tissue (extravesical fat),7,4
TCGA-GC-A3I6-01Z-00-DX1.47650F7B-0AD3-49C9-AB9E-40383C7D07AC_tiles.jsonl,TCGA-GC-A3I6,Blood vessels (vasculature),1242,1148
TCGA-GC-A3I6-01Z-00-DX1.47650F7B-0AD3-49C9-AB9E-40383C7D07AC_tiles.jsonl,TCGA-GC-A3I6,Inflammatory infiltrates (immune cells),442,381
TCGA-GC-A3I6-01Z-00-DX1.47650F7B-0AD3-49C9-AB9E-40383C7D07AC_tiles.jsonl,TCGA-GC-A3I6,Invasive urothelial carcinoma (tumor),1899,1875
TCGA-GC-A3I6-01Z-00-DX1.47650F7B-0AD3-49C9-AB9E-40383C7D07AC_tiles.jsonl,TCGA-GC-A3I6,Lamina propria (fibrovascular stroma),337,277
TCGA-GC-A3I6-01Z-00-DX1.47650F7B-0AD3-49C9-AB9E-40383C7D07AC_tiles.jsonl,TCGA-GC-A3I6,Muscularis propria (detrusor muscle),146,102
TCGA-GC-A3I6-01Z-00-DX1.47650F7B-0AD3-49C9-AB9E-40383C7D07AC_tiles.jsonl,TCGA-GC-A3I6,Necrosis,11,9
TCGA-GC-A3I6-01Z-00-DX1.47650F7B-0AD3-49C9-AB9E-40383C7D07AC_tiles.jsonl,TCGA-GC-A3I6,Normal urothelium (benign mucosa),836,780
TCGA-GC-A3I6-01Z-00-DX1.47650F7B-0AD3-49C9-AB9E-40383C7D07AC_tiles.jsonl,TCGA-GC-A3I6,Perivesical adipose tissue (extravesical fat),252,227
TCGA-GC-A3OO-01Z-00-DX1.F2A671AF-74E6-4F9B-8ABC-6A10EB1F68A8_tiles.jsonl,TCGA-GC-A3OO,Blood vessels (vasculature),1473,1339
TCGA-GC-A3OO-01Z-00-DX1.F2A671AF-74E6-4F9B-8ABC-6A10EB1F68A8_tiles.jsonl,TCGA-GC-A3OO,Inflammatory infiltrates (immune cells),1009,895
TCGA-GC-A3OO-01Z-00-DX1.F2A671AF-74E6-4F9B-8ABC-6A10EB1F68A8_tiles.jsonl,TCGA-GC-A3OO,Invasive urothelial carcinoma (tumor),8320,8006
TCGA-GC-A3OO-01Z-00-DX1.F2A671AF-74E6-4F9B-8ABC-6A10EB1F68A8_tiles.jsonl,TCGA-GC-A3OO,Lamina propria (fibrovascular stroma),2001,1722
TCGA-GC-A3OO-01Z-00-DX1.F2A671AF-74E6-4F9B-8ABC-6A10EB1F68A8_tiles.jsonl,TCGA-GC-A3OO,Muscularis propria (detrusor muscle),2227,1891
TCGA-GC-A3OO-01Z-00-DX1.F2A671AF-74E6-4F9B-8ABC-6A10EB1F68A8_tiles.jsonl,TCGA-GC-A3OO,Necrosis,81,64
TCGA-GC-A3OO-01Z-00-DX1.F2A671AF-74E6-4F9B-8ABC-6A10EB1F68A8_tiles.jsonl,TCGA-GC-A3OO,Normal urothelium (benign mucosa),1550,1430
TCGA-GC-A3OO-01Z-00-DX1.F2A671AF-74E6-4F9B-8ABC-6A10EB1F68A8_tiles.jsonl,TCGA-GC-A3OO,Perivesical adipose tissue (extravesical fat),3819,3703
TCGA-GC-A3RB-01Z-00-DX1.C0011A55-EA8A-436B-BBCA-342B96803B22_tiles.jsonl,TCGA-GC-A3RB,Blood vessels (vasculature),377,347
TCGA-GC-A3RB-01Z-00-DX1.C0011A55-EA8A-436B-BBCA-342B96803B22_tiles.jsonl,TCGA-GC-A3RB,Inflammatory infiltrates (immune cells),93,75
TCGA-GC-A3RB-01Z-00-DX1.C0011A55-EA8A-436B-BBCA-342B96803B22_tiles.jsonl,TCGA-GC-A3RB,Invasive urothelial carcinoma (tumor),3585,3545
TCGA-GC-A3RB-01Z-00-DX1.C0011A55-EA8A-436B-BBCA-342B96803B22_tiles.jsonl,TCGA-GC-A3RB,Lamina propria (fibrovascular stroma),302,251
TCGA-GC-A3RB-01Z-00-DX1.C0011A55-EA8A-436B-BBCA-342B96803B22_tiles.jsonl,TCGA-GC-A3RB,Muscularis propria (detrusor muscle),188,151
TCGA-GC-A3RB-01Z-00-DX1.C0011A55-EA8A-436B-BBCA-342B96803B22_tiles.jsonl,TCGA-GC-A3RB,Necrosis,19,15
TCGA-GC-A3RB-01Z-00-DX1.C0011A55-EA8A-436B-BBCA-342B96803B22_tiles.jsonl,TCGA-GC-A3RB,Normal urothelium (benign mucosa),497,446
TCGA-GC-A3RB-01Z-00-DX1.C0011A55-EA8A-436B-BBCA-342B96803B22_tiles.jsonl,TCGA-GC-A3RB,Perivesical adipose tissue (extravesical fat),59,56
TCGA-GC-A3RC-01Z-00-DX1.DC4B31BC-5C7F-421A-88CD-38428051A653_tiles.jsonl,TCGA-GC-A3RC,Blood vessels (vasculature),1172,1018
TCGA-GC-A3RC-01Z-00-DX1.DC4B31BC-5C7F-421A-88CD-38428051A653_tiles.jsonl,TCGA-GC-A3RC,Inflammatory infiltrates (immune cells),1267,1057
TCGA-GC-A3RC-01Z-00-DX1.DC4B31BC-5C7F-421A-88CD-38428051A653_tiles.jsonl,TCGA-GC-A3RC,Invasive urothelial carcinoma (tumor),6455,6246
TCGA-GC-A3RC-01Z-00-DX1.DC4B31BC-5C7F-421A-88CD-38428051A653_tiles.jsonl,TCGA-GC-A3RC,Lamina propria (fibrovascular stroma),407,283
TCGA-GC-A3RC-01Z-00-DX1.DC4B31BC-5C7F-421A-88CD-38428051A653_tiles.jsonl,TCGA-GC-A3RC,Muscularis propria (detrusor muscle),3981,3518
TCGA-GC-A3RC-01Z-00-DX1.DC4B31BC-5C7F-421A-88CD-38428051A653_tiles.jsonl,TCGA-GC-A3RC,Necrosis,3686,3534
TCGA-GC-A3RC-01Z-00-DX1.DC4B31BC-5C7F-421A-88CD-38428051A653_tiles.jsonl,TCGA-GC-A3RC,Normal urothelium (benign mucosa),5536,5172
TCGA-GC-A3RC-01Z-00-DX1.DC4B31BC-5C7F-421A-88CD-38428051A653_tiles.jsonl,TCGA-GC-A3RC,Perivesical adipose tissue (extravesical fat),3096,3044
TCGA-GC-A3RD-01Z-00-DX1.40B5E97D-B45F-4C93-A41B-0F17B757491B_tiles.jsonl,TCGA-GC-A3RD,Blood vessels (vasculature),13454,12900
TCGA-GC-A3RD-01Z-00-DX1.40B5E97D-B45F-4C93-A41B-0F17B757491B_tiles.jsonl,TCGA-GC-A3RD,Inflammatory infiltrates (immune cells),305,235
TCGA-GC-A3RD-01Z-00-DX1.40B5E97D-B45F-4C93-A41B-0F17B757491B_tiles.jsonl,TCGA-GC-A3RD,Invasive urothelial carcinoma (tumor),10656,10465
TCGA-GC-A3RD-01Z-00-DX1.40B5E97D-B45F-4C93-A41B-0F17B757491B_tiles.jsonl,TCGA-GC-A3RD,Lamina propria (fibrovascular stroma),615,475
TCGA-GC-A3RD-01Z-00-DX1.40B5E97D-B45F-4C93-A41B-0F17B757491B_tiles.jsonl,TCGA-GC-A3RD,Muscularis propria (detrusor muscle),4735,4214
TCGA-GC-A3RD-01Z-00-DX1.40B5E97D-B45F-4C93-A41B-0F17B757491B_tiles.jsonl,TCGA-GC-A3RD,Necrosis,852,766
TCGA-GC-A3RD-01Z-00-DX1.40B5E97D-B45F-4C93-A41B-0F17B757491B_tiles.jsonl,TCGA-GC-A3RD,Normal urothelium (benign mucosa),1775,1509
TCGA-GC-A3RD-01Z-00-DX1.40B5E97D-B45F-4C93-A41B-0F17B757491B_tiles.jsonl,TCGA-GC-A3RD,Perivesical adipose tissue (extravesical fat),3448,3375
TCGA-GC-A3YS-01Z-00-DX1.97B4664A-9D8B-460D-B4A4-89855D3DB0C2_tiles.jsonl,TCGA-GC-A3YS,Blood vessels (vasculature),751,636
TCGA-GC-A3YS-01Z-00-DX1.97B4664A-9D8B-460D-B4A4-89855D3DB0C2_tiles.jsonl,TCGA-GC-A3YS,Inflammatory infiltrates (immune cells),185,132
TCGA-GC-A3YS-01Z-00-DX1.97B4664A-9D8B-460D-B4A4-89855D3DB0C2_tiles.jsonl,TCGA-GC-A3YS,Invasive urothelial carcinoma (tumor),11792,11429
TCGA-GC-A3YS-01Z-00-DX1.97B4664A-9D8B-460D-B4A4-89855D3DB0C2_tiles.jsonl,TCGA-GC-A3YS,Lamina propria (fibrovascular stroma),493,363
TCGA-GC-A3YS-01Z-00-DX1.97B4664A-9D8B-460D-B4A4-89855D3DB0C2_tiles.jsonl,TCGA-GC-A3YS,Muscularis propria (detrusor muscle),4655,4090
TCGA-GC-A3YS-01Z-00-DX1.97B4664A-9D8B-460D-B4A4-89855D3DB0C2_tiles.jsonl,TCGA-GC-A3YS,Necrosis,82,68
TCGA-GC-A3YS-01Z-00-DX1.97B4664A-9D8B-460D-B4A4-89855D3DB0C2_tiles.jsonl,TCGA-GC-A3YS,Normal urothelium (benign mucosa),2373,2018
TCGA-GC-A3YS-01Z-00-DX1.97B4664A-9D8B-460D-B4A4-89855D3DB0C2_tiles.jsonl,TCGA-GC-A3YS,Perivesical adipose tissue (extravesical fat),149,133
TCGA-GC-A4ZW-01Z-00-DX1.6ECD07FB-AE2C-4A04-812F-F5FB2B31F820_tiles.jsonl,TCGA-GC-A4ZW,Blood vessels (vasculature),8091,7513
TCGA-GC-A4ZW-01Z-00-DX1.6ECD07FB-AE2C-4A04-812F-F5FB2B31F820_tiles.jsonl,TCGA-GC-A4ZW,Inflammatory infiltrates (immune cells),1042,811
TCGA-GC-A4ZW-01Z-00-DX1.6ECD07FB-AE2C-4A04-812F-F5FB2B31F820_tiles.jsonl,TCGA-GC-A4ZW,Invasive urothelial carcinoma (tumor),14734,14126
TCGA-GC-A4ZW-01Z-00-DX1.6ECD07FB-AE2C-4A04-812F-F5FB2B31F820_tiles.jsonl,TCGA-GC-A4ZW,Lamina propria (fibrovascular stroma),3516,3043
TCGA-GC-A4ZW-01Z-00-DX1.6ECD07FB-AE2C-4A04-812F-F5FB2B31F820_tiles.jsonl,TCGA-GC-A4ZW,Muscularis propria (detrusor muscle),4998,4314
TCGA-GC-A4ZW-01Z-00-DX1.6ECD07FB-AE2C-4A04-812F-F5FB2B31F820_tiles.jsonl,TCGA-GC-A4ZW,Necrosis,9340,8958
TCGA-GC-A4ZW-01Z-00-DX1.6ECD07FB-AE2C-4A04-812F-F5FB2B31F820_tiles.jsonl,TCGA-GC-A4ZW,Normal urothelium (benign mucosa),645,557
TCGA-GC-A4ZW-01Z-00-DX1.6ECD07FB-AE2C-4A04-812F-F5FB2B31F820_tiles.jsonl,TCGA-GC-A4ZW,Perivesical adipose tissue (extravesical fat),8834,8561
TCGA-GC-A6I3-01Z-00-DX1.1B3D09B9-14FB-4236-9354-3E5CC59354A7_tiles.jsonl,TCGA-GC-A6I3,Blood vessels (vasculature),3550,3300
TCGA-GC-A6I3-01Z-00-DX1.1B3D09B9-14FB-4236-9354-3E5CC59354A7_tiles.jsonl,TCGA-GC-A6I3,Inflammatory infiltrates (immune cells),257,220
TCGA-GC-A6I3-01Z-00-DX1.1B3D09B9-14FB-4236-9354-3E5CC59354A7_tiles.jsonl,TCGA-GC-A6I3,Invasive urothelial carcinoma (tumor),15871,15607
TCGA-GC-A6I3-01Z-00-DX1.1B3D09B9-14FB-4236-9354-3E5CC59354A7_tiles.jsonl,TCGA-GC-A6I3,Lamina propria (fibrovascular stroma),2951,2831
TCGA-GC-A6I3-01Z-00-DX1.1B3D09B9-14FB-4236-9354-3E5CC59354A7_tiles.jsonl,TCGA-GC-A6I3,Muscularis propria (detrusor muscle),59,40
TCGA-GC-A6I3-01Z-00-DX1.1B3D09B9-14FB-4236-9354-3E5CC59354A7_tiles.jsonl,TCGA-GC-A6I3,Necrosis,1275,1212
TCGA-GC-A6I3-01Z-00-DX1.1B3D09B9-14FB-4236-9354-3E5CC59354A7_tiles.jsonl,TCGA-GC-A6I3,Normal urothelium (benign mucosa),1619,1415
TCGA-GC-A6I3-01Z-00-DX1.1B3D09B9-14FB-4236-9354-3E5CC59354A7_tiles.jsonl,TCGA-GC-A6I3,Perivesical adipose tissue (extravesical fat),18,16
TCGA-GD-A2C5-01Z-00-DX1.3A81505E-5BF9-466C-938B-28909CD88193_tiles.jsonl,TCGA-GD-A2C5,Blood vessels (vasculature),7840,7531
TCGA-GD-A2C5-01Z-00-DX1.3A81505E-5BF9-466C-938B-28909CD88193_tiles.jsonl,TCGA-GD-A2C5,Inflammatory infiltrates (immune cells),196,146
TCGA-GD-A2C5-01Z-00-DX1.3A81505E-5BF9-466C-938B-28909CD88193_tiles.jsonl,TCGA-GD-A2C5,Invasive urothelial carcinoma (tumor),52,44
TCGA-GD-A2C5-01Z-00-DX1.3A81505E-5BF9-466C-938B-28909CD88193_tiles.jsonl,TCGA-GD-A2C5,Lamina propria (fibrovascular stroma),2796,2517
TCGA-GD-A2C5-01Z-00-DX1.3A81505E-5BF9-466C-938B-28909CD88193_tiles.jsonl,TCGA-GD-A2C5,Muscularis propria (detrusor muscle),659,504
TCGA-GD-A2C5-01Z-00-DX1.3A81505E-5BF9-466C-938B-28909CD88193_tiles.jsonl,TCGA-GD-A2C5,Necrosis,5,4
TCGA-GD-A2C5-01Z-00-DX1.3A81505E-5BF9-466C-938B-28909CD88193_tiles.jsonl,TCGA-GD-A2C5,Normal urothelium (benign mucosa),8099,7767
TCGA-GD-A2C5-01Z-00-DX1.3A81505E-5BF9-466C-938B-28909CD88193_tiles.jsonl,TCGA-GD-A2C5,Perivesical adipose tissue (extravesical fat),833,760
TCGA-GD-A3OP-01Z-00-DX1.A1D66E35-8E4D-4420-AD57-D45016D016D5_tiles.jsonl,TCGA-GD-A3OP,Blood vessels (vasculature),4473,4013
TCGA-GD-A3OP-01Z-00-DX1.A1D66E35-8E4D-4420-AD57-D45016D016D5_tiles.jsonl,TCGA-GD-A3OP,Inflammatory infiltrates (immune cells),2388,2022
TCGA-GD-A3OP-01Z-00-DX1.A1D66E35-8E4D-4420-AD57-D45016D016D5_tiles.jsonl,TCGA-GD-A3OP,Invasive urothelial carcinoma (tumor),21133,20879
TCGA-GD-A3OP-01Z-00-DX1.A1D66E35-8E4D-4420-AD57-D45016D016D5_tiles.jsonl,TCGA-GD-A3OP,Lamina propria (fibrovascular stroma),1752,1374
TCGA-GD-A3OP-01Z-00-DX1.A1D66E35-8E4D-4420-AD57-D45016D016D5_tiles.jsonl,TCGA-GD-A3OP,Muscularis propria (detrusor muscle),1523,1132
TCGA-GD-A3OP-01Z-00-DX1.A1D66E35-8E4D-4420-AD57-D45016D016D5_tiles.jsonl,TCGA-GD-A3OP,Necrosis,19,18
TCGA-GD-A3OP-01Z-00-DX1.A1D66E35-8E4D-4420-AD57-D45016D016D5_tiles.jsonl,TCGA-GD-A3OP,Normal urothelium (benign mucosa),3426,3132
TCGA-GD-A3OP-01Z-00-DX1.A1D66E35-8E4D-4420-AD57-D45016D016D5_tiles.jsonl,TCGA-GD-A3OP,Perivesical adipose tissue (extravesical fat),1126,1000
TCGA-GD-A3OQ-01Z-00-DX1.ED8C9F09-57A9-4915-950A-A61FE2FE8538_tiles.jsonl,TCGA-GD-A3OQ,Blood vessels (vasculature),3172,2949
TCGA-GD-A3OQ-01Z-00-DX1.ED8C9F09-57A9-4915-950A-A61FE2FE8538_tiles.jsonl,TCGA-GD-A3OQ,Inflammatory infiltrates (immune cells),5153,4644
TCGA-GD-A3OQ-01Z-00-DX1.ED8C9F09-57A9-4915-950A-A61FE2FE8538_tiles.jsonl,TCGA-GD-A3OQ,Invasive urothelial carcinoma (tumor),469,383
TCGA-GD-A3OQ-01Z-00-DX1.ED8C9F09-57A9-4915-950A-A61FE2FE8538_tiles.jsonl,TCGA-GD-A3OQ,Lamina propria (fibrovascular stroma),4300,3691
TCGA-GD-A3OQ-01Z-00-DX1.ED8C9F09-57A9-4915-950A-A61FE2FE8538_tiles.jsonl,TCGA-GD-A3OQ,Muscularis propria (detrusor muscle),719,496
TCGA-GD-A3OQ-01Z-00-DX1.ED8C9F09-57A9-4915-950A-A61FE2FE8538_tiles.jsonl,TCGA-GD-A3OQ,Necrosis,68,60
TCGA-GD-A3OQ-01Z-00-DX1.ED8C9F09-57A9-4915-950A-A61FE2FE8538_tiles.jsonl,TCGA-GD-A3OQ,Normal urothelium (benign mucosa),6399,5893
TCGA-GD-A3OQ-01Z-00-DX1.ED8C9F09-57A9-4915-950A-A61FE2FE8538_tiles.jsonl,TCGA-GD-A3OQ,Perivesical adipose tissue (extravesical fat),200,174
TCGA-GD-A3OS-01Z-00-DX1.5EA796F4-E7F3-4421-BDEA-522BED020B5B_tiles.jsonl,TCGA-GD-A3OS,Blood vessels (vasculature),2766,2550
TCGA-GD-A3OS-01Z-00-DX1.5EA796F4-E7F3-4421-BDEA-522BED020B5B_tiles.jsonl,TCGA-GD-A3OS,Inflammatory infiltrates (immune cells),281,214
TCGA-GD-A3OS-01Z-00-DX1.5EA796F4-E7F3-4421-BDEA-522BED020B5B_tiles.jsonl,TCGA-GD-A3OS,Invasive urothelial carcinoma (tumor),5618,5210
TCGA-GD-A3OS-01Z-00-DX1.5EA796F4-E7F3-4421-BDEA-522BED020B5B_tiles.jsonl,TCGA-GD-A3OS,Lamina propria (fibrovascular stroma),2176,1859
TCGA-GD-A3OS-01Z-00-DX1.5EA796F4-E7F3-4421-BDEA-522BED020B5B_tiles.jsonl,TCGA-GD-A3OS,Muscularis propria (detrusor muscle),2454,1980
TCGA-GD-A3OS-01Z-00-DX1.5EA796F4-E7F3-4421-BDEA-522BED020B5B_tiles.jsonl,TCGA-GD-A3OS,Necrosis,13,8
TCGA-GD-A3OS-01Z-00-DX1.5EA796F4-E7F3-4421-BDEA-522BED020B5B_tiles.jsonl,TCGA-GD-A3OS,Normal urothelium (benign mucosa),6767,6117
TCGA-GD-A3OS-01Z-00-DX1.5EA796F4-E7F3-4421-BDEA-522BED020B5B_tiles.jsonl,TCGA-GD-A3OS,Perivesical adipose tissue (extravesical fat),405,338
TCGA-GD-A6C6-01Z-00-DX1.5C5F2FA2-6284-4DD8-BE73-D13A88988640_tiles.jsonl,TCGA-GD-A6C6,Blood vessels (vasculature),3959,3744
TCGA-GD-A6C6-01Z-00-DX1.5C5F2FA2-6284-4DD8-BE73-D13A88988640_tiles.jsonl,TCGA-GD-A6C6,Inflammatory infiltrates (immune cells),166,134
TCGA-GD-A6C6-01Z-00-DX1.5C5F2FA2-6284-4DD8-BE73-D13A88988640_tiles.jsonl,TCGA-GD-A6C6,Invasive urothelial carcinoma (tumor),2449,2382
TCGA-GD-A6C6-01Z-00-DX1.5C5F2FA2-6284-4DD8-BE73-D13A88988640_tiles.jsonl,TCGA-GD-A6C6,Lamina propria (fibrovascular stroma),86,66
TCGA-GD-A6C6-01Z-00-DX1.5C5F2FA2-6284-4DD8-BE73-D13A88988640_tiles.jsonl,TCGA-GD-A6C6,Muscularis propria (detrusor muscle),1234,1103
TCGA-GD-A6C6-01Z-00-DX1.5C5F2FA2-6284-4DD8-BE73-D13A88988640_tiles.jsonl,TCGA-GD-A6C6,Necrosis,3960,3813
TCGA-GD-A6C6-01Z-00-DX1.5C5F2FA2-6284-4DD8-BE73-D13A88988640_tiles.jsonl,TCGA-GD-A6C6,Normal urothelium (benign mucosa),3403,3142
TCGA-GD-A6C6-01Z-00-DX1.5C5F2FA2-6284-4DD8-BE73-D13A88988640_tiles.jsonl,TCGA-GD-A6C6,Perivesical adipose tissue (extravesical fat),103,91
TCGA-GD-A76B-01Z-00-DX1.C299842E-F204-4071-AD72-1E1A303B396B_tiles.jsonl,TCGA-GD-A76B,Blood vessels (vasculature),2792,2699
TCGA-GD-A76B-01Z-00-DX1.C299842E-F204-4071-AD72-1E1A303B396B_tiles.jsonl,TCGA-GD-A76B,Inflammatory infiltrates (immune cells),4,1
TCGA-GD-A76B-01Z-00-DX1.C299842E-F204-4071-AD72-1E1A303B396B_tiles.jsonl,TCGA-GD-A76B,Invasive urothelial carcinoma (tumor),3170,3071
TCGA-GD-A76B-01Z-00-DX1.C299842E-F204-4071-AD72-1E1A303B396B_tiles.jsonl,TCGA-GD-A76B,Lamina propria (fibrovascular stroma),314,281
TCGA-GD-A76B-01Z-00-DX1.C299842E-F204-4071-AD72-1E1A303B396B_tiles.jsonl,TCGA-GD-A76B,Muscularis propria (detrusor muscle),65,45
TCGA-GD-A76B-01Z-00-DX1.C299842E-F204-4071-AD72-1E1A303B396B_tiles.jsonl,TCGA-GD-A76B,Necrosis,22,18
TCGA-GD-A76B-01Z-00-DX1.C299842E-F204-4071-AD72-1E1A303B396B_tiles.jsonl,TCGA-GD-A76B,Normal urothelium (benign mucosa),3803,3681
TCGA-GD-A76B-01Z-00-DX1.C299842E-F204-4071-AD72-1E1A303B396B_tiles.jsonl,TCGA-GD-A76B,Perivesical adipose tissue (extravesical fat),70,58
TCGA-GU-A42P-01Z-00-DX1.3A4A8614-693F-452C-BB2C-AD16D5AC6F12_tiles.jsonl,TCGA-GU-A42P,Blood vessels (vasculature),19534,18340
TCGA-GU-A42P-01Z-00-DX1.3A4A8614-693F-452C-BB2C-AD16D5AC6F12_tiles.jsonl,TCGA-GU-A42P,Inflammatory infiltrates (immune cells),3160,2630
TCGA-GU-A42P-01Z-00-DX1.3A4A8614-693F-452C-BB2C-AD16D5AC6F12_tiles.jsonl,TCGA-GU-A42P,Invasive urothelial carcinoma (tumor),21590,20698
TCGA-GU-A42P-01Z-00-DX1.3A4A8614-693F-452C-BB2C-AD16D5AC6F12_tiles.jsonl,TCGA-GU-A42P,Lamina propria (fibrovascular stroma),12142,10706
TCGA-GU-A42P-01Z-00-DX1.3A4A8614-693F-452C-BB2C-AD16D5AC6F12_tiles.jsonl,TCGA-GU-A42P,Muscularis propria (detrusor muscle),14667,12765
TCGA-GU-A42P-01Z-00-DX1.3A4A8614-693F-452C-BB2C-AD16D5AC6F12_tiles.jsonl,TCGA-GU-A42P,Necrosis,2888,2600
TCGA-GU-A42P-01Z-00-DX1.3A4A8614-693F-452C-BB2C-AD16D5AC6F12_tiles.jsonl,TCGA-GU-A42P,Normal urothelium (benign mucosa),3777,3377
TCGA-GU-A42P-01Z-00-DX1.3A4A8614-693F-452C-BB2C-AD16D5AC6F12_tiles.jsonl,TCGA-GU-A42P,Perivesical adipose tissue (extravesical fat),4162,3832
TCGA-GU-A42Q-01Z-00-DX1.91D8B0D2-538F-4411-9B3C-0E1FAE1A0606_tiles.jsonl,TCGA-GU-A42Q,Blood vessels (vasculature),2640,2316
TCGA-GU-A42Q-01Z-00-DX1.91D8B0D2-538F-4411-9B3C-0E1FAE1A0606_tiles.jsonl,TCGA-GU-A42Q,Inflammatory infiltrates (immune cells),2933,2467
TCGA-GU-A42Q-01Z-00-DX1.91D8B0D2-538F-4411-9B3C-0E1FAE1A0606_tiles.jsonl,TCGA-GU-A42Q,Invasive urothelial carcinoma (tumor),17849,17186
TCGA-GU-A42Q-01Z-00-DX1.91D8B0D2-538F-4411-9B3C-0E1FAE1A0606_tiles.jsonl,TCGA-GU-A42Q,Lamina propria (fibrovascular stroma),4243,3460
TCGA-GU-A42Q-01Z-00-DX1.91D8B0D2-538F-4411-9B3C-0E1FAE1A0606_tiles.jsonl,TCGA-GU-A42Q,Muscularis propria (detrusor muscle),6513,5385
TCGA-GU-A42Q-01Z-00-DX1.91D8B0D2-538F-4411-9B3C-0E1FAE1A0606_tiles.jsonl,TCGA-GU-A42Q,Necrosis,5436,5197
TCGA-GU-A42Q-01Z-00-DX1.91D8B0D2-538F-4411-9B3C-0E1FAE1A0606_tiles.jsonl,TCGA-GU-A42Q,Normal urothelium (benign mucosa),2623,2285
TCGA-GU-A42Q-01Z-00-DX1.91D8B0D2-538F-4411-9B3C-0E1FAE1A0606_tiles.jsonl,TCGA-GU-A42Q,Perivesical adipose tissue (extravesical fat),3843,3712
TCGA-GU-A42R-01Z-00-DX1.1A14BFD8-DE37-4D10-ACB6-317ECEB930CA_tiles.jsonl,TCGA-GU-A42R,Blood vessels (vasculature),12549,11999
TCGA-GU-A42R-01Z-00-DX1.1A14BFD8-DE37-4D10-ACB6-317ECEB930CA_tiles.jsonl,TCGA-GU-A42R,Inflammatory infiltrates (immune cells),436,340
TCGA-GU-A42R-01Z-00-DX1.1A14BFD8-DE37-4D10-ACB6-317ECEB930CA_tiles.jsonl,TCGA-GU-A42R,Invasive urothelial carcinoma (tumor),28543,27905
TCGA-GU-A42R-01Z-00-DX1.1A14BFD8-DE37-4D10-ACB6-317ECEB930CA_tiles.jsonl,TCGA-GU-A42R,Lamina propria (fibrovascular stroma),534,401
TCGA-GU-A42R-01Z-00-DX1.1A14BFD8-DE37-4D10-ACB6-317ECEB930CA_tiles.jsonl,TCGA-GU-A42R,Muscularis propria (detrusor muscle),1144,894
TCGA-GU-A42R-01Z-00-DX1.1A14BFD8-DE37-4D10-ACB6-317ECEB930CA_tiles.jsonl,TCGA-GU-A42R,Necrosis,1969,1867
TCGA-GU-A42R-01Z-00-DX1.1A14BFD8-DE37-4D10-ACB6-317ECEB930CA_tiles.jsonl,TCGA-GU-A42R,Normal urothelium (benign mucosa),29727,28832
TCGA-GU-A42R-01Z-00-DX1.1A14BFD8-DE37-4D10-ACB6-317ECEB930CA_tiles.jsonl,TCGA-GU-A42R,Perivesical adipose tissue (extravesical fat),1898,1717
TCGA-GU-A762-01Z-00-DX1.F01B133E-3744-4430-9752-FDD25EEF58A3_tiles.jsonl,TCGA-GU-A762,Blood vessels (vasculature),4341,3812
TCGA-GU-A762-01Z-00-DX1.F01B133E-3744-4430-9752-FDD25EEF58A3_tiles.jsonl,TCGA-GU-A762,Inflammatory infiltrates (immune cells),832,631
TCGA-GU-A762-01Z-00-DX1.F01B133E-3744-4430-9752-FDD25EEF58A3_tiles.jsonl,TCGA-GU-A762,Invasive urothelial carcinoma (tumor),14899,14655
TCGA-GU-A762-01Z-00-DX1.F01B133E-3744-4430-9752-FDD25EEF58A3_tiles.jsonl,TCGA-GU-A762,Lamina propria (fibrovascular stroma),9870,8912
TCGA-GU-A762-01Z-00-DX1.F01B133E-3744-4430-9752-FDD25EEF58A3_tiles.jsonl,TCGA-GU-A762,Muscularis propria (detrusor muscle),2299,1671
TCGA-GU-A762-01Z-00-DX1.F01B133E-3744-4430-9752-FDD25EEF58A3_tiles.jsonl,TCGA-GU-A762,Necrosis,32087,31783
TCGA-GU-A762-01Z-00-DX1.F01B133E-3744-4430-9752-FDD25EEF58A3_tiles.jsonl,TCGA-GU-A762,Normal urothelium (benign mucosa),3969,3723
TCGA-GU-A762-01Z-00-DX1.F01B133E-3744-4430-9752-FDD25EEF58A3_tiles.jsonl,TCGA-GU-A762,Perivesical adipose tissue (extravesical fat),8503,7977
TCGA-GU-A763-01Z-00-DX1.2B511825-320B-48D7-B8D6-D97894C02667_tiles.jsonl,TCGA-GU-A763,Blood vessels (vasculature),17990,16886
TCGA-GU-A763-01Z-00-DX1.2B511825-320B-48D7-B8D6-D97894C02667_tiles.jsonl,TCGA-GU-A763,Inflammatory infiltrates (immune cells),875,684
TCGA-GU-A763-01Z-00-DX1.2B511825-320B-48D7-B8D6-D97894C02667_tiles.jsonl,TCGA-GU-A763,Invasive urothelial carcinoma (tumor),1420,1379
TCGA-GU-A763-01Z-00-DX1.2B511825-320B-48D7-B8D6-D97894C02667_tiles.jsonl,TCGA-GU-A763,Lamina propria (fibrovascular stroma),6718,5798
TCGA-GU-A763-01Z-00-DX1.2B511825-320B-48D7-B8D6-D97894C02667_tiles.jsonl,TCGA-GU-A763,Muscularis propria (detrusor muscle),3243,2596
TCGA-GU-A763-01Z-00-DX1.2B511825-320B-48D7-B8D6-D97894C02667_tiles.jsonl,TCGA-GU-A763,Necrosis,2,1
TCGA-GU-A763-01Z-00-DX1.2B511825-320B-48D7-B8D6-D97894C02667_tiles.jsonl,TCGA-GU-A763,Normal urothelium (benign mucosa),4859,4179
TCGA-GU-A763-01Z-00-DX1.2B511825-320B-48D7-B8D6-D97894C02667_tiles.jsonl,TCGA-GU-A763,Perivesical adipose tissue (extravesical fat),5853,5422
TCGA-GU-A764-01Z-00-DX1.213E1BDD-33DE-454E-BE79-940E5D793D42_tiles.jsonl,TCGA-GU-A764,Blood vessels (vasculature),12633,11700
TCGA-GU-A764-01Z-00-DX1.213E1BDD-33DE-454E-BE79-940E5D793D42_tiles.jsonl,TCGA-GU-A764,Inflammatory infiltrates (immune cells),3089,2645
TCGA-GU-A764-01Z-00-DX1.213E1BDD-33DE-454E-BE79-940E5D793D42_tiles.jsonl,TCGA-GU-A764,Invasive urothelial carcinoma (tumor),12676,12103
TCGA-GU-A764-01Z-00-DX1.213E1BDD-33DE-454E-BE79-940E5D793D42_tiles.jsonl,TCGA-GU-A764,Lamina propria (fibrovascular stroma),32974,30632
TCGA-GU-A764-01Z-00-DX1.213E1BDD-33DE-454E-BE79-940E5D793D42_tiles.jsonl,TCGA-GU-A764,Muscularis propria (detrusor muscle),8207,6766
TCGA-GU-A764-01Z-00-DX1.213E1BDD-33DE-454E-BE79-940E5D793D42_tiles.jsonl,TCGA-GU-A764,Necrosis,787,703
TCGA-GU-A764-01Z-00-DX1.213E1BDD-33DE-454E-BE79-940E5D793D42_tiles.jsonl,TCGA-GU-A764,Normal urothelium (benign mucosa),7372,6297
TCGA-GU-A764-01Z-00-DX1.213E1BDD-33DE-454E-BE79-940E5D793D42_tiles.jsonl,TCGA-GU-A764,Perivesical adipose tissue (extravesical fat),4182,3675
TCGA-GU-A766-01Z-00-DX1.72BD6744-E817-4B15-BF58-64BDBC1943FF_tiles.jsonl,TCGA-GU-A766,Blood vessels (vasculature),8810,7924
TCGA-GU-A766-01Z-00-DX1.72BD6744-E817-4B15-BF58-64BDBC1943FF_tiles.jsonl,TCGA-GU-A766,Inflammatory infiltrates (immune cells),7468,6616
TCGA-GU-A766-01Z-00-DX1.72BD6744-E817-4B15-BF58-64BDBC1943FF_tiles.jsonl,TCGA-GU-A766,Invasive urothelial carcinoma (tumor),9107,8755
TCGA-GU-A766-01Z-00-DX1.72BD6744-E817-4B15-BF58-64BDBC1943FF_tiles.jsonl,TCGA-GU-A766,Lamina propria (fibrovascular stroma),18581,16498
TCGA-GU-A766-01Z-00-DX1.72BD6744-E817-4B15-BF58-64BDBC1943FF_tiles.jsonl,TCGA-GU-A766,Muscularis propria (detrusor muscle),6548,5149
TCGA-GU-A766-01Z-00-DX1.72BD6744-E817-4B15-BF58-64BDBC1943FF_tiles.jsonl,TCGA-GU-A766,Necrosis,612,533
TCGA-GU-A766-01Z-00-DX1.72BD6744-E817-4B15-BF58-64BDBC1943FF_tiles.jsonl,TCGA-GU-A766,Normal urothelium (benign mucosa),5008,4168
TCGA-GU-A766-01Z-00-DX1.72BD6744-E817-4B15-BF58-64BDBC1943FF_tiles.jsonl,TCGA-GU-A766,Perivesical adipose tissue (extravesical fat),5306,4929
TCGA-GU-A767-01Z-00-DX1.A8B13490-D25A-45E1-A2D8-02125DB3A6B2_tiles.jsonl,TCGA-GU-A767,Blood vessels (vasculature),4792,4266
TCGA-GU-A767-01Z-00-DX1.A8B13490-D25A-45E1-A2D8-02125DB3A6B2_tiles.jsonl,TCGA-GU-A767,Inflammatory infiltrates (immune cells),757,583
TCGA-GU-A767-01Z-00-DX1.A8B13490-D25A-45E1-A2D8-02125DB3A6B2_tiles.jsonl,TCGA-GU-A767,Invasive urothelial carcinoma (tumor),11023,10534
TCGA-GU-A767-01Z-00-DX1.A8B13490-D25A-45E1-A2D8-02125DB3A6B2_tiles.jsonl,TCGA-GU-A767,Lamina propria (fibrovascular stroma),9011,7953
TCGA-GU-A767-01Z-00-DX1.A8B13490-D25A-45E1-A2D8-02125DB3A6B2_tiles.jsonl,TCGA-GU-A767,Muscularis propria (detrusor muscle),5502,4523
TCGA-GU-A767-01Z-00-DX1.A8B13490-D25A-45E1-A2D8-02125DB3A6B2_tiles.jsonl,TCGA-GU-A767,Necrosis,52,45
TCGA-GU-A767-01Z-00-DX1.A8B13490-D25A-45E1-A2D8-02125DB3A6B2_tiles.jsonl,TCGA-GU-A767,Normal urothelium (benign mucosa),2451,2011
TCGA-GU-A767-01Z-00-DX1.A8B13490-D25A-45E1-A2D8-02125DB3A6B2_tiles.jsonl,TCGA-GU-A767,Perivesical adipose tissue (extravesical fat),7372,6955
TCGA-GU-AATO-01Z-00-DX1.1F0F2098-E4DF-4AA3-819E-E0DE23C5A0BE_tiles.jsonl,TCGA-GU-AATO,Blood vessels (vasculature),12149,11234
TCGA-GU-AATO-01Z-00-DX1.1F0F2098-E4DF-4AA3-819E-E0DE23C5A0BE_tiles.jsonl,TCGA-GU-AATO,Inflammatory infiltrates (immune cells),6434,5489
TCGA-GU-AATO-01Z-00-DX1.1F0F2098-E4DF-4AA3-819E-E0DE23C5A0BE_tiles.jsonl,TCGA-GU-AATO,Invasive urothelial carcinoma (tumor),11629,11405
TCGA-GU-AATO-01Z-00-DX1.1F0F2098-E4DF-4AA3-819E-E0DE23C5A0BE_tiles.jsonl,TCGA-GU-AATO,Lamina propria (fibrovascular stroma),8221,7095
TCGA-GU-AATO-01Z-00-DX1.1F0F2098-E4DF-4AA3-819E-E0DE23C5A0BE_tiles.jsonl,TCGA-GU-AATO,Muscularis propria (detrusor muscle),4435,3460
TCGA-GU-AATO-01Z-00-DX1.1F0F2098-E4DF-4AA3-819E-E0DE23C5A0BE_tiles.jsonl,TCGA-GU-AATO,Necrosis,196,165
TCGA-GU-AATO-01Z-00-DX1.1F0F2098-E4DF-4AA3-819E-E0DE23C5A0BE_tiles.jsonl,TCGA-GU-AATO,Normal urothelium (benign mucosa),5784,5077
TCGA-GU-AATO-01Z-00-DX1.1F0F2098-E4DF-4AA3-819E-E0DE23C5A0BE_tiles.jsonl,TCGA-GU-AATO,Perivesical adipose tissue (extravesical fat),7472,7205
TCGA-GU-AATP-01Z-00-DX1.0D8EC37C-88E7-49D5-A76D-F0A4A3FD8AE4_tiles.jsonl,TCGA-GU-AATP,Blood vessels (vasculature),16473,14916
TCGA-GU-AATP-01Z-00-DX1.0D8EC37C-88E7-49D5-A76D-F0A4A3FD8AE4_tiles.jsonl,TCGA-GU-AATP,Inflammatory infiltrates (immune cells),3041,2709
TCGA-GU-AATP-01Z-00-DX1.0D8EC37C-88E7-49D5-A76D-F0A4A3FD8AE4_tiles.jsonl,TCGA-GU-AATP,Invasive urothelial carcinoma (tumor),6496,6059
TCGA-GU-AATP-01Z-00-DX1.0D8EC37C-88E7-49D5-A76D-F0A4A3FD8AE4_tiles.jsonl,TCGA-GU-AATP,Lamina propria (fibrovascular stroma),11418,9576
TCGA-GU-AATP-01Z-00-DX1.0D8EC37C-88E7-49D5-A76D-F0A4A3FD8AE4_tiles.jsonl,TCGA-GU-AATP,Muscularis propria (detrusor muscle),12473,10618
TCGA-GU-AATP-01Z-00-DX1.0D8EC37C-88E7-49D5-A76D-F0A4A3FD8AE4_tiles.jsonl,TCGA-GU-AATP,Necrosis,366,330
TCGA-GU-AATP-01Z-00-DX1.0D8EC37C-88E7-49D5-A76D-F0A4A3FD8AE4_tiles.jsonl,TCGA-GU-AATP,Normal urothelium (benign mucosa),5500,4510
TCGA-GU-AATP-01Z-00-DX1.0D8EC37C-88E7-49D5-A76D-F0A4A3FD8AE4_tiles.jsonl,TCGA-GU-AATP,Perivesical adipose tissue (extravesical fat),5673,5349
TCGA-GU-AATQ-01Z-00-DX1.6D436809-1238-44CA-9CFC-03DC2277C192_tiles.jsonl,TCGA-GU-AATQ,Blood vessels (vasculature),11926,10911
TCGA-GU-AATQ-01Z-00-DX1.6D436809-1238-44CA-9CFC-03DC2277C192_tiles.jsonl,TCGA-GU-AATQ,Inflammatory infiltrates (immune cells),2217,1868
TCGA-GU-AATQ-01Z-00-DX1.6D436809-1238-44CA-9CFC-03DC2277C192_tiles.jsonl,TCGA-GU-AATQ,Invasive urothelial carcinoma (tumor),7837,7548
TCGA-GU-AATQ-01Z-00-DX1.6D436809-1238-44CA-9CFC-03DC2277C192_tiles.jsonl,TCGA-GU-AATQ,Lamina propria (fibrovascular stroma),13793,12301
TCGA-GU-AATQ-01Z-00-DX1.6D436809-1238-44CA-9CFC-03DC2277C192_tiles.jsonl,TCGA-GU-AATQ,Muscularis propria (detrusor muscle),5435,4459
TCGA-GU-AATQ-01Z-00-DX1.6D436809-1238-44CA-9CFC-03DC2277C192_tiles.jsonl,TCGA-GU-AATQ,Necrosis,220,197
TCGA-GU-AATQ-01Z-00-DX1.6D436809-1238-44CA-9CFC-03DC2277C192_tiles.jsonl,TCGA-GU-AATQ,Normal urothelium (benign mucosa),4260,3588
TCGA-GU-AATQ-01Z-00-DX1.6D436809-1238-44CA-9CFC-03DC2277C192_tiles.jsonl,TCGA-GU-AATQ,Perivesical adipose tissue (extravesical fat),5512,5127
TCGA-GV-A3JV-01Z-00-DX1.F071374F-1290-4A36-9466-D6F1F3EBC17E_tiles.jsonl,TCGA-GV-A3JV,Blood vessels (vasculature),12174,11103
TCGA-GV-A3JV-01Z-00-DX1.F071374F-1290-4A36-9466-D6F1F3EBC17E_tiles.jsonl,TCGA-GV-A3JV,Inflammatory infiltrates (immune cells),424,299
TCGA-GV-A3JV-01Z-00-DX1.F071374F-1290-4A36-9466-D6F1F3EBC17E_tiles.jsonl,TCGA-GV-A3JV,Invasive urothelial carcinoma (tumor),7758,7458
TCGA-GV-A3JV-01Z-00-DX1.F071374F-1290-4A36-9466-D6F1F3EBC17E_tiles.jsonl,TCGA-GV-A3JV,Lamina propria (fibrovascular stroma),8907,7708
TCGA-GV-A3JV-01Z-00-DX1.F071374F-1290-4A36-9466-D6F1F3EBC17E_tiles.jsonl,TCGA-GV-A3JV,Muscularis propria (detrusor muscle),14309,12648
TCGA-GV-A3JV-01Z-00-DX1.F071374F-1290-4A36-9466-D6F1F3EBC17E_tiles.jsonl,TCGA-GV-A3JV,Necrosis,310,251
TCGA-GV-A3JV-01Z-00-DX1.F071374F-1290-4A36-9466-D6F1F3EBC17E_tiles.jsonl,TCGA-GV-A3JV,Normal urothelium (benign mucosa),2228,1862
TCGA-GV-A3JV-01Z-00-DX1.F071374F-1290-4A36-9466-D6F1F3EBC17E_tiles.jsonl,TCGA-GV-A3JV,Perivesical adipose tissue (extravesical fat),5090,4658
TCGA-GV-A3JW-01Z-00-DX1.152AD6E5-D30A-4D94-A793-3DDF3828625C_tiles.jsonl,TCGA-GV-A3JW,Blood vessels (vasculature),14516,13451
TCGA-GV-A3JW-01Z-00-DX1.152AD6E5-D30A-4D94-A793-3DDF3828625C_tiles.jsonl,TCGA-GV-A3JW,Inflammatory infiltrates (immune cells),69,46
TCGA-GV-A3JW-01Z-00-DX1.152AD6E5-D30A-4D94-A793-3DDF3828625C_tiles.jsonl,TCGA-GV-A3JW,Invasive urothelial carcinoma (tumor),7443,6745
TCGA-GV-A3JW-01Z-00-DX1.152AD6E5-D30A-4D94-A793-3DDF3828625C_tiles.jsonl,TCGA-GV-A3JW,Lamina propria (fibrovascular stroma),4466,3710
TCGA-GV-A3JW-01Z-00-DX1.152AD6E5-D30A-4D94-A793-3DDF3828625C_tiles.jsonl,TCGA-GV-A3JW,Muscularis propria (detrusor muscle),5121,4058
TCGA-GV-A3JW-01Z-00-DX1.152AD6E5-D30A-4D94-A793-3DDF3828625C_tiles.jsonl,TCGA-GV-A3JW,Necrosis,342,301
TCGA-GV-A3JW-01Z-00-DX1.152AD6E5-D30A-4D94-A793-3DDF3828625C_tiles.jsonl,TCGA-GV-A3JW,Normal urothelium (benign mucosa),7837,6511
TCGA-GV-A3JW-01Z-00-DX1.152AD6E5-D30A-4D94-A793-3DDF3828625C_tiles.jsonl,TCGA-GV-A3JW,Perivesical adipose tissue (extravesical fat),6286,5788
TCGA-GV-A3JX-01Z-00-DX1.36A00B8A-662D-43EE-AB52-CBBBF373BCFF_tiles.jsonl,TCGA-GV-A3JX,Blood vessels (vasculature),8019,7551
TCGA-GV-A3JX-01Z-00-DX1.36A00B8A-662D-43EE-AB52-CBBBF373BCFF_tiles.jsonl,TCGA-GV-A3JX,Inflammatory infiltrates (immune cells),554,454
TCGA-GV-A3JX-01Z-00-DX1.36A00B8A-662D-43EE-AB52-CBBBF373BCFF_tiles.jsonl,TCGA-GV-A3JX,Invasive urothelial carcinoma (tumor),19125,18636
TCGA-GV-A3JX-01Z-00-DX1.36A00B8A-662D-43EE-AB52-CBBBF373BCFF_tiles.jsonl,TCGA-GV-A3JX,Lamina propria (fibrovascular stroma),6168,5541
TCGA-GV-A3JX-01Z-00-DX1.36A00B8A-662D-43EE-AB52-CBBBF373BCFF_tiles.jsonl,TCGA-GV-A3JX,Muscularis propria (detrusor muscle),4411,3789
TCGA-GV-A3JX-01Z-00-DX1.36A00B8A-662D-43EE-AB52-CBBBF373BCFF_tiles.jsonl,TCGA-GV-A3JX,Necrosis,207,171
TCGA-GV-A3JX-01Z-00-DX1.36A00B8A-662D-43EE-AB52-CBBBF373BCFF_tiles.jsonl,TCGA-GV-A3JX,Normal urothelium (benign mucosa),2378,2110
TCGA-GV-A3JX-01Z-00-DX1.36A00B8A-662D-43EE-AB52-CBBBF373BCFF_tiles.jsonl,TCGA-GV-A3JX,Perivesical adipose tissue (extravesical fat),5218,5029
TCGA-GV-A3JZ-01Z-00-DX1.5DFDE227-D52D-481F-A8D8-28DF25096BD9_tiles.jsonl,TCGA-GV-A3JZ,Blood vessels (vasculature),13183,12036
TCGA-GV-A3JZ-01Z-00-DX1.5DFDE227-D52D-481F-A8D8-28DF25096BD9_tiles.jsonl,TCGA-GV-A3JZ,Inflammatory infiltrates (immune cells),2017,1730
TCGA-GV-A3JZ-01Z-00-DX1.5DFDE227-D52D-481F-A8D8-28DF25096BD9_tiles.jsonl,TCGA-GV-A3JZ,Invasive urothelial carcinoma (tumor),26906,25617
TCGA-GV-A3JZ-01Z-00-DX1.5DFDE227-D52D-481F-A8D8-28DF25096BD9_tiles.jsonl,TCGA-GV-A3JZ,Lamina propria (fibrovascular stroma),7111,5905
TCGA-GV-A3JZ-01Z-00-DX1.5DFDE227-D52D-481F-A8D8-28DF25096BD9_tiles.jsonl,TCGA-GV-A3JZ,Muscularis propria (detrusor muscle),7553,6209
TCGA-GV-A3JZ-01Z-00-DX1.5DFDE227-D52D-481F-A8D8-28DF25096BD9_tiles.jsonl,TCGA-GV-A3JZ,Necrosis,2552,2151
TCGA-GV-A3JZ-01Z-00-DX1.5DFDE227-D52D-481F-A8D8-28DF25096BD9_tiles.jsonl,TCGA-GV-A3JZ,Normal urothelium (benign mucosa),2827,2131
TCGA-GV-A3JZ-01Z-00-DX1.5DFDE227-D52D-481F-A8D8-28DF25096BD9_tiles.jsonl,TCGA-GV-A3JZ,Perivesical adipose tissue (extravesical fat),4411,3995
TCGA-GV-A3QF-01Z-00-DX1.C59696CF-C415-46AD-B6D6-70A022AC10FA_tiles.jsonl,TCGA-GV-A3QF,Blood vessels (vasculature),7278,6519
TCGA-GV-A3QF-01Z-00-DX1.C59696CF-C415-46AD-B6D6-70A022AC10FA_tiles.jsonl,TCGA-GV-A3QF,Inflammatory infiltrates (immune cells),678,531
TCGA-GV-A3QF-01Z-00-DX1.C59696CF-C415-46AD-B6D6-70A022AC10FA_tiles.jsonl,TCGA-GV-A3QF,Invasive urothelial carcinoma (tumor),17900,17429
TCGA-GV-A3QF-01Z-00-DX1.C59696CF-C415-46AD-B6D6-70A022AC10FA_tiles.jsonl,TCGA-GV-A3QF,Lamina propria (fibrovascular stroma),8913,7842
TCGA-GV-A3QF-01Z-00-DX1.C59696CF-C415-46AD-B6D6-70A022AC10FA_tiles.jsonl,TCGA-GV-A3QF,Muscularis propria (detrusor muscle),6379,5338
TCGA-GV-A3QF-01Z-00-DX1.C59696CF-C415-46AD-B6D6-70A022AC10FA_tiles.jsonl,TCGA-GV-A3QF,Necrosis,798,755
TCGA-GV-A3QF-01Z-00-DX1.C59696CF-C415-46AD-B6D6-70A022AC10FA_tiles.jsonl,TCGA-GV-A3QF,Normal urothelium (benign mucosa),5564,4894
TCGA-GV-A3QF-01Z-00-DX1.C59696CF-C415-46AD-B6D6-70A022AC10FA_tiles.jsonl,TCGA-GV-A3QF,Perivesical adipose tissue (extravesical fat),8810,8338
TCGA-GV-A3QG-01Z-00-DX1.4A550B20-2A4C-48E5-BFE2-6EBBC59E4041_tiles.jsonl,TCGA-GV-A3QG,Blood vessels (vasculature),10839,10050
TCGA-GV-A3QG-01Z-00-DX1.4A550B20-2A4C-48E5-BFE2-6EBBC59E4041_tiles.jsonl,TCGA-GV-A3QG,Inflammatory infiltrates (immune cells),567,388
TCGA-GV-A3QG-01Z-00-DX1.4A550B20-2A4C-48E5-BFE2-6EBBC59E4041_tiles.jsonl,TCGA-GV-A3QG,Invasive urothelial carcinoma (tumor),51322,50440
TCGA-GV-A3QG-01Z-00-DX1.4A550B20-2A4C-48E5-BFE2-6EBBC59E4041_tiles.jsonl,TCGA-GV-A3QG,Lamina propria (fibrovascular stroma),2665,2086
TCGA-GV-A3QG-01Z-00-DX1.4A550B20-2A4C-48E5-BFE2-6EBBC59E4041_tiles.jsonl,TCGA-GV-A3QG,Muscularis propria (detrusor muscle),5519,4542
TCGA-GV-A3QG-01Z-00-DX1.4A550B20-2A4C-48E5-BFE2-6EBBC59E4041_tiles.jsonl,TCGA-GV-A3QG,Necrosis,6515,6270
TCGA-GV-A3QG-01Z-00-DX1.4A550B20-2A4C-48E5-BFE2-6EBBC59E4041_tiles.jsonl,TCGA-GV-A3QG,Normal urothelium (benign mucosa),4490,3893
TCGA-GV-A3QG-01Z-00-DX1.4A550B20-2A4C-48E5-BFE2-6EBBC59E4041_tiles.jsonl,TCGA-GV-A3QG,Perivesical adipose tissue (extravesical fat),5123,4916
TCGA-GV-A3QH-01Z-00-DX1.A87C25E1-8199-4557-944B-9ABD1A70ADE9_tiles.jsonl,TCGA-GV-A3QH,Blood vessels (vasculature),5316,5025
TCGA-GV-A3QH-01Z-00-DX1.A87C25E1-8199-4557-944B-9ABD1A70ADE9_tiles.jsonl,TCGA-GV-A3QH,Inflammatory infiltrates (immune cells),680,533
TCGA-GV-A3QH-01Z-00-DX1.A87C25E1-8199-4557-944B-9ABD1A70ADE9_tiles.jsonl,TCGA-GV-A3QH,Invasive urothelial carcinoma (tumor),19625,19238
TCGA-GV-A3QH-01Z-00-DX1.A87C25E1-8199-4557-944B-9ABD1A70ADE9_tiles.jsonl,TCGA-GV-A3QH,Lamina propria (fibrovascular stroma),1336,1088
TCGA-GV-A3QH-01Z-00-DX1.A87C25E1-8199-4557-944B-9ABD1A70ADE9_tiles.jsonl,TCGA-GV-A3QH,Muscularis propria (detrusor muscle),578,412
TCGA-GV-A3QH-01Z-00-DX1.A87C25E1-8199-4557-944B-9ABD1A70ADE9_tiles.jsonl,TCGA-GV-A3QH,Necrosis,1708,1626
TCGA-GV-A3QH-01Z-00-DX1.A87C25E1-8199-4557-944B-9ABD1A70ADE9_tiles.jsonl,TCGA-GV-A3QH,Normal urothelium (benign mucosa),15479,14839
TCGA-GV-A3QH-01Z-00-DX1.A87C25E1-8199-4557-944B-9ABD1A70ADE9_tiles.jsonl,TCGA-GV-A3QH,Perivesical adipose tissue (extravesical fat),1358,1261
TCGA-GV-A3QI-01Z-00-DX1.0B9889AC-06C7-405F-B300-D93EB0F19D9A_tiles.jsonl,TCGA-GV-A3QI,Blood vessels (vasculature),4891,4502
TCGA-GV-A3QI-01Z-00-DX1.0B9889AC-06C7-405F-B300-D93EB0F19D9A_tiles.jsonl,TCGA-GV-A3QI,Inflammatory infiltrates (immune cells),975,768
TCGA-GV-A3QI-01Z-00-DX1.0B9889AC-06C7-405F-B300-D93EB0F19D9A_tiles.jsonl,TCGA-GV-A3QI,Invasive urothelial carcinoma (tumor),29940,29383
TCGA-GV-A3QI-01Z-00-DX1.0B9889AC-06C7-405F-B300-D93EB0F19D9A_tiles.jsonl,TCGA-GV-A3QI,Lamina propria (fibrovascular stroma),5552,4556
TCGA-GV-A3QI-01Z-00-DX1.0B9889AC-06C7-405F-B300-D93EB0F19D9A_tiles.jsonl,TCGA-GV-A3QI,Muscularis propria (detrusor muscle),8558,7463
TCGA-GV-A3QI-01Z-00-DX1.0B9889AC-06C7-405F-B300-D93EB0F19D9A_tiles.jsonl,TCGA-GV-A3QI,Necrosis,2123,2074
TCGA-GV-A3QI-01Z-00-DX1.0B9889AC-06C7-405F-B300-D93EB0F19D9A_tiles.jsonl,TCGA-GV-A3QI,Normal urothelium (benign mucosa),6289,5501
TCGA-GV-A3QI-01Z-00-DX1.0B9889AC-06C7-405F-B300-D93EB0F19D9A_tiles.jsonl,TCGA-GV-A3QI,Perivesical adipose tissue (extravesical fat),3112,3037
TCGA-GV-A3QK-01Z-00-DX1.DACDDD23-0DD8-44EC-9FE2-945ADEA8AC43_tiles.jsonl,TCGA-GV-A3QK,Blood vessels (vasculature),20574,18805
TCGA-GV-A3QK-01Z-00-DX1.DACDDD23-0DD8-44EC-9FE2-945ADEA8AC43_tiles.jsonl,TCGA-GV-A3QK,Inflammatory infiltrates (immune cells),704,560
TCGA-GV-A3QK-01Z-00-DX1.DACDDD23-0DD8-44EC-9FE2-945ADEA8AC43_tiles.jsonl,TCGA-GV-A3QK,Invasive urothelial carcinoma (tumor),22917,22430
TCGA-GV-A3QK-01Z-00-DX1.DACDDD23-0DD8-44EC-9FE2-945ADEA8AC43_tiles.jsonl,TCGA-GV-A3QK,Lamina propria (fibrovascular stroma),26919,24300
TCGA-GV-A3QK-01Z-00-DX1.DACDDD23-0DD8-44EC-9FE2-945ADEA8AC43_tiles.jsonl,TCGA-GV-A3QK,Muscularis propria (detrusor muscle),10452,8382
TCGA-GV-A3QK-01Z-00-DX1.DACDDD23-0DD8-44EC-9FE2-945ADEA8AC43_tiles.jsonl,TCGA-GV-A3QK,Necrosis,60,48
TCGA-GV-A3QK-01Z-00-DX1.DACDDD23-0DD8-44EC-9FE2-945ADEA8AC43_tiles.jsonl,TCGA-GV-A3QK,Normal urothelium (benign mucosa),10717,9078
TCGA-GV-A3QK-01Z-00-DX1.DACDDD23-0DD8-44EC-9FE2-945ADEA8AC43_tiles.jsonl,TCGA-GV-A3QK,Perivesical adipose tissue (extravesical fat),4937,4235
TCGA-GV-A40E-01Z-00-DX1.6313DD1A-6E65-4775-82DC-58AD4EF81D32_tiles.jsonl,TCGA-GV-A40E,Blood vessels (vasculature),14311,13568
TCGA-GV-A40E-01Z-00-DX1.6313DD1A-6E65-4775-82DC-58AD4EF81D32_tiles.jsonl,TCGA-GV-A40E,Inflammatory infiltrates (immune cells),76,49
TCGA-GV-A40E-01Z-00-DX1.6313DD1A-6E65-4775-82DC-58AD4EF81D32_tiles.jsonl,TCGA-GV-A40E,Invasive urothelial carcinoma (tumor),22103,21400
TCGA-GV-A40E-01Z-00-DX1.6313DD1A-6E65-4775-82DC-58AD4EF81D32_tiles.jsonl,TCGA-GV-A40E,Lamina propria (fibrovascular stroma),1855,1533
TCGA-GV-A40E-01Z-00-DX1.6313DD1A-6E65-4775-82DC-58AD4EF81D32_tiles.jsonl,TCGA-GV-A40E,Muscularis propria (detrusor muscle),1778,1387
TCGA-GV-A40E-01Z-00-DX1.6313DD1A-6E65-4775-82DC-58AD4EF81D32_tiles.jsonl,TCGA-GV-A40E,Necrosis,2210,2049
TCGA-GV-A40E-01Z-00-DX1.6313DD1A-6E65-4775-82DC-58AD4EF81D32_tiles.jsonl,TCGA-GV-A40E,Normal urothelium (benign mucosa),16529,15429
TCGA-GV-A40E-01Z-00-DX1.6313DD1A-6E65-4775-82DC-58AD4EF81D32_tiles.jsonl,TCGA-GV-A40E,Perivesical adipose tissue (extravesical fat),2578,2427
TCGA-GV-A40G-01Z-00-DX1.AD1A709F-A10C-4E69-B4ED-6361777361FD_tiles.jsonl,TCGA-GV-A40G,Blood vessels (vasculature),20700,19283
TCGA-GV-A40G-01Z-00-DX1.AD1A709F-A10C-4E69-B4ED-6361777361FD_tiles.jsonl,TCGA-GV-A40G,Inflammatory infiltrates (immune cells),636,527
TCGA-GV-A40G-01Z-00-DX1.AD1A709F-A10C-4E69-B4ED-6361777361FD_tiles.jsonl,TCGA-GV-A40G,Invasive urothelial carcinoma (tumor),781,621
TCGA-GV-A40G-01Z-00-DX1.AD1A709F-A10C-4E69-B4ED-6361777361FD_tiles.jsonl,TCGA-GV-A40G,Lamina propria (fibrovascular stroma),4935,3943
TCGA-GV-A40G-01Z-00-DX1.AD1A709F-A10C-4E69-B4ED-6361777361FD_tiles.jsonl,TCGA-GV-A40G,Muscularis propria (detrusor muscle),12286,10886
TCGA-GV-A40G-01Z-00-DX1.AD1A709F-A10C-4E69-B4ED-6361777361FD_tiles.jsonl,TCGA-GV-A40G,Necrosis,363,313
TCGA-GV-A40G-01Z-00-DX1.AD1A709F-A10C-4E69-B4ED-6361777361FD_tiles.jsonl,TCGA-GV-A40G,Normal urothelium (benign mucosa),4886,4186
TCGA-GV-A40G-01Z-00-DX1.AD1A709F-A10C-4E69-B4ED-6361777361FD_tiles.jsonl,TCGA-GV-A40G,Perivesical adipose tissue (extravesical fat),6613,6215
TCGA-GV-A6ZA-01Z-00-DX1.6EBD225D-5EE2-4F0A-BC07-1EF5CEBFE25A_tiles.jsonl,TCGA-GV-A6ZA,Blood vessels (vasculature),8243,7537
TCGA-GV-A6ZA-01Z-00-DX1.6EBD225D-5EE2-4F0A-BC07-1EF5CEBFE25A_tiles.jsonl,TCGA-GV-A6ZA,Inflammatory infiltrates (immune cells),248,191
TCGA-GV-A6ZA-01Z-00-DX1.6EBD225D-5EE2-4F0A-BC07-1EF5CEBFE25A_tiles.jsonl,TCGA-GV-A6ZA,Invasive urothelial carcinoma (tumor),27540,27258
TCGA-GV-A6ZA-01Z-00-DX1.6EBD225D-5EE2-4F0A-BC07-1EF5CEBFE25A_tiles.jsonl,TCGA-GV-A6ZA,Lamina propria (fibrovascular stroma),25878,24282
TCGA-GV-A6ZA-01Z-00-DX1.6EBD225D-5EE2-4F0A-BC07-1EF5CEBFE25A_tiles.jsonl,TCGA-GV-A6ZA,Muscularis propria (detrusor muscle),10637,9222
TCGA-GV-A6ZA-01Z-00-DX1.6EBD225D-5EE2-4F0A-BC07-1EF5CEBFE25A_tiles.jsonl,TCGA-GV-A6ZA,Necrosis,254,225
TCGA-GV-A6ZA-01Z-00-DX1.6EBD225D-5EE2-4F0A-BC07-1EF5CEBFE25A_tiles.jsonl,TCGA-GV-A6ZA,Normal urothelium (benign mucosa),5303,4771
TCGA-GV-A6ZA-01Z-00-DX1.6EBD225D-5EE2-4F0A-BC07-1EF5CEBFE25A_tiles.jsonl,TCGA-GV-A6ZA,Perivesical adipose tissue (extravesical fat),14057,13467
TCGA-H4-A2HO-01Z-00-DX1.37FB76BF-EA5F-430D-89A4-8789ECACC5DB_tiles.jsonl,TCGA-H4-A2HO,Blood vessels (vasculature),14479,13104
TCGA-H4-A2HO-01Z-00-DX1.37FB76BF-EA5F-430D-89A4-8789ECACC5DB_tiles.jsonl,TCGA-H4-A2HO,Inflammatory infiltrates (immune cells),143,83
TCGA-H4-A2HO-01Z-00-DX1.37FB76BF-EA5F-430D-89A4-8789ECACC5DB_tiles.jsonl,TCGA-H4-A2HO,Invasive urothelial carcinoma (tumor),14361,13374
TCGA-H4-A2HO-01Z-00-DX1.37FB76BF-EA5F-430D-89A4-8789ECACC5DB_tiles.jsonl,TCGA-H4-A2HO,Lamina propria (fibrovascular stroma),15713,13902
TCGA-H4-A2HO-01Z-00-DX1.37FB76BF-EA5F-430D-89A4-8789ECACC5DB_tiles.jsonl,TCGA-H4-A2HO,Muscularis propria (detrusor muscle),7541,6025
TCGA-H4-A2HO-01Z-00-DX1.37FB76BF-EA5F-430D-89A4-8789ECACC5DB_tiles.jsonl,TCGA-H4-A2HO,Necrosis,844,659
TCGA-H4-A2HO-01Z-00-DX1.37FB76BF-EA5F-430D-89A4-8789ECACC5DB_tiles.jsonl,TCGA-H4-A2HO,Normal urothelium (benign mucosa),20098,18107
TCGA-H4-A2HO-01Z-00-DX1.37FB76BF-EA5F-430D-89A4-8789ECACC5DB_tiles.jsonl,TCGA-H4-A2HO,Perivesical adipose tissue (extravesical fat),3621,3254
TCGA-H4-A2HQ-01Z-00-DX1.DFBDDFDD-0C65-4130-96F5-4E3838190D13_tiles.jsonl,TCGA-H4-A2HQ,Blood vessels (vasculature),11167,10323
TCGA-H4-A2HQ-01Z-00-DX1.DFBDDFDD-0C65-4130-96F5-4E3838190D13_tiles.jsonl,TCGA-H4-A2HQ,Inflammatory infiltrates (immune cells),110,89
TCGA-H4-A2HQ-01Z-00-DX1.DFBDDFDD-0C65-4130-96F5-4E3838190D13_tiles.jsonl,TCGA-H4-A2HQ,Invasive urothelial carcinoma (tumor),8097,7497
TCGA-H4-A2HQ-01Z-00-DX1.DFBDDFDD-0C65-4130-96F5-4E3838190D13_tiles.jsonl,TCGA-H4-A2HQ,Lamina propria (fibrovascular stroma),8438,7597
TCGA-H4-A2HQ-01Z-00-DX1.DFBDDFDD-0C65-4130-96F5-4E3838190D13_tiles.jsonl,TCGA-H4-A2HQ,Muscularis propria (detrusor muscle),3741,3074
TCGA-H4-A2HQ-01Z-00-DX1.DFBDDFDD-0C65-4130-96F5-4E3838190D13_tiles.jsonl,TCGA-H4-A2HQ,Necrosis,102,87
TCGA-H4-A2HQ-01Z-00-DX1.DFBDDFDD-0C65-4130-96F5-4E3838190D13_tiles.jsonl,TCGA-H4-A2HQ,Normal urothelium (benign mucosa),16233,14927
TCGA-H4-A2HQ-01Z-00-DX1.DFBDDFDD-0C65-4130-96F5-4E3838190D13_tiles.jsonl,TCGA-H4-A2HQ,Perivesical adipose tissue (extravesical fat),3312,3055
TCGA-HQ-A2OF-01Z-00-DX1.6D50B772-71C3-40C3-94CF-969946799028_tiles.jsonl,TCGA-HQ-A2OF,Blood vessels (vasculature),409,382
TCGA-HQ-A2OF-01Z-00-DX1.6D50B772-71C3-40C3-94CF-969946799028_tiles.jsonl,TCGA-HQ-A2OF,Inflammatory infiltrates (immune cells),2,1
TCGA-HQ-A2OF-01Z-00-DX1.6D50B772-71C3-40C3-94CF-969946799028_tiles.jsonl,TCGA-HQ-A2OF,Invasive urothelial carcinoma (tumor),3040,2980
TCGA-HQ-A2OF-01Z-00-DX1.6D50B772-71C3-40C3-94CF-969946799028_tiles.jsonl,TCGA-HQ-A2OF,Lamina propria (fibrovascular stroma),340,309
TCGA-HQ-A2OF-01Z-00-DX1.6D50B772-71C3-40C3-94CF-969946799028_tiles.jsonl,TCGA-HQ-A2OF,Muscularis propria (detrusor muscle),49,38
TCGA-HQ-A2OF-01Z-00-DX1.6D50B772-71C3-40C3-94CF-969946799028_tiles.jsonl,TCGA-HQ-A2OF,Necrosis,31,30
TCGA-HQ-A2OF-01Z-00-DX1.6D50B772-71C3-40C3-94CF-969946799028_tiles.jsonl,TCGA-HQ-A2OF,Normal urothelium (benign mucosa),1218,1181
TCGA-HQ-A2OF-01Z-00-DX1.6D50B772-71C3-40C3-94CF-969946799028_tiles.jsonl,TCGA-HQ-A2OF,Perivesical adipose tissue (extravesical fat),31,28
TCGA-HQ-A5ND-01Z-00-DX1.EDDFB95C-827E-4533-B49A-56612BC4D9DD_tiles.jsonl,TCGA-HQ-A5ND,Blood vessels (vasculature),54,54
TCGA-HQ-A5ND-01Z-00-DX1.EDDFB95C-827E-4533-B49A-56612BC4D9DD_tiles.jsonl,TCGA-HQ-A5ND,Inflammatory infiltrates (immune cells),40,32
TCGA-HQ-A5ND-01Z-00-DX1.EDDFB95C-827E-4533-B49A-56612BC4D9DD_tiles.jsonl,TCGA-HQ-A5ND,Invasive urothelial carcinoma (tumor),4538,4523
TCGA-HQ-A5ND-01Z-00-DX1.EDDFB95C-827E-4533-B49A-56612BC4D9DD_tiles.jsonl,TCGA-HQ-A5ND,Lamina propria (fibrovascular stroma),302,290
TCGA-HQ-A5ND-01Z-00-DX1.EDDFB95C-827E-4533-B49A-56612BC4D9DD_tiles.jsonl,TCGA-HQ-A5ND,Muscularis propria (detrusor muscle),76,61
TCGA-HQ-A5ND-01Z-00-DX1.EDDFB95C-827E-4533-B49A-56612BC4D9DD_tiles.jsonl,TCGA-HQ-A5ND,Necrosis,5,5
TCGA-HQ-A5ND-01Z-00-DX1.EDDFB95C-827E-4533-B49A-56612BC4D9DD_tiles.jsonl,TCGA-HQ-A5ND,Normal urothelium (benign mucosa),101,96
TCGA-HQ-A5ND-01Z-00-DX1.EDDFB95C-827E-4533-B49A-56612BC4D9DD_tiles.jsonl,TCGA-HQ-A5ND,Perivesical adipose tissue (extravesical fat),4,3
TCGA-K4-A3WS-01Z-00-DX1.6814457F-C30E-4B3D-BA37-B701FF591BFE_tiles.jsonl,TCGA-K4-A3WS,Blood vessels (vasculature),25411,23408
TCGA-K4-A3WS-01Z-00-DX1.6814457F-C30E-4B3D-BA37-B701FF591BFE_tiles.jsonl,TCGA-K4-A3WS,Inflammatory infiltrates (immune cells),269,213
TCGA-K4-A3WS-01Z-00-DX1.6814457F-C30E-4B3D-BA37-B701FF591BFE_tiles.jsonl,TCGA-K4-A3WS,Invasive urothelial carcinoma (tumor),9147,7640
TCGA-K4-A3WS-01Z-00-DX1.6814457F-C30E-4B3D-BA37-B701FF591BFE_tiles.jsonl,TCGA-K4-A3WS,Lamina propria (fibrovascular stroma),34729,31361
TCGA-K4-A3WS-01Z-00-DX1.6814457F-C30E-4B3D-BA37-B701FF591BFE_tiles.jsonl,TCGA-K4-A3WS,Muscularis propria (detrusor muscle),5728,4023
TCGA-K4-A3WS-01Z-00-DX1.6814457F-C30E-4B3D-BA37-B701FF591BFE_tiles.jsonl,TCGA-K4-A3WS,Necrosis,415,350
TCGA-K4-A3WS-01Z-00-DX1.6814457F-C30E-4B3D-BA37-B701FF591BFE_tiles.jsonl,TCGA-K4-A3WS,Normal urothelium (benign mucosa),24683,22612
TCGA-K4-A3WS-01Z-00-DX1.6814457F-C30E-4B3D-BA37-B701FF591BFE_tiles.jsonl,TCGA-K4-A3WS,Perivesical adipose tissue (extravesical fat),7138,6134
TCGA-K4-A3WU-01Z-00-DX1.DD4CA7B4-7950-4B7A-820A-74C763AFAE65_tiles.jsonl,TCGA-K4-A3WU,Blood vessels (vasculature),14847,13395
TCGA-K4-A3WU-01Z-00-DX1.DD4CA7B4-7950-4B7A-820A-74C763AFAE65_tiles.jsonl,TCGA-K4-A3WU,Inflammatory infiltrates (immune cells),663,427
TCGA-K4-A3WU-01Z-00-DX1.DD4CA7B4-7950-4B7A-820A-74C763AFAE65_tiles.jsonl,TCGA-K4-A3WU,Invasive urothelial carcinoma (tumor),17781,16530
TCGA-K4-A3WU-01Z-00-DX1.DD4CA7B4-7950-4B7A-820A-74C763AFAE65_tiles.jsonl,TCGA-K4-A3WU,Lamina propria (fibrovascular stroma),9509,7869
TCGA-K4-A3WU-01Z-00-DX1.DD4CA7B4-7950-4B7A-820A-74C763AFAE65_tiles.jsonl,TCGA-K4-A3WU,Muscularis propria (detrusor muscle),10677,8584
TCGA-K4-A3WU-01Z-00-DX1.DD4CA7B4-7950-4B7A-820A-74C763AFAE65_tiles.jsonl,TCGA-K4-A3WU,Necrosis,1821,1525
TCGA-K4-A3WU-01Z-00-DX1.DD4CA7B4-7950-4B7A-820A-74C763AFAE65_tiles.jsonl,TCGA-K4-A3WU,Normal urothelium (benign mucosa),10694,9173
TCGA-K4-A3WU-01Z-00-DX1.DD4CA7B4-7950-4B7A-820A-74C763AFAE65_tiles.jsonl,TCGA-K4-A3WU,Perivesical adipose tissue (extravesical fat),5688,5144
TCGA-K4-A3WV-01Z-00-DX1.F44E3C25-920C-4730-9019-D1E993121F08_tiles.jsonl,TCGA-K4-A3WV,Blood vessels (vasculature),8214,7462
TCGA-K4-A3WV-01Z-00-DX1.F44E3C25-920C-4730-9019-D1E993121F08_tiles.jsonl,TCGA-K4-A3WV,Inflammatory infiltrates (immune cells),538,404
TCGA-K4-A3WV-01Z-00-DX1.F44E3C25-920C-4730-9019-D1E993121F08_tiles.jsonl,TCGA-K4-A3WV,Invasive urothelial carcinoma (tumor),50604,49396
TCGA-K4-A3WV-01Z-00-DX1.F44E3C25-920C-4730-9019-D1E993121F08_tiles.jsonl,TCGA-K4-A3WV,Lamina propria (fibrovascular stroma),7489,6364
TCGA-K4-A3WV-01Z-00-DX1.F44E3C25-920C-4730-9019-D1E993121F08_tiles.jsonl,TCGA-K4-A3WV,Muscularis propria (detrusor muscle),19119,17036
TCGA-K4-A3WV-01Z-00-DX1.F44E3C25-920C-4730-9019-D1E993121F08_tiles.jsonl,TCGA-K4-A3WV,Necrosis,4252,4076
TCGA-K4-A3WV-01Z-00-DX1.F44E3C25-920C-4730-9019-D1E993121F08_tiles.jsonl,TCGA-K4-A3WV,Normal urothelium (benign mucosa),8552,7581
TCGA-K4-A3WV-01Z-00-DX1.F44E3C25-920C-4730-9019-D1E993121F08_tiles.jsonl,TCGA-K4-A3WV,Perivesical adipose tissue (extravesical fat),13872,13417
TCGA-K4-A4AB-01Z-00-DX1.88A9D084-1B3B-4B13-AAD7-18C6587624C0_tiles.jsonl,TCGA-K4-A4AB,Blood vessels (vasculature),7272,6645
TCGA-K4-A4AB-01Z-00-DX1.88A9D084-1B3B-4B13-AAD7-18C6587624C0_tiles.jsonl,TCGA-K4-A4AB,Inflammatory infiltrates (immune cells),678,519
TCGA-K4-A4AB-01Z-00-DX1.88A9D084-1B3B-4B13-AAD7-18C6587624C0_tiles.jsonl,TCGA-K4-A4AB,Invasive urothelial carcinoma (tumor),19243,18569
TCGA-K4-A4AB-01Z-00-DX1.88A9D084-1B3B-4B13-AAD7-18C6587624C0_tiles.jsonl,TCGA-K4-A4AB,Lamina propria (fibrovascular stroma),8697,7680
TCGA-K4-A4AB-01Z-00-DX1.88A9D084-1B3B-4B13-AAD7-18C6587624C0_tiles.jsonl,TCGA-K4-A4AB,Muscularis propria (detrusor muscle),6178,5078
TCGA-K4-A4AB-01Z-00-DX1.88A9D084-1B3B-4B13-AAD7-18C6587624C0_tiles.jsonl,TCGA-K4-A4AB,Necrosis,274,223
TCGA-K4-A4AB-01Z-00-DX1.88A9D084-1B3B-4B13-AAD7-18C6587624C0_tiles.jsonl,TCGA-K4-A4AB,Normal urothelium (benign mucosa),4974,4265
TCGA-K4-A4AB-01Z-00-DX1.88A9D084-1B3B-4B13-AAD7-18C6587624C0_tiles.jsonl,TCGA-K4-A4AB,Perivesical adipose tissue (extravesical fat),3884,3647
TCGA-K4-A4AC-01Z-00-DX1.DED1674F-953D-40DB-85AE-9CD595248EC7_tiles.jsonl,TCGA-K4-A4AC,Blood vessels (vasculature),12273,11041
TCGA-K4-A4AC-01Z-00-DX1.DED1674F-953D-40DB-85AE-9CD595248EC7_tiles.jsonl,TCGA-K4-A4AC,Inflammatory infiltrates (immune cells),984,803
TCGA-K4-A4AC-01Z-00-DX1.DED1674F-953D-40DB-85AE-9CD595248EC7_tiles.jsonl,TCGA-K4-A4AC,Invasive urothelial carcinoma (tumor),50197,48930
TCGA-K4-A4AC-01Z-00-DX1.DED1674F-953D-40DB-85AE-9CD595248EC7_tiles.jsonl,TCGA-K4-A4AC,Lamina propria (fibrovascular stroma),6946,5868
TCGA-K4-A4AC-01Z-00-DX1.DED1674F-953D-40DB-85AE-9CD595248EC7_tiles.jsonl,TCGA-K4-A4AC,Muscularis propria (detrusor muscle),9737,8187
TCGA-K4-A4AC-01Z-00-DX1.DED1674F-953D-40DB-85AE-9CD595248EC7_tiles.jsonl,TCGA-K4-A4AC,Necrosis,942,818
TCGA-K4-A4AC-01Z-00-DX1.DED1674F-953D-40DB-85AE-9CD595248EC7_tiles.jsonl,TCGA-K4-A4AC,Normal urothelium (benign mucosa),4905,4269
TCGA-K4-A4AC-01Z-00-DX1.DED1674F-953D-40DB-85AE-9CD595248EC7_tiles.jsonl,TCGA-K4-A4AC,Perivesical adipose tissue (extravesical fat),11296,10465
TCGA-K4-A54R-01Z-00-DX1.66AAF596-8C68-4857-9944-226F39E82CA8_tiles.jsonl,TCGA-K4-A54R,Blood vessels (vasculature),3842,3555
TCGA-K4-A54R-01Z-00-DX1.66AAF596-8C68-4857-9944-226F39E82CA8_tiles.jsonl,TCGA-K4-A54R,Inflammatory infiltrates (immune cells),28,14
TCGA-K4-A54R-01Z-00-DX1.66AAF596-8C68-4857-9944-226F39E82CA8_tiles.jsonl,TCGA-K4-A54R,Invasive urothelial carcinoma (tumor),20548,20003
TCGA-K4-A54R-01Z-00-DX1.66AAF596-8C68-4857-9944-226F39E82CA8_tiles.jsonl,TCGA-K4-A54R,Lamina propria (fibrovascular stroma),3420,2921
TCGA-K4-A54R-01Z-00-DX1.66AAF596-8C68-4857-9944-226F39E82CA8_tiles.jsonl,TCGA-K4-A54R,Muscularis propria (detrusor muscle),3077,2534
TCGA-K4-A54R-01Z-00-DX1.66AAF596-8C68-4857-9944-226F39E82CA8_tiles.jsonl,TCGA-K4-A54R,Necrosis,1861,1744
TCGA-K4-A54R-01Z-00-DX1.66AAF596-8C68-4857-9944-226F39E82CA8_tiles.jsonl,TCGA-K4-A54R,Normal urothelium (benign mucosa),2958,2774
TCGA-K4-A54R-01Z-00-DX1.66AAF596-8C68-4857-9944-226F39E82CA8_tiles.jsonl,TCGA-K4-A54R,Perivesical adipose tissue (extravesical fat),106,80
TCGA-K4-A5RH-01Z-00-DX1.8AA2FC59-CDA4-49F5-BAB7-B14B6792FAF8_tiles.jsonl,TCGA-K4-A5RH,Blood vessels (vasculature),10365,9432
TCGA-K4-A5RH-01Z-00-DX1.8AA2FC59-CDA4-49F5-BAB7-B14B6792FAF8_tiles.jsonl,TCGA-K4-A5RH,Inflammatory infiltrates (immune cells),213,148
TCGA-K4-A5RH-01Z-00-DX1.8AA2FC59-CDA4-49F5-BAB7-B14B6792FAF8_tiles.jsonl,TCGA-K4-A5RH,Invasive urothelial carcinoma (tumor),59700,58785
TCGA-K4-A5RH-01Z-00-DX1.8AA2FC59-CDA4-49F5-BAB7-B14B6792FAF8_tiles.jsonl,TCGA-K4-A5RH,Lamina propria (fibrovascular stroma),5599,4584
TCGA-K4-A5RH-01Z-00-DX1.8AA2FC59-CDA4-49F5-BAB7-B14B6792FAF8_tiles.jsonl,TCGA-K4-A5RH,Muscularis propria (detrusor muscle),4056,3221
TCGA-K4-A5RH-01Z-00-DX1.8AA2FC59-CDA4-49F5-BAB7-B14B6792FAF8_tiles.jsonl,TCGA-K4-A5RH,Necrosis,8069,7659
TCGA-K4-A5RH-01Z-00-DX1.8AA2FC59-CDA4-49F5-BAB7-B14B6792FAF8_tiles.jsonl,TCGA-K4-A5RH,Normal urothelium (benign mucosa),3775,3291
TCGA-K4-A5RH-01Z-00-DX1.8AA2FC59-CDA4-49F5-BAB7-B14B6792FAF8_tiles.jsonl,TCGA-K4-A5RH,Perivesical adipose tissue (extravesical fat),5503,5128
TCGA-K4-A5RI-01Z-00-DX1.A56C3CF4-543E-46D6-BA50-52A4C790FAE8_tiles.jsonl,TCGA-K4-A5RI,Blood vessels (vasculature),14462,13217
TCGA-K4-A5RI-01Z-00-DX1.A56C3CF4-543E-46D6-BA50-52A4C790FAE8_tiles.jsonl,TCGA-K4-A5RI,Inflammatory infiltrates (immune cells),649,472
TCGA-K4-A5RI-01Z-00-DX1.A56C3CF4-543E-46D6-BA50-52A4C790FAE8_tiles.jsonl,TCGA-K4-A5RI,Invasive urothelial carcinoma (tumor),43552,42183
TCGA-K4-A5RI-01Z-00-DX1.A56C3CF4-543E-46D6-BA50-52A4C790FAE8_tiles.jsonl,TCGA-K4-A5RI,Lamina propria (fibrovascular stroma),32961,30500
TCGA-K4-A5RI-01Z-00-DX1.A56C3CF4-543E-46D6-BA50-52A4C790FAE8_tiles.jsonl,TCGA-K4-A5RI,Muscularis propria (detrusor muscle),15447,13527
TCGA-K4-A5RI-01Z-00-DX1.A56C3CF4-543E-46D6-BA50-52A4C790FAE8_tiles.jsonl,TCGA-K4-A5RI,Necrosis,2620,2435
TCGA-K4-A5RI-01Z-00-DX1.A56C3CF4-543E-46D6-BA50-52A4C790FAE8_tiles.jsonl,TCGA-K4-A5RI,Normal urothelium (benign mucosa),8097,7123
TCGA-K4-A5RI-01Z-00-DX1.A56C3CF4-543E-46D6-BA50-52A4C790FAE8_tiles.jsonl,TCGA-K4-A5RI,Perivesical adipose tissue (extravesical fat),5092,4650
TCGA-K4-A5RJ-01Z-00-DX1.DFDDA8B5-E80F-4BF9-87E3-EA75E294ABF5_tiles.jsonl,TCGA-K4-A5RJ,Blood vessels (vasculature),8161,7498
TCGA-K4-A5RJ-01Z-00-DX1.DFDDA8B5-E80F-4BF9-87E3-EA75E294ABF5_tiles.jsonl,TCGA-K4-A5RJ,Inflammatory infiltrates (immune cells),253,203
TCGA-K4-A5RJ-01Z-00-DX1.DFDDA8B5-E80F-4BF9-87E3-EA75E294ABF5_tiles.jsonl,TCGA-K4-A5RJ,Invasive urothelial carcinoma (tumor),26687,26048
TCGA-K4-A5RJ-01Z-00-DX1.DFDDA8B5-E80F-4BF9-87E3-EA75E294ABF5_tiles.jsonl,TCGA-K4-A5RJ,Lamina propria (fibrovascular stroma),4666,4016
TCGA-K4-A5RJ-01Z-00-DX1.DFDDA8B5-E80F-4BF9-87E3-EA75E294ABF5_tiles.jsonl,TCGA-K4-A5RJ,Muscularis propria (detrusor muscle),10793,9873
TCGA-K4-A5RJ-01Z-00-DX1.DFDDA8B5-E80F-4BF9-87E3-EA75E294ABF5_tiles.jsonl,TCGA-K4-A5RJ,Necrosis,6340,5944
TCGA-K4-A5RJ-01Z-00-DX1.DFDDA8B5-E80F-4BF9-87E3-EA75E294ABF5_tiles.jsonl,TCGA-K4-A5RJ,Normal urothelium (benign mucosa),1586,1350
TCGA-K4-A5RJ-01Z-00-DX1.DFDDA8B5-E80F-4BF9-87E3-EA75E294ABF5_tiles.jsonl,TCGA-K4-A5RJ,Perivesical adipose tissue (extravesical fat),2954,2835
TCGA-K4-A6FZ-01Z-00-DX1.E4BB7534-1719-45C7-8E0F-78558DB9AD37_tiles.jsonl,TCGA-K4-A6FZ,Blood vessels (vasculature),13762,12864
TCGA-K4-A6FZ-01Z-00-DX1.E4BB7534-1719-45C7-8E0F-78558DB9AD37_tiles.jsonl,TCGA-K4-A6FZ,Inflammatory infiltrates (immune cells),1931,1589
TCGA-K4-A6FZ-01Z-00-DX1.E4BB7534-1719-45C7-8E0F-78558DB9AD37_tiles.jsonl,TCGA-K4-A6FZ,Invasive urothelial carcinoma (tumor),26492,26071
TCGA-K4-A6FZ-01Z-00-DX1.E4BB7534-1719-45C7-8E0F-78558DB9AD37_tiles.jsonl,TCGA-K4-A6FZ,Lamina propria (fibrovascular stroma),10135,8956
TCGA-K4-A6FZ-01Z-00-DX1.E4BB7534-1719-45C7-8E0F-78558DB9AD37_tiles.jsonl,TCGA-K4-A6FZ,Muscularis propria (detrusor muscle),2941,2276
TCGA-K4-A6FZ-01Z-00-DX1.E4BB7534-1719-45C7-8E0F-78558DB9AD37_tiles.jsonl,TCGA-K4-A6FZ,Necrosis,457,399
TCGA-K4-A6FZ-01Z-00-DX1.E4BB7534-1719-45C7-8E0F-78558DB9AD37_tiles.jsonl,TCGA-K4-A6FZ,Normal urothelium (benign mucosa),4121,3673
TCGA-K4-A6FZ-01Z-00-DX1.E4BB7534-1719-45C7-8E0F-78558DB9AD37_tiles.jsonl,TCGA-K4-A6FZ,Perivesical adipose tissue (extravesical fat),6721,6520
TCGA-K4-A6MB-01Z-00-DX1.4A6009D3-05D9-4E8B-8EB2-4A52B5B6FED8_tiles.jsonl,TCGA-K4-A6MB,Blood vessels (vasculature),13483,12173
TCGA-K4-A6MB-01Z-00-DX1.4A6009D3-05D9-4E8B-8EB2-4A52B5B6FED8_tiles.jsonl,TCGA-K4-A6MB,Inflammatory infiltrates (immune cells),359,293
TCGA-K4-A6MB-01Z-00-DX1.4A6009D3-05D9-4E8B-8EB2-4A52B5B6FED8_tiles.jsonl,TCGA-K4-A6MB,Invasive urothelial carcinoma (tumor),14850,14493
TCGA-K4-A6MB-01Z-00-DX1.4A6009D3-05D9-4E8B-8EB2-4A52B5B6FED8_tiles.jsonl,TCGA-K4-A6MB,Lamina propria (fibrovascular stroma),10350,8870
TCGA-K4-A6MB-01Z-00-DX1.4A6009D3-05D9-4E8B-8EB2-4A52B5B6FED8_tiles.jsonl,TCGA-K4-A6MB,Muscularis propria (detrusor muscle),10402,8748
TCGA-K4-A6MB-01Z-00-DX1.4A6009D3-05D9-4E8B-8EB2-4A52B5B6FED8_tiles.jsonl,TCGA-K4-A6MB,Necrosis,371,327
TCGA-K4-A6MB-01Z-00-DX1.4A6009D3-05D9-4E8B-8EB2-4A52B5B6FED8_tiles.jsonl,TCGA-K4-A6MB,Normal urothelium (benign mucosa),2832,2169
TCGA-K4-A6MB-01Z-00-DX1.4A6009D3-05D9-4E8B-8EB2-4A52B5B6FED8_tiles.jsonl,TCGA-K4-A6MB,Perivesical adipose tissue (extravesical fat),3673,3365
TCGA-K4-A83P-01Z-00-DX1.6B9251BD-650E-4F69-BE8F-AB0BE5DC90FB_tiles.jsonl,TCGA-K4-A83P,Blood vessels (vasculature),10854,10046
TCGA-K4-A83P-01Z-00-DX1.6B9251BD-650E-4F69-BE8F-AB0BE5DC90FB_tiles.jsonl,TCGA-K4-A83P,Inflammatory infiltrates (immune cells),632,504
TCGA-K4-A83P-01Z-00-DX1.6B9251BD-650E-4F69-BE8F-AB0BE5DC90FB_tiles.jsonl,TCGA-K4-A83P,Invasive urothelial carcinoma (tumor),14342,13066
TCGA-K4-A83P-01Z-00-DX1.6B9251BD-650E-4F69-BE8F-AB0BE5DC90FB_tiles.jsonl,TCGA-K4-A83P,Lamina propria (fibrovascular stroma),30167,28095
TCGA-K4-A83P-01Z-00-DX1.6B9251BD-650E-4F69-BE8F-AB0BE5DC90FB_tiles.jsonl,TCGA-K4-A83P,Muscularis propria (detrusor muscle),4431,3471
TCGA-K4-A83P-01Z-00-DX1.6B9251BD-650E-4F69-BE8F-AB0BE5DC90FB_tiles.jsonl,TCGA-K4-A83P,Necrosis,3028,2872
TCGA-K4-A83P-01Z-00-DX1.6B9251BD-650E-4F69-BE8F-AB0BE5DC90FB_tiles.jsonl,TCGA-K4-A83P,Normal urothelium (benign mucosa),6254,5331
TCGA-K4-A83P-01Z-00-DX1.6B9251BD-650E-4F69-BE8F-AB0BE5DC90FB_tiles.jsonl,TCGA-K4-A83P,Perivesical adipose tissue (extravesical fat),1972,1765
TCGA-K4-AAQO-01Z-00-DX1.7533831F-414B-4BA5-9CDA-D8B24E579962_tiles.jsonl,TCGA-K4-AAQO,Blood vessels (vasculature),8689,8017
TCGA-K4-AAQO-01Z-00-DX1.7533831F-414B-4BA5-9CDA-D8B24E579962_tiles.jsonl,TCGA-K4-AAQO,Inflammatory infiltrates (immune cells),530,403
TCGA-K4-AAQO-01Z-00-DX1.7533831F-414B-4BA5-9CDA-D8B24E579962_tiles.jsonl,TCGA-K4-AAQO,Invasive urothelial carcinoma (tumor),13683,13358
TCGA-K4-AAQO-01Z-00-DX1.7533831F-414B-4BA5-9CDA-D8B24E579962_tiles.jsonl,TCGA-K4-AAQO,Lamina propria (fibrovascular stroma),5852,5153
TCGA-K4-AAQO-01Z-00-DX1.7533831F-414B-4BA5-9CDA-D8B24E579962_tiles.jsonl,TCGA-K4-AAQO,Muscularis propria (detrusor muscle),5989,5053
TCGA-K4-AAQO-01Z-00-DX1.7533831F-414B-4BA5-9CDA-D8B24E579962_tiles.jsonl,TCGA-K4-AAQO,Necrosis,92,77
TCGA-K4-AAQO-01Z-00-DX1.7533831F-414B-4BA5-9CDA-D8B24E579962_tiles.jsonl,TCGA-K4-AAQO,Normal urothelium (benign mucosa),1989,1707
TCGA-K4-AAQO-01Z-00-DX1.7533831F-414B-4BA5-9CDA-D8B24E579962_tiles.jsonl,TCGA-K4-AAQO,Perivesical adipose tissue (extravesical fat),9256,8763
TCGA-LC-A66R-01Z-00-DX1.9D753031-E31A-4E0E-B937-E0D3C47CFFB9_tiles.jsonl,TCGA-LC-A66R,Blood vessels (vasculature),7597,7205
TCGA-LC-A66R-01Z-00-DX1.9D753031-E31A-4E0E-B937-E0D3C47CFFB9_tiles.jsonl,TCGA-LC-A66R,Inflammatory infiltrates (immune cells),2329,2043
TCGA-LC-A66R-01Z-00-DX1.9D753031-E31A-4E0E-B937-E0D3C47CFFB9_tiles.jsonl,TCGA-LC-A66R,Invasive urothelial carcinoma (tumor),13441,13109
TCGA-LC-A66R-01Z-00-DX1.9D753031-E31A-4E0E-B937-E0D3C47CFFB9_tiles.jsonl,TCGA-LC-A66R,Lamina propria (fibrovascular stroma),7878,7102
TCGA-LC-A66R-01Z-00-DX1.9D753031-E31A-4E0E-B937-E0D3C47CFFB9_tiles.jsonl,TCGA-LC-A66R,Muscularis propria (detrusor muscle),1933,1478
TCGA-LC-A66R-01Z-00-DX1.9D753031-E31A-4E0E-B937-E0D3C47CFFB9_tiles.jsonl,TCGA-LC-A66R,Necrosis,4076,3907
TCGA-LC-A66R-01Z-00-DX1.9D753031-E31A-4E0E-B937-E0D3C47CFFB9_tiles.jsonl,TCGA-LC-A66R,Normal urothelium (benign mucosa),1579,1338
TCGA-LC-A66R-01Z-00-DX1.9D753031-E31A-4E0E-B937-E0D3C47CFFB9_tiles.jsonl,TCGA-LC-A66R,Perivesical adipose tissue (extravesical fat),2127,2072
TCGA-LT-A5Z6-01Z-00-DX1.F547947F-DDB8-4DFF-B08E-FB494F7F044B_tiles.jsonl,TCGA-LT-A5Z6,Blood vessels (vasculature),8564,8289
TCGA-LT-A5Z6-01Z-00-DX1.F547947F-DDB8-4DFF-B08E-FB494F7F044B_tiles.jsonl,TCGA-LT-A5Z6,Inflammatory infiltrates (immune cells),67,49
TCGA-LT-A5Z6-01Z-00-DX1.F547947F-DDB8-4DFF-B08E-FB494F7F044B_tiles.jsonl,TCGA-LT-A5Z6,Invasive urothelial carcinoma (tumor),13114,12807
TCGA-LT-A5Z6-01Z-00-DX1.F547947F-DDB8-4DFF-B08E-FB494F7F044B_tiles.jsonl,TCGA-LT-A5Z6,Lamina propria (fibrovascular stroma),699,641
TCGA-LT-A5Z6-01Z-00-DX1.F547947F-DDB8-4DFF-B08E-FB494F7F044B_tiles.jsonl,TCGA-LT-A5Z6,Muscularis propria (detrusor muscle),117,87
TCGA-LT-A5Z6-01Z-00-DX1.F547947F-DDB8-4DFF-B08E-FB494F7F044B_tiles.jsonl,TCGA-LT-A5Z6,Necrosis,276,263
TCGA-LT-A5Z6-01Z-00-DX1.F547947F-DDB8-4DFF-B08E-FB494F7F044B_tiles.jsonl,TCGA-LT-A5Z6,Normal urothelium (benign mucosa),23043,22601
TCGA-LT-A5Z6-01Z-00-DX1.F547947F-DDB8-4DFF-B08E-FB494F7F044B_tiles.jsonl,TCGA-LT-A5Z6,Perivesical adipose tissue (extravesical fat),200,180
TCGA-LT-A8JT-01Z-00-DX1.8D04BB53-EEA9-401B-B92E-8EB9DEEE7E4E_tiles.jsonl,TCGA-LT-A8JT,Blood vessels (vasculature),16835,15962
TCGA-LT-A8JT-01Z-00-DX1.8D04BB53-EEA9-401B-B92E-8EB9DEEE7E4E_tiles.jsonl,TCGA-LT-A8JT,Inflammatory infiltrates (immune cells),424,349
TCGA-LT-A8JT-01Z-00-DX1.8D04BB53-EEA9-401B-B92E-8EB9DEEE7E4E_tiles.jsonl,TCGA-LT-A8JT,Invasive urothelial carcinoma (tumor),24628,24447
TCGA-LT-A8JT-01Z-00-DX1.8D04BB53-EEA9-401B-B92E-8EB9DEEE7E4E_tiles.jsonl,TCGA-LT-A8JT,Lamina propria (fibrovascular stroma),15613,14343
TCGA-LT-A8JT-01Z-00-DX1.8D04BB53-EEA9-401B-B92E-8EB9DEEE7E4E_tiles.jsonl,TCGA-LT-A8JT,Muscularis propria (detrusor muscle),2489,1869
TCGA-LT-A8JT-01Z-00-DX1.8D04BB53-EEA9-401B-B92E-8EB9DEEE7E4E_tiles.jsonl,TCGA-LT-A8JT,Necrosis,99,92
TCGA-LT-A8JT-01Z-00-DX1.8D04BB53-EEA9-401B-B92E-8EB9DEEE7E4E_tiles.jsonl,TCGA-LT-A8JT,Normal urothelium (benign mucosa),6236,5579
TCGA-LT-A8JT-01Z-00-DX1.8D04BB53-EEA9-401B-B92E-8EB9DEEE7E4E_tiles.jsonl,TCGA-LT-A8JT,Perivesical adipose tissue (extravesical fat),5356,5145
TCGA-PQ-A6FI-01Z-00-DX1.EC3791D8-B5D2-468A-9FB7-D0217CD02DFB_tiles.jsonl,TCGA-PQ-A6FI,Blood vessels (vasculature),13075,12170
TCGA-PQ-A6FI-01Z-00-DX1.EC3791D8-B5D2-468A-9FB7-D0217CD02DFB_tiles.jsonl,TCGA-PQ-A6FI,Inflammatory infiltrates (immune cells),1895,1558
TCGA-PQ-A6FI-01Z-00-DX1.EC3791D8-B5D2-468A-9FB7-D0217CD02DFB_tiles.jsonl,TCGA-PQ-A6FI,Invasive urothelial carcinoma (tumor),9109,8669
TCGA-PQ-A6FI-01Z-00-DX1.EC3791D8-B5D2-468A-9FB7-D0217CD02DFB_tiles.jsonl,TCGA-PQ-A6FI,Lamina propria (fibrovascular stroma),8547,7637
TCGA-PQ-A6FI-01Z-00-DX1.EC3791D8-B5D2-468A-9FB7-D0217CD02DFB_tiles.jsonl,TCGA-PQ-A6FI,Muscularis propria (detrusor muscle),7495,6404
TCGA-PQ-A6FI-01Z-00-DX1.EC3791D8-B5D2-468A-9FB7-D0217CD02DFB_tiles.jsonl,TCGA-PQ-A6FI,Necrosis,1801,1676
TCGA-PQ-A6FI-01Z-00-DX1.EC3791D8-B5D2-468A-9FB7-D0217CD02DFB_tiles.jsonl,TCGA-PQ-A6FI,Normal urothelium (benign mucosa),1674,1402
TCGA-PQ-A6FI-01Z-00-DX1.EC3791D8-B5D2-468A-9FB7-D0217CD02DFB_tiles.jsonl,TCGA-PQ-A6FI,Perivesical adipose tissue (extravesical fat),7604,7318
TCGA-PQ-A6FN-01Z-00-DX1.58FC60E8-7386-4E57-804D-6AD103AE0FDC_tiles.jsonl,TCGA-PQ-A6FN,Blood vessels (vasculature),3565,3356
TCGA-PQ-A6FN-01Z-00-DX1.58FC60E8-7386-4E57-804D-6AD103AE0FDC_tiles.jsonl,TCGA-PQ-A6FN,Inflammatory infiltrates (immune cells),383,299
TCGA-PQ-A6FN-01Z-00-DX1.58FC60E8-7386-4E57-804D-6AD103AE0FDC_tiles.jsonl,TCGA-PQ-A6FN,Invasive urothelial carcinoma (tumor),22820,22368
TCGA-PQ-A6FN-01Z-00-DX1.58FC60E8-7386-4E57-804D-6AD103AE0FDC_tiles.jsonl,TCGA-PQ-A6FN,Lamina propria (fibrovascular stroma),3016,2602
TCGA-PQ-A6FN-01Z-00-DX1.58FC60E8-7386-4E57-804D-6AD103AE0FDC_tiles.jsonl,TCGA-PQ-A6FN,Muscularis propria (detrusor muscle),4416,3918
TCGA-PQ-A6FN-01Z-00-DX1.58FC60E8-7386-4E57-804D-6AD103AE0FDC_tiles.jsonl,TCGA-PQ-A6FN,Necrosis,582,542
TCGA-PQ-A6FN-01Z-00-DX1.58FC60E8-7386-4E57-804D-6AD103AE0FDC_tiles.jsonl,TCGA-PQ-A6FN,Normal urothelium (benign mucosa),1073,913
TCGA-PQ-A6FN-01Z-00-DX1.58FC60E8-7386-4E57-804D-6AD103AE0FDC_tiles.jsonl,TCGA-PQ-A6FN,Perivesical adipose tissue (extravesical fat),5105,5019
TCGA-S5-A6DX-01Z-00-DX1.70418D45-0396-4838-BF0C-588C7719A131_tiles.jsonl,TCGA-S5-A6DX,Blood vessels (vasculature),7335,6777
TCGA-S5-A6DX-01Z-00-DX1.70418D45-0396-4838-BF0C-588C7719A131_tiles.jsonl,TCGA-S5-A6DX,Inflammatory infiltrates (immune cells),1181,1074
TCGA-S5-A6DX-01Z-00-DX1.70418D45-0396-4838-BF0C-588C7719A131_tiles.jsonl,TCGA-S5-A6DX,Invasive urothelial carcinoma (tumor),13350,13166
TCGA-S5-A6DX-01Z-00-DX1.70418D45-0396-4838-BF0C-588C7719A131_tiles.jsonl,TCGA-S5-A6DX,Lamina propria (fibrovascular stroma),9489,8678
TCGA-S5-A6DX-01Z-00-DX1.70418D45-0396-4838-BF0C-588C7719A131_tiles.jsonl,TCGA-S5-A6DX,Muscularis propria (detrusor muscle),3869,3123
TCGA-S5-A6DX-01Z-00-DX1.70418D45-0396-4838-BF0C-588C7719A131_tiles.jsonl,TCGA-S5-A6DX,Necrosis,212,192
TCGA-S5-A6DX-01Z-00-DX1.70418D45-0396-4838-BF0C-588C7719A131_tiles.jsonl,TCGA-S5-A6DX,Normal urothelium (benign mucosa),2891,2466
TCGA-S5-A6DX-01Z-00-DX1.70418D45-0396-4838-BF0C-588C7719A131_tiles.jsonl,TCGA-S5-A6DX,Perivesical adipose tissue (extravesical fat),2633,2360
TCGA-S5-AA26-01Z-00-DX1.10D28D0C-D537-485E-A371-E3C60ED66FE7_tiles.jsonl,TCGA-S5-AA26,Blood vessels (vasculature),12339,11831
TCGA-S5-AA26-01Z-00-DX1.10D28D0C-D537-485E-A371-E3C60ED66FE7_tiles.jsonl,TCGA-S5-AA26,Inflammatory infiltrates (immune cells),1902,1645
TCGA-S5-AA26-01Z-00-DX1.10D28D0C-D537-485E-A371-E3C60ED66FE7_tiles.jsonl,TCGA-S5-AA26,Invasive urothelial carcinoma (tumor),505,420
TCGA-S5-AA26-01Z-00-DX1.10D28D0C-D537-485E-A371-E3C60ED66FE7_tiles.jsonl,TCGA-S5-AA26,Lamina propria (fibrovascular stroma),2163,1867
TCGA-S5-AA26-01Z-00-DX1.10D28D0C-D537-485E-A371-E3C60ED66FE7_tiles.jsonl,TCGA-S5-AA26,Muscularis propria (detrusor muscle),1139,884
TCGA-S5-AA26-01Z-00-DX1.10D28D0C-D537-485E-A371-E3C60ED66FE7_tiles.jsonl,TCGA-S5-AA26,Necrosis,1566,1430
TCGA-S5-AA26-01Z-00-DX1.10D28D0C-D537-485E-A371-E3C60ED66FE7_tiles.jsonl,TCGA-S5-AA26,Normal urothelium (benign mucosa),4591,4120
TCGA-S5-AA26-01Z-00-DX1.10D28D0C-D537-485E-A371-E3C60ED66FE7_tiles.jsonl,TCGA-S5-AA26,Perivesical adipose tissue (extravesical fat),1395,1267
TCGA-SY-A9G0-01Z-00-DX1.6F019857-03C8-4B2B-8892-32CBF3EB303F_tiles.jsonl,TCGA-SY-A9G0,Blood vessels (vasculature),3913,3719
TCGA-SY-A9G0-01Z-00-DX1.6F019857-03C8-4B2B-8892-32CBF3EB303F_tiles.jsonl,TCGA-SY-A9G0,Inflammatory infiltrates (immune cells),88,68
TCGA-SY-A9G0-01Z-00-DX1.6F019857-03C8-4B2B-8892-32CBF3EB303F_tiles.jsonl,TCGA-SY-A9G0,Invasive urothelial carcinoma (tumor),377,353
TCGA-SY-A9G0-01Z-00-DX1.6F019857-03C8-4B2B-8892-32CBF3EB303F_tiles.jsonl,TCGA-SY-A9G0,Lamina propria (fibrovascular stroma),970,827
TCGA-SY-A9G0-01Z-00-DX1.6F019857-03C8-4B2B-8892-32CBF3EB303F_tiles.jsonl,TCGA-SY-A9G0,Muscularis propria (detrusor muscle),559,447
TCGA-SY-A9G0-01Z-00-DX1.6F019857-03C8-4B2B-8892-32CBF3EB303F_tiles.jsonl,TCGA-SY-A9G0,Necrosis,44,34
TCGA-SY-A9G0-01Z-00-DX1.6F019857-03C8-4B2B-8892-32CBF3EB303F_tiles.jsonl,TCGA-SY-A9G0,Normal urothelium (benign mucosa),3655,3492
TCGA-SY-A9G0-01Z-00-DX1.6F019857-03C8-4B2B-8892-32CBF3EB303F_tiles.jsonl,TCGA-SY-A9G0,Perivesical adipose tissue (extravesical fat),634,580
TCGA-SY-A9G5-01Z-00-DX1.CE221A12-59FC-4482-9BD5-7082A2EA4E61_tiles.jsonl,TCGA-SY-A9G5,Blood vessels (vasculature),12498,11976
TCGA-SY-A9G5-01Z-00-DX1.CE221A12-59FC-4482-9BD5-7082A2EA4E61_tiles.jsonl,TCGA-SY-A9G5,Inflammatory infiltrates (immune cells),390,338
TCGA-SY-A9G5-01Z-00-DX1.CE221A12-59FC-4482-9BD5-7082A2EA4E61_tiles.jsonl,TCGA-SY-A9G5,Invasive urothelial carcinoma (tumor),5468,5347
TCGA-SY-A9G5-01Z-00-DX1.CE221A12-59FC-4482-9BD5-7082A2EA4E61_tiles.jsonl,TCGA-SY-A9G5,Lamina propria (fibrovascular stroma),7231,6640
TCGA-SY-A9G5-01Z-00-DX1.CE221A12-59FC-4482-9BD5-7082A2EA4E61_tiles.jsonl,TCGA-SY-A9G5,Muscularis propria (detrusor muscle),452,338
TCGA-SY-A9G5-01Z-00-DX1.CE221A12-59FC-4482-9BD5-7082A2EA4E61_tiles.jsonl,TCGA-SY-A9G5,Necrosis,455,405
TCGA-SY-A9G5-01Z-00-DX1.CE221A12-59FC-4482-9BD5-7082A2EA4E61_tiles.jsonl,TCGA-SY-A9G5,Normal urothelium (benign mucosa),2711,2542
TCGA-SY-A9G5-01Z-00-DX1.CE221A12-59FC-4482-9BD5-7082A2EA4E61_tiles.jsonl,TCGA-SY-A9G5,Perivesical adipose tissue (extravesical fat),1515,1295
TCGA-UY-A78K-01Z-00-DX1.329D9BFF-A204-4A7D-8767-B39F34179708_tiles.jsonl,TCGA-UY-A78K,Blood vessels (vasculature),7033,6489
TCGA-UY-A78K-01Z-00-DX1.329D9BFF-A204-4A7D-8767-B39F34179708_tiles.jsonl,TCGA-UY-A78K,Inflammatory infiltrates (immune cells),417,348
TCGA-UY-A78K-01Z-00-DX1.329D9BFF-A204-4A7D-8767-B39F34179708_tiles.jsonl,TCGA-UY-A78K,Invasive urothelial carcinoma (tumor),507,377
TCGA-UY-A78K-01Z-00-DX1.329D9BFF-A204-4A7D-8767-B39F34179708_tiles.jsonl,TCGA-UY-A78K,Lamina propria (fibrovascular stroma),10941,9951
TCGA-UY-A78K-01Z-00-DX1.329D9BFF-A204-4A7D-8767-B39F34179708_tiles.jsonl,TCGA-UY-A78K,Muscularis propria (detrusor muscle),2746,2202
TCGA-UY-A78K-01Z-00-DX1.329D9BFF-A204-4A7D-8767-B39F34179708_tiles.jsonl,TCGA-UY-A78K,Necrosis,124,119
TCGA-UY-A78K-01Z-00-DX1.329D9BFF-A204-4A7D-8767-B39F34179708_tiles.jsonl,TCGA-UY-A78K,Normal urothelium (benign mucosa),4378,3732
TCGA-UY-A78K-01Z-00-DX1.329D9BFF-A204-4A7D-8767-B39F34179708_tiles.jsonl,TCGA-UY-A78K,Perivesical adipose tissue (extravesical fat),4574,4274
TCGA-UY-A78L-01Z-00-DX1.8955EB83-E4AE-452E-8B68-83C4B8BED6D5_tiles.jsonl,TCGA-UY-A78L,Blood vessels (vasculature),8677,7999
TCGA-UY-A78L-01Z-00-DX1.8955EB83-E4AE-452E-8B68-83C4B8BED6D5_tiles.jsonl,TCGA-UY-A78L,Inflammatory infiltrates (immune cells),902,748
TCGA-UY-A78L-01Z-00-DX1.8955EB83-E4AE-452E-8B68-83C4B8BED6D5_tiles.jsonl,TCGA-UY-A78L,Invasive urothelial carcinoma (tumor),1450,1299
TCGA-UY-A78L-01Z-00-DX1.8955EB83-E4AE-452E-8B68-83C4B8BED6D5_tiles.jsonl,TCGA-UY-A78L,Lamina propria (fibrovascular stroma),3958,3265
TCGA-UY-A78L-01Z-00-DX1.8955EB83-E4AE-452E-8B68-83C4B8BED6D5_tiles.jsonl,TCGA-UY-A78L,Muscularis propria (detrusor muscle),4970,4123
TCGA-UY-A78L-01Z-00-DX1.8955EB83-E4AE-452E-8B68-83C4B8BED6D5_tiles.jsonl,TCGA-UY-A78L,Necrosis,19,17
TCGA-UY-A78L-01Z-00-DX1.8955EB83-E4AE-452E-8B68-83C4B8BED6D5_tiles.jsonl,TCGA-UY-A78L,Normal urothelium (benign mucosa),8854,8082
TCGA-UY-A78L-01Z-00-DX1.8955EB83-E4AE-452E-8B68-83C4B8BED6D5_tiles.jsonl,TCGA-UY-A78L,Perivesical adipose tissue (extravesical fat),7010,6635
TCGA-UY-A78M-01Z-00-DX1.9C08E77F-E63B-480E-A4D5-1576EF802152_tiles.jsonl,TCGA-UY-A78M,Blood vessels (vasculature),6605,6153
TCGA-UY-A78M-01Z-00-DX1.9C08E77F-E63B-480E-A4D5-1576EF802152_tiles.jsonl,TCGA-UY-A78M,Inflammatory infiltrates (immune cells),504,399
TCGA-UY-A78M-01Z-00-DX1.9C08E77F-E63B-480E-A4D5-1576EF802152_tiles.jsonl,TCGA-UY-A78M,Invasive urothelial carcinoma (tumor),23711,22973
TCGA-UY-A78M-01Z-00-DX1.9C08E77F-E63B-480E-A4D5-1576EF802152_tiles.jsonl,TCGA-UY-A78M,Lamina propria (fibrovascular stroma),11679,10683
TCGA-UY-A78M-01Z-00-DX1.9C08E77F-E63B-480E-A4D5-1576EF802152_tiles.jsonl,TCGA-UY-A78M,Muscularis propria (detrusor muscle),7517,6667
TCGA-UY-A78M-01Z-00-DX1.9C08E77F-E63B-480E-A4D5-1576EF802152_tiles.jsonl,TCGA-UY-A78M,Necrosis,1216,1087
TCGA-UY-A78M-01Z-00-DX1.9C08E77F-E63B-480E-A4D5-1576EF802152_tiles.jsonl,TCGA-UY-A78M,Normal urothelium (benign mucosa),2692,2377
TCGA-UY-A78M-01Z-00-DX1.9C08E77F-E63B-480E-A4D5-1576EF802152_tiles.jsonl,TCGA-UY-A78M,Perivesical adipose tissue (extravesical fat),2396,2144
TCGA-UY-A78N-01Z-00-DX1.31873403-A629-4ED9-B2AF-14817689BB3B_tiles.jsonl,TCGA-UY-A78N,Blood vessels (vasculature),4386,3992
TCGA-UY-A78N-01Z-00-DX1.31873403-A629-4ED9-B2AF-14817689BB3B_tiles.jsonl,TCGA-UY-A78N,Inflammatory infiltrates (immune cells),436,334
TCGA-UY-A78N-01Z-00-DX1.31873403-A629-4ED9-B2AF-14817689BB3B_tiles.jsonl,TCGA-UY-A78N,Invasive urothelial carcinoma (tumor),20457,19890
TCGA-UY-A78N-01Z-00-DX1.31873403-A629-4ED9-B2AF-14817689BB3B_tiles.jsonl,TCGA-UY-A78N,Lamina propria (fibrovascular stroma),7341,6521
TCGA-UY-A78N-01Z-00-DX1.31873403-A629-4ED9-B2AF-14817689BB3B_tiles.jsonl,TCGA-UY-A78N,Muscularis propria (detrusor muscle),11842,10728
TCGA-UY-A78N-01Z-00-DX1.31873403-A629-4ED9-B2AF-14817689BB3B_tiles.jsonl,TCGA-UY-A78N,Necrosis,368,327
TCGA-UY-A78N-01Z-00-DX1.31873403-A629-4ED9-B2AF-14817689BB3B_tiles.jsonl,TCGA-UY-A78N,Normal urothelium (benign mucosa),1963,1696
TCGA-UY-A78N-01Z-00-DX1.31873403-A629-4ED9-B2AF-14817689BB3B_tiles.jsonl,TCGA-UY-A78N,Perivesical adipose tissue (extravesical fat),9527,9326
TCGA-UY-A78O-01Z-00-DX1.6DDC084F-A086-4B5B-90B6-9C45E842A5FA_tiles.jsonl,TCGA-UY-A78O,Blood vessels (vasculature),9298,8600
TCGA-UY-A78O-01Z-00-DX1.6DDC084F-A086-4B5B-90B6-9C45E842A5FA_tiles.jsonl,TCGA-UY-A78O,Inflammatory infiltrates (immune cells),482,325
TCGA-UY-A78O-01Z-00-DX1.6DDC084F-A086-4B5B-90B6-9C45E842A5FA_tiles.jsonl,TCGA-UY-A78O,Invasive urothelial carcinoma (tumor),29172,28260
TCGA-UY-A78O-01Z-00-DX1.6DDC084F-A086-4B5B-90B6-9C45E842A5FA_tiles.jsonl,TCGA-UY-A78O,Lamina propria (fibrovascular stroma),3704,2981
TCGA-UY-A78O-01Z-00-DX1.6DDC084F-A086-4B5B-90B6-9C45E842A5FA_tiles.jsonl,TCGA-UY-A78O,Muscularis propria (detrusor muscle),6745,5545
TCGA-UY-A78O-01Z-00-DX1.6DDC084F-A086-4B5B-90B6-9C45E842A5FA_tiles.jsonl,TCGA-UY-A78O,Necrosis,7423,7208
TCGA-UY-A78O-01Z-00-DX1.6DDC084F-A086-4B5B-90B6-9C45E842A5FA_tiles.jsonl,TCGA-UY-A78O,Normal urothelium (benign mucosa),10661,9638
TCGA-UY-A78O-01Z-00-DX1.6DDC084F-A086-4B5B-90B6-9C45E842A5FA_tiles.jsonl,TCGA-UY-A78O,Perivesical adipose tissue (extravesical fat),9315,8541
TCGA-UY-A78P-01Z-00-DX1.B6783816-0322-4453-BC80-20ED79A40588_tiles.jsonl,TCGA-UY-A78P,Blood vessels (vasculature),21518,19682
TCGA-UY-A78P-01Z-00-DX1.B6783816-0322-4453-BC80-20ED79A40588_tiles.jsonl,TCGA-UY-A78P,Inflammatory infiltrates (immune cells),1340,1061
TCGA-UY-A78P-01Z-00-DX1.B6783816-0322-4453-BC80-20ED79A40588_tiles.jsonl,TCGA-UY-A78P,Invasive urothelial carcinoma (tumor),6812,6421
TCGA-UY-A78P-01Z-00-DX1.B6783816-0322-4453-BC80-20ED79A40588_tiles.jsonl,TCGA-UY-A78P,Lamina propria (fibrovascular stroma),18473,16337
TCGA-UY-A78P-01Z-00-DX1.B6783816-0322-4453-BC80-20ED79A40588_tiles.jsonl,TCGA-UY-A78P,Muscularis propria (detrusor muscle),16796,13977
TCGA-UY-A78P-01Z-00-DX1.B6783816-0322-4453-BC80-20ED79A40588_tiles.jsonl,TCGA-UY-A78P,Necrosis,1285,1155
TCGA-UY-A78P-01Z-00-DX1.B6783816-0322-4453-BC80-20ED79A40588_tiles.jsonl,TCGA-UY-A78P,Normal urothelium (benign mucosa),21052,18359
TCGA-UY-A78P-01Z-00-DX1.B6783816-0322-4453-BC80-20ED79A40588_tiles.jsonl,TCGA-UY-A78P,Perivesical adipose tissue (extravesical fat),10004,9084
TCGA-UY-A8OB-01Z-00-DX1.9DD447FB-44F0-4FFF-8293-9FF0D54A96A0_tiles.jsonl,TCGA-UY-A8OB,Blood vessels (vasculature),15675,14998
TCGA-UY-A8OB-01Z-00-DX1.9DD447FB-44F0-4FFF-8293-9FF0D54A96A0_tiles.jsonl,TCGA-UY-A8OB,Inflammatory infiltrates (immune cells),1031,808
TCGA-UY-A8OB-01Z-00-DX1.9DD447FB-44F0-4FFF-8293-9FF0D54A96A0_tiles.jsonl,TCGA-UY-A8OB,Invasive urothelial carcinoma (tumor),42889,41944
TCGA-UY-A8OB-01Z-00-DX1.9DD447FB-44F0-4FFF-8293-9FF0D54A96A0_tiles.jsonl,TCGA-UY-A8OB,Lamina propria (fibrovascular stroma),4750,4015
TCGA-UY-A8OB-01Z-00-DX1.9DD447FB-44F0-4FFF-8293-9FF0D54A96A0_tiles.jsonl,TCGA-UY-A8OB,Muscularis propria (detrusor muscle),3909,3234
TCGA-UY-A8OB-01Z-00-DX1.9DD447FB-44F0-4FFF-8293-9FF0D54A96A0_tiles.jsonl,TCGA-UY-A8OB,Necrosis,6926,6540
TCGA-UY-A8OB-01Z-00-DX1.9DD447FB-44F0-4FFF-8293-9FF0D54A96A0_tiles.jsonl,TCGA-UY-A8OB,Normal urothelium (benign mucosa),3413,3159
TCGA-UY-A8OB-01Z-00-DX1.9DD447FB-44F0-4FFF-8293-9FF0D54A96A0_tiles.jsonl,TCGA-UY-A8OB,Perivesical adipose tissue (extravesical fat),8447,8282
TCGA-UY-A8OC-01Z-00-DX1.EE2DF9C6-3CA9-411D-85D4-D1831F14AAFD_tiles.jsonl,TCGA-UY-A8OC,Blood vessels (vasculature),9107,8449
TCGA-UY-A8OC-01Z-00-DX1.EE2DF9C6-3CA9-411D-85D4-D1831F14AAFD_tiles.jsonl,TCGA-UY-A8OC,Inflammatory infiltrates (immune cells),1498,1291
TCGA-UY-A8OC-01Z-00-DX1.EE2DF9C6-3CA9-411D-85D4-D1831F14AAFD_tiles.jsonl,TCGA-UY-A8OC,Invasive urothelial carcinoma (tumor),20188,19696
TCGA-UY-A8OC-01Z-00-DX1.EE2DF9C6-3CA9-411D-85D4-D1831F14AAFD_tiles.jsonl,TCGA-UY-A8OC,Lamina propria (fibrovascular stroma),7459,6529
TCGA-UY-A8OC-01Z-00-DX1.EE2DF9C6-3CA9-411D-85D4-D1831F14AAFD_tiles.jsonl,TCGA-UY-A8OC,Muscularis propria (detrusor muscle),4961,4117
TCGA-UY-A8OC-01Z-00-DX1.EE2DF9C6-3CA9-411D-85D4-D1831F14AAFD_tiles.jsonl,TCGA-UY-A8OC,Necrosis,1966,1861
TCGA-UY-A8OC-01Z-00-DX1.EE2DF9C6-3CA9-411D-85D4-D1831F14AAFD_tiles.jsonl,TCGA-UY-A8OC,Normal urothelium (benign mucosa),6668,5874
TCGA-UY-A8OC-01Z-00-DX1.EE2DF9C6-3CA9-411D-85D4-D1831F14AAFD_tiles.jsonl,TCGA-UY-A8OC,Perivesical adipose tissue (extravesical fat),4473,4149
TCGA-UY-A8OD-01Z-00-DX1.3985C497-D586-4AB9-A635-63A7946C5A2E_tiles.jsonl,TCGA-UY-A8OD,Blood vessels (vasculature),7181,6504
TCGA-UY-A8OD-01Z-00-DX1.3985C497-D586-4AB9-A635-63A7946C5A2E_tiles.jsonl,TCGA-UY-A8OD,Inflammatory infiltrates (immune cells),2054,1821
TCGA-UY-A8OD-01Z-00-DX1.3985C497-D586-4AB9-A635-63A7946C5A2E_tiles.jsonl,TCGA-UY-A8OD,Invasive urothelial carcinoma (tumor),4046,3834
TCGA-UY-A8OD-01Z-00-DX1.3985C497-D586-4AB9-A635-63A7946C5A2E_tiles.jsonl,TCGA-UY-A8OD,Lamina propria (fibrovascular stroma),6388,5411
TCGA-UY-A8OD-01Z-00-DX1.3985C497-D586-4AB9-A635-63A7946C5A2E_tiles.jsonl,TCGA-UY-A8OD,Muscularis propria (detrusor muscle),5207,4220
TCGA-UY-A8OD-01Z-00-DX1.3985C497-D586-4AB9-A635-63A7946C5A2E_tiles.jsonl,TCGA-UY-A8OD,Necrosis,94,82
TCGA-UY-A8OD-01Z-00-DX1.3985C497-D586-4AB9-A635-63A7946C5A2E_tiles.jsonl,TCGA-UY-A8OD,Normal urothelium (benign mucosa),10450,9440
TCGA-UY-A8OD-01Z-00-DX1.3985C497-D586-4AB9-A635-63A7946C5A2E_tiles.jsonl,TCGA-UY-A8OD,Perivesical adipose tissue (extravesical fat),5540,5130
TCGA-UY-A9PA-01Z-00-DX1.A83A79FB-810C-42A4-8EC7-A3328D79542D_tiles.jsonl,TCGA-UY-A9PA,Blood vessels (vasculature),4563,4220
TCGA-UY-A9PA-01Z-00-DX1.A83A79FB-810C-42A4-8EC7-A3328D79542D_tiles.jsonl,TCGA-UY-A9PA,Inflammatory infiltrates (immune cells),2391,2016
TCGA-UY-A9PA-01Z-00-DX1.A83A79FB-810C-42A4-8EC7-A3328D79542D_tiles.jsonl,TCGA-UY-A9PA,Invasive urothelial carcinoma (tumor),46307,45586
TCGA-UY-A9PA-01Z-00-DX1.A83A79FB-810C-42A4-8EC7-A3328D79542D_tiles.jsonl,TCGA-UY-A9PA,Lamina propria (fibrovascular stroma),5821,5089
TCGA-UY-A9PA-01Z-00-DX1.A83A79FB-810C-42A4-8EC7-A3328D79542D_tiles.jsonl,TCGA-UY-A9PA,Muscularis propria (detrusor muscle),10930,9641
TCGA-UY-A9PA-01Z-00-DX1.A83A79FB-810C-42A4-8EC7-A3328D79542D_tiles.jsonl,TCGA-UY-A9PA,Necrosis,13650,13468
TCGA-UY-A9PA-01Z-00-DX1.A83A79FB-810C-42A4-8EC7-A3328D79542D_tiles.jsonl,TCGA-UY-A9PA,Normal urothelium (benign mucosa),7787,7243
TCGA-UY-A9PA-01Z-00-DX1.A83A79FB-810C-42A4-8EC7-A3328D79542D_tiles.jsonl,TCGA-UY-A9PA,Perivesical adipose tissue (extravesical fat),3834,3684
TCGA-UY-A9PB-01Z-00-DX1.4ACBFEEA-703A-47AF-A67D-359B9F027DD0_tiles.jsonl,TCGA-UY-A9PB,Blood vessels (vasculature),9846,9241
TCGA-UY-A9PB-01Z-00-DX1.4ACBFEEA-703A-47AF-A67D-359B9F027DD0_tiles.jsonl,TCGA-UY-A9PB,Inflammatory infiltrates (immune cells),5843,5269
TCGA-UY-A9PB-01Z-00-DX1.4ACBFEEA-703A-47AF-A67D-359B9F027DD0_tiles.jsonl,TCGA-UY-A9PB,Invasive urothelial carcinoma (tumor),7440,6985
TCGA-UY-A9PB-01Z-00-DX1.4ACBFEEA-703A-47AF-A67D-359B9F027DD0_tiles.jsonl,TCGA-UY-A9PB,Lamina propria (fibrovascular stroma),8812,7691
TCGA-UY-A9PB-01Z-00-DX1.4ACBFEEA-703A-47AF-A67D-359B9F027DD0_tiles.jsonl,TCGA-UY-A9PB,Muscularis propria (detrusor muscle),8254,7097
TCGA-UY-A9PB-01Z-00-DX1.4ACBFEEA-703A-47AF-A67D-359B9F027DD0_tiles.jsonl,TCGA-UY-A9PB,Necrosis,2392,2243
TCGA-UY-A9PB-01Z-00-DX1.4ACBFEEA-703A-47AF-A67D-359B9F027DD0_tiles.jsonl,TCGA-UY-A9PB,Normal urothelium (benign mucosa),4021,3564
TCGA-UY-A9PB-01Z-00-DX1.4ACBFEEA-703A-47AF-A67D-359B9F027DD0_tiles.jsonl,TCGA-UY-A9PB,Perivesical adipose tissue (extravesical fat),4592,4430
TCGA-UY-A9PD-01Z-00-DX1.55AF21E3-74DF-4D18-ADA4-A2A12665DF0A_tiles.jsonl,TCGA-UY-A9PD,Blood vessels (vasculature),6757,6173
TCGA-UY-A9PD-01Z-00-DX1.55AF21E3-74DF-4D18-ADA4-A2A12665DF0A_tiles.jsonl,TCGA-UY-A9PD,Inflammatory infiltrates (immune cells),670,531
TCGA-UY-A9PD-01Z-00-DX1.55AF21E3-74DF-4D18-ADA4-A2A12665DF0A_tiles.jsonl,TCGA-UY-A9PD,Invasive urothelial carcinoma (tumor),23822,23361
TCGA-UY-A9PD-01Z-00-DX1.55AF21E3-74DF-4D18-ADA4-A2A12665DF0A_tiles.jsonl,TCGA-UY-A9PD,Lamina propria (fibrovascular stroma),7567,6499
TCGA-UY-A9PD-01Z-00-DX1.55AF21E3-74DF-4D18-ADA4-A2A12665DF0A_tiles.jsonl,TCGA-UY-A9PD,Muscularis propria (detrusor muscle),8064,6834
TCGA-UY-A9PD-01Z-00-DX1.55AF21E3-74DF-4D18-ADA4-A2A12665DF0A_tiles.jsonl,TCGA-UY-A9PD,Necrosis,2506,2416
TCGA-UY-A9PD-01Z-00-DX1.55AF21E3-74DF-4D18-ADA4-A2A12665DF0A_tiles.jsonl,TCGA-UY-A9PD,Normal urothelium (benign mucosa),12262,11326
TCGA-UY-A9PD-01Z-00-DX1.55AF21E3-74DF-4D18-ADA4-A2A12665DF0A_tiles.jsonl,TCGA-UY-A9PD,Perivesical adipose tissue (extravesical fat),4912,4679
TCGA-UY-A9PE-01Z-00-DX1.19205347-9969-475E-9293-E99D4833E462_tiles.jsonl,TCGA-UY-A9PE,Blood vessels (vasculature),8098,7476
TCGA-UY-A9PE-01Z-00-DX1.19205347-9969-475E-9293-E99D4833E462_tiles.jsonl,TCGA-UY-A9PE,Inflammatory infiltrates (immune cells),1017,810
TCGA-UY-A9PE-01Z-00-DX1.19205347-9969-475E-9293-E99D4833E462_tiles.jsonl,TCGA-UY-A9PE,Invasive urothelial carcinoma (tumor),25578,24769
TCGA-UY-A9PE-01Z-00-DX1.19205347-9969-475E-9293-E99D4833E462_tiles.jsonl,TCGA-UY-A9PE,Lamina propria (fibrovascular stroma),15162,13730
TCGA-UY-A9PE-01Z-00-DX1.19205347-9969-475E-9293-E99D4833E462_tiles.jsonl,TCGA-UY-A9PE,Muscularis propria (detrusor muscle),9867,8545
TCGA-UY-A9PE-01Z-00-DX1.19205347-9969-475E-9293-E99D4833E462_tiles.jsonl,TCGA-UY-A9PE,Necrosis,847,794
TCGA-UY-A9PE-01Z-00-DX1.19205347-9969-475E-9293-E99D4833E462_tiles.jsonl,TCGA-UY-A9PE,Normal urothelium (benign mucosa),3726,3195
TCGA-UY-A9PE-01Z-00-DX1.19205347-9969-475E-9293-E99D4833E462_tiles.jsonl,TCGA-UY-A9PE,Perivesical adipose tissue (extravesical fat),2265,2099
TCGA-UY-A9PF-01Z-00-DX1.8A5B3826-48D2-42AE-A4DE-C0BB90134FCB_tiles.jsonl,TCGA-UY-A9PF,Blood vessels (vasculature),6100,5608
TCGA-UY-A9PF-01Z-00-DX1.8A5B3826-48D2-42AE-A4DE-C0BB90134FCB_tiles.jsonl,TCGA-UY-A9PF,Inflammatory infiltrates (immune cells),868,721
TCGA-UY-A9PF-01Z-00-DX1.8A5B3826-48D2-42AE-A4DE-C0BB90134FCB_tiles.jsonl,TCGA-UY-A9PF,Invasive urothelial carcinoma (tumor),2285,2051
TCGA-UY-A9PF-01Z-00-DX1.8A5B3826-48D2-42AE-A4DE-C0BB90134FCB_tiles.jsonl,TCGA-UY-A9PF,Lamina propria (fibrovascular stroma),18808,17546
TCGA-UY-A9PF-01Z-00-DX1.8A5B3826-48D2-42AE-A4DE-C0BB90134FCB_tiles.jsonl,TCGA-UY-A9PF,Muscularis propria (detrusor muscle),3828,3083
TCGA-UY-A9PF-01Z-00-DX1.8A5B3826-48D2-42AE-A4DE-C0BB90134FCB_tiles.jsonl,TCGA-UY-A9PF,Necrosis,144,135
TCGA-UY-A9PF-01Z-00-DX1.8A5B3826-48D2-42AE-A4DE-C0BB90134FCB_tiles.jsonl,TCGA-UY-A9PF,Normal urothelium (benign mucosa),5278,4597
TCGA-UY-A9PF-01Z-00-DX1.8A5B3826-48D2-42AE-A4DE-C0BB90134FCB_tiles.jsonl,TCGA-UY-A9PF,Perivesical adipose tissue (extravesical fat),8769,8376
TCGA-UY-A9PH-01Z-00-DX1.7FAA1EC7-C2BB-47E0-BCEB-5D4095078B2E_tiles.jsonl,TCGA-UY-A9PH,Blood vessels (vasculature),8696,7952
TCGA-UY-A9PH-01Z-00-DX1.7FAA1EC7-C2BB-47E0-BCEB-5D4095078B2E_tiles.jsonl,TCGA-UY-A9PH,Inflammatory infiltrates (immune cells),1303,1059
TCGA-UY-A9PH-01Z-00-DX1.7FAA1EC7-C2BB-47E0-BCEB-5D4095078B2E_tiles.jsonl,TCGA-UY-A9PH,Invasive urothelial carcinoma (tumor),19976,18768
TCGA-UY-A9PH-01Z-00-DX1.7FAA1EC7-C2BB-47E0-BCEB-5D4095078B2E_tiles.jsonl,TCGA-UY-A9PH,Lamina propria (fibrovascular stroma),13634,10930
TCGA-UY-A9PH-01Z-00-DX1.7FAA1EC7-C2BB-47E0-BCEB-5D4095078B2E_tiles.jsonl,TCGA-UY-A9PH,Muscularis propria (detrusor muscle),9064,6915
TCGA-UY-A9PH-01Z-00-DX1.7FAA1EC7-C2BB-47E0-BCEB-5D4095078B2E_tiles.jsonl,TCGA-UY-A9PH,Necrosis,251,220
TCGA-UY-A9PH-01Z-00-DX1.7FAA1EC7-C2BB-47E0-BCEB-5D4095078B2E_tiles.jsonl,TCGA-UY-A9PH,Normal urothelium (benign mucosa),12578,10435
TCGA-UY-A9PH-01Z-00-DX1.7FAA1EC7-C2BB-47E0-BCEB-5D4095078B2E_tiles.jsonl,TCGA-UY-A9PH,Perivesical adipose tissue (extravesical fat),1058,871
TCGA-XF-A8HB-01Z-00-DX1.D6874152-D20A-4CA4-8E8B-8CBAB5F7D7B5_tiles.jsonl,TCGA-XF-A8HB,Blood vessels (vasculature),11301,10599
TCGA-XF-A8HB-01Z-00-DX1.D6874152-D20A-4CA4-8E8B-8CBAB5F7D7B5_tiles.jsonl,TCGA-XF-A8HB,Inflammatory infiltrates (immune cells),165,143
TCGA-XF-A8HB-01Z-00-DX1.D6874152-D20A-4CA4-8E8B-8CBAB5F7D7B5_tiles.jsonl,TCGA-XF-A8HB,Invasive urothelial carcinoma (tumor),562,509
TCGA-XF-A8HB-01Z-00-DX1.D6874152-D20A-4CA4-8E8B-8CBAB5F7D7B5_tiles.jsonl,TCGA-XF-A8HB,Lamina propria (fibrovascular stroma),5880,5114
TCGA-XF-A8HB-01Z-00-DX1.D6874152-D20A-4CA4-8E8B-8CBAB5F7D7B5_tiles.jsonl,TCGA-XF-A8HB,Muscularis propria (detrusor muscle),3266,2619
TCGA-XF-A8HB-01Z-00-DX1.D6874152-D20A-4CA4-8E8B-8CBAB5F7D7B5_tiles.jsonl,TCGA-XF-A8HB,Necrosis,39,36
TCGA-XF-A8HB-01Z-00-DX1.D6874152-D20A-4CA4-8E8B-8CBAB5F7D7B5_tiles.jsonl,TCGA-XF-A8HB,Normal urothelium (benign mucosa),12535,11644
TCGA-XF-A8HB-01Z-00-DX1.D6874152-D20A-4CA4-8E8B-8CBAB5F7D7B5_tiles.jsonl,TCGA-XF-A8HB,Perivesical adipose tissue (extravesical fat),7212,6803
TCGA-XF-A8HC-01Z-00-DX1.BF199254-2954-4836-B037-E10493275D8C_tiles.jsonl,TCGA-XF-A8HC,Blood vessels (vasculature),14181,12974
TCGA-XF-A8HC-01Z-00-DX1.BF199254-2954-4836-B037-E10493275D8C_tiles.jsonl,TCGA-XF-A8HC,Inflammatory infiltrates (immune cells),191,122
TCGA-XF-A8HC-01Z-00-DX1.BF199254-2954-4836-B037-E10493275D8C_tiles.jsonl,TCGA-XF-A8HC,Invasive urothelial carcinoma (tumor),17142,16715
TCGA-XF-A8HC-01Z-00-DX1.BF199254-2954-4836-B037-E10493275D8C_tiles.jsonl,TCGA-XF-A8HC,Lamina propria (fibrovascular stroma),3077,2412
TCGA-XF-A8HC-01Z-00-DX1.BF199254-2954-4836-B037-E10493275D8C_tiles.jsonl,TCGA-XF-A8HC,Muscularis propria (detrusor muscle),4920,3923
TCGA-XF-A8HC-01Z-00-DX1.BF199254-2954-4836-B037-E10493275D8C_tiles.jsonl,TCGA-XF-A8HC,Necrosis,124,116
TCGA-XF-A8HC-01Z-00-DX1.BF199254-2954-4836-B037-E10493275D8C_tiles.jsonl,TCGA-XF-A8HC,Normal urothelium (benign mucosa),19871,18431
TCGA-XF-A8HC-01Z-00-DX1.BF199254-2954-4836-B037-E10493275D8C_tiles.jsonl,TCGA-XF-A8HC,Perivesical adipose tissue (extravesical fat),7054,6493
TCGA-XF-A8HD-01Z-00-DX1.809538C0-0D52-4DA5-AA7D-EDA7B363BF36_tiles.jsonl,TCGA-XF-A8HD,Blood vessels (vasculature),6169,5583
TCGA-XF-A8HD-01Z-00-DX1.809538C0-0D52-4DA5-AA7D-EDA7B363BF36_tiles.jsonl,TCGA-XF-A8HD,Inflammatory infiltrates (immune cells),540,398
TCGA-XF-A8HD-01Z-00-DX1.809538C0-0D52-4DA5-AA7D-EDA7B363BF36_tiles.jsonl,TCGA-XF-A8HD,Invasive urothelial carcinoma (tumor),35690,35443
TCGA-XF-A8HD-01Z-00-DX1.809538C0-0D52-4DA5-AA7D-EDA7B363BF36_tiles.jsonl,TCGA-XF-A8HD,Lamina propria (fibrovascular stroma),4437,3847
TCGA-XF-A8HD-01Z-00-DX1.809538C0-0D52-4DA5-AA7D-EDA7B363BF36_tiles.jsonl,TCGA-XF-A8HD,Muscularis propria (detrusor muscle),1515,1097
TCGA-XF-A8HD-01Z-00-DX1.809538C0-0D52-4DA5-AA7D-EDA7B363BF36_tiles.jsonl,TCGA-XF-A8HD,Necrosis,5706,5560
TCGA-XF-A8HD-01Z-00-DX1.809538C0-0D52-4DA5-AA7D-EDA7B363BF36_tiles.jsonl,TCGA-XF-A8HD,Normal urothelium (benign mucosa),1730,1499
TCGA-XF-A8HD-01Z-00-DX1.809538C0-0D52-4DA5-AA7D-EDA7B363BF36_tiles.jsonl,TCGA-XF-A8HD,Perivesical adipose tissue (extravesical fat),5653,5359
TCGA-XF-A8HE-01Z-00-DX1.A0E05485-2A24-4BD0-8B2F-E0D9641ADD9F_tiles.jsonl,TCGA-XF-A8HE,Blood vessels (vasculature),6822,6071
TCGA-XF-A8HE-01Z-00-DX1.A0E05485-2A24-4BD0-8B2F-E0D9641ADD9F_tiles.jsonl,TCGA-XF-A8HE,Inflammatory infiltrates (immune cells),1276,1024
TCGA-XF-A8HE-01Z-00-DX1.A0E05485-2A24-4BD0-8B2F-E0D9641ADD9F_tiles.jsonl,TCGA-XF-A8HE,Invasive urothelial carcinoma (tumor),20725,19931
TCGA-XF-A8HE-01Z-00-DX1.A0E05485-2A24-4BD0-8B2F-E0D9641ADD9F_tiles.jsonl,TCGA-XF-A8HE,Lamina propria (fibrovascular stroma),10946,9695
TCGA-XF-A8HE-01Z-00-DX1.A0E05485-2A24-4BD0-8B2F-E0D9641ADD9F_tiles.jsonl,TCGA-XF-A8HE,Muscularis propria (detrusor muscle),11080,9355
TCGA-XF-A8HE-01Z-00-DX1.A0E05485-2A24-4BD0-8B2F-E0D9641ADD9F_tiles.jsonl,TCGA-XF-A8HE,Necrosis,3289,3060
TCGA-XF-A8HE-01Z-00-DX1.A0E05485-2A24-4BD0-8B2F-E0D9641ADD9F_tiles.jsonl,TCGA-XF-A8HE,Normal urothelium (benign mucosa),3031,2699
TCGA-XF-A8HE-01Z-00-DX1.A0E05485-2A24-4BD0-8B2F-E0D9641ADD9F_tiles.jsonl,TCGA-XF-A8HE,Perivesical adipose tissue (extravesical fat),4271,3839
TCGA-XF-A8HF-01Z-00-DX1.119AB9B9-73CE-4DE3-B305-4872F704E3E4_tiles.jsonl,TCGA-XF-A8HF,Blood vessels (vasculature),17678,16633
TCGA-XF-A8HF-01Z-00-DX1.119AB9B9-73CE-4DE3-B305-4872F704E3E4_tiles.jsonl,TCGA-XF-A8HF,Inflammatory infiltrates (immune cells),738,596
TCGA-XF-A8HF-01Z-00-DX1.119AB9B9-73CE-4DE3-B305-4872F704E3E4_tiles.jsonl,TCGA-XF-A8HF,Invasive urothelial carcinoma (tumor),37183,36570
TCGA-XF-A8HF-01Z-00-DX1.119AB9B9-73CE-4DE3-B305-4872F704E3E4_tiles.jsonl,TCGA-XF-A8HF,Lamina propria (fibrovascular stroma),11368,10419
TCGA-XF-A8HF-01Z-00-DX1.119AB9B9-73CE-4DE3-B305-4872F704E3E4_tiles.jsonl,TCGA-XF-A8HF,Muscularis propria (detrusor muscle),4007,3315
TCGA-XF-A8HF-01Z-00-DX1.119AB9B9-73CE-4DE3-B305-4872F704E3E4_tiles.jsonl,TCGA-XF-A8HF,Necrosis,2298,2125
TCGA-XF-A8HF-01Z-00-DX1.119AB9B9-73CE-4DE3-B305-4872F704E3E4_tiles.jsonl,TCGA-XF-A8HF,Normal urothelium (benign mucosa),6383,6079
TCGA-XF-A8HF-01Z-00-DX1.119AB9B9-73CE-4DE3-B305-4872F704E3E4_tiles.jsonl,TCGA-XF-A8HF,Perivesical adipose tissue (extravesical fat),7385,6945
TCGA-XF-A8HG-01Z-00-DX1.9D3970D1-C598-4F4C-ABBD-92C55C7C837A_tiles.jsonl,TCGA-XF-A8HG,Blood vessels (vasculature),12959,11805
TCGA-XF-A8HG-01Z-00-DX1.9D3970D1-C598-4F4C-ABBD-92C55C7C837A_tiles.jsonl,TCGA-XF-A8HG,Inflammatory infiltrates (immune cells),151,115
TCGA-XF-A8HG-01Z-00-DX1.9D3970D1-C598-4F4C-ABBD-92C55C7C837A_tiles.jsonl,TCGA-XF-A8HG,Invasive urothelial carcinoma (tumor),15461,14473
TCGA-XF-A8HG-01Z-00-DX1.9D3970D1-C598-4F4C-ABBD-92C55C7C837A_tiles.jsonl,TCGA-XF-A8HG,Lamina propria (fibrovascular stroma),7146,6031
TCGA-XF-A8HG-01Z-00-DX1.9D3970D1-C598-4F4C-ABBD-92C55C7C837A_tiles.jsonl,TCGA-XF-A8HG,Muscularis propria (detrusor muscle),5898,4554
TCGA-XF-A8HG-01Z-00-DX1.9D3970D1-C598-4F4C-ABBD-92C55C7C837A_tiles.jsonl,TCGA-XF-A8HG,Necrosis,367,294
TCGA-XF-A8HG-01Z-00-DX1.9D3970D1-C598-4F4C-ABBD-92C55C7C837A_tiles.jsonl,TCGA-XF-A8HG,Normal urothelium (benign mucosa),13909,12787
TCGA-XF-A8HG-01Z-00-DX1.9D3970D1-C598-4F4C-ABBD-92C55C7C837A_tiles.jsonl,TCGA-XF-A8HG,Perivesical adipose tissue (extravesical fat),10669,9993
TCGA-XF-A8HH-01Z-00-DX1.22E9DD6D-F231-422F-A349-9FF60B65D50E_tiles.jsonl,TCGA-XF-A8HH,Blood vessels (vasculature),16297,14271
TCGA-XF-A8HH-01Z-00-DX1.22E9DD6D-F231-422F-A349-9FF60B65D50E_tiles.jsonl,TCGA-XF-A8HH,Inflammatory infiltrates (immune cells),636,535
TCGA-XF-A8HH-01Z-00-DX1.22E9DD6D-F231-422F-A349-9FF60B65D50E_tiles.jsonl,TCGA-XF-A8HH,Invasive urothelial carcinoma (tumor),10083,9715
TCGA-XF-A8HH-01Z-00-DX1.22E9DD6D-F231-422F-A349-9FF60B65D50E_tiles.jsonl,TCGA-XF-A8HH,Lamina propria (fibrovascular stroma),14624,12199
TCGA-XF-A8HH-01Z-00-DX1.22E9DD6D-F231-422F-A349-9FF60B65D50E_tiles.jsonl,TCGA-XF-A8HH,Muscularis propria (detrusor muscle),7224,5639
TCGA-XF-A8HH-01Z-00-DX1.22E9DD6D-F231-422F-A349-9FF60B65D50E_tiles.jsonl,TCGA-XF-A8HH,Necrosis,682,625
TCGA-XF-A8HH-01Z-00-DX1.22E9DD6D-F231-422F-A349-9FF60B65D50E_tiles.jsonl,TCGA-XF-A8HH,Normal urothelium (benign mucosa),21694,19055
TCGA-XF-A8HH-01Z-00-DX1.22E9DD6D-F231-422F-A349-9FF60B65D50E_tiles.jsonl,TCGA-XF-A8HH,Perivesical adipose tissue (extravesical fat),5560,5015
TCGA-XF-A8HI-01Z-00-DX1.1BA3EF33-D4D5-4213-833D-A7F8C0EFFF02_tiles.jsonl,TCGA-XF-A8HI,Blood vessels (vasculature),11617,10573
TCGA-XF-A8HI-01Z-00-DX1.1BA3EF33-D4D5-4213-833D-A7F8C0EFFF02_tiles.jsonl,TCGA-XF-A8HI,Inflammatory infiltrates (immune cells),449,370
TCGA-XF-A8HI-01Z-00-DX1.1BA3EF33-D4D5-4213-833D-A7F8C0EFFF02_tiles.jsonl,TCGA-XF-A8HI,Invasive urothelial carcinoma (tumor),41387,40526
TCGA-XF-A8HI-01Z-00-DX1.1BA3EF33-D4D5-4213-833D-A7F8C0EFFF02_tiles.jsonl,TCGA-XF-A8HI,Lamina propria (fibrovascular stroma),11202,9569
TCGA-XF-A8HI-01Z-00-DX1.1BA3EF33-D4D5-4213-833D-A7F8C0EFFF02_tiles.jsonl,TCGA-XF-A8HI,Muscularis propria (detrusor muscle),5579,4402
TCGA-XF-A8HI-01Z-00-DX1.1BA3EF33-D4D5-4213-833D-A7F8C0EFFF02_tiles.jsonl,TCGA-XF-A8HI,Necrosis,508,465
TCGA-XF-A8HI-01Z-00-DX1.1BA3EF33-D4D5-4213-833D-A7F8C0EFFF02_tiles.jsonl,TCGA-XF-A8HI,Normal urothelium (benign mucosa),9048,8043
TCGA-XF-A8HI-01Z-00-DX1.1BA3EF33-D4D5-4213-833D-A7F8C0EFFF02_tiles.jsonl,TCGA-XF-A8HI,Perivesical adipose tissue (extravesical fat),2130,1953
TCGA-XF-A9SG-01Z-00-DX1.6D50B71D-9736-46F9-B527-63565FC65AF2_tiles.jsonl,TCGA-XF-A9SG,Blood vessels (vasculature),5112,4876
TCGA-XF-A9SG-01Z-00-DX1.6D50B71D-9736-46F9-B527-63565FC65AF2_tiles.jsonl,TCGA-XF-A9SG,Inflammatory infiltrates (immune cells),20,11
TCGA-XF-A9SG-01Z-00-DX1.6D50B71D-9736-46F9-B527-63565FC65AF2_tiles.jsonl,TCGA-XF-A9SG,Invasive urothelial carcinoma (tumor),14007,13687
TCGA-XF-A9SG-01Z-00-DX1.6D50B71D-9736-46F9-B527-63565FC65AF2_tiles.jsonl,TCGA-XF-A9SG,Lamina propria (fibrovascular stroma),161,131
TCGA-XF-A9SG-01Z-00-DX1.6D50B71D-9736-46F9-B527-63565FC65AF2_tiles.jsonl,TCGA-XF-A9SG,Muscularis propria (detrusor muscle),317,240
TCGA-XF-A9SG-01Z-00-DX1.6D50B71D-9736-46F9-B527-63565FC65AF2_tiles.jsonl,TCGA-XF-A9SG,Necrosis,9338,9055
TCGA-XF-A9SG-01Z-00-DX1.6D50B71D-9736-46F9-B527-63565FC65AF2_tiles.jsonl,TCGA-XF-A9SG,Normal urothelium (benign mucosa),1492,1368
TCGA-XF-A9SG-01Z-00-DX1.6D50B71D-9736-46F9-B527-63565FC65AF2_tiles.jsonl,TCGA-XF-A9SG,Perivesical adipose tissue (extravesical fat),273,253
TCGA-XF-A9SH-01Z-00-DX1.B1E33049-ABB8-4F2F-9D2D-503E48B8CDE5_tiles.jsonl,TCGA-XF-A9SH,Blood vessels (vasculature),7437,6844
TCGA-XF-A9SH-01Z-00-DX1.B1E33049-ABB8-4F2F-9D2D-503E48B8CDE5_tiles.jsonl,TCGA-XF-A9SH,Inflammatory infiltrates (immune cells),629,495
TCGA-XF-A9SH-01Z-00-DX1.B1E33049-ABB8-4F2F-9D2D-503E48B8CDE5_tiles.jsonl,TCGA-XF-A9SH,Invasive urothelial carcinoma (tumor),13218,13047
TCGA-XF-A9SH-01Z-00-DX1.B1E33049-ABB8-4F2F-9D2D-503E48B8CDE5_tiles.jsonl,TCGA-XF-A9SH,Lamina propria (fibrovascular stroma),3392,2761
TCGA-XF-A9SH-01Z-00-DX1.B1E33049-ABB8-4F2F-9D2D-503E48B8CDE5_tiles.jsonl,TCGA-XF-A9SH,Muscularis propria (detrusor muscle),3055,2472
TCGA-XF-A9SH-01Z-00-DX1.B1E33049-ABB8-4F2F-9D2D-503E48B8CDE5_tiles.jsonl,TCGA-XF-A9SH,Necrosis,47,37
TCGA-XF-A9SH-01Z-00-DX1.B1E33049-ABB8-4F2F-9D2D-503E48B8CDE5_tiles.jsonl,TCGA-XF-A9SH,Normal urothelium (benign mucosa),6347,5636
TCGA-XF-A9SH-01Z-00-DX1.B1E33049-ABB8-4F2F-9D2D-503E48B8CDE5_tiles.jsonl,TCGA-XF-A9SH,Perivesical adipose tissue (extravesical fat),1715,1502
TCGA-XF-A9SI-01Z-00-DX1.537F0394-40FE-4CB7-8524-7BC34F624C15_tiles.jsonl,TCGA-XF-A9SI,Blood vessels (vasculature),11060,10232
TCGA-XF-A9SI-01Z-00-DX1.537F0394-40FE-4CB7-8524-7BC34F624C15_tiles.jsonl,TCGA-XF-A9SI,Inflammatory infiltrates (immune cells),3006,2373
TCGA-XF-A9SI-01Z-00-DX1.537F0394-40FE-4CB7-8524-7BC34F624C15_tiles.jsonl,TCGA-XF-A9SI,Invasive urothelial carcinoma (tumor),16268,15490
TCGA-XF-A9SI-01Z-00-DX1.537F0394-40FE-4CB7-8524-7BC34F624C15_tiles.jsonl,TCGA-XF-A9SI,Lamina propria (fibrovascular stroma),9973,8353
TCGA-XF-A9SI-01Z-00-DX1.537F0394-40FE-4CB7-8524-7BC34F624C15_tiles.jsonl,TCGA-XF-A9SI,Muscularis propria (detrusor muscle),9762,7960
TCGA-XF-A9SI-01Z-00-DX1.537F0394-40FE-4CB7-8524-7BC34F624C15_tiles.jsonl,TCGA-XF-A9SI,Necrosis,583,472
TCGA-XF-A9SI-01Z-00-DX1.537F0394-40FE-4CB7-8524-7BC34F624C15_tiles.jsonl,TCGA-XF-A9SI,Normal urothelium (benign mucosa),11459,10041
TCGA-XF-A9SI-01Z-00-DX1.537F0394-40FE-4CB7-8524-7BC34F624C15_tiles.jsonl,TCGA-XF-A9SI,Perivesical adipose tissue (extravesical fat),9569,8719
TCGA-XF-A9SJ-01Z-00-DX1.AED4FF1B-441D-47EE-B7E5-CC6C595D3D98_tiles.jsonl,TCGA-XF-A9SJ,Blood vessels (vasculature),8892,8284
TCGA-XF-A9SJ-01Z-00-DX1.AED4FF1B-441D-47EE-B7E5-CC6C595D3D98_tiles.jsonl,TCGA-XF-A9SJ,Inflammatory infiltrates (immune cells),452,345
TCGA-XF-A9SJ-01Z-00-DX1.AED4FF1B-441D-47EE-B7E5-CC6C595D3D98_tiles.jsonl,TCGA-XF-A9SJ,Invasive urothelial carcinoma (tumor),29844,29140
TCGA-XF-A9SJ-01Z-00-DX1.AED4FF1B-441D-47EE-B7E5-CC6C595D3D98_tiles.jsonl,TCGA-XF-A9SJ,Lamina propria (fibrovascular stroma),2647,2207
TCGA-XF-A9SJ-01Z-00-DX1.AED4FF1B-441D-47EE-B7E5-CC6C595D3D98_tiles.jsonl,TCGA-XF-A9SJ,Muscularis propria (detrusor muscle),12623,11523
TCGA-XF-A9SJ-01Z-00-DX1.AED4FF1B-441D-47EE-B7E5-CC6C595D3D98_tiles.jsonl,TCGA-XF-A9SJ,Necrosis,4958,4632
TCGA-XF-A9SJ-01Z-00-DX1.AED4FF1B-441D-47EE-B7E5-CC6C595D3D98_tiles.jsonl,TCGA-XF-A9SJ,Normal urothelium (benign mucosa),2459,2141
TCGA-XF-A9SJ-01Z-00-DX1.AED4FF1B-441D-47EE-B7E5-CC6C595D3D98_tiles.jsonl,TCGA-XF-A9SJ,Perivesical adipose tissue (extravesical fat),14925,14465
TCGA-XF-A9SK-01Z-00-DX1.1D198106-323F-463B-832B-CB3A03E7B343_tiles.jsonl,TCGA-XF-A9SK,Blood vessels (vasculature),4426,4129
TCGA-XF-A9SK-01Z-00-DX1.1D198106-323F-463B-832B-CB3A03E7B343_tiles.jsonl,TCGA-XF-A9SK,Inflammatory infiltrates (immune cells),1365,1103
TCGA-XF-A9SK-01Z-00-DX1.1D198106-323F-463B-832B-CB3A03E7B343_tiles.jsonl,TCGA-XF-A9SK,Invasive urothelial carcinoma (tumor),33898,33383
TCGA-XF-A9SK-01Z-00-DX1.1D198106-323F-463B-832B-CB3A03E7B343_tiles.jsonl,TCGA-XF-A9SK,Lamina propria (fibrovascular stroma),5531,4854
TCGA-XF-A9SK-01Z-00-DX1.1D198106-323F-463B-832B-CB3A03E7B343_tiles.jsonl,TCGA-XF-A9SK,Muscularis propria (detrusor muscle),8933,7953
TCGA-XF-A9SK-01Z-00-DX1.1D198106-323F-463B-832B-CB3A03E7B343_tiles.jsonl,TCGA-XF-A9SK,Necrosis,639,559
TCGA-XF-A9SK-01Z-00-DX1.1D198106-323F-463B-832B-CB3A03E7B343_tiles.jsonl,TCGA-XF-A9SK,Normal urothelium (benign mucosa),2625,2384
TCGA-XF-A9SK-01Z-00-DX1.1D198106-323F-463B-832B-CB3A03E7B343_tiles.jsonl,TCGA-XF-A9SK,Perivesical adipose tissue (extravesical fat),9143,8922
TCGA-XF-A9SL-01Z-00-DX1.AA56A70C-28E1-4140-9B15-72AB0D5051A6_tiles.jsonl,TCGA-XF-A9SL,Blood vessels (vasculature),14116,13449
TCGA-XF-A9SL-01Z-00-DX1.AA56A70C-28E1-4140-9B15-72AB0D5051A6_tiles.jsonl,TCGA-XF-A9SL,Inflammatory infiltrates (immune cells),297,237
TCGA-XF-A9SL-01Z-00-DX1.AA56A70C-28E1-4140-9B15-72AB0D5051A6_tiles.jsonl,TCGA-XF-A9SL,Invasive urothelial carcinoma (tumor),1084,974
TCGA-XF-A9SL-01Z-00-DX1.AA56A70C-28E1-4140-9B15-72AB0D5051A6_tiles.jsonl,TCGA-XF-A9SL,Lamina propria (fibrovascular stroma),2590,2171
TCGA-XF-A9SL-01Z-00-DX1.AA56A70C-28E1-4140-9B15-72AB0D5051A6_tiles.jsonl,TCGA-XF-A9SL,Muscularis propria (detrusor muscle),4202,3531
TCGA-XF-A9SL-01Z-00-DX1.AA56A70C-28E1-4140-9B15-72AB0D5051A6_tiles.jsonl,TCGA-XF-A9SL,Necrosis,112,101
TCGA-XF-A9SL-01Z-00-DX1.AA56A70C-28E1-4140-9B15-72AB0D5051A6_tiles.jsonl,TCGA-XF-A9SL,Normal urothelium (benign mucosa),19661,18852
TCGA-XF-A9SL-01Z-00-DX1.AA56A70C-28E1-4140-9B15-72AB0D5051A6_tiles.jsonl,TCGA-XF-A9SL,Perivesical adipose tissue (extravesical fat),9138,8748
TCGA-XF-A9SM-01Z-00-DX1.7AADC753-E07E-44A5-91EC-D1740ED5A168_tiles.jsonl,TCGA-XF-A9SM,Blood vessels (vasculature),4231,3921
TCGA-XF-A9SM-01Z-00-DX1.7AADC753-E07E-44A5-91EC-D1740ED5A168_tiles.jsonl,TCGA-XF-A9SM,Inflammatory infiltrates (immune cells),2201,1861
TCGA-XF-A9SM-01Z-00-DX1.7AADC753-E07E-44A5-91EC-D1740ED5A168_tiles.jsonl,TCGA-XF-A9SM,Invasive urothelial carcinoma (tumor),25078,24500
TCGA-XF-A9SM-01Z-00-DX1.7AADC753-E07E-44A5-91EC-D1740ED5A168_tiles.jsonl,TCGA-XF-A9SM,Lamina propria (fibrovascular stroma),4861,4044
TCGA-XF-A9SM-01Z-00-DX1.7AADC753-E07E-44A5-91EC-D1740ED5A168_tiles.jsonl,TCGA-XF-A9SM,Muscularis propria (detrusor muscle),4442,3663
TCGA-XF-A9SM-01Z-00-DX1.7AADC753-E07E-44A5-91EC-D1740ED5A168_tiles.jsonl,TCGA-XF-A9SM,Necrosis,10747,10627
TCGA-XF-A9SM-01Z-00-DX1.7AADC753-E07E-44A5-91EC-D1740ED5A168_tiles.jsonl,TCGA-XF-A9SM,Normal urothelium (benign mucosa),5937,5561
TCGA-XF-A9SM-01Z-00-DX1.7AADC753-E07E-44A5-91EC-D1740ED5A168_tiles.jsonl,TCGA-XF-A9SM,Perivesical adipose tissue (extravesical fat),9063,8646
TCGA-XF-A9SP-01Z-00-DX1.7F3BF700-89AD-4045-AFCD-C94F1F959B41_tiles.jsonl,TCGA-XF-A9SP,Blood vessels (vasculature),10680,9921
TCGA-XF-A9SP-01Z-00-DX1.7F3BF700-89AD-4045-AFCD-C94F1F959B41_tiles.jsonl,TCGA-XF-A9SP,Inflammatory infiltrates (immune cells),876,701
TCGA-XF-A9SP-01Z-00-DX1.7F3BF700-89AD-4045-AFCD-C94F1F959B41_tiles.jsonl,TCGA-XF-A9SP,Invasive urothelial carcinoma (tumor),14278,13850
TCGA-XF-A9SP-01Z-00-DX1.7F3BF700-89AD-4045-AFCD-C94F1F959B41_tiles.jsonl,TCGA-XF-A9SP,Lamina propria (fibrovascular stroma),8883,7843
TCGA-XF-A9SP-01Z-00-DX1.7F3BF700-89AD-4045-AFCD-C94F1F959B41_tiles.jsonl,TCGA-XF-A9SP,Muscularis propria (detrusor muscle),6328,5240
TCGA-XF-A9SP-01Z-00-DX1.7F3BF700-89AD-4045-AFCD-C94F1F959B41_tiles.jsonl,TCGA-XF-A9SP,Necrosis,400,340
TCGA-XF-A9SP-01Z-00-DX1.7F3BF700-89AD-4045-AFCD-C94F1F959B41_tiles.jsonl,TCGA-XF-A9SP,Normal urothelium (benign mucosa),8515,7794
TCGA-XF-A9SP-01Z-00-DX1.7F3BF700-89AD-4045-AFCD-C94F1F959B41_tiles.jsonl,TCGA-XF-A9SP,Perivesical adipose tissue (extravesical fat),6360,6018
TCGA-XF-A9ST-01Z-00-DX1.C135C4EB-6A64-4B9E-A8A0-87B72594568C_tiles.jsonl,TCGA-XF-A9ST,Blood vessels (vasculature),9607,9287
TCGA-XF-A9ST-01Z-00-DX1.C135C4EB-6A64-4B9E-A8A0-87B72594568C_tiles.jsonl,TCGA-XF-A9ST,Inflammatory infiltrates (immune cells),135,91
TCGA-XF-A9ST-01Z-00-DX1.C135C4EB-6A64-4B9E-A8A0-87B72594568C_tiles.jsonl,TCGA-XF-A9ST,Invasive urothelial carcinoma (tumor),2712,2588
TCGA-XF-A9ST-01Z-00-DX1.C135C4EB-6A64-4B9E-A8A0-87B72594568C_tiles.jsonl,TCGA-XF-A9ST,Lamina propria (fibrovascular stroma),1,1
TCGA-XF-A9ST-01Z-00-DX1.C135C4EB-6A64-4B9E-A8A0-87B72594568C_tiles.jsonl,TCGA-XF-A9ST,Muscularis propria (detrusor muscle),95,64
TCGA-XF-A9ST-01Z-00-DX1.C135C4EB-6A64-4B9E-A8A0-87B72594568C_tiles.jsonl,TCGA-XF-A9ST,Necrosis,16322,15997
TCGA-XF-A9ST-01Z-00-DX1.C135C4EB-6A64-4B9E-A8A0-87B72594568C_tiles.jsonl,TCGA-XF-A9ST,Normal urothelium (benign mucosa),1539,1314
TCGA-XF-A9ST-01Z-00-DX1.C135C4EB-6A64-4B9E-A8A0-87B72594568C_tiles.jsonl,TCGA-XF-A9ST,Perivesical adipose tissue (extravesical fat),309,271
TCGA-XF-A9SU-01Z-00-DX1.35E2DDBE-5BB9-443B-A3D5-20F77D1C6B92_tiles.jsonl,TCGA-XF-A9SU,Blood vessels (vasculature),11694,10823
TCGA-XF-A9SU-01Z-00-DX1.35E2DDBE-5BB9-443B-A3D5-20F77D1C6B92_tiles.jsonl,TCGA-XF-A9SU,Inflammatory infiltrates (immune cells),1401,1186
TCGA-XF-A9SU-01Z-00-DX1.35E2DDBE-5BB9-443B-A3D5-20F77D1C6B92_tiles.jsonl,TCGA-XF-A9SU,Invasive urothelial carcinoma (tumor),2430,2298
TCGA-XF-A9SU-01Z-00-DX1.35E2DDBE-5BB9-443B-A3D5-20F77D1C6B92_tiles.jsonl,TCGA-XF-A9SU,Lamina propria (fibrovascular stroma),2991,2509
TCGA-XF-A9SU-01Z-00-DX1.35E2DDBE-5BB9-443B-A3D5-20F77D1C6B92_tiles.jsonl,TCGA-XF-A9SU,Muscularis propria (detrusor muscle),3200,2583
TCGA-XF-A9SU-01Z-00-DX1.35E2DDBE-5BB9-443B-A3D5-20F77D1C6B92_tiles.jsonl,TCGA-XF-A9SU,Necrosis,961,882
TCGA-XF-A9SU-01Z-00-DX1.35E2DDBE-5BB9-443B-A3D5-20F77D1C6B92_tiles.jsonl,TCGA-XF-A9SU,Normal urothelium (benign mucosa),20064,19043
TCGA-XF-A9SU-01Z-00-DX1.35E2DDBE-5BB9-443B-A3D5-20F77D1C6B92_tiles.jsonl,TCGA-XF-A9SU,Perivesical adipose tissue (extravesical fat),8459,8004
TCGA-XF-A9SV-01Z-00-DX1.2ACAA181-2EFA-4E63-B692-D968BCC56031_tiles.jsonl,TCGA-XF-A9SV,Blood vessels (vasculature),25637,24255
TCGA-XF-A9SV-01Z-00-DX1.2ACAA181-2EFA-4E63-B692-D968BCC56031_tiles.jsonl,TCGA-XF-A9SV,Inflammatory infiltrates (immune cells),1586,1326
TCGA-XF-A9SV-01Z-00-DX1.2ACAA181-2EFA-4E63-B692-D968BCC56031_tiles.jsonl,TCGA-XF-A9SV,Invasive urothelial carcinoma (tumor),8563,8322
TCGA-XF-A9SV-01Z-00-DX1.2ACAA181-2EFA-4E63-B692-D968BCC56031_tiles.jsonl,TCGA-XF-A9SV,Lamina propria (fibrovascular stroma),7016,5879
TCGA-XF-A9SV-01Z-00-DX1.2ACAA181-2EFA-4E63-B692-D968BCC56031_tiles.jsonl,TCGA-XF-A9SV,Muscularis propria (detrusor muscle),3970,2996
TCGA-XF-A9SV-01Z-00-DX1.2ACAA181-2EFA-4E63-B692-D968BCC56031_tiles.jsonl,TCGA-XF-A9SV,Necrosis,11,8
TCGA-XF-A9SV-01Z-00-DX1.2ACAA181-2EFA-4E63-B692-D968BCC56031_tiles.jsonl,TCGA-XF-A9SV,Normal urothelium (benign mucosa),31862,30458
TCGA-XF-A9SV-01Z-00-DX1.2ACAA181-2EFA-4E63-B692-D968BCC56031_tiles.jsonl,TCGA-XF-A9SV,Perivesical adipose tissue (extravesical fat),3275,2848
TCGA-XF-A9SW-01Z-00-DX1.3FC62DD6-E5D2-4F74-A937-A2A62946E5C0_tiles.jsonl,TCGA-XF-A9SW,Blood vessels (vasculature),14435,13373
TCGA-XF-A9SW-01Z-00-DX1.3FC62DD6-E5D2-4F74-A937-A2A62946E5C0_tiles.jsonl,TCGA-XF-A9SW,Inflammatory infiltrates (immune cells),1683,1409
TCGA-XF-A9SW-01Z-00-DX1.3FC62DD6-E5D2-4F74-A937-A2A62946E5C0_tiles.jsonl,TCGA-XF-A9SW,Invasive urothelial carcinoma (tumor),4780,4562
TCGA-XF-A9SW-01Z-00-DX1.3FC62DD6-E5D2-4F74-A937-A2A62946E5C0_tiles.jsonl,TCGA-XF-A9SW,Lamina propria (fibrovascular stroma),10848,9586
TCGA-XF-A9SW-01Z-00-DX1.3FC62DD6-E5D2-4F74-A937-A2A62946E5C0_tiles.jsonl,TCGA-XF-A9SW,Muscularis propria (detrusor muscle),5732,4631
TCGA-XF-A9SW-01Z-00-DX1.3FC62DD6-E5D2-4F74-A937-A2A62946E5C0_tiles.jsonl,TCGA-XF-A9SW,Necrosis,153,133
TCGA-XF-A9SW-01Z-00-DX1.3FC62DD6-E5D2-4F74-A937-A2A62946E5C0_tiles.jsonl,TCGA-XF-A9SW,Normal urothelium (benign mucosa),4337,3631
TCGA-XF-A9SW-01Z-00-DX1.3FC62DD6-E5D2-4F74-A937-A2A62946E5C0_tiles.jsonl,TCGA-XF-A9SW,Perivesical adipose tissue (extravesical fat),4112,3732
TCGA-XF-A9SX-01Z-00-DX1.6DB4572E-915C-491F-BE68-99C019799E20_tiles.jsonl,TCGA-XF-A9SX,Blood vessels (vasculature),6795,6223
TCGA-XF-A9SX-01Z-00-DX1.6DB4572E-915C-491F-BE68-99C019799E20_tiles.jsonl,TCGA-XF-A9SX,Inflammatory infiltrates (immune cells),2861,2499
TCGA-XF-A9SX-01Z-00-DX1.6DB4572E-915C-491F-BE68-99C019799E20_tiles.jsonl,TCGA-XF-A9SX,Invasive urothelial carcinoma (tumor),17819,17504
TCGA-XF-A9SX-01Z-00-DX1.6DB4572E-915C-491F-BE68-99C019799E20_tiles.jsonl,TCGA-XF-A9SX,Lamina propria (fibrovascular stroma),2904,2330
TCGA-XF-A9SX-01Z-00-DX1.6DB4572E-915C-491F-BE68-99C019799E20_tiles.jsonl,TCGA-XF-A9SX,Muscularis propria (detrusor muscle),1810,1285
TCGA-XF-A9SX-01Z-00-DX1.6DB4572E-915C-491F-BE68-99C019799E20_tiles.jsonl,TCGA-XF-A9SX,Necrosis,1002,970
TCGA-XF-A9SX-01Z-00-DX1.6DB4572E-915C-491F-BE68-99C019799E20_tiles.jsonl,TCGA-XF-A9SX,Normal urothelium (benign mucosa),6482,6047
TCGA-XF-A9SX-01Z-00-DX1.6DB4572E-915C-491F-BE68-99C019799E20_tiles.jsonl,TCGA-XF-A9SX,Perivesical adipose tissue (extravesical fat),6407,5902
TCGA-XF-A9SY-01Z-00-DX1.758C5D9F-274B-4D4A-92D3-78728CB35139_tiles.jsonl,TCGA-XF-A9SY,Blood vessels (vasculature),7914,7280
TCGA-XF-A9SY-01Z-00-DX1.758C5D9F-274B-4D4A-92D3-78728CB35139_tiles.jsonl,TCGA-XF-A9SY,Inflammatory infiltrates (immune cells),5437,4691
TCGA-XF-A9SY-01Z-00-DX1.758C5D9F-274B-4D4A-92D3-78728CB35139_tiles.jsonl,TCGA-XF-A9SY,Invasive urothelial carcinoma (tumor),10709,10131
TCGA-XF-A9SY-01Z-00-DX1.758C5D9F-274B-4D4A-92D3-78728CB35139_tiles.jsonl,TCGA-XF-A9SY,Lamina propria (fibrovascular stroma),4635,3827
TCGA-XF-A9SY-01Z-00-DX1.758C5D9F-274B-4D4A-92D3-78728CB35139_tiles.jsonl,TCGA-XF-A9SY,Muscularis propria (detrusor muscle),6693,5531
TCGA-XF-A9SY-01Z-00-DX1.758C5D9F-274B-4D4A-92D3-78728CB35139_tiles.jsonl,TCGA-XF-A9SY,Necrosis,12418,12183
TCGA-XF-A9SY-01Z-00-DX1.758C5D9F-274B-4D4A-92D3-78728CB35139_tiles.jsonl,TCGA-XF-A9SY,Normal urothelium (benign mucosa),7148,6751
TCGA-XF-A9SY-01Z-00-DX1.758C5D9F-274B-4D4A-92D3-78728CB35139_tiles.jsonl,TCGA-XF-A9SY,Perivesical adipose tissue (extravesical fat),11606,11115
TCGA-XF-A9SZ-01Z-00-DX1.42A301F5-42E9-4618-A85A-51C1AEC8B8D1_tiles.jsonl,TCGA-XF-A9SZ,Blood vessels (vasculature),19602,18544
TCGA-XF-A9SZ-01Z-00-DX1.42A301F5-42E9-4618-A85A-51C1AEC8B8D1_tiles.jsonl,TCGA-XF-A9SZ,Inflammatory infiltrates (immune cells),1565,1227
TCGA-XF-A9SZ-01Z-00-DX1.42A301F5-42E9-4618-A85A-51C1AEC8B8D1_tiles.jsonl,TCGA-XF-A9SZ,Invasive urothelial carcinoma (tumor),16456,15775
TCGA-XF-A9SZ-01Z-00-DX1.42A301F5-42E9-4618-A85A-51C1AEC8B8D1_tiles.jsonl,TCGA-XF-A9SZ,Lamina propria (fibrovascular stroma),5340,4401
TCGA-XF-A9SZ-01Z-00-DX1.42A301F5-42E9-4618-A85A-51C1AEC8B8D1_tiles.jsonl,TCGA-XF-A9SZ,Muscularis propria (detrusor muscle),5756,4719
TCGA-XF-A9SZ-01Z-00-DX1.42A301F5-42E9-4618-A85A-51C1AEC8B8D1_tiles.jsonl,TCGA-XF-A9SZ,Necrosis,4052,3820
TCGA-XF-A9SZ-01Z-00-DX1.42A301F5-42E9-4618-A85A-51C1AEC8B8D1_tiles.jsonl,TCGA-XF-A9SZ,Normal urothelium (benign mucosa),6532,5918
TCGA-XF-A9SZ-01Z-00-DX1.42A301F5-42E9-4618-A85A-51C1AEC8B8D1_tiles.jsonl,TCGA-XF-A9SZ,Perivesical adipose tissue (extravesical fat),17497,16662
TCGA-XF-A9T0-01Z-00-DX1.63C52F23-3DE3-4D3A-914E-E7F3CB23D410_tiles.jsonl,TCGA-XF-A9T0,Blood vessels (vasculature),7281,6645
TCGA-XF-A9T0-01Z-00-DX1.63C52F23-3DE3-4D3A-914E-E7F3CB23D410_tiles.jsonl,TCGA-XF-A9T0,Inflammatory infiltrates (immune cells),1272,1006
TCGA-XF-A9T0-01Z-00-DX1.63C52F23-3DE3-4D3A-914E-E7F3CB23D410_tiles.jsonl,TCGA-XF-A9T0,Invasive urothelial carcinoma (tumor),19808,19078
TCGA-XF-A9T0-01Z-00-DX1.63C52F23-3DE3-4D3A-914E-E7F3CB23D410_tiles.jsonl,TCGA-XF-A9T0,Lamina propria (fibrovascular stroma),4279,3473
TCGA-XF-A9T0-01Z-00-DX1.63C52F23-3DE3-4D3A-914E-E7F3CB23D410_tiles.jsonl,TCGA-XF-A9T0,Muscularis propria (detrusor muscle),6465,5304
TCGA-XF-A9T0-01Z-00-DX1.63C52F23-3DE3-4D3A-914E-E7F3CB23D410_tiles.jsonl,TCGA-XF-A9T0,Necrosis,1542,1432
TCGA-XF-A9T0-01Z-00-DX1.63C52F23-3DE3-4D3A-914E-E7F3CB23D410_tiles.jsonl,TCGA-XF-A9T0,Normal urothelium (benign mucosa),4275,3750
TCGA-XF-A9T0-01Z-00-DX1.63C52F23-3DE3-4D3A-914E-E7F3CB23D410_tiles.jsonl,TCGA-XF-A9T0,Perivesical adipose tissue (extravesical fat),6278,5885
TCGA-XF-A9T2-01Z-00-DX1.E33F796C-46EB-44C4-AC65-ED6098EE3043_tiles.jsonl,TCGA-XF-A9T2,Blood vessels (vasculature),10876,10054
TCGA-XF-A9T2-01Z-00-DX1.E33F796C-46EB-44C4-AC65-ED6098EE3043_tiles.jsonl,TCGA-XF-A9T2,Inflammatory infiltrates (immune cells),813,654
TCGA-XF-A9T2-01Z-00-DX1.E33F796C-46EB-44C4-AC65-ED6098EE3043_tiles.jsonl,TCGA-XF-A9T2,Invasive urothelial carcinoma (tumor),30114,29278
TCGA-XF-A9T2-01Z-00-DX1.E33F796C-46EB-44C4-AC65-ED6098EE3043_tiles.jsonl,TCGA-XF-A9T2,Lamina propria (fibrovascular stroma),9956,8509
TCGA-XF-A9T2-01Z-00-DX1.E33F796C-46EB-44C4-AC65-ED6098EE3043_tiles.jsonl,TCGA-XF-A9T2,Muscularis propria (detrusor muscle),9278,7891
TCGA-XF-A9T2-01Z-00-DX1.E33F796C-46EB-44C4-AC65-ED6098EE3043_tiles.jsonl,TCGA-XF-A9T2,Necrosis,6078,5908
TCGA-XF-A9T2-01Z-00-DX1.E33F796C-46EB-44C4-AC65-ED6098EE3043_tiles.jsonl,TCGA-XF-A9T2,Normal urothelium (benign mucosa),9292,8152
TCGA-XF-A9T2-01Z-00-DX1.E33F796C-46EB-44C4-AC65-ED6098EE3043_tiles.jsonl,TCGA-XF-A9T2,Perivesical adipose tissue (extravesical fat),5513,5263
TCGA-XF-A9T3-01Z-00-DX1.408F9901-F442-420B-BE89-ADBD01D1E256_tiles.jsonl,TCGA-XF-A9T3,Blood vessels (vasculature),5396,4963
TCGA-XF-A9T3-01Z-00-DX1.408F9901-F442-420B-BE89-ADBD01D1E256_tiles.jsonl,TCGA-XF-A9T3,Inflammatory infiltrates (immune cells),1877,1506
TCGA-XF-A9T3-01Z-00-DX1.408F9901-F442-420B-BE89-ADBD01D1E256_tiles.jsonl,TCGA-XF-A9T3,Invasive urothelial carcinoma (tumor),28546,28040
TCGA-XF-A9T3-01Z-00-DX1.408F9901-F442-420B-BE89-ADBD01D1E256_tiles.jsonl,TCGA-XF-A9T3,Lamina propria (fibrovascular stroma),4506,3728
TCGA-XF-A9T3-01Z-00-DX1.408F9901-F442-420B-BE89-ADBD01D1E256_tiles.jsonl,TCGA-XF-A9T3,Muscularis propria (detrusor muscle),4544,3712
TCGA-XF-A9T3-01Z-00-DX1.408F9901-F442-420B-BE89-ADBD01D1E256_tiles.jsonl,TCGA-XF-A9T3,Necrosis,3626,3471
TCGA-XF-A9T3-01Z-00-DX1.408F9901-F442-420B-BE89-ADBD01D1E256_tiles.jsonl,TCGA-XF-A9T3,Normal urothelium (benign mucosa),2613,2285
TCGA-XF-A9T3-01Z-00-DX1.408F9901-F442-420B-BE89-ADBD01D1E256_tiles.jsonl,TCGA-XF-A9T3,Perivesical adipose tissue (extravesical fat),10332,9874
TCGA-XF-A9T4-01Z-00-DX1.1F44D95D-E341-4FBA-BCB5-43E89E6C359E_tiles.jsonl,TCGA-XF-A9T4,Blood vessels (vasculature),7357,6848
TCGA-XF-A9T4-01Z-00-DX1.1F44D95D-E341-4FBA-BCB5-43E89E6C359E_tiles.jsonl,TCGA-XF-A9T4,Inflammatory infiltrates (immune cells),1249,1066
TCGA-XF-A9T4-01Z-00-DX1.1F44D95D-E341-4FBA-BCB5-43E89E6C359E_tiles.jsonl,TCGA-XF-A9T4,Invasive urothelial carcinoma (tumor),19376,18830
TCGA-XF-A9T4-01Z-00-DX1.1F44D95D-E341-4FBA-BCB5-43E89E6C359E_tiles.jsonl,TCGA-XF-A9T4,Lamina propria (fibrovascular stroma),5817,5094
TCGA-XF-A9T4-01Z-00-DX1.1F44D95D-E341-4FBA-BCB5-43E89E6C359E_tiles.jsonl,TCGA-XF-A9T4,Muscularis propria (detrusor muscle),4255,3618
TCGA-XF-A9T4-01Z-00-DX1.1F44D95D-E341-4FBA-BCB5-43E89E6C359E_tiles.jsonl,TCGA-XF-A9T4,Necrosis,742,660
TCGA-XF-A9T4-01Z-00-DX1.1F44D95D-E341-4FBA-BCB5-43E89E6C359E_tiles.jsonl,TCGA-XF-A9T4,Normal urothelium (benign mucosa),4875,4411
TCGA-XF-A9T4-01Z-00-DX1.1F44D95D-E341-4FBA-BCB5-43E89E6C359E_tiles.jsonl,TCGA-XF-A9T4,Perivesical adipose tissue (extravesical fat),2409,2261
TCGA-XF-A9T5-01Z-00-DX1.B0A44AF2-B075-4280-809E-DDACCDB20E3D_tiles.jsonl,TCGA-XF-A9T5,Blood vessels (vasculature),14751,14094
TCGA-XF-A9T5-01Z-00-DX1.B0A44AF2-B075-4280-809E-DDACCDB20E3D_tiles.jsonl,TCGA-XF-A9T5,Inflammatory infiltrates (immune cells),2041,1796
TCGA-XF-A9T5-01Z-00-DX1.B0A44AF2-B075-4280-809E-DDACCDB20E3D_tiles.jsonl,TCGA-XF-A9T5,Invasive urothelial carcinoma (tumor),6600,6537
TCGA-XF-A9T5-01Z-00-DX1.B0A44AF2-B075-4280-809E-DDACCDB20E3D_tiles.jsonl,TCGA-XF-A9T5,Lamina propria (fibrovascular stroma),3155,2731
TCGA-XF-A9T5-01Z-00-DX1.B0A44AF2-B075-4280-809E-DDACCDB20E3D_tiles.jsonl,TCGA-XF-A9T5,Muscularis propria (detrusor muscle),1353,1024
TCGA-XF-A9T5-01Z-00-DX1.B0A44AF2-B075-4280-809E-DDACCDB20E3D_tiles.jsonl,TCGA-XF-A9T5,Necrosis,42,34
TCGA-XF-A9T5-01Z-00-DX1.B0A44AF2-B075-4280-809E-DDACCDB20E3D_tiles.jsonl,TCGA-XF-A9T5,Normal urothelium (benign mucosa),12823,12246
TCGA-XF-A9T5-01Z-00-DX1.B0A44AF2-B075-4280-809E-DDACCDB20E3D_tiles.jsonl,TCGA-XF-A9T5,Perivesical adipose tissue (extravesical fat),5315,5058
TCGA-XF-A9T6-01Z-00-DX1.57AE17FC-DB4C-4D2B-A53F-A259E8482064_tiles.jsonl,TCGA-XF-A9T6,Blood vessels (vasculature),12420,11754
TCGA-XF-A9T6-01Z-00-DX1.57AE17FC-DB4C-4D2B-A53F-A259E8482064_tiles.jsonl,TCGA-XF-A9T6,Inflammatory infiltrates (immune cells),639,497
TCGA-XF-A9T6-01Z-00-DX1.57AE17FC-DB4C-4D2B-A53F-A259E8482064_tiles.jsonl,TCGA-XF-A9T6,Invasive urothelial carcinoma (tumor),46983,46450
TCGA-XF-A9T6-01Z-00-DX1.57AE17FC-DB4C-4D2B-A53F-A259E8482064_tiles.jsonl,TCGA-XF-A9T6,Lamina propria (fibrovascular stroma),8276,7217
TCGA-XF-A9T6-01Z-00-DX1.57AE17FC-DB4C-4D2B-A53F-A259E8482064_tiles.jsonl,TCGA-XF-A9T6,Muscularis propria (detrusor muscle),10198,9216
TCGA-XF-A9T6-01Z-00-DX1.57AE17FC-DB4C-4D2B-A53F-A259E8482064_tiles.jsonl,TCGA-XF-A9T6,Necrosis,1579,1485
TCGA-XF-A9T6-01Z-00-DX1.57AE17FC-DB4C-4D2B-A53F-A259E8482064_tiles.jsonl,TCGA-XF-A9T6,Normal urothelium (benign mucosa),6373,5841
TCGA-XF-A9T6-01Z-00-DX1.57AE17FC-DB4C-4D2B-A53F-A259E8482064_tiles.jsonl,TCGA-XF-A9T6,Perivesical adipose tissue (extravesical fat),10812,10542
TCGA-XF-A9T8-01Z-00-DX1.C18E4176-C0C1-4F5A-B128-23DF5CE77C05_tiles.jsonl,TCGA-XF-A9T8,Blood vessels (vasculature),5960,5556
TCGA-XF-A9T8-01Z-00-DX1.C18E4176-C0C1-4F5A-B128-23DF5CE77C05_tiles.jsonl,TCGA-XF-A9T8,Inflammatory infiltrates (immune cells),572,445
TCGA-XF-A9T8-01Z-00-DX1.C18E4176-C0C1-4F5A-B128-23DF5CE77C05_tiles.jsonl,TCGA-XF-A9T8,Invasive urothelial carcinoma (tumor),25158,24700
TCGA-XF-A9T8-01Z-00-DX1.C18E4176-C0C1-4F5A-B128-23DF5CE77C05_tiles.jsonl,TCGA-XF-A9T8,Lamina propria (fibrovascular stroma),5128,4428
TCGA-XF-A9T8-01Z-00-DX1.C18E4176-C0C1-4F5A-B128-23DF5CE77C05_tiles.jsonl,TCGA-XF-A9T8,Muscularis propria (detrusor muscle),3127,2528
TCGA-XF-A9T8-01Z-00-DX1.C18E4176-C0C1-4F5A-B128-23DF5CE77C05_tiles.jsonl,TCGA-XF-A9T8,Necrosis,6332,6044
TCGA-XF-A9T8-01Z-00-DX1.C18E4176-C0C1-4F5A-B128-23DF5CE77C05_tiles.jsonl,TCGA-XF-A9T8,Normal urothelium (benign mucosa),3878,3425
TCGA-XF-A9T8-01Z-00-DX1.C18E4176-C0C1-4F5A-B128-23DF5CE77C05_tiles.jsonl,TCGA-XF-A9T8,Perivesical adipose tissue (extravesical fat),1045,887
TCGA-XF-AAME-01Z-00-DX1.90E1555F-CBAF-434C-9C7E-5BAC38069AC7_tiles.jsonl,TCGA-XF-AAME,Blood vessels (vasculature),12767,11864
TCGA-XF-AAME-01Z-00-DX1.90E1555F-CBAF-434C-9C7E-5BAC38069AC7_tiles.jsonl,TCGA-XF-AAME,Inflammatory infiltrates (immune cells),250,164
TCGA-XF-AAME-01Z-00-DX1.90E1555F-CBAF-434C-9C7E-5BAC38069AC7_tiles.jsonl,TCGA-XF-AAME,Invasive urothelial carcinoma (tumor),1797,1539
TCGA-XF-AAME-01Z-00-DX1.90E1555F-CBAF-434C-9C7E-5BAC38069AC7_tiles.jsonl,TCGA-XF-AAME,Lamina propria (fibrovascular stroma),9367,8233
TCGA-XF-AAME-01Z-00-DX1.90E1555F-CBAF-434C-9C7E-5BAC38069AC7_tiles.jsonl,TCGA-XF-AAME,Muscularis propria (detrusor muscle),7418,6203
TCGA-XF-AAME-01Z-00-DX1.90E1555F-CBAF-434C-9C7E-5BAC38069AC7_tiles.jsonl,TCGA-XF-AAME,Necrosis,619,550
TCGA-XF-AAME-01Z-00-DX1.90E1555F-CBAF-434C-9C7E-5BAC38069AC7_tiles.jsonl,TCGA-XF-AAME,Normal urothelium (benign mucosa),5819,5052
TCGA-XF-AAME-01Z-00-DX1.90E1555F-CBAF-434C-9C7E-5BAC38069AC7_tiles.jsonl,TCGA-XF-AAME,Perivesical adipose tissue (extravesical fat),8043,7601
TCGA-XF-AAMF-01Z-00-DX1.01371D44-969E-44C8-993B-13B83D9E4F0F_tiles.jsonl,TCGA-XF-AAMF,Blood vessels (vasculature),2743,2473
TCGA-XF-AAMF-01Z-00-DX1.01371D44-969E-44C8-993B-13B83D9E4F0F_tiles.jsonl,TCGA-XF-AAMF,Inflammatory infiltrates (immune cells),204,154
TCGA-XF-AAMF-01Z-00-DX1.01371D44-969E-44C8-993B-13B83D9E4F0F_tiles.jsonl,TCGA-XF-AAMF,Invasive urothelial carcinoma (tumor),2253,2053
TCGA-XF-AAMF-01Z-00-DX1.01371D44-969E-44C8-993B-13B83D9E4F0F_tiles.jsonl,TCGA-XF-AAMF,Lamina propria (fibrovascular stroma),2683,2280
TCGA-XF-AAMF-01Z-00-DX1.01371D44-969E-44C8-993B-13B83D9E4F0F_tiles.jsonl,TCGA-XF-AAMF,Muscularis propria (detrusor muscle),2234,1842
TCGA-XF-AAMF-01Z-00-DX1.01371D44-969E-44C8-993B-13B83D9E4F0F_tiles.jsonl,TCGA-XF-AAMF,Necrosis,485,456
TCGA-XF-AAMF-01Z-00-DX1.01371D44-969E-44C8-993B-13B83D9E4F0F_tiles.jsonl,TCGA-XF-AAMF,Normal urothelium (benign mucosa),948,793
TCGA-XF-AAMF-01Z-00-DX1.01371D44-969E-44C8-993B-13B83D9E4F0F_tiles.jsonl,TCGA-XF-AAMF,Perivesical adipose tissue (extravesical fat),8930,8624
TCGA-XF-AAMG-01Z-00-DX1.E0234C99-915C-4190-805A-147D4E3B10D9_tiles.jsonl,TCGA-XF-AAMG,Blood vessels (vasculature),9247,8444
TCGA-XF-AAMG-01Z-00-DX1.E0234C99-915C-4190-805A-147D4E3B10D9_tiles.jsonl,TCGA-XF-AAMG,Inflammatory infiltrates (immune cells),301,242
TCGA-XF-AAMG-01Z-00-DX1.E0234C99-915C-4190-805A-147D4E3B10D9_tiles.jsonl,TCGA-XF-AAMG,Invasive urothelial carcinoma (tumor),9105,8530
TCGA-XF-AAMG-01Z-00-DX1.E0234C99-915C-4190-805A-147D4E3B10D9_tiles.jsonl,TCGA-XF-AAMG,Lamina propria (fibrovascular stroma),9115,7986
TCGA-XF-AAMG-01Z-00-DX1.E0234C99-915C-4190-805A-147D4E3B10D9_tiles.jsonl,TCGA-XF-AAMG,Muscularis propria (detrusor muscle),10761,9377
TCGA-XF-AAMG-01Z-00-DX1.E0234C99-915C-4190-805A-147D4E3B10D9_tiles.jsonl,TCGA-XF-AAMG,Necrosis,425,374
TCGA-XF-AAMG-01Z-00-DX1.E0234C99-915C-4190-805A-147D4E3B10D9_tiles.jsonl,TCGA-XF-AAMG,Normal urothelium (benign mucosa),10007,8895
TCGA-XF-AAMG-01Z-00-DX1.E0234C99-915C-4190-805A-147D4E3B10D9_tiles.jsonl,TCGA-XF-AAMG,Perivesical adipose tissue (extravesical fat),2239,2034
TCGA-XF-AAMH-01Z-00-DX1.AB5E1C7D-C3BF-4A69-B614-0ED69F8A3C07_tiles.jsonl,TCGA-XF-AAMH,Blood vessels (vasculature),9176,8621
TCGA-XF-AAMH-01Z-00-DX1.AB5E1C7D-C3BF-4A69-B614-0ED69F8A3C07_tiles.jsonl,TCGA-XF-AAMH,Inflammatory infiltrates (immune cells),181,148
TCGA-XF-AAMH-01Z-00-DX1.AB5E1C7D-C3BF-4A69-B614-0ED69F8A3C07_tiles.jsonl,TCGA-XF-AAMH,Invasive urothelial carcinoma (tumor),30708,30246
TCGA-XF-AAMH-01Z-00-DX1.AB5E1C7D-C3BF-4A69-B614-0ED69F8A3C07_tiles.jsonl,TCGA-XF-AAMH,Lamina propria (fibrovascular stroma),9738,8991
TCGA-XF-AAMH-01Z-00-DX1.AB5E1C7D-C3BF-4A69-B614-0ED69F8A3C07_tiles.jsonl,TCGA-XF-AAMH,Muscularis propria (detrusor muscle),2241,1756
TCGA-XF-AAMH-01Z-00-DX1.AB5E1C7D-C3BF-4A69-B614-0ED69F8A3C07_tiles.jsonl,TCGA-XF-AAMH,Necrosis,5400,5283
TCGA-XF-AAMH-01Z-00-DX1.AB5E1C7D-C3BF-4A69-B614-0ED69F8A3C07_tiles.jsonl,TCGA-XF-AAMH,Normal urothelium (benign mucosa),3108,2791
TCGA-XF-AAMH-01Z-00-DX1.AB5E1C7D-C3BF-4A69-B614-0ED69F8A3C07_tiles.jsonl,TCGA-XF-AAMH,Perivesical adipose tissue (extravesical fat),6008,5771
TCGA-XF-AAMJ-01Z-00-DX1.726E3D84-8370-45AC-9C98-ACA30CAB2359_tiles.jsonl,TCGA-XF-AAMJ,Blood vessels (vasculature),9799,9102
TCGA-XF-AAMJ-01Z-00-DX1.726E3D84-8370-45AC-9C98-ACA30CAB2359_tiles.jsonl,TCGA-XF-AAMJ,Inflammatory infiltrates (immune cells),580,464
TCGA-XF-AAMJ-01Z-00-DX1.726E3D84-8370-45AC-9C98-ACA30CAB2359_tiles.jsonl,TCGA-XF-AAMJ,Invasive urothelial carcinoma (tumor),2188,1777
TCGA-XF-AAMJ-01Z-00-DX1.726E3D84-8370-45AC-9C98-ACA30CAB2359_tiles.jsonl,TCGA-XF-AAMJ,Lamina propria (fibrovascular stroma),12909,11501
TCGA-XF-AAMJ-01Z-00-DX1.726E3D84-8370-45AC-9C98-ACA30CAB2359_tiles.jsonl,TCGA-XF-AAMJ,Muscularis propria (detrusor muscle),6017,4710
TCGA-XF-AAMJ-01Z-00-DX1.726E3D84-8370-45AC-9C98-ACA30CAB2359_tiles.jsonl,TCGA-XF-AAMJ,Necrosis,53,43
TCGA-XF-AAMJ-01Z-00-DX1.726E3D84-8370-45AC-9C98-ACA30CAB2359_tiles.jsonl,TCGA-XF-AAMJ,Normal urothelium (benign mucosa),11744,10540
TCGA-XF-AAMJ-01Z-00-DX1.726E3D84-8370-45AC-9C98-ACA30CAB2359_tiles.jsonl,TCGA-XF-AAMJ,Perivesical adipose tissue (extravesical fat),2790,2610
TCGA-XF-AAML-01Z-00-DX1.E2780FA6-641F-4A5A-B755-9ABD3C57C13E_tiles.jsonl,TCGA-XF-AAML,Blood vessels (vasculature),23434,21703
TCGA-XF-AAML-01Z-00-DX1.E2780FA6-641F-4A5A-B755-9ABD3C57C13E_tiles.jsonl,TCGA-XF-AAML,Inflammatory infiltrates (immune cells),286,205
TCGA-XF-AAML-01Z-00-DX1.E2780FA6-641F-4A5A-B755-9ABD3C57C13E_tiles.jsonl,TCGA-XF-AAML,Invasive urothelial carcinoma (tumor),36655,35735
TCGA-XF-AAML-01Z-00-DX1.E2780FA6-641F-4A5A-B755-9ABD3C57C13E_tiles.jsonl,TCGA-XF-AAML,Lamina propria (fibrovascular stroma),15225,13648
TCGA-XF-AAML-01Z-00-DX1.E2780FA6-641F-4A5A-B755-9ABD3C57C13E_tiles.jsonl,TCGA-XF-AAML,Muscularis propria (detrusor muscle),11481,9358
TCGA-XF-AAML-01Z-00-DX1.E2780FA6-641F-4A5A-B755-9ABD3C57C13E_tiles.jsonl,TCGA-XF-AAML,Necrosis,1952,1800
TCGA-XF-AAML-01Z-00-DX1.E2780FA6-641F-4A5A-B755-9ABD3C57C13E_tiles.jsonl,TCGA-XF-AAML,Normal urothelium (benign mucosa),10827,9250
TCGA-XF-AAML-01Z-00-DX1.E2780FA6-641F-4A5A-B755-9ABD3C57C13E_tiles.jsonl,TCGA-XF-AAML,Perivesical adipose tissue (extravesical fat),7660,7093
TCGA-XF-AAMQ-01Z-00-DX1.E8D304A9-4BD0-4C62-8B01-4C00994F8EE9_tiles.jsonl,TCGA-XF-AAMQ,Blood vessels (vasculature),17790,16753
TCGA-XF-AAMQ-01Z-00-DX1.E8D304A9-4BD0-4C62-8B01-4C00994F8EE9_tiles.jsonl,TCGA-XF-AAMQ,Inflammatory infiltrates (immune cells),765,599
TCGA-XF-AAMQ-01Z-00-DX1.E8D304A9-4BD0-4C62-8B01-4C00994F8EE9_tiles.jsonl,TCGA-XF-AAMQ,Invasive urothelial carcinoma (tumor),638,529
TCGA-XF-AAMQ-01Z-00-DX1.E8D304A9-4BD0-4C62-8B01-4C00994F8EE9_tiles.jsonl,TCGA-XF-AAMQ,Lamina propria (fibrovascular stroma),11116,9967
TCGA-XF-AAMQ-01Z-00-DX1.E8D304A9-4BD0-4C62-8B01-4C00994F8EE9_tiles.jsonl,TCGA-XF-AAMQ,Muscularis propria (detrusor muscle),5515,4463
TCGA-XF-AAMQ-01Z-00-DX1.E8D304A9-4BD0-4C62-8B01-4C00994F8EE9_tiles.jsonl,TCGA-XF-AAMQ,Necrosis,388,359
TCGA-XF-AAMQ-01Z-00-DX1.E8D304A9-4BD0-4C62-8B01-4C00994F8EE9_tiles.jsonl,TCGA-XF-AAMQ,Normal urothelium (benign mucosa),7742,6923
TCGA-XF-AAMQ-01Z-00-DX1.E8D304A9-4BD0-4C62-8B01-4C00994F8EE9_tiles.jsonl,TCGA-XF-AAMQ,Perivesical adipose tissue (extravesical fat),7246,6795
TCGA-XF-AAMR-01Z-00-DX1.7BFF4F04-9B60-41AA-9977-AF63547748AB_tiles.jsonl,TCGA-XF-AAMR,Blood vessels (vasculature),8088,7330
TCGA-XF-AAMR-01Z-00-DX1.7BFF4F04-9B60-41AA-9977-AF63547748AB_tiles.jsonl,TCGA-XF-AAMR,Inflammatory infiltrates (immune cells),3529,3039
TCGA-XF-AAMR-01Z-00-DX1.7BFF4F04-9B60-41AA-9977-AF63547748AB_tiles.jsonl,TCGA-XF-AAMR,Invasive urothelial carcinoma (tumor),9564,8858
TCGA-XF-AAMR-01Z-00-DX1.7BFF4F04-9B60-41AA-9977-AF63547748AB_tiles.jsonl,TCGA-XF-AAMR,Lamina propria (fibrovascular stroma),5792,4720
TCGA-XF-AAMR-01Z-00-DX1.7BFF4F04-9B60-41AA-9977-AF63547748AB_tiles.jsonl,TCGA-XF-AAMR,Muscularis propria (detrusor muscle),8145,6774
TCGA-XF-AAMR-01Z-00-DX1.7BFF4F04-9B60-41AA-9977-AF63547748AB_tiles.jsonl,TCGA-XF-AAMR,Necrosis,1176,1051
TCGA-XF-AAMR-01Z-00-DX1.7BFF4F04-9B60-41AA-9977-AF63547748AB_tiles.jsonl,TCGA-XF-AAMR,Normal urothelium (benign mucosa),8741,8151
TCGA-XF-AAMR-01Z-00-DX1.7BFF4F04-9B60-41AA-9977-AF63547748AB_tiles.jsonl,TCGA-XF-AAMR,Perivesical adipose tissue (extravesical fat),11285,10777
TCGA-XF-AAMT-01Z-00-DX1.F5A3715A-55DC-46C1-A6F9-4B1BFE1176EC_tiles.jsonl,TCGA-XF-AAMT,Blood vessels (vasculature),6935,6214
TCGA-XF-AAMT-01Z-00-DX1.F5A3715A-55DC-46C1-A6F9-4B1BFE1176EC_tiles.jsonl,TCGA-XF-AAMT,Inflammatory infiltrates (immune cells),831,641
TCGA-XF-AAMT-01Z-00-DX1.F5A3715A-55DC-46C1-A6F9-4B1BFE1176EC_tiles.jsonl,TCGA-XF-AAMT,Invasive urothelial carcinoma (tumor),55798,54405
TCGA-XF-AAMT-01Z-00-DX1.F5A3715A-55DC-46C1-A6F9-4B1BFE1176EC_tiles.jsonl,TCGA-XF-AAMT,Lamina propria (fibrovascular stroma),10366,8901
TCGA-XF-AAMT-01Z-00-DX1.F5A3715A-55DC-46C1-A6F9-4B1BFE1176EC_tiles.jsonl,TCGA-XF-AAMT,Muscularis propria (detrusor muscle),9297,7687
TCGA-XF-AAMT-01Z-00-DX1.F5A3715A-55DC-46C1-A6F9-4B1BFE1176EC_tiles.jsonl,TCGA-XF-AAMT,Necrosis,3908,3699
TCGA-XF-AAMT-01Z-00-DX1.F5A3715A-55DC-46C1-A6F9-4B1BFE1176EC_tiles.jsonl,TCGA-XF-AAMT,Normal urothelium (benign mucosa),2804,2467
TCGA-XF-AAMT-01Z-00-DX1.F5A3715A-55DC-46C1-A6F9-4B1BFE1176EC_tiles.jsonl,TCGA-XF-AAMT,Perivesical adipose tissue (extravesical fat),7341,6940
TCGA-XF-AAMW-01Z-00-DX1.875DED6D-805B-418C-8C9E-AE45FDECC504_tiles.jsonl,TCGA-XF-AAMW,Blood vessels (vasculature),12835,11935
TCGA-XF-AAMW-01Z-00-DX1.875DED6D-805B-418C-8C9E-AE45FDECC504_tiles.jsonl,TCGA-XF-AAMW,Inflammatory infiltrates (immune cells),467,376
TCGA-XF-AAMW-01Z-00-DX1.875DED6D-805B-418C-8C9E-AE45FDECC504_tiles.jsonl,TCGA-XF-AAMW,Invasive urothelial carcinoma (tumor),11201,10830
TCGA-XF-AAMW-01Z-00-DX1.875DED6D-805B-418C-8C9E-AE45FDECC504_tiles.jsonl,TCGA-XF-AAMW,Lamina propria (fibrovascular stroma),10559,9676
TCGA-XF-AAMW-01Z-00-DX1.875DED6D-805B-418C-8C9E-AE45FDECC504_tiles.jsonl,TCGA-XF-AAMW,Muscularis propria (detrusor muscle),3403,2752
TCGA-XF-AAMW-01Z-00-DX1.875DED6D-805B-418C-8C9E-AE45FDECC504_tiles.jsonl,TCGA-XF-AAMW,Necrosis,4012,3800
TCGA-XF-AAMW-01Z-00-DX1.875DED6D-805B-418C-8C9E-AE45FDECC504_tiles.jsonl,TCGA-XF-AAMW,Normal urothelium (benign mucosa),1994,1743
TCGA-XF-AAMW-01Z-00-DX1.875DED6D-805B-418C-8C9E-AE45FDECC504_tiles.jsonl,TCGA-XF-AAMW,Perivesical adipose tissue (extravesical fat),6729,6319
TCGA-XF-AAMX-01Z-00-DX1.453214DD-54FF-42DF-8BD6-E6BC4B376EFF_tiles.jsonl,TCGA-XF-AAMX,Blood vessels (vasculature),16370,15501
TCGA-XF-AAMX-01Z-00-DX1.453214DD-54FF-42DF-8BD6-E6BC4B376EFF_tiles.jsonl,TCGA-XF-AAMX,Inflammatory infiltrates (immune cells),426,345
TCGA-XF-AAMX-01Z-00-DX1.453214DD-54FF-42DF-8BD6-E6BC4B376EFF_tiles.jsonl,TCGA-XF-AAMX,Invasive urothelial carcinoma (tumor),3058,2857
TCGA-XF-AAMX-01Z-00-DX1.453214DD-54FF-42DF-8BD6-E6BC4B376EFF_tiles.jsonl,TCGA-XF-AAMX,Lamina propria (fibrovascular stroma),11313,10053
TCGA-XF-AAMX-01Z-00-DX1.453214DD-54FF-42DF-8BD6-E6BC4B376EFF_tiles.jsonl,TCGA-XF-AAMX,Muscularis propria (detrusor muscle),7738,6606
TCGA-XF-AAMX-01Z-00-DX1.453214DD-54FF-42DF-8BD6-E6BC4B376EFF_tiles.jsonl,TCGA-XF-AAMX,Necrosis,276,234
TCGA-XF-AAMX-01Z-00-DX1.453214DD-54FF-42DF-8BD6-E6BC4B376EFF_tiles.jsonl,TCGA-XF-AAMX,Normal urothelium (benign mucosa),5030,4349
TCGA-XF-AAMX-01Z-00-DX1.453214DD-54FF-42DF-8BD6-E6BC4B376EFF_tiles.jsonl,TCGA-XF-AAMX,Perivesical adipose tissue (extravesical fat),6989,6546
TCGA-XF-AAMY-01Z-00-DX1.44D91D18-357D-4FB2-A7CA-38792E3CB839_tiles.jsonl,TCGA-XF-AAMY,Blood vessels (vasculature),7276,6465
TCGA-XF-AAMY-01Z-00-DX1.44D91D18-357D-4FB2-A7CA-38792E3CB839_tiles.jsonl,TCGA-XF-AAMY,Inflammatory infiltrates (immune cells),980,753
TCGA-XF-AAMY-01Z-00-DX1.44D91D18-357D-4FB2-A7CA-38792E3CB839_tiles.jsonl,TCGA-XF-AAMY,Invasive urothelial carcinoma (tumor),29411,28499
TCGA-XF-AAMY-01Z-00-DX1.44D91D18-357D-4FB2-A7CA-38792E3CB839_tiles.jsonl,TCGA-XF-AAMY,Lamina propria (fibrovascular stroma),5547,4670
TCGA-XF-AAMY-01Z-00-DX1.44D91D18-357D-4FB2-A7CA-38792E3CB839_tiles.jsonl,TCGA-XF-AAMY,Muscularis propria (detrusor muscle),8911,7712
TCGA-XF-AAMY-01Z-00-DX1.44D91D18-357D-4FB2-A7CA-38792E3CB839_tiles.jsonl,TCGA-XF-AAMY,Necrosis,1117,954
TCGA-XF-AAMY-01Z-00-DX1.44D91D18-357D-4FB2-A7CA-38792E3CB839_tiles.jsonl,TCGA-XF-AAMY,Normal urothelium (benign mucosa),4721,4079
TCGA-XF-AAMY-01Z-00-DX1.44D91D18-357D-4FB2-A7CA-38792E3CB839_tiles.jsonl,TCGA-XF-AAMY,Perivesical adipose tissue (extravesical fat),8597,8242
TCGA-XF-AAMZ-01Z-00-DX1.05AB4629-F59E-4877-B7F3-CF4336557EE0_tiles.jsonl,TCGA-XF-AAMZ,Blood vessels (vasculature),11450,10712
TCGA-XF-AAMZ-01Z-00-DX1.05AB4629-F59E-4877-B7F3-CF4336557EE0_tiles.jsonl,TCGA-XF-AAMZ,Inflammatory infiltrates (immune cells),463,347
TCGA-XF-AAMZ-01Z-00-DX1.05AB4629-F59E-4877-B7F3-CF4336557EE0_tiles.jsonl,TCGA-XF-AAMZ,Invasive urothelial carcinoma (tumor),6158,5903
TCGA-XF-AAMZ-01Z-00-DX1.05AB4629-F59E-4877-B7F3-CF4336557EE0_tiles.jsonl,TCGA-XF-AAMZ,Lamina propria (fibrovascular stroma),5976,5295
TCGA-XF-AAMZ-01Z-00-DX1.05AB4629-F59E-4877-B7F3-CF4336557EE0_tiles.jsonl,TCGA-XF-AAMZ,Muscularis propria (detrusor muscle),4191,3493
TCGA-XF-AAMZ-01Z-00-DX1.05AB4629-F59E-4877-B7F3-CF4336557EE0_tiles.jsonl,TCGA-XF-AAMZ,Necrosis,793,711
TCGA-XF-AAMZ-01Z-00-DX1.05AB4629-F59E-4877-B7F3-CF4336557EE0_tiles.jsonl,TCGA-XF-AAMZ,Normal urothelium (benign mucosa),2620,2257
TCGA-XF-AAMZ-01Z-00-DX1.05AB4629-F59E-4877-B7F3-CF4336557EE0_tiles.jsonl,TCGA-XF-AAMZ,Perivesical adipose tissue (extravesical fat),9309,8732
TCGA-XF-AAN0-01Z-00-DX1.B9D6C207-F124-4558-ABD4-2846F42C5F66_tiles.jsonl,TCGA-XF-AAN0,Blood vessels (vasculature),10400,9489
TCGA-XF-AAN0-01Z-00-DX1.B9D6C207-F124-4558-ABD4-2846F42C5F66_tiles.jsonl,TCGA-XF-AAN0,Inflammatory infiltrates (immune cells),795,618
TCGA-XF-AAN0-01Z-00-DX1.B9D6C207-F124-4558-ABD4-2846F42C5F66_tiles.jsonl,TCGA-XF-AAN0,Invasive urothelial carcinoma (tumor),20335,19686
TCGA-XF-AAN0-01Z-00-DX1.B9D6C207-F124-4558-ABD4-2846F42C5F66_tiles.jsonl,TCGA-XF-AAN0,Lamina propria (fibrovascular stroma),8297,7137
TCGA-XF-AAN0-01Z-00-DX1.B9D6C207-F124-4558-ABD4-2846F42C5F66_tiles.jsonl,TCGA-XF-AAN0,Muscularis propria (detrusor muscle),5307,4230
TCGA-XF-AAN0-01Z-00-DX1.B9D6C207-F124-4558-ABD4-2846F42C5F66_tiles.jsonl,TCGA-XF-AAN0,Necrosis,1118,991
TCGA-XF-AAN0-01Z-00-DX1.B9D6C207-F124-4558-ABD4-2846F42C5F66_tiles.jsonl,TCGA-XF-AAN0,Normal urothelium (benign mucosa),6354,5890
TCGA-XF-AAN0-01Z-00-DX1.B9D6C207-F124-4558-ABD4-2846F42C5F66_tiles.jsonl,TCGA-XF-AAN0,Perivesical adipose tissue (extravesical fat),8834,8123
TCGA-XF-AAN1-01Z-00-DX1.F6F0E65A-0D01-4C00-AEAC-359D52C802BF_tiles.jsonl,TCGA-XF-AAN1,Blood vessels (vasculature),16449,15378
TCGA-XF-AAN1-01Z-00-DX1.F6F0E65A-0D01-4C00-AEAC-359D52C802BF_tiles.jsonl,TCGA-XF-AAN1,Inflammatory infiltrates (immune cells),142,107
TCGA-XF-AAN1-01Z-00-DX1.F6F0E65A-0D01-4C00-AEAC-359D52C802BF_tiles.jsonl,TCGA-XF-AAN1,Invasive urothelial carcinoma (tumor),20065,19814
TCGA-XF-AAN1-01Z-00-DX1.F6F0E65A-0D01-4C00-AEAC-359D52C802BF_tiles.jsonl,TCGA-XF-AAN1,Lamina propria (fibrovascular stroma),10870,9737
TCGA-XF-AAN1-01Z-00-DX1.F6F0E65A-0D01-4C00-AEAC-359D52C802BF_tiles.jsonl,TCGA-XF-AAN1,Muscularis propria (detrusor muscle),4834,4091
TCGA-XF-AAN1-01Z-00-DX1.F6F0E65A-0D01-4C00-AEAC-359D52C802BF_tiles.jsonl,TCGA-XF-AAN1,Necrosis,210,189
TCGA-XF-AAN1-01Z-00-DX1.F6F0E65A-0D01-4C00-AEAC-359D52C802BF_tiles.jsonl,TCGA-XF-AAN1,Normal urothelium (benign mucosa),4595,4008
TCGA-XF-AAN1-01Z-00-DX1.F6F0E65A-0D01-4C00-AEAC-359D52C802BF_tiles.jsonl,TCGA-XF-AAN1,Perivesical adipose tissue (extravesical fat),4275,3984
TCGA-XF-AAN2-01Z-00-DX1.EB523A3A-0DE0-4FFC-9FE7-CF4FB2FB36CF_tiles.jsonl,TCGA-XF-AAN2,Blood vessels (vasculature),5186,4745
TCGA-XF-AAN2-01Z-00-DX1.EB523A3A-0DE0-4FFC-9FE7-CF4FB2FB36CF_tiles.jsonl,TCGA-XF-AAN2,Inflammatory infiltrates (immune cells),832,639
TCGA-XF-AAN2-01Z-00-DX1.EB523A3A-0DE0-4FFC-9FE7-CF4FB2FB36CF_tiles.jsonl,TCGA-XF-AAN2,Invasive urothelial carcinoma (tumor),19892,19497
TCGA-XF-AAN2-01Z-00-DX1.EB523A3A-0DE0-4FFC-9FE7-CF4FB2FB36CF_tiles.jsonl,TCGA-XF-AAN2,Lamina propria (fibrovascular stroma),4479,3796
TCGA-XF-AAN2-01Z-00-DX1.EB523A3A-0DE0-4FFC-9FE7-CF4FB2FB36CF_tiles.jsonl,TCGA-XF-AAN2,Muscularis propria (detrusor muscle),2706,2169
TCGA-XF-AAN2-01Z-00-DX1.EB523A3A-0DE0-4FFC-9FE7-CF4FB2FB36CF_tiles.jsonl,TCGA-XF-AAN2,Necrosis,2822,2659
TCGA-XF-AAN2-01Z-00-DX1.EB523A3A-0DE0-4FFC-9FE7-CF4FB2FB36CF_tiles.jsonl,TCGA-XF-AAN2,Normal urothelium (benign mucosa),1617,1407
TCGA-XF-AAN2-01Z-00-DX1.EB523A3A-0DE0-4FFC-9FE7-CF4FB2FB36CF_tiles.jsonl,TCGA-XF-AAN2,Perivesical adipose tissue (extravesical fat),3426,3253
TCGA-XF-AAN3-01Z-00-DX1.2F004F0A-57C1-42CA-A07C-CE0FE8F876D5_tiles.jsonl,TCGA-XF-AAN3,Blood vessels (vasculature),6937,6190
TCGA-XF-AAN3-01Z-00-DX1.2F004F0A-57C1-42CA-A07C-CE0FE8F876D5_tiles.jsonl,TCGA-XF-AAN3,Inflammatory infiltrates (immune cells),417,328
TCGA-XF-AAN3-01Z-00-DX1.2F004F0A-57C1-42CA-A07C-CE0FE8F876D5_tiles.jsonl,TCGA-XF-AAN3,Invasive urothelial carcinoma (tumor),2283,2065
TCGA-XF-AAN3-01Z-00-DX1.2F004F0A-57C1-42CA-A07C-CE0FE8F876D5_tiles.jsonl,TCGA-XF-AAN3,Lamina propria (fibrovascular stroma),4301,3542
TCGA-XF-AAN3-01Z-00-DX1.2F004F0A-57C1-42CA-A07C-CE0FE8F876D5_tiles.jsonl,TCGA-XF-AAN3,Muscularis propria (detrusor muscle),2757,2172
TCGA-XF-AAN3-01Z-00-DX1.2F004F0A-57C1-42CA-A07C-CE0FE8F876D5_tiles.jsonl,TCGA-XF-AAN3,Necrosis,93,71
TCGA-XF-AAN3-01Z-00-DX1.2F004F0A-57C1-42CA-A07C-CE0FE8F876D5_tiles.jsonl,TCGA-XF-AAN3,Normal urothelium (benign mucosa),16076,15123
TCGA-XF-AAN3-01Z-00-DX1.2F004F0A-57C1-42CA-A07C-CE0FE8F876D5_tiles.jsonl,TCGA-XF-AAN3,Perivesical adipose tissue (extravesical fat),13216,12557
TCGA-XF-AAN4-01Z-00-DX1.F9F1800B-9945-4695-B851-A4585E9D56D6_tiles.jsonl,TCGA-XF-AAN4,Blood vessels (vasculature),5778,5315
TCGA-XF-AAN4-01Z-00-DX1.F9F1800B-9945-4695-B851-A4585E9D56D6_tiles.jsonl,TCGA-XF-AAN4,Inflammatory infiltrates (immune cells),1197,868
TCGA-XF-AAN4-01Z-00-DX1.F9F1800B-9945-4695-B851-A4585E9D56D6_tiles.jsonl,TCGA-XF-AAN4,Invasive urothelial carcinoma (tumor),38304,36884
TCGA-XF-AAN4-01Z-00-DX1.F9F1800B-9945-4695-B851-A4585E9D56D6_tiles.jsonl,TCGA-XF-AAN4,Lamina propria (fibrovascular stroma),20522,18467
TCGA-XF-AAN4-01Z-00-DX1.F9F1800B-9945-4695-B851-A4585E9D56D6_tiles.jsonl,TCGA-XF-AAN4,Muscularis propria (detrusor muscle),7080,5766
TCGA-XF-AAN4-01Z-00-DX1.F9F1800B-9945-4695-B851-A4585E9D56D6_tiles.jsonl,TCGA-XF-AAN4,Necrosis,2558,2268
TCGA-XF-AAN4-01Z-00-DX1.F9F1800B-9945-4695-B851-A4585E9D56D6_tiles.jsonl,TCGA-XF-AAN4,Normal urothelium (benign mucosa),384,353
TCGA-XF-AAN4-01Z-00-DX1.F9F1800B-9945-4695-B851-A4585E9D56D6_tiles.jsonl,TCGA-XF-AAN4,Perivesical adipose tissue (extravesical fat),977,805
TCGA-XF-AAN5-01Z-00-DX1.DACB5253-366B-40A2-AD52-376F26C103A6_tiles.jsonl,TCGA-XF-AAN5,Blood vessels (vasculature),6653,6055
TCGA-XF-AAN5-01Z-00-DX1.DACB5253-366B-40A2-AD52-376F26C103A6_tiles.jsonl,TCGA-XF-AAN5,Inflammatory infiltrates (immune cells),350,255
TCGA-XF-AAN5-01Z-00-DX1.DACB5253-366B-40A2-AD52-376F26C103A6_tiles.jsonl,TCGA-XF-AAN5,Invasive urothelial carcinoma (tumor),15908,15394
TCGA-XF-AAN5-01Z-00-DX1.DACB5253-366B-40A2-AD52-376F26C103A6_tiles.jsonl,TCGA-XF-AAN5,Lamina propria (fibrovascular stroma),2192,1728
TCGA-XF-AAN5-01Z-00-DX1.DACB5253-366B-40A2-AD52-376F26C103A6_tiles.jsonl,TCGA-XF-AAN5,Muscularis propria (detrusor muscle),1905,1437
TCGA-XF-AAN5-01Z-00-DX1.DACB5253-366B-40A2-AD52-376F26C103A6_tiles.jsonl,TCGA-XF-AAN5,Necrosis,15431,15098
TCGA-XF-AAN5-01Z-00-DX1.DACB5253-366B-40A2-AD52-376F26C103A6_tiles.jsonl,TCGA-XF-AAN5,Normal urothelium (benign mucosa),1488,1224
TCGA-XF-AAN5-01Z-00-DX1.DACB5253-366B-40A2-AD52-376F26C103A6_tiles.jsonl,TCGA-XF-AAN5,Perivesical adipose tissue (extravesical fat),7273,6932
TCGA-XF-AAN7-01Z-00-DX1.B8EDF045-604C-48CB-8E54-A60564CAE2AD_tiles.jsonl,TCGA-XF-AAN7,Blood vessels (vasculature),10822,9688
TCGA-XF-AAN7-01Z-00-DX1.B8EDF045-604C-48CB-8E54-A60564CAE2AD_tiles.jsonl,TCGA-XF-AAN7,Inflammatory infiltrates (immune cells),687,536
TCGA-XF-AAN7-01Z-00-DX1.B8EDF045-604C-48CB-8E54-A60564CAE2AD_tiles.jsonl,TCGA-XF-AAN7,Invasive urothelial carcinoma (tumor),14527,13612
TCGA-XF-AAN7-01Z-00-DX1.B8EDF045-604C-48CB-8E54-A60564CAE2AD_tiles.jsonl,TCGA-XF-AAN7,Lamina propria (fibrovascular stroma),8277,6893
TCGA-XF-AAN7-01Z-00-DX1.B8EDF045-604C-48CB-8E54-A60564CAE2AD_tiles.jsonl,TCGA-XF-AAN7,Muscularis propria (detrusor muscle),6665,5260
TCGA-XF-AAN7-01Z-00-DX1.B8EDF045-604C-48CB-8E54-A60564CAE2AD_tiles.jsonl,TCGA-XF-AAN7,Necrosis,166,139
TCGA-XF-AAN7-01Z-00-DX1.B8EDF045-604C-48CB-8E54-A60564CAE2AD_tiles.jsonl,TCGA-XF-AAN7,Normal urothelium (benign mucosa),2189,1739
TCGA-XF-AAN7-01Z-00-DX1.B8EDF045-604C-48CB-8E54-A60564CAE2AD_tiles.jsonl,TCGA-XF-AAN7,Perivesical adipose tissue (extravesical fat),7867,7406
TCGA-XF-AAN8-01Z-00-DX1.2962EEBB-A4F1-4958-85C9-480B7CA769A8_tiles.jsonl,TCGA-XF-AAN8,Blood vessels (vasculature),2935,2647
TCGA-XF-AAN8-01Z-00-DX1.2962EEBB-A4F1-4958-85C9-480B7CA769A8_tiles.jsonl,TCGA-XF-AAN8,Inflammatory infiltrates (immune cells),486,378
TCGA-XF-AAN8-01Z-00-DX1.2962EEBB-A4F1-4958-85C9-480B7CA769A8_tiles.jsonl,TCGA-XF-AAN8,Invasive urothelial carcinoma (tumor),23615,23091
TCGA-XF-AAN8-01Z-00-DX1.2962EEBB-A4F1-4958-85C9-480B7CA769A8_tiles.jsonl,TCGA-XF-AAN8,Lamina propria (fibrovascular stroma),8717,8022
TCGA-XF-AAN8-01Z-00-DX1.2962EEBB-A4F1-4958-85C9-480B7CA769A8_tiles.jsonl,TCGA-XF-AAN8,Muscularis propria (detrusor muscle),2209,1711
TCGA-XF-AAN8-01Z-00-DX1.2962EEBB-A4F1-4958-85C9-480B7CA769A8_tiles.jsonl,TCGA-XF-AAN8,Necrosis,776,706
TCGA-XF-AAN8-01Z-00-DX1.2962EEBB-A4F1-4958-85C9-480B7CA769A8_tiles.jsonl,TCGA-XF-AAN8,Normal urothelium (benign mucosa),1854,1623
TCGA-XF-AAN8-01Z-00-DX1.2962EEBB-A4F1-4958-85C9-480B7CA769A8_tiles.jsonl,TCGA-XF-AAN8,Perivesical adipose tissue (extravesical fat),368,323
TCGA-YC-A89H-01Z-00-DX1.ACE5AFD4-274B-4579-9B0E-EDD8D9251A8C_tiles.jsonl,TCGA-YC-A89H,Blood vessels (vasculature),6937,6350
TCGA-YC-A89H-01Z-00-DX1.ACE5AFD4-274B-4579-9B0E-EDD8D9251A8C_tiles.jsonl,TCGA-YC-A89H,Inflammatory infiltrates (immune cells),2660,2403
TCGA-YC-A89H-01Z-00-DX1.ACE5AFD4-274B-4579-9B0E-EDD8D9251A8C_tiles.jsonl,TCGA-YC-A89H,Invasive urothelial carcinoma (tumor),27615,27061
TCGA-YC-A89H-01Z-00-DX1.ACE5AFD4-274B-4579-9B0E-EDD8D9251A8C_tiles.jsonl,TCGA-YC-A89H,Lamina propria (fibrovascular stroma),6912,6099
TCGA-YC-A89H-01Z-00-DX1.ACE5AFD4-274B-4579-9B0E-EDD8D9251A8C_tiles.jsonl,TCGA-YC-A89H,Muscularis propria (detrusor muscle),3174,2492
TCGA-YC-A89H-01Z-00-DX1.ACE5AFD4-274B-4579-9B0E-EDD8D9251A8C_tiles.jsonl,TCGA-YC-A89H,Necrosis,1452,1330
TCGA-YC-A89H-01Z-00-DX1.ACE5AFD4-274B-4579-9B0E-EDD8D9251A8C_tiles.jsonl,TCGA-YC-A89H,Normal urothelium (benign mucosa),13682,12667
TCGA-YC-A89H-01Z-00-DX1.ACE5AFD4-274B-4579-9B0E-EDD8D9251A8C_tiles.jsonl,TCGA-YC-A89H,Perivesical adipose tissue (extravesical fat),4128,3892
TCGA-YC-A8S6-01Z-00-DX1.6B92FB17-2000-48B0-B7AE-6C8766D958E2_tiles.jsonl,TCGA-YC-A8S6,Blood vessels (vasculature),16730,15469
TCGA-YC-A8S6-01Z-00-DX1.6B92FB17-2000-48B0-B7AE-6C8766D958E2_tiles.jsonl,TCGA-YC-A8S6,Inflammatory infiltrates (immune cells),503,380
TCGA-YC-A8S6-01Z-00-DX1.6B92FB17-2000-48B0-B7AE-6C8766D958E2_tiles.jsonl,TCGA-YC-A8S6,Invasive urothelial carcinoma (tumor),12789,12348
TCGA-YC-A8S6-01Z-00-DX1.6B92FB17-2000-48B0-B7AE-6C8766D958E2_tiles.jsonl,TCGA-YC-A8S6,Lamina propria (fibrovascular stroma),8642,7412
TCGA-YC-A8S6-01Z-00-DX1.6B92FB17-2000-48B0-B7AE-6C8766D958E2_tiles.jsonl,TCGA-YC-A8S6,Muscularis propria (detrusor muscle),6750,5557
TCGA-YC-A8S6-01Z-00-DX1.6B92FB17-2000-48B0-B7AE-6C8766D958E2_tiles.jsonl,TCGA-YC-A8S6,Necrosis,17,14
TCGA-YC-A8S6-01Z-00-DX1.6B92FB17-2000-48B0-B7AE-6C8766D958E2_tiles.jsonl,TCGA-YC-A8S6,Normal urothelium (benign mucosa),7068,6025
TCGA-YC-A8S6-01Z-00-DX1.6B92FB17-2000-48B0-B7AE-6C8766D958E2_tiles.jsonl,TCGA-YC-A8S6,Perivesical adipose tissue (extravesical fat),3821,3469
TCGA-YC-A9TC-01Z-00-DX1.D7C1A85C-C39C-436F-A22A-2A09558CCF18_tiles.jsonl,TCGA-YC-A9TC,Blood vessels (vasculature),6919,6654
TCGA-YC-A9TC-01Z-00-DX1.D7C1A85C-C39C-436F-A22A-2A09558CCF18_tiles.jsonl,TCGA-YC-A9TC,Inflammatory infiltrates (immune cells),534,462
TCGA-YC-A9TC-01Z-00-DX1.D7C1A85C-C39C-436F-A22A-2A09558CCF18_tiles.jsonl,TCGA-YC-A9TC,Invasive urothelial carcinoma (tumor),13520,13282
TCGA-YC-A9TC-01Z-00-DX1.D7C1A85C-C39C-436F-A22A-2A09558CCF18_tiles.jsonl,TCGA-YC-A9TC,Lamina propria (fibrovascular stroma),888,766
TCGA-YC-A9TC-01Z-00-DX1.D7C1A85C-C39C-436F-A22A-2A09558CCF18_tiles.jsonl,TCGA-YC-A9TC,Muscularis propria (detrusor muscle),844,692
TCGA-YC-A9TC-01Z-00-DX1.D7C1A85C-C39C-436F-A22A-2A09558CCF18_tiles.jsonl,TCGA-YC-A9TC,Necrosis,3194,3111
TCGA-YC-A9TC-01Z-00-DX1.D7C1A85C-C39C-436F-A22A-2A09558CCF18_tiles.jsonl,TCGA-YC-A9TC,Normal urothelium (benign mucosa),14002,13526
TCGA-YC-A9TC-01Z-00-DX1.D7C1A85C-C39C-436F-A22A-2A09558CCF18_tiles.jsonl,TCGA-YC-A9TC,Perivesical adipose tissue (extravesical fat),1059,956
TCGA-YF-AA3L-01Z-00-DX1.56C211C1-20C7-4000-9C39-F76919ADA592_tiles.jsonl,TCGA-YF-AA3L,Blood vessels (vasculature),10107,9286
TCGA-YF-AA3L-01Z-00-DX1.56C211C1-20C7-4000-9C39-F76919ADA592_tiles.jsonl,TCGA-YF-AA3L,Inflammatory infiltrates (immune cells),185,154
TCGA-YF-AA3L-01Z-00-DX1.56C211C1-20C7-4000-9C39-F76919ADA592_tiles.jsonl,TCGA-YF-AA3L,Invasive urothelial carcinoma (tumor),9453,9111
TCGA-YF-AA3L-01Z-00-DX1.56C211C1-20C7-4000-9C39-F76919ADA592_tiles.jsonl,TCGA-YF-AA3L,Lamina propria (fibrovascular stroma),2572,2152
TCGA-YF-AA3L-01Z-00-DX1.56C211C1-20C7-4000-9C39-F76919ADA592_tiles.jsonl,TCGA-YF-AA3L,Muscularis propria (detrusor muscle),19466,18372
TCGA-YF-AA3L-01Z-00-DX1.56C211C1-20C7-4000-9C39-F76919ADA592_tiles.jsonl,TCGA-YF-AA3L,Necrosis,71,42
TCGA-YF-AA3L-01Z-00-DX1.56C211C1-20C7-4000-9C39-F76919ADA592_tiles.jsonl,TCGA-YF-AA3L,Normal urothelium (benign mucosa),1824,1484
TCGA-YF-AA3L-01Z-00-DX1.56C211C1-20C7-4000-9C39-F76919ADA592_tiles.jsonl,TCGA-YF-AA3L,Perivesical adipose tissue (extravesical fat),7522,7031
TCGA-YF-AA3M-01Z-00-DX1.28587CDB-1FDF-4FD0-B809-86C7EA64562A_tiles.jsonl,TCGA-YF-AA3M,Blood vessels (vasculature),46326,43729
TCGA-YF-AA3M-01Z-00-DX1.28587CDB-1FDF-4FD0-B809-86C7EA64562A_tiles.jsonl,TCGA-YF-AA3M,Inflammatory infiltrates (immune cells),520,382
TCGA-YF-AA3M-01Z-00-DX1.28587CDB-1FDF-4FD0-B809-86C7EA64562A_tiles.jsonl,TCGA-YF-AA3M,Invasive urothelial carcinoma (tumor),15798,15355
TCGA-YF-AA3M-01Z-00-DX1.28587CDB-1FDF-4FD0-B809-86C7EA64562A_tiles.jsonl,TCGA-YF-AA3M,Lamina propria (fibrovascular stroma),15089,13043
TCGA-YF-AA3M-01Z-00-DX1.28587CDB-1FDF-4FD0-B809-86C7EA64562A_tiles.jsonl,TCGA-YF-AA3M,Muscularis propria (detrusor muscle),11460,9329
TCGA-YF-AA3M-01Z-00-DX1.28587CDB-1FDF-4FD0-B809-86C7EA64562A_tiles.jsonl,TCGA-YF-AA3M,Necrosis,128,108
TCGA-YF-AA3M-01Z-00-DX1.28587CDB-1FDF-4FD0-B809-86C7EA64562A_tiles.jsonl,TCGA-YF-AA3M,Normal urothelium (benign mucosa),14749,13115
TCGA-YF-AA3M-01Z-00-DX1.28587CDB-1FDF-4FD0-B809-86C7EA64562A_tiles.jsonl,TCGA-YF-AA3M,Perivesical adipose tissue (extravesical fat),13690,12800
TCGA-ZF-A9R0-01Z-00-DX1.B9FD30D2-807E-49F7-A9E0-C58226EDEF13_tiles.jsonl,TCGA-ZF-A9R0,Blood vessels (vasculature),11206,10385
TCGA-ZF-A9R0-01Z-00-DX1.B9FD30D2-807E-49F7-A9E0-C58226EDEF13_tiles.jsonl,TCGA-ZF-A9R0,Inflammatory infiltrates (immune cells),697,552
TCGA-ZF-A9R0-01Z-00-DX1.B9FD30D2-807E-49F7-A9E0-C58226EDEF13_tiles.jsonl,TCGA-ZF-A9R0,Invasive urothelial carcinoma (tumor),26204,25633
TCGA-ZF-A9R0-01Z-00-DX1.B9FD30D2-807E-49F7-A9E0-C58226EDEF13_tiles.jsonl,TCGA-ZF-A9R0,Lamina propria (fibrovascular stroma),13888,12481
TCGA-ZF-A9R0-01Z-00-DX1.B9FD30D2-807E-49F7-A9E0-C58226EDEF13_tiles.jsonl,TCGA-ZF-A9R0,Muscularis propria (detrusor muscle),17323,15630
TCGA-ZF-A9R0-01Z-00-DX1.B9FD30D2-807E-49F7-A9E0-C58226EDEF13_tiles.jsonl,TCGA-ZF-A9R0,Necrosis,637,571
TCGA-ZF-A9R0-01Z-00-DX1.B9FD30D2-807E-49F7-A9E0-C58226EDEF13_tiles.jsonl,TCGA-ZF-A9R0,Normal urothelium (benign mucosa),6262,5550
TCGA-ZF-A9R0-01Z-00-DX1.B9FD30D2-807E-49F7-A9E0-C58226EDEF13_tiles.jsonl,TCGA-ZF-A9R0,Perivesical adipose tissue (extravesical fat),5703,5251
TCGA-ZF-A9R1-01Z-00-DX1.74520759-D448-45B5-B8AD-45502C99A519_tiles.jsonl,TCGA-ZF-A9R1,Blood vessels (vasculature),9195,8649
TCGA-ZF-A9R1-01Z-00-DX1.74520759-D448-45B5-B8AD-45502C99A519_tiles.jsonl,TCGA-ZF-A9R1,Inflammatory infiltrates (immune cells),1791,1638
TCGA-ZF-A9R1-01Z-00-DX1.74520759-D448-45B5-B8AD-45502C99A519_tiles.jsonl,TCGA-ZF-A9R1,Invasive urothelial carcinoma (tumor),5856,5591
TCGA-ZF-A9R1-01Z-00-DX1.74520759-D448-45B5-B8AD-45502C99A519_tiles.jsonl,TCGA-ZF-A9R1,Lamina propria (fibrovascular stroma),4640,3975
TCGA-ZF-A9R1-01Z-00-DX1.74520759-D448-45B5-B8AD-45502C99A519_tiles.jsonl,TCGA-ZF-A9R1,Muscularis propria (detrusor muscle),5691,4800
TCGA-ZF-A9R1-01Z-00-DX1.74520759-D448-45B5-B8AD-45502C99A519_tiles.jsonl,TCGA-ZF-A9R1,Necrosis,350,289
TCGA-ZF-A9R1-01Z-00-DX1.74520759-D448-45B5-B8AD-45502C99A519_tiles.jsonl,TCGA-ZF-A9R1,Normal urothelium (benign mucosa),2763,2354
TCGA-ZF-A9R1-01Z-00-DX1.74520759-D448-45B5-B8AD-45502C99A519_tiles.jsonl,TCGA-ZF-A9R1,Perivesical adipose tissue (extravesical fat),10674,10246
TCGA-ZF-A9R2-01Z-00-DX1.D5BC88BD-594B-4EAA-988E-2577E48FEE15_tiles.jsonl,TCGA-ZF-A9R2,Blood vessels (vasculature),15457,14174
TCGA-ZF-A9R2-01Z-00-DX1.D5BC88BD-594B-4EAA-988E-2577E48FEE15_tiles.jsonl,TCGA-ZF-A9R2,Inflammatory infiltrates (immune cells),219,165
TCGA-ZF-A9R2-01Z-00-DX1.D5BC88BD-594B-4EAA-988E-2577E48FEE15_tiles.jsonl,TCGA-ZF-A9R2,Invasive urothelial carcinoma (tumor),31391,30783
TCGA-ZF-A9R2-01Z-00-DX1.D5BC88BD-594B-4EAA-988E-2577E48FEE15_tiles.jsonl,TCGA-ZF-A9R2,Lamina propria (fibrovascular stroma),10562,9040
TCGA-ZF-A9R2-01Z-00-DX1.D5BC88BD-594B-4EAA-988E-2577E48FEE15_tiles.jsonl,TCGA-ZF-A9R2,Muscularis propria (detrusor muscle),17915,15931
TCGA-ZF-A9R2-01Z-00-DX1.D5BC88BD-594B-4EAA-988E-2577E48FEE15_tiles.jsonl,TCGA-ZF-A9R2,Necrosis,2991,2948
TCGA-ZF-A9R2-01Z-00-DX1.D5BC88BD-594B-4EAA-988E-2577E48FEE15_tiles.jsonl,TCGA-ZF-A9R2,Normal urothelium (benign mucosa),4759,4210
TCGA-ZF-A9R2-01Z-00-DX1.D5BC88BD-594B-4EAA-988E-2577E48FEE15_tiles.jsonl,TCGA-ZF-A9R2,Perivesical adipose tissue (extravesical fat),3746,3401
TCGA-ZF-A9R3-01Z-00-DX1.AF828281-A45C-47D1-9FE3-CE7B9E105914_tiles.jsonl,TCGA-ZF-A9R3,Blood vessels (vasculature),20554,18749
TCGA-ZF-A9R3-01Z-00-DX1.AF828281-A45C-47D1-9FE3-CE7B9E105914_tiles.jsonl,TCGA-ZF-A9R3,Inflammatory infiltrates (immune cells),873,685
TCGA-ZF-A9R3-01Z-00-DX1.AF828281-A45C-47D1-9FE3-CE7B9E105914_tiles.jsonl,TCGA-ZF-A9R3,Invasive urothelial carcinoma (tumor),21350,19880
TCGA-ZF-A9R3-01Z-00-DX1.AF828281-A45C-47D1-9FE3-CE7B9E105914_tiles.jsonl,TCGA-ZF-A9R3,Lamina propria (fibrovascular stroma),6115,5094
TCGA-ZF-A9R3-01Z-00-DX1.AF828281-A45C-47D1-9FE3-CE7B9E105914_tiles.jsonl,TCGA-ZF-A9R3,Muscularis propria (detrusor muscle),3849,2876
TCGA-ZF-A9R3-01Z-00-DX1.AF828281-A45C-47D1-9FE3-CE7B9E105914_tiles.jsonl,TCGA-ZF-A9R3,Necrosis,544,452
TCGA-ZF-A9R3-01Z-00-DX1.AF828281-A45C-47D1-9FE3-CE7B9E105914_tiles.jsonl,TCGA-ZF-A9R3,Normal urothelium (benign mucosa),16711,15524
TCGA-ZF-A9R3-01Z-00-DX1.AF828281-A45C-47D1-9FE3-CE7B9E105914_tiles.jsonl,TCGA-ZF-A9R3,Perivesical adipose tissue (extravesical fat),27284,26030
TCGA-ZF-A9R4-01Z-00-DX1.0A115B7F-FB7F-4D82-953F-62BF64C1245F_tiles.jsonl,TCGA-ZF-A9R4,Blood vessels (vasculature),23571,22893
TCGA-ZF-A9R4-01Z-00-DX1.0A115B7F-FB7F-4D82-953F-62BF64C1245F_tiles.jsonl,TCGA-ZF-A9R4,Inflammatory infiltrates (immune cells),126,100
TCGA-ZF-A9R4-01Z-00-DX1.0A115B7F-FB7F-4D82-953F-62BF64C1245F_tiles.jsonl,TCGA-ZF-A9R4,Invasive urothelial carcinoma (tumor),24414,23620
TCGA-ZF-A9R4-01Z-00-DX1.0A115B7F-FB7F-4D82-953F-62BF64C1245F_tiles.jsonl,TCGA-ZF-A9R4,Lamina propria (fibrovascular stroma),1338,1231
TCGA-ZF-A9R4-01Z-00-DX1.0A115B7F-FB7F-4D82-953F-62BF64C1245F_tiles.jsonl,TCGA-ZF-A9R4,Muscularis propria (detrusor muscle),38,25
TCGA-ZF-A9R4-01Z-00-DX1.0A115B7F-FB7F-4D82-953F-62BF64C1245F_tiles.jsonl,TCGA-ZF-A9R4,Necrosis,356,320
TCGA-ZF-A9R4-01Z-00-DX1.0A115B7F-FB7F-4D82-953F-62BF64C1245F_tiles.jsonl,TCGA-ZF-A9R4,Normal urothelium (benign mucosa),24636,23839
TCGA-ZF-A9R4-01Z-00-DX1.0A115B7F-FB7F-4D82-953F-62BF64C1245F_tiles.jsonl,TCGA-ZF-A9R4,Perivesical adipose tissue (extravesical fat),2321,2232
TCGA-ZF-A9R5-01Z-00-DX1.50B18159-9376-411A-B519-12BB50D06DFC_tiles.jsonl,TCGA-ZF-A9R5,Blood vessels (vasculature),12441,11969
TCGA-ZF-A9R5-01Z-00-DX1.50B18159-9376-411A-B519-12BB50D06DFC_tiles.jsonl,TCGA-ZF-A9R5,Inflammatory infiltrates (immune cells),26,20
TCGA-ZF-A9R5-01Z-00-DX1.50B18159-9376-411A-B519-12BB50D06DFC_tiles.jsonl,TCGA-ZF-A9R5,Invasive urothelial carcinoma (tumor),12796,12395
TCGA-ZF-A9R5-01Z-00-DX1.50B18159-9376-411A-B519-12BB50D06DFC_tiles.jsonl,TCGA-ZF-A9R5,Lamina propria (fibrovascular stroma),736,454
TCGA-ZF-A9R5-01Z-00-DX1.50B18159-9376-411A-B519-12BB50D06DFC_tiles.jsonl,TCGA-ZF-A9R5,Muscularis propria (detrusor muscle),129,100
TCGA-ZF-A9R5-01Z-00-DX1.50B18159-9376-411A-B519-12BB50D06DFC_tiles.jsonl,TCGA-ZF-A9R5,Necrosis,942,899
TCGA-ZF-A9R5-01Z-00-DX1.50B18159-9376-411A-B519-12BB50D06DFC_tiles.jsonl,TCGA-ZF-A9R5,Normal urothelium (benign mucosa),10565,10094
TCGA-ZF-A9R5-01Z-00-DX1.50B18159-9376-411A-B519-12BB50D06DFC_tiles.jsonl,TCGA-ZF-A9R5,Perivesical adipose tissue (extravesical fat),3325,3127
TCGA-ZF-A9R7-01Z-00-DX1.AF323B5F-EE04-422E-B635-1050870897DC_tiles.jsonl,TCGA-ZF-A9R7,Blood vessels (vasculature),25437,24085
TCGA-ZF-A9R7-01Z-00-DX1.AF323B5F-EE04-422E-B635-1050870897DC_tiles.jsonl,TCGA-ZF-A9R7,Inflammatory infiltrates (immune cells),680,545
TCGA-ZF-A9R7-01Z-00-DX1.AF323B5F-EE04-422E-B635-1050870897DC_tiles.jsonl,TCGA-ZF-A9R7,Invasive urothelial carcinoma (tumor),32113,30858
TCGA-ZF-A9R7-01Z-00-DX1.AF323B5F-EE04-422E-B635-1050870897DC_tiles.jsonl,TCGA-ZF-A9R7,Lamina propria (fibrovascular stroma),3935,3223
TCGA-ZF-A9R7-01Z-00-DX1.AF323B5F-EE04-422E-B635-1050870897DC_tiles.jsonl,TCGA-ZF-A9R7,Muscularis propria (detrusor muscle),1159,770
TCGA-ZF-A9R7-01Z-00-DX1.AF323B5F-EE04-422E-B635-1050870897DC_tiles.jsonl,TCGA-ZF-A9R7,Necrosis,2396,2140
TCGA-ZF-A9R7-01Z-00-DX1.AF323B5F-EE04-422E-B635-1050870897DC_tiles.jsonl,TCGA-ZF-A9R7,Normal urothelium (benign mucosa),11840,10884
TCGA-ZF-A9R7-01Z-00-DX1.AF323B5F-EE04-422E-B635-1050870897DC_tiles.jsonl,TCGA-ZF-A9R7,Perivesical adipose tissue (extravesical fat),14600,13860
TCGA-ZF-A9R9-01Z-00-DX1.8E68A35C-F2B7-410E-A1DE-3C460D67DB85_tiles.jsonl,TCGA-ZF-A9R9,Blood vessels (vasculature),8677,8239
TCGA-ZF-A9R9-01Z-00-DX1.8E68A35C-F2B7-410E-A1DE-3C460D67DB85_tiles.jsonl,TCGA-ZF-A9R9,Inflammatory infiltrates (immune cells),288,213
TCGA-ZF-A9R9-01Z-00-DX1.8E68A35C-F2B7-410E-A1DE-3C460D67DB85_tiles.jsonl,TCGA-ZF-A9R9,Invasive urothelial carcinoma (tumor),35055,34206
TCGA-ZF-A9R9-01Z-00-DX1.8E68A35C-F2B7-410E-A1DE-3C460D67DB85_tiles.jsonl,TCGA-ZF-A9R9,Lamina propria (fibrovascular stroma),13333,12233
TCGA-ZF-A9R9-01Z-00-DX1.8E68A35C-F2B7-410E-A1DE-3C460D67DB85_tiles.jsonl,TCGA-ZF-A9R9,Muscularis propria (detrusor muscle),4072,3249
TCGA-ZF-A9R9-01Z-00-DX1.8E68A35C-F2B7-410E-A1DE-3C460D67DB85_tiles.jsonl,TCGA-ZF-A9R9,Necrosis,1734,1617
TCGA-ZF-A9R9-01Z-00-DX1.8E68A35C-F2B7-410E-A1DE-3C460D67DB85_tiles.jsonl,TCGA-ZF-A9R9,Normal urothelium (benign mucosa),1424,1228
TCGA-ZF-A9R9-01Z-00-DX1.8E68A35C-F2B7-410E-A1DE-3C460D67DB85_tiles.jsonl,TCGA-ZF-A9R9,Perivesical adipose tissue (extravesical fat),1977,1868
TCGA-ZF-A9RC-01Z-00-DX1.A3F3826E-2BDE-48C3-9854-1061273AF9DC_tiles.jsonl,TCGA-ZF-A9RC,Blood vessels (vasculature),10486,9659
TCGA-ZF-A9RC-01Z-00-DX1.A3F3826E-2BDE-48C3-9854-1061273AF9DC_tiles.jsonl,TCGA-ZF-A9RC,Inflammatory infiltrates (immune cells),789,696
TCGA-ZF-A9RC-01Z-00-DX1.A3F3826E-2BDE-48C3-9854-1061273AF9DC_tiles.jsonl,TCGA-ZF-A9RC,Invasive urothelial carcinoma (tumor),8359,8000
TCGA-ZF-A9RC-01Z-00-DX1.A3F3826E-2BDE-48C3-9854-1061273AF9DC_tiles.jsonl,TCGA-ZF-A9RC,Lamina propria (fibrovascular stroma),11631,10377
TCGA-ZF-A9RC-01Z-00-DX1.A3F3826E-2BDE-48C3-9854-1061273AF9DC_tiles.jsonl,TCGA-ZF-A9RC,Muscularis propria (detrusor muscle),5307,4281
TCGA-ZF-A9RC-01Z-00-DX1.A3F3826E-2BDE-48C3-9854-1061273AF9DC_tiles.jsonl,TCGA-ZF-A9RC,Necrosis,885,711
TCGA-ZF-A9RC-01Z-00-DX1.A3F3826E-2BDE-48C3-9854-1061273AF9DC_tiles.jsonl,TCGA-ZF-A9RC,Normal urothelium (benign mucosa),1079,876
TCGA-ZF-A9RC-01Z-00-DX1.A3F3826E-2BDE-48C3-9854-1061273AF9DC_tiles.jsonl,TCGA-ZF-A9RC,Perivesical adipose tissue (extravesical fat),12664,12260
TCGA-ZF-A9RD-01Z-00-DX1.84823027-AA0A-412A-9DEA-EFBB8406FD9C_tiles.jsonl,TCGA-ZF-A9RD,Blood vessels (vasculature),9989,9299
TCGA-ZF-A9RD-01Z-00-DX1.84823027-AA0A-412A-9DEA-EFBB8406FD9C_tiles.jsonl,TCGA-ZF-A9RD,Inflammatory infiltrates (immune cells),924,810
TCGA-ZF-A9RD-01Z-00-DX1.84823027-AA0A-412A-9DEA-EFBB8406FD9C_tiles.jsonl,TCGA-ZF-A9RD,Invasive urothelial carcinoma (tumor),9827,9502
TCGA-ZF-A9RD-01Z-00-DX1.84823027-AA0A-412A-9DEA-EFBB8406FD9C_tiles.jsonl,TCGA-ZF-A9RD,Lamina propria (fibrovascular stroma),17448,16014
TCGA-ZF-A9RD-01Z-00-DX1.84823027-AA0A-412A-9DEA-EFBB8406FD9C_tiles.jsonl,TCGA-ZF-A9RD,Muscularis propria (detrusor muscle),9379,8055
TCGA-ZF-A9RD-01Z-00-DX1.84823027-AA0A-412A-9DEA-EFBB8406FD9C_tiles.jsonl,TCGA-ZF-A9RD,Necrosis,1257,1194
TCGA-ZF-A9RD-01Z-00-DX1.84823027-AA0A-412A-9DEA-EFBB8406FD9C_tiles.jsonl,TCGA-ZF-A9RD,Normal urothelium (benign mucosa),5965,5167
TCGA-ZF-A9RD-01Z-00-DX1.84823027-AA0A-412A-9DEA-EFBB8406FD9C_tiles.jsonl,TCGA-ZF-A9RD,Perivesical adipose tissue (extravesical fat),1531,1337
TCGA-ZF-A9RE-01Z-00-DX1.6E1EF772-E62D-4D9F-8688-43AAF764A6E6_tiles.jsonl,TCGA-ZF-A9RE,Blood vessels (vasculature),17214,16495
TCGA-ZF-A9RE-01Z-00-DX1.6E1EF772-E62D-4D9F-8688-43AAF764A6E6_tiles.jsonl,TCGA-ZF-A9RE,Inflammatory infiltrates (immune cells),160,120
TCGA-ZF-A9RE-01Z-00-DX1.6E1EF772-E62D-4D9F-8688-43AAF764A6E6_tiles.jsonl,TCGA-ZF-A9RE,Invasive urothelial carcinoma (tumor),14337,13902
TCGA-ZF-A9RE-01Z-00-DX1.6E1EF772-E62D-4D9F-8688-43AAF764A6E6_tiles.jsonl,TCGA-ZF-A9RE,Lamina propria (fibrovascular stroma),1256,1021
TCGA-ZF-A9RE-01Z-00-DX1.6E1EF772-E62D-4D9F-8688-43AAF764A6E6_tiles.jsonl,TCGA-ZF-A9RE,Muscularis propria (detrusor muscle),3761,3086
TCGA-ZF-A9RE-01Z-00-DX1.6E1EF772-E62D-4D9F-8688-43AAF764A6E6_tiles.jsonl,TCGA-ZF-A9RE,Necrosis,3357,3178
TCGA-ZF-A9RE-01Z-00-DX1.6E1EF772-E62D-4D9F-8688-43AAF764A6E6_tiles.jsonl,TCGA-ZF-A9RE,Normal urothelium (benign mucosa),23875,22864
TCGA-ZF-A9RE-01Z-00-DX1.6E1EF772-E62D-4D9F-8688-43AAF764A6E6_tiles.jsonl,TCGA-ZF-A9RE,Perivesical adipose tissue (extravesical fat),2600,2403
TCGA-ZF-A9RF-01Z-00-DX1.948A32F2-EF55-44E8-BC52-6FCF4A3411BF_tiles.jsonl,TCGA-ZF-A9RF,Blood vessels (vasculature),21771,20823
TCGA-ZF-A9RF-01Z-00-DX1.948A32F2-EF55-44E8-BC52-6FCF4A3411BF_tiles.jsonl,TCGA-ZF-A9RF,Inflammatory infiltrates (immune cells),555,461
TCGA-ZF-A9RF-01Z-00-DX1.948A32F2-EF55-44E8-BC52-6FCF4A3411BF_tiles.jsonl,TCGA-ZF-A9RF,Invasive urothelial carcinoma (tumor),46454,45006
TCGA-ZF-A9RF-01Z-00-DX1.948A32F2-EF55-44E8-BC52-6FCF4A3411BF_tiles.jsonl,TCGA-ZF-A9RF,Lamina propria (fibrovascular stroma),9265,8285
TCGA-ZF-A9RF-01Z-00-DX1.948A32F2-EF55-44E8-BC52-6FCF4A3411BF_tiles.jsonl,TCGA-ZF-A9RF,Muscularis propria (detrusor muscle),3544,2917
TCGA-ZF-A9RF-01Z-00-DX1.948A32F2-EF55-44E8-BC52-6FCF4A3411BF_tiles.jsonl,TCGA-ZF-A9RF,Necrosis,5685,5291
TCGA-ZF-A9RF-01Z-00-DX1.948A32F2-EF55-44E8-BC52-6FCF4A3411BF_tiles.jsonl,TCGA-ZF-A9RF,Normal urothelium (benign mucosa),28797,27259
TCGA-ZF-A9RF-01Z-00-DX1.948A32F2-EF55-44E8-BC52-6FCF4A3411BF_tiles.jsonl,TCGA-ZF-A9RF,Perivesical adipose tissue (extravesical fat),6809,6506
TCGA-ZF-A9RG-01Z-00-DX1.E9C92201-31AD-4D7E-87C0-64842D705380_tiles.jsonl,TCGA-ZF-A9RG,Blood vessels (vasculature),10128,9452
TCGA-ZF-A9RG-01Z-00-DX1.E9C92201-31AD-4D7E-87C0-64842D705380_tiles.jsonl,TCGA-ZF-A9RG,Inflammatory infiltrates (immune cells),410,338
TCGA-ZF-A9RG-01Z-00-DX1.E9C92201-31AD-4D7E-87C0-64842D705380_tiles.jsonl,TCGA-ZF-A9RG,Invasive urothelial carcinoma (tumor),38938,38262
TCGA-ZF-A9RG-01Z-00-DX1.E9C92201-31AD-4D7E-87C0-64842D705380_tiles.jsonl,TCGA-ZF-A9RG,Lamina propria (fibrovascular stroma),8213,7411
TCGA-ZF-A9RG-01Z-00-DX1.E9C92201-31AD-4D7E-87C0-64842D705380_tiles.jsonl,TCGA-ZF-A9RG,Muscularis propria (detrusor muscle),4698,3994
TCGA-ZF-A9RG-01Z-00-DX1.E9C92201-31AD-4D7E-87C0-64842D705380_tiles.jsonl,TCGA-ZF-A9RG,Necrosis,6843,6512
TCGA-ZF-A9RG-01Z-00-DX1.E9C92201-31AD-4D7E-87C0-64842D705380_tiles.jsonl,TCGA-ZF-A9RG,Normal urothelium (benign mucosa),1446,1281
TCGA-ZF-A9RG-01Z-00-DX1.E9C92201-31AD-4D7E-87C0-64842D705380_tiles.jsonl,TCGA-ZF-A9RG,Perivesical adipose tissue (extravesical fat),6124,5843
TCGA-ZF-A9RL-01Z-00-DX1.6A6B23B8-78D2-4468-8B25-A2D94130722C_tiles.jsonl,TCGA-ZF-A9RL,Blood vessels (vasculature),4197,3315
TCGA-ZF-A9RL-01Z-00-DX1.6A6B23B8-78D2-4468-8B25-A2D94130722C_tiles.jsonl,TCGA-ZF-A9RL,Inflammatory infiltrates (immune cells),58,48
TCGA-ZF-A9RL-01Z-00-DX1.6A6B23B8-78D2-4468-8B25-A2D94130722C_tiles.jsonl,TCGA-ZF-A9RL,Invasive urothelial carcinoma (tumor),2955,2908
TCGA-ZF-A9RL-01Z-00-DX1.6A6B23B8-78D2-4468-8B25-A2D94130722C_tiles.jsonl,TCGA-ZF-A9RL,Lamina propria (fibrovascular stroma),4860,1188
TCGA-ZF-A9RL-01Z-00-DX1.6A6B23B8-78D2-4468-8B25-A2D94130722C_tiles.jsonl,TCGA-ZF-A9RL,Muscularis propria (detrusor muscle),63,46
TCGA-ZF-A9RL-01Z-00-DX1.6A6B23B8-78D2-4468-8B25-A2D94130722C_tiles.jsonl,TCGA-ZF-A9RL,Necrosis,21,20
TCGA-ZF-A9RL-01Z-00-DX1.6A6B23B8-78D2-4468-8B25-A2D94130722C_tiles.jsonl,TCGA-ZF-A9RL,Normal urothelium (benign mucosa),9423,9166
TCGA-ZF-A9RL-01Z-00-DX1.6A6B23B8-78D2-4468-8B25-A2D94130722C_tiles.jsonl,TCGA-ZF-A9RL,Perivesical adipose tissue (extravesical fat),4023,806
TCGA-ZF-A9RM-01Z-00-DX1.68758A74-2409-48F4-811A-EA42B4F8F942_tiles.jsonl,TCGA-ZF-A9RM,Blood vessels (vasculature),14836,14217
TCGA-ZF-A9RM-01Z-00-DX1.68758A74-2409-48F4-811A-EA42B4F8F942_tiles.jsonl,TCGA-ZF-A9RM,Inflammatory infiltrates (immune cells),2586,2408
TCGA-ZF-A9RM-01Z-00-DX1.68758A74-2409-48F4-811A-EA42B4F8F942_tiles.jsonl,TCGA-ZF-A9RM,Invasive urothelial carcinoma (tumor),52993,52597
TCGA-ZF-A9RM-01Z-00-DX1.68758A74-2409-48F4-811A-EA42B4F8F942_tiles.jsonl,TCGA-ZF-A9RM,Lamina propria (fibrovascular stroma),3827,3363
TCGA-ZF-A9RM-01Z-00-DX1.68758A74-2409-48F4-811A-EA42B4F8F942_tiles.jsonl,TCGA-ZF-A9RM,Muscularis propria (detrusor muscle),2310,1855
TCGA-ZF-A9RM-01Z-00-DX1.68758A74-2409-48F4-811A-EA42B4F8F942_tiles.jsonl,TCGA-ZF-A9RM,Necrosis,439,376
TCGA-ZF-A9RM-01Z-00-DX1.68758A74-2409-48F4-811A-EA42B4F8F942_tiles.jsonl,TCGA-ZF-A9RM,Normal urothelium (benign mucosa),16351,15507
TCGA-ZF-A9RM-01Z-00-DX1.68758A74-2409-48F4-811A-EA42B4F8F942_tiles.jsonl,TCGA-ZF-A9RM,Perivesical adipose tissue (extravesical fat),3938,3688
TCGA-ZF-A9RN-01Z-00-DX1.262DCE43-154D-492E-80C3-6F8C8D4058D0_tiles.jsonl,TCGA-ZF-A9RN,Blood vessels (vasculature),8614,8012
TCGA-ZF-A9RN-01Z-00-DX1.262DCE43-154D-492E-80C3-6F8C8D4058D0_tiles.jsonl,TCGA-ZF-A9RN,Inflammatory infiltrates (immune cells),389,292
TCGA-ZF-A9RN-01Z-00-DX1.262DCE43-154D-492E-80C3-6F8C8D4058D0_tiles.jsonl,TCGA-ZF-A9RN,Invasive urothelial carcinoma (tumor),12773,12175
TCGA-ZF-A9RN-01Z-00-DX1.262DCE43-154D-492E-80C3-6F8C8D4058D0_tiles.jsonl,TCGA-ZF-A9RN,Lamina propria (fibrovascular stroma),11535,10602
TCGA-ZF-A9RN-01Z-00-DX1.262DCE43-154D-492E-80C3-6F8C8D4058D0_tiles.jsonl,TCGA-ZF-A9RN,Muscularis propria (detrusor muscle),6398,5739
TCGA-ZF-A9RN-01Z-00-DX1.262DCE43-154D-492E-80C3-6F8C8D4058D0_tiles.jsonl,TCGA-ZF-A9RN,Necrosis,2991,2696
TCGA-ZF-A9RN-01Z-00-DX1.262DCE43-154D-492E-80C3-6F8C8D4058D0_tiles.jsonl,TCGA-ZF-A9RN,Normal urothelium (benign mucosa),4363,3978
TCGA-ZF-A9RN-01Z-00-DX1.262DCE43-154D-492E-80C3-6F8C8D4058D0_tiles.jsonl,TCGA-ZF-A9RN,Perivesical adipose tissue (extravesical fat),4137,3925
TCGA-ZF-AA4N-01Z-00-DX1.F176510E-CF8B-4681-9CDE-B6210D8DC88F_tiles.jsonl,TCGA-ZF-AA4N,Blood vessels (vasculature),17134,16387
TCGA-ZF-AA4N-01Z-00-DX1.F176510E-CF8B-4681-9CDE-B6210D8DC88F_tiles.jsonl,TCGA-ZF-AA4N,Inflammatory infiltrates (immune cells),139,105
TCGA-ZF-AA4N-01Z-00-DX1.F176510E-CF8B-4681-9CDE-B6210D8DC88F_tiles.jsonl,TCGA-ZF-AA4N,Invasive urothelial carcinoma (tumor),24715,24115
TCGA-ZF-AA4N-01Z-00-DX1.F176510E-CF8B-4681-9CDE-B6210D8DC88F_tiles.jsonl,TCGA-ZF-AA4N,Lamina propria (fibrovascular stroma),1471,509
TCGA-ZF-AA4N-01Z-00-DX1.F176510E-CF8B-4681-9CDE-B6210D8DC88F_tiles.jsonl,TCGA-ZF-AA4N,Muscularis propria (detrusor muscle),278,210
TCGA-ZF-AA4N-01Z-00-DX1.F176510E-CF8B-4681-9CDE-B6210D8DC88F_tiles.jsonl,TCGA-ZF-AA4N,Necrosis,16312,15805
TCGA-ZF-AA4N-01Z-00-DX1.F176510E-CF8B-4681-9CDE-B6210D8DC88F_tiles.jsonl,TCGA-ZF-AA4N,Normal urothelium (benign mucosa),18451,17636
TCGA-ZF-AA4N-01Z-00-DX1.F176510E-CF8B-4681-9CDE-B6210D8DC88F_tiles.jsonl,TCGA-ZF-AA4N,Perivesical adipose tissue (extravesical fat),3420,2861
TCGA-ZF-AA4R-01Z-00-DX1.2CDCECED-FC91-48D4-AAAC-4452B7C2F218_tiles.jsonl,TCGA-ZF-AA4R,Blood vessels (vasculature),10355,9576
TCGA-ZF-AA4R-01Z-00-DX1.2CDCECED-FC91-48D4-AAAC-4452B7C2F218_tiles.jsonl,TCGA-ZF-AA4R,Inflammatory infiltrates (immune cells),223,176
TCGA-ZF-AA4R-01Z-00-DX1.2CDCECED-FC91-48D4-AAAC-4452B7C2F218_tiles.jsonl,TCGA-ZF-AA4R,Invasive urothelial carcinoma (tumor),13281,12907
TCGA-ZF-AA4R-01Z-00-DX1.2CDCECED-FC91-48D4-AAAC-4452B7C2F218_tiles.jsonl,TCGA-ZF-AA4R,Lamina propria (fibrovascular stroma),10169,8898
TCGA-ZF-AA4R-01Z-00-DX1.2CDCECED-FC91-48D4-AAAC-4452B7C2F218_tiles.jsonl,TCGA-ZF-AA4R,Muscularis propria (detrusor muscle),7997,6897
TCGA-ZF-AA4R-01Z-00-DX1.2CDCECED-FC91-48D4-AAAC-4452B7C2F218_tiles.jsonl,TCGA-ZF-AA4R,Necrosis,597,555
TCGA-ZF-AA4R-01Z-00-DX1.2CDCECED-FC91-48D4-AAAC-4452B7C2F218_tiles.jsonl,TCGA-ZF-AA4R,Normal urothelium (benign mucosa),7212,6731
TCGA-ZF-AA4R-01Z-00-DX1.2CDCECED-FC91-48D4-AAAC-4452B7C2F218_tiles.jsonl,TCGA-ZF-AA4R,Perivesical adipose tissue (extravesical fat),6486,6161
TCGA-ZF-AA4T-01Z-00-DX1.3AC48F6E-01E2-4C20-BEFE-3B4A150DFF67_tiles.jsonl,TCGA-ZF-AA4T,Blood vessels (vasculature),3692,3450
TCGA-ZF-AA4T-01Z-00-DX1.3AC48F6E-01E2-4C20-BEFE-3B4A150DFF67_tiles.jsonl,TCGA-ZF-AA4T,Inflammatory infiltrates (immune cells),1191,1051
TCGA-ZF-AA4T-01Z-00-DX1.3AC48F6E-01E2-4C20-BEFE-3B4A150DFF67_tiles.jsonl,TCGA-ZF-AA4T,Invasive urothelial carcinoma (tumor),5525,5383
TCGA-ZF-AA4T-01Z-00-DX1.3AC48F6E-01E2-4C20-BEFE-3B4A150DFF67_tiles.jsonl,TCGA-ZF-AA4T,Lamina propria (fibrovascular stroma),1352,1127
TCGA-ZF-AA4T-01Z-00-DX1.3AC48F6E-01E2-4C20-BEFE-3B4A150DFF67_tiles.jsonl,TCGA-ZF-AA4T,Muscularis propria (detrusor muscle),1329,1063
TCGA-ZF-AA4T-01Z-00-DX1.3AC48F6E-01E2-4C20-BEFE-3B4A150DFF67_tiles.jsonl,TCGA-ZF-AA4T,Necrosis,129,112
TCGA-ZF-AA4T-01Z-00-DX1.3AC48F6E-01E2-4C20-BEFE-3B4A150DFF67_tiles.jsonl,TCGA-ZF-AA4T,Normal urothelium (benign mucosa),2134,1984
TCGA-ZF-AA4T-01Z-00-DX1.3AC48F6E-01E2-4C20-BEFE-3B4A150DFF67_tiles.jsonl,TCGA-ZF-AA4T,Perivesical adipose tissue (extravesical fat),5128,4960
TCGA-ZF-AA4U-01Z-00-DX1.E7FBFD1C-E974-4B9C-8DA8-D14FEC22D117_tiles.jsonl,TCGA-ZF-AA4U,Blood vessels (vasculature),9286,8597
TCGA-ZF-AA4U-01Z-00-DX1.E7FBFD1C-E974-4B9C-8DA8-D14FEC22D117_tiles.jsonl,TCGA-ZF-AA4U,Inflammatory infiltrates (immune cells),181,129
TCGA-ZF-AA4U-01Z-00-DX1.E7FBFD1C-E974-4B9C-8DA8-D14FEC22D117_tiles.jsonl,TCGA-ZF-AA4U,Invasive urothelial carcinoma (tumor),25769,25462
TCGA-ZF-AA4U-01Z-00-DX1.E7FBFD1C-E974-4B9C-8DA8-D14FEC22D117_tiles.jsonl,TCGA-ZF-AA4U,Lamina propria (fibrovascular stroma),6992,6248
TCGA-ZF-AA4U-01Z-00-DX1.E7FBFD1C-E974-4B9C-8DA8-D14FEC22D117_tiles.jsonl,TCGA-ZF-AA4U,Muscularis propria (detrusor muscle),3213,2480
TCGA-ZF-AA4U-01Z-00-DX1.E7FBFD1C-E974-4B9C-8DA8-D14FEC22D117_tiles.jsonl,TCGA-ZF-AA4U,Necrosis,331,276
TCGA-ZF-AA4U-01Z-00-DX1.E7FBFD1C-E974-4B9C-8DA8-D14FEC22D117_tiles.jsonl,TCGA-ZF-AA4U,Normal urothelium (benign mucosa),13391,12576
TCGA-ZF-AA4U-01Z-00-DX1.E7FBFD1C-E974-4B9C-8DA8-D14FEC22D117_tiles.jsonl,TCGA-ZF-AA4U,Perivesical adipose tissue (extravesical fat),2277,1963
TCGA-ZF-AA4V-01Z-00-DX1.04E4C701-9AA4-41DC-A615-4EB695CE8E3C_tiles.jsonl,TCGA-ZF-AA4V,Blood vessels (vasculature),8285,7740
TCGA-ZF-AA4V-01Z-00-DX1.04E4C701-9AA4-41DC-A615-4EB695CE8E3C_tiles.jsonl,TCGA-ZF-AA4V,Inflammatory infiltrates (immune cells),154,121
TCGA-ZF-AA4V-01Z-00-DX1.04E4C701-9AA4-41DC-A615-4EB695CE8E3C_tiles.jsonl,TCGA-ZF-AA4V,Invasive urothelial carcinoma (tumor),24507,24230
TCGA-ZF-AA4V-01Z-00-DX1.04E4C701-9AA4-41DC-A615-4EB695CE8E3C_tiles.jsonl,TCGA-ZF-AA4V,Lamina propria (fibrovascular stroma),7802,7010
TCGA-ZF-AA4V-01Z-00-DX1.04E4C701-9AA4-41DC-A615-4EB695CE8E3C_tiles.jsonl,TCGA-ZF-AA4V,Muscularis propria (detrusor muscle),3615,3124
TCGA-ZF-AA4V-01Z-00-DX1.04E4C701-9AA4-41DC-A615-4EB695CE8E3C_tiles.jsonl,TCGA-ZF-AA4V,Necrosis,1699,1621
TCGA-ZF-AA4V-01Z-00-DX1.04E4C701-9AA4-41DC-A615-4EB695CE8E3C_tiles.jsonl,TCGA-ZF-AA4V,Normal urothelium (benign mucosa),4393,4094
TCGA-ZF-AA4V-01Z-00-DX1.04E4C701-9AA4-41DC-A615-4EB695CE8E3C_tiles.jsonl,TCGA-ZF-AA4V,Perivesical adipose tissue (extravesical fat),5865,5641
TCGA-ZF-AA4W-01Z-00-DX1.1B35CC2D-3115-4BCF-8BAD-164806CAA7D3_tiles.jsonl,TCGA-ZF-AA4W,Blood vessels (vasculature),7181,6403
TCGA-ZF-AA4W-01Z-00-DX1.1B35CC2D-3115-4BCF-8BAD-164806CAA7D3_tiles.jsonl,TCGA-ZF-AA4W,Inflammatory infiltrates (immune cells),193,152
TCGA-ZF-AA4W-01Z-00-DX1.1B35CC2D-3115-4BCF-8BAD-164806CAA7D3_tiles.jsonl,TCGA-ZF-AA4W,Invasive urothelial carcinoma (tumor),11851,11356
TCGA-ZF-AA4W-01Z-00-DX1.1B35CC2D-3115-4BCF-8BAD-164806CAA7D3_tiles.jsonl,TCGA-ZF-AA4W,Lamina propria (fibrovascular stroma),10527,9411
TCGA-ZF-AA4W-01Z-00-DX1.1B35CC2D-3115-4BCF-8BAD-164806CAA7D3_tiles.jsonl,TCGA-ZF-AA4W,Muscularis propria (detrusor muscle),7625,6559
TCGA-ZF-AA4W-01Z-00-DX1.1B35CC2D-3115-4BCF-8BAD-164806CAA7D3_tiles.jsonl,TCGA-ZF-AA4W,Necrosis,2970,2860
TCGA-ZF-AA4W-01Z-00-DX1.1B35CC2D-3115-4BCF-8BAD-164806CAA7D3_tiles.jsonl,TCGA-ZF-AA4W,Normal urothelium (benign mucosa),1029,828
TCGA-ZF-AA4W-01Z-00-DX1.1B35CC2D-3115-4BCF-8BAD-164806CAA7D3_tiles.jsonl,TCGA-ZF-AA4W,Perivesical adipose tissue (extravesical fat),4704,4483
TCGA-ZF-AA4X-01Z-00-DX1.925D02DA-FAFF-4F2B-A3CE-BF884E5C4C03_tiles.jsonl,TCGA-ZF-AA4X,Blood vessels (vasculature),9911,9480
TCGA-ZF-AA4X-01Z-00-DX1.925D02DA-FAFF-4F2B-A3CE-BF884E5C4C03_tiles.jsonl,TCGA-ZF-AA4X,Inflammatory infiltrates (immune cells),3742,3326
TCGA-ZF-AA4X-01Z-00-DX1.925D02DA-FAFF-4F2B-A3CE-BF884E5C4C03_tiles.jsonl,TCGA-ZF-AA4X,Invasive urothelial carcinoma (tumor),18723,18338
TCGA-ZF-AA4X-01Z-00-DX1.925D02DA-FAFF-4F2B-A3CE-BF884E5C4C03_tiles.jsonl,TCGA-ZF-AA4X,Lamina propria (fibrovascular stroma),7652,6770
TCGA-ZF-AA4X-01Z-00-DX1.925D02DA-FAFF-4F2B-A3CE-BF884E5C4C03_tiles.jsonl,TCGA-ZF-AA4X,Muscularis propria (detrusor muscle),3609,2862
TCGA-ZF-AA4X-01Z-00-DX1.925D02DA-FAFF-4F2B-A3CE-BF884E5C4C03_tiles.jsonl,TCGA-ZF-AA4X,Necrosis,5269,5093
TCGA-ZF-AA4X-01Z-00-DX1.925D02DA-FAFF-4F2B-A3CE-BF884E5C4C03_tiles.jsonl,TCGA-ZF-AA4X,Normal urothelium (benign mucosa),20354,19190
TCGA-ZF-AA4X-01Z-00-DX1.925D02DA-FAFF-4F2B-A3CE-BF884E5C4C03_tiles.jsonl,TCGA-ZF-AA4X,Perivesical adipose tissue (extravesical fat),2420,2276
TCGA-ZF-AA51-01Z-00-DX1.128C9731-C206-4E71-9A64-864FA9FD7E96_tiles.jsonl,TCGA-ZF-AA51,Blood vessels (vasculature),12311,11580
TCGA-ZF-AA51-01Z-00-DX1.128C9731-C206-4E71-9A64-864FA9FD7E96_tiles.jsonl,TCGA-ZF-AA51,Inflammatory infiltrates (immune cells),193,141
TCGA-ZF-AA51-01Z-00-DX1.128C9731-C206-4E71-9A64-864FA9FD7E96_tiles.jsonl,TCGA-ZF-AA51,Invasive urothelial carcinoma (tumor),18476,17640
TCGA-ZF-AA51-01Z-00-DX1.128C9731-C206-4E71-9A64-864FA9FD7E96_tiles.jsonl,TCGA-ZF-AA51,Lamina propria (fibrovascular stroma),6982,5364
TCGA-ZF-AA51-01Z-00-DX1.128C9731-C206-4E71-9A64-864FA9FD7E96_tiles.jsonl,TCGA-ZF-AA51,Muscularis propria (detrusor muscle),1178,854
TCGA-ZF-AA51-01Z-00-DX1.128C9731-C206-4E71-9A64-864FA9FD7E96_tiles.jsonl,TCGA-ZF-AA51,Necrosis,10555,10216
TCGA-ZF-AA51-01Z-00-DX1.128C9731-C206-4E71-9A64-864FA9FD7E96_tiles.jsonl,TCGA-ZF-AA51,Normal urothelium (benign mucosa),16257,15371
TCGA-ZF-AA51-01Z-00-DX1.128C9731-C206-4E71-9A64-864FA9FD7E96_tiles.jsonl,TCGA-ZF-AA51,Perivesical adipose tissue (extravesical fat),5728,5202
TCGA-ZF-AA52-01Z-00-DX1.BABC9074-8AF5-42E7-B3F8-39590121B620_tiles.jsonl,TCGA-ZF-AA52,Blood vessels (vasculature),11114,9989
TCGA-ZF-AA52-01Z-00-DX1.BABC9074-8AF5-42E7-B3F8-39590121B620_tiles.jsonl,TCGA-ZF-AA52,Inflammatory infiltrates (immune cells),836,703
TCGA-ZF-AA52-01Z-00-DX1.BABC9074-8AF5-42E7-B3F8-39590121B620_tiles.jsonl,TCGA-ZF-AA52,Invasive urothelial carcinoma (tumor),45015,43707
TCGA-ZF-AA52-01Z-00-DX1.BABC9074-8AF5-42E7-B3F8-39590121B620_tiles.jsonl,TCGA-ZF-AA52,Lamina propria (fibrovascular stroma),6503,4629
TCGA-ZF-AA52-01Z-00-DX1.BABC9074-8AF5-42E7-B3F8-39590121B620_tiles.jsonl,TCGA-ZF-AA52,Muscularis propria (detrusor muscle),6423,5142
TCGA-ZF-AA52-01Z-00-DX1.BABC9074-8AF5-42E7-B3F8-39590121B620_tiles.jsonl,TCGA-ZF-AA52,Necrosis,869,716
TCGA-ZF-AA52-01Z-00-DX1.BABC9074-8AF5-42E7-B3F8-39590121B620_tiles.jsonl,TCGA-ZF-AA52,Normal urothelium (benign mucosa),7933,7043
TCGA-ZF-AA52-01Z-00-DX1.BABC9074-8AF5-42E7-B3F8-39590121B620_tiles.jsonl,TCGA-ZF-AA52,Perivesical adipose tissue (extravesical fat),13467,12486
TCGA-ZF-AA53-01Z-00-DX1.04E05AAC-DAE2-428F-98DD-37F2B414E818_tiles.jsonl,TCGA-ZF-AA53,Blood vessels (vasculature),27683,25023
TCGA-ZF-AA53-01Z-00-DX1.04E05AAC-DAE2-428F-98DD-37F2B414E818_tiles.jsonl,TCGA-ZF-AA53,Inflammatory infiltrates (immune cells),459,325
TCGA-ZF-AA53-01Z-00-DX1.04E05AAC-DAE2-428F-98DD-37F2B414E818_tiles.jsonl,TCGA-ZF-AA53,Invasive urothelial carcinoma (tumor),21268,19976
TCGA-ZF-AA53-01Z-00-DX1.04E05AAC-DAE2-428F-98DD-37F2B414E818_tiles.jsonl,TCGA-ZF-AA53,Lamina propria (fibrovascular stroma),33148,28871
TCGA-ZF-AA53-01Z-00-DX1.04E05AAC-DAE2-428F-98DD-37F2B414E818_tiles.jsonl,TCGA-ZF-AA53,Muscularis propria (detrusor muscle),12560,9570
TCGA-ZF-AA53-01Z-00-DX1.04E05AAC-DAE2-428F-98DD-37F2B414E818_tiles.jsonl,TCGA-ZF-AA53,Necrosis,7306,7046
TCGA-ZF-AA53-01Z-00-DX1.04E05AAC-DAE2-428F-98DD-37F2B414E818_tiles.jsonl,TCGA-ZF-AA53,Normal urothelium (benign mucosa),21807,19305
TCGA-ZF-AA53-01Z-00-DX1.04E05AAC-DAE2-428F-98DD-37F2B414E818_tiles.jsonl,TCGA-ZF-AA53,Perivesical adipose tissue (extravesical fat),8889,8072
TCGA-ZF-AA54-01Z-00-DX1.9118BB51-333A-4257-A797-75620F1E7AD6_tiles.jsonl,TCGA-ZF-AA54,Blood vessels (vasculature),8221,7662
TCGA-ZF-AA54-01Z-00-DX1.9118BB51-333A-4257-A797-75620F1E7AD6_tiles.jsonl,TCGA-ZF-AA54,Inflammatory infiltrates (immune cells),568,419
TCGA-ZF-AA54-01Z-00-DX1.9118BB51-333A-4257-A797-75620F1E7AD6_tiles.jsonl,TCGA-ZF-AA54,Invasive urothelial carcinoma (tumor),40425,39916
TCGA-ZF-AA54-01Z-00-DX1.9118BB51-333A-4257-A797-75620F1E7AD6_tiles.jsonl,TCGA-ZF-AA54,Lamina propria (fibrovascular stroma),2373,1952
TCGA-ZF-AA54-01Z-00-DX1.9118BB51-333A-4257-A797-75620F1E7AD6_tiles.jsonl,TCGA-ZF-AA54,Muscularis propria (detrusor muscle),1797,1313
TCGA-ZF-AA54-01Z-00-DX1.9118BB51-333A-4257-A797-75620F1E7AD6_tiles.jsonl,TCGA-ZF-AA54,Necrosis,494,428
TCGA-ZF-AA54-01Z-00-DX1.9118BB51-333A-4257-A797-75620F1E7AD6_tiles.jsonl,TCGA-ZF-AA54,Normal urothelium (benign mucosa),5536,5003
TCGA-ZF-AA54-01Z-00-DX1.9118BB51-333A-4257-A797-75620F1E7AD6_tiles.jsonl,TCGA-ZF-AA54,Perivesical adipose tissue (extravesical fat),7146,6721
TCGA-ZF-AA58-01Z-00-DX1.85C3611E-11FA-4AAE-B880-C67C8CC7383B_tiles.jsonl,TCGA-ZF-AA58,Blood vessels (vasculature),10274,9318
TCGA-ZF-AA58-01Z-00-DX1.85C3611E-11FA-4AAE-B880-C67C8CC7383B_tiles.jsonl,TCGA-ZF-AA58,Inflammatory infiltrates (immune cells),755,531
TCGA-ZF-AA58-01Z-00-DX1.85C3611E-11FA-4AAE-B880-C67C8CC7383B_tiles.jsonl,TCGA-ZF-AA58,Invasive urothelial carcinoma (tumor),15498,14461
TCGA-ZF-AA58-01Z-00-DX1.85C3611E-11FA-4AAE-B880-C67C8CC7383B_tiles.jsonl,TCGA-ZF-AA58,Lamina propria (fibrovascular stroma),11968,10442
TCGA-ZF-AA58-01Z-00-DX1.85C3611E-11FA-4AAE-B880-C67C8CC7383B_tiles.jsonl,TCGA-ZF-AA58,Muscularis propria (detrusor muscle),4458,3402
TCGA-ZF-AA58-01Z-00-DX1.85C3611E-11FA-4AAE-B880-C67C8CC7383B_tiles.jsonl,TCGA-ZF-AA58,Necrosis,13278,12790
TCGA-ZF-AA58-01Z-00-DX1.85C3611E-11FA-4AAE-B880-C67C8CC7383B_tiles.jsonl,TCGA-ZF-AA58,Normal urothelium (benign mucosa),2739,2441
TCGA-ZF-AA58-01Z-00-DX1.85C3611E-11FA-4AAE-B880-C67C8CC7383B_tiles.jsonl,TCGA-ZF-AA58,Perivesical adipose tissue (extravesical fat),12710,12146
TCGA-ZF-AA5H-01Z-00-DX1.2B5DF00E-E0FD-4C58-A82C-3107A27F99D6_tiles.jsonl,TCGA-ZF-AA5H,Blood vessels (vasculature),10414,9438
TCGA-ZF-AA5H-01Z-00-DX1.2B5DF00E-E0FD-4C58-A82C-3107A27F99D6_tiles.jsonl,TCGA-ZF-AA5H,Inflammatory infiltrates (immune cells),1850,1554
TCGA-ZF-AA5H-01Z-00-DX1.2B5DF00E-E0FD-4C58-A82C-3107A27F99D6_tiles.jsonl,TCGA-ZF-AA5H,Invasive urothelial carcinoma (tumor),14873,14312
TCGA-ZF-AA5H-01Z-00-DX1.2B5DF00E-E0FD-4C58-A82C-3107A27F99D6_tiles.jsonl,TCGA-ZF-AA5H,Lamina propria (fibrovascular stroma),18442,16689
TCGA-ZF-AA5H-01Z-00-DX1.2B5DF00E-E0FD-4C58-A82C-3107A27F99D6_tiles.jsonl,TCGA-ZF-AA5H,Muscularis propria (detrusor muscle),11386,9610
TCGA-ZF-AA5H-01Z-00-DX1.2B5DF00E-E0FD-4C58-A82C-3107A27F99D6_tiles.jsonl,TCGA-ZF-AA5H,Necrosis,2204,1993
TCGA-ZF-AA5H-01Z-00-DX1.2B5DF00E-E0FD-4C58-A82C-3107A27F99D6_tiles.jsonl,TCGA-ZF-AA5H,Normal urothelium (benign mucosa),4318,3717
TCGA-ZF-AA5H-01Z-00-DX1.2B5DF00E-E0FD-4C58-A82C-3107A27F99D6_tiles.jsonl,TCGA-ZF-AA5H,Perivesical adipose tissue (extravesical fat),8193,7738
TCGA-ZF-AA5N-01Z-00-DX1.A207E3EE-CC7D-4267-A77E-71BBD15B95A8_tiles.jsonl,TCGA-ZF-AA5N,Blood vessels (vasculature),12180,11558
TCGA-ZF-AA5N-01Z-00-DX1.A207E3EE-CC7D-4267-A77E-71BBD15B95A8_tiles.jsonl,TCGA-ZF-AA5N,Inflammatory infiltrates (immune cells),455,364
TCGA-ZF-AA5N-01Z-00-DX1.A207E3EE-CC7D-4267-A77E-71BBD15B95A8_tiles.jsonl,TCGA-ZF-AA5N,Invasive urothelial carcinoma (tumor),38343,37675
TCGA-ZF-AA5N-01Z-00-DX1.A207E3EE-CC7D-4267-A77E-71BBD15B95A8_tiles.jsonl,TCGA-ZF-AA5N,Lamina propria (fibrovascular stroma),939,760
TCGA-ZF-AA5N-01Z-00-DX1.A207E3EE-CC7D-4267-A77E-71BBD15B95A8_tiles.jsonl,TCGA-ZF-AA5N,Muscularis propria (detrusor muscle),1062,836
TCGA-ZF-AA5N-01Z-00-DX1.A207E3EE-CC7D-4267-A77E-71BBD15B95A8_tiles.jsonl,TCGA-ZF-AA5N,Necrosis,19072,18708
TCGA-ZF-AA5N-01Z-00-DX1.A207E3EE-CC7D-4267-A77E-71BBD15B95A8_tiles.jsonl,TCGA-ZF-AA5N,Normal urothelium (benign mucosa),11363,10730
TCGA-ZF-AA5N-01Z-00-DX1.A207E3EE-CC7D-4267-A77E-71BBD15B95A8_tiles.jsonl,TCGA-ZF-AA5N,Perivesical adipose tissue (extravesical fat),3626,3407
TCGA-ZF-AA5P-01Z-00-DX1.B91697A2-A186-4E67-A818-56271D2009A9_tiles.jsonl,TCGA-ZF-AA5P,Blood vessels (vasculature),15827,14283
TCGA-ZF-AA5P-01Z-00-DX1.B91697A2-A186-4E67-A818-56271D2009A9_tiles.jsonl,TCGA-ZF-AA5P,Inflammatory infiltrates (immune cells),3905,3333
TCGA-ZF-AA5P-01Z-00-DX1.B91697A2-A186-4E67-A818-56271D2009A9_tiles.jsonl,TCGA-ZF-AA5P,Invasive urothelial carcinoma (tumor),15305,14058
TCGA-ZF-AA5P-01Z-00-DX1.B91697A2-A186-4E67-A818-56271D2009A9_tiles.jsonl,TCGA-ZF-AA5P,Lamina propria (fibrovascular stroma),13708,11361
TCGA-ZF-AA5P-01Z-00-DX1.B91697A2-A186-4E67-A818-56271D2009A9_tiles.jsonl,TCGA-ZF-AA5P,Muscularis propria (detrusor muscle),18147,14872
TCGA-ZF-AA5P-01Z-00-DX1.B91697A2-A186-4E67-A818-56271D2009A9_tiles.jsonl,TCGA-ZF-AA5P,Necrosis,1689,1515
TCGA-ZF-AA5P-01Z-00-DX1.B91697A2-A186-4E67-A818-56271D2009A9_tiles.jsonl,TCGA-ZF-AA5P,Normal urothelium (benign mucosa),23094,20570
TCGA-ZF-AA5P-01Z-00-DX1.B91697A2-A186-4E67-A818-56271D2009A9_tiles.jsonl,TCGA-ZF-AA5P,Perivesical adipose tissue (extravesical fat),3693,3308
