feature,region,coef,hr,p,q
adipose_H_original_glcm_SumEntropy_mean,adipose,0.26149540502930274,1.298870973284141,0.00037086944774373013,0.06387873044947387
adipose_H_original_glcm_JointEntropy_mean,adipose,0.2587779846363825,1.2953461861468187,0.0003986946761601874,0.06387873044947387
adipose_H_original_firstorder_Entropy_mean,adipose,0.25956676636764814,1.2963683346271435,0.00041241108773260954,0.06387873044947387
adipose_H_original_glcm_JointEnergy_mean,adipose,-0.26244700734664034,0.7691671234953449,0.0004431434481925915,0.06387873044947387
adipose_H_original_glcm_DifferenceEntropy_mean,adipose,0.2605335178656618,1.2976222066502936,0.0004694609543355749,0.06387873044947387
adipose_H_original_firstorder_Uniformity_mean,adipose,-0.25887109611873527,0.7719225204396858,0.0005017100147942772,0.06387873044947387
adipose_H_original_firstorder_Skewness_mean,adipose,-0.27842586580693507,0.7569743833549186,0.0005254419660943797,0.06387873044947387
adipose_H_original_firstorder_90Percentile_mean,adipose,0.24887860154266564,1.2825863196177163,0.0006116516332264433,0.06506444248446291
adipose_H_original_firstorder_MeanAbsoluteDeviation_mean,adipose,0.24304130073169306,1.2751212864730839,0.0007732079410221633,0.07046628380291016
adipose_H_original_glcm_MaximumProbability_mean,adipose,-0.2404239399905517,0.7862944487369686,0.000828040937754526,0.07046628380291016
adipose_H_original_firstorder_RootMeanSquared_mean,adipose,0.23495580089569362,1.2648528621338044,0.0011293540922969587,0.08737093932224653
adipose_H_original_glcm_SumSquares_mean,adipose,0.22297638867991884,1.2497910641707546,0.0013602261619485773,0.08980059123154494
adipose_H_original_glcm_ClusterTendency_mean,adipose,0.22079497343424148,1.2470677223390916,0.0015106281066107987,0.08980059123154494
adipose_H_original_firstorder_RobustMeanAbsoluteDeviation_mean,adipose,0.22834441743289877,1.2565180176247213,0.0015392438445827998,0.08980059123154494
adipose_H_original_firstorder_Mean_mean,adipose,0.22806148649196192,1.2561625600870294,0.001582854134516068,0.08980059123154494
adipose_H_original_firstorder_Variance_mean,adipose,0.21658196577000183,1.2418248683139514,0.00190670687379869,0.10141297185016783
adipose_H_original_firstorder_InterquartileRange_mean,adipose,0.22191631039624912,1.2484668897927589,0.0020407228749925056,0.10215618627168366
adipose_H_original_firstorder_Kurtosis_mean,adipose,-0.2846679361863134,0.7522640125061516,0.0028725651452102515,0.12842852305684635
adipose_H_original_glcm_JointAverage_mean,adipose,0.21190966141955872,1.2360362182773361,0.003018296664085678,0.12842852305684635
adipose_H_original_glcm_SumAverage_mean,adipose,0.2119096614195586,1.236036218277336,0.003018296664085696,0.12842852305684635
urothelium_E_original_glcm_JointEntropy_std,urothelium,-0.2271984677357562,0.7967626349209957,0.0037358190269099457,0.14846136419683756
urothelium_E_original_glcm_SumEntropy_std,urothelium,-0.22676001058192868,0.797112057796061,0.0038380141155469174,0.14846136419683756
urothelium_E_original_glcm_Imc2_std,urothelium,-0.22686953673249755,0.7970247579616933,0.004175214163384337,0.15442927067008838
urothelium_E_original_firstorder_Entropy_std,urothelium,-0.22434811931359896,0.7990369257611437,0.00435523207530214,0.15442927067008838
muscularis_H_original_glcm_DifferenceEntropy_mean,muscularis,0.21782898042742543,1.2433744080752889,0.0048737500589327125,0.1621978899768743
adipose_H_original_firstorder_Skewness_std,adipose,-0.26692879573426054,0.7657275925952696,0.004955517202583703,0.1621978899768743
adipose_H_original_glcm_ClusterShade_mean,adipose,0.18044755911303387,1.1977533085876502,0.005221103682313883,0.16456145309811532
necrosis_H_original_glcm_ClusterProminence_mean,necrosis,0.19833364268629333,1.219369159562642,0.00635078685399429,0.1930185575981836
urothelium_E_original_firstorder_Skewness_std,urothelium,-0.23669927225435333,0.7892285952696391,0.006876409353394212,0.2017870468875336
vessels_H_original_glcm_DifferenceEntropy_mean,vessels,0.2139104313401972,1.2385117179905656,0.007678770057145097,0.2088892413460976
adipose_H_original_glcm_Autocorrelation_mean,adipose,0.18468919356648683,1.2028445302053967,0.007790013915167501,0.2088892413460976
adipose_H_original_firstorder_TotalEnergy_mean,adipose,0.18242473741367904,1.2001238231316331,0.008100287854784043,0.2088892413460976
adipose_H_original_firstorder_Energy_mean,adipose,0.18242473741367904,1.2001238231316331,0.008100287854784043,0.2088892413460976
immune_H_original_glcm_DifferenceEntropy_mean,immune,0.19999238458043292,1.2213934567011233,0.008868877549063754,0.21606463127734493
adipose_H_original_firstorder_Median_mean,adipose,0.18977207518683367,1.208974011076337,0.008886324435613482,0.21606463127734493
urothelium_E_original_firstorder_Kurtosis_std,urothelium,-0.2259928091278178,0.7977238379752053,0.009380624287753502,0.2217475352466175
muscularis_H_original_glcm_JointEnergy_mean,muscularis,-0.19338102972664306,0.8241678818409311,0.01108585363354715,0.2504560620145225
adipose_H_original_glcm_ClusterProminence_mean,adipose,0.1626441383266717,1.1766179019621756,0.011183701946594423,0.2504560620145225
muscularis_H_original_glcm_JointEntropy_mean,muscularis,0.1895183426676953,1.2086672939686316,0.011596403313398205,0.2530394671718429
necrosis_H_original_glcm_ClusterShade_std,necrosis,0.1632173853408319,1.1772925880236922,0.012394045687844885,0.25793290613982167
muscularis_E_original_firstorder_MeanAbsoluteDeviation_std,muscularis,-0.19647046685936168,0.821625596121226,0.0125035413733702,0.25793290613982167
muscularis_E_original_firstorder_RobustMeanAbsoluteDeviation_std,muscularis,-0.19945420493015595,0.819177734255507,0.012981520536672318,0.25793290613982167
muscularis_H_original_glcm_SumEntropy_mean,muscularis,0.18605546208375648,1.2044890619983744,0.013134973304227367,0.25793290613982167
urothelium_H_original_glcm_DifferenceEntropy_mean,urothelium,0.19256784177641925,1.212358749488785,0.013336131457288077,0.25793290613982167
muscularis_H_original_glcm_MaximumProbability_mean,muscularis,-0.1815054477681606,0.8340137017778135,0.014429557720658761,0.272878969339569
muscularis_H_original_firstorder_Uniformity_mean,muscularis,-0.18212928207704812,0.8334935776690622,0.015832474035651887,0.285543544299033
immune_H_original_glcm_JointEntropy_mean,immune,0.18278875303575842,1.2005607664739593,0.0163169193614447,0.285543544299033
muscularis_E_original_firstorder_InterquartileRange_std,muscularis,-0.19282941512321153,0.8246226302916462,0.01637783539273248,0.285543544299033
muscularis_H_original_firstorder_RootMeanSquared_mean,muscularis,0.17341920316270146,1.1893645859903983,0.01685799732037791,0.285543544299033
muscularis_H_original_firstorder_Entropy_mean,muscularis,0.1784308475584611,1.195340219720655,0.016911754468624758,0.285543544299033
muscularis_H_original_firstorder_Mean_mean,muscularis,0.17413386851479734,1.1902148874553227,0.017112480328144164,0.285543544299033
vessels_H_original_glcm_JointEntropy_mean,vessels,0.18627844940359178,1.2047576777339186,0.017847753229577528,0.29208534612250914
immune_H_original_glcm_SumEntropy_mean,immune,0.18036136420210783,1.1976500727971688,0.01822194441478688,0.2925825414525214
urothelium_E_original_firstorder_90Percentile_std,urothelium,-0.1911804350567254,0.8259835383181,0.020175466711157598,0.31499091602795576
necrosis_H_original_glcm_ClusterProminence_std,necrosis,0.15442533277065065,1.1669871391079596,0.020357814784415472,0.31499091602795576
necrosis_H_original_glcm_ClusterShade_mean,necrosis,0.16871075265293087,1.1837776848445292,0.021529454118069797,0.3271708116870964
immune_H_original_glcm_JointEnergy_mean,immune,-0.17641932705233437,0.8382664018490529,0.022434925092769866,0.33395396818975037
vessels_H_original_glcm_SumEntropy_mean,vessels,0.1785421753508851,1.1954733017162371,0.02351592183921379,0.33395396818975037
muscularis_H_original_firstorder_Median_mean,muscularis,0.16712590610795572,1.1819030647556497,0.023606839988762653,0.33395396818975037
immune_H_original_firstorder_Entropy_mean,immune,0.17091128327556,1.186385492117973,0.025030310972376957,0.33395396818975037
vessels_H_original_glcm_JointEnergy_mean,vessels,-0.1777816635897089,0.8371251784434374,0.025629161654064928,0.33395396818975037
immune_H_original_firstorder_Skewness_std,immune,-0.19721951618861439,0.8210103884587627,0.025724978452876135,0.33395396818975037
muscularis_H_original_firstorder_90Percentile_mean,muscularis,0.16559508860953723,1.1800951709934424,0.02572820976571418,0.33395396818975037
necrosis_E_original_glcm_Contrast_mean,necrosis,0.17514379824380744,1.1914175280430954,0.025889490555755807,0.33395396818975037
lamina_H_original_glcm_JointEntropy_std,lamina,-0.17993629460065952,0.8353234243286043,0.02602698934378034,0.33395396818975037
urothelium_E_original_firstorder_Skewness_mean,urothelium,-0.20227799069450803,0.8168678147248821,0.026851908165724882,0.33395396818975037
urothelium_H_original_glcm_ClusterShade_mean,urothelium,0.16257053963603507,1.1765313076118662,0.02691906116556762,0.33395396818975037
tumor_H_original_glcm_ClusterProminence_mean,tumor,0.15989852103759228,1.173391790368439,0.02694725994584919,0.33395396818975037
lamina_H_original_glcm_SumEntropy_std,lamina,-0.17897240978606024,0.8361289680559093,0.027077348772141924,0.33395396818975037
muscularis_E_original_firstorder_Variance_std,muscularis,-0.18094848752334572,0.8344783436348447,0.028435938976548638,0.33617776930861715
muscularis_H_original_glcm_JointAverage_mean,muscularis,0.15480724732306847,1.1674329135973331,0.028483092215597645,0.33617776930861715
muscularis_H_original_glcm_SumAverage_mean,muscularis,0.1548072473230683,1.167432913597333,0.028483092215597857,0.33617776930861715
immune_H_original_glcm_MaximumProbability_mean,immune,-0.16404877356500672,0.8487006267155317,0.028837810998271506,0.33617776930861715
vessels_H_original_glcm_MaximumProbability_mean,vessels,-0.1695495774821345,0.8440449078217068,0.030086373555081054,0.33953915405986246
necrosis_E_original_glcm_DifferenceAverage_mean,necrosis,0.17564833579135974,1.1920187945888245,0.030261060201160036,0.33953915405986246
muscularis_H_original_firstorder_Energy_mean,muscularis,0.1497164642991141,1.1615048679389204,0.031873689052340164,0.33953915405986246
muscularis_H_original_firstorder_TotalEnergy_mean,muscularis,0.1497164642991141,1.1615048679389204,0.031873689052340164,0.33953915405986246
urothelium_E_original_firstorder_Kurtosis_mean,urothelium,-0.19718604933131337,0.8210378655560594,0.032034387693218876,0.33953915405986246
vessels_H_original_glcm_ClusterShade_mean,vessels,0.16385127155274573,1.1780390941375989,0.03223039683460054,0.33953915405986246
tumor_H_original_glcm_ClusterShade_mean,tumor,0.15742721259200612,1.1704955575432698,0.03324045486175131,0.33953915405986246
muscularis_H_original_firstorder_Skewness_mean,muscularis,-0.17191791644347826,0.8420482886501343,0.03366632926180832,0.33953915405986246
muscularis_H_original_glcm_SumSquares_mean,muscularis,0.15182924948113452,1.1639614724377094,0.03414883010132869,0.33953915405986246
vessels_H_original_firstorder_Entropy_mean,vessels,0.166113956417633,1.180707643270493,0.034556855915419106,0.33953915405986246
vessels_H_original_firstorder_Uniformity_mean,vessels,-0.1661268409402168,0.8469388008622641,0.03580080686515927,0.33953915405986246
immune_H_original_firstorder_Uniformity_mean,immune,-0.16155917482068902,0.8508161830806367,0.03580289273589679,0.33953915405986246
muscularis_E_original_glcm_SumSquares_std,muscularis,-0.17199933522526079,0.8419797328951713,0.03653999078071294,0.33953915405986246
muscularis_H_original_glcm_Autocorrelation_mean,muscularis,0.14566873837335395,1.1568129168442205,0.036938381022997735,0.33953915405986246
muscularis_H_original_firstorder_InterquartileRange_mean,muscularis,0.15709135107572245,1.1701024991408004,0.03805680369590416,0.33953915405986246
urothelium_H_original_firstorder_10Percentile_std,urothelium,-0.16933594463151747,0.8442252428034658,0.03811661431623855,0.33953915405986246
vessels_H_original_firstorder_InterquartileRange_mean,vessels,0.15868639428120648,1.1719703524391207,0.03860302392297633,0.33953915405986246
adipose_H_original_firstorder_10Percentile_mean,adipose,0.16124889414231866,1.1749773774095629,0.03886313044725721,0.33953915405986246
immune_H_original_firstorder_10Percentile_mean,immune,0.14137075106975602,1.1518516190498267,0.038949764322923026,0.33953915405986246
muscularis_H_original_firstorder_MeanAbsoluteDeviation_mean,muscularis,0.15275041401275424,1.1650341664502775,0.03936674626882489,0.33953915405986246
tumor_H_original_firstorder_Energy_mean,tumor,0.15033816777314254,1.1622272040665929,0.04000034550690692,0.33953915405986246
tumor_H_original_firstorder_TotalEnergy_mean,tumor,0.15033816777314254,1.1622272040665929,0.04000034550690692,0.33953915405986246
muscularis_H_original_firstorder_RobustMeanAbsoluteDeviation_mean,muscularis,0.15443321714222355,1.166996340104457,0.040326078276618486,0.33953915405986246
muscularis_H_original_glcm_ClusterTendency_mean,muscularis,0.14694045200813124,1.1582849874311831,0.040376167533358154,0.33953915405986246
muscularis_H_original_firstorder_10Percentile_mean,muscularis,0.14553829020649345,1.1566620225619728,0.0403802577071959,0.33953915405986246
muscularis_H_original_glcm_ClusterProminence_mean,muscularis,0.14369572114198392,1.1545327551646412,0.04054226418626056,0.33953915405986246
urothelium_H_original_firstorder_Median_std,urothelium,-0.16480758230976889,0.8480568695334736,0.04083349590584712,0.33953915405986246
tumor_H_original_firstorder_RootMeanSquared_mean,tumor,0.1564317500652821,1.1693309528343834,0.041297030001498335,0.33953915405986246
urothelium_H_original_firstorder_Mean_std,urothelium,-0.16474229179977132,0.8481122414066016,0.04182241750634121,0.33953915405986246
necrosis_E_original_glcm_DifferenceVariance_mean,necrosis,0.16322494107011992,1.1773014833613855,0.0424369208038417,0.33953915405986246
tumor_H_original_glcm_Autocorrelation_mean,tumor,0.14899076069199715,1.1606622654433878,0.04335851531173765,0.33953915405986246
muscularis_E_original_glcm_ClusterTendency_std,muscularis,-0.166633132555983,0.8465101113784234,0.043490684241136765,0.33953915405986246
tumor_H_original_glcm_SumSquares_mean,tumor,0.15228867855660738,1.16449635304132,0.04368411542672177,0.33953915405986246
urothelium_H_original_firstorder_RootMeanSquared_std,urothelium,-0.16435271059664347,0.8484427143628425,0.0437483700202053,0.33953915405986246
adipose_E_original_firstorder_Variance_std,adipose,-0.16818378761539277,0.8451984833954777,0.04375832553444372,0.33953915405986246
lamina_H_original_glcm_ClusterShade_mean,lamina,0.1451980189530329,1.1562685106799129,0.04424400987972986,0.33953915405986246
urothelium_H_original_glcm_Autocorrelation_std,urothelium,-0.1636498863625303,0.8490392300620434,0.04482141669879247,0.33953915405986246
lamina_H_original_glcm_DifferenceEntropy_mean,lamina,0.1553013798342088,1.1680099227022553,0.04534600613799593,0.33953915405986246
urothelium_H_original_firstorder_TotalEnergy_std,urothelium,-0.16341669170559195,0.8492372445610892,0.04539192065008908,0.33953915405986246
urothelium_H_original_firstorder_Energy_std,urothelium,-0.16341669170559195,0.8492372445610892,0.04539192065008908,0.33953915405986246
muscularis_H_original_glcm_ClusterShade_mean,muscularis,0.14210692056160906,1.1526998892679308,0.045484681037396384,0.33953915405986246
urothelium_H_original_glcm_SumAverage_std,urothelium,-0.16054033325995382,0.8516834717083316,0.046457770566409595,0.33997909756766614
urothelium_H_original_glcm_JointAverage_std,urothelium,-0.1605403332599538,0.8516834717083317,0.04645777056640962,0.33997909756766614
tumor_H_original_glcm_ClusterTendency_mean,tumor,0.1499280519552155,1.1617506540332128,0.04674213209802225,0.33997909756766614
lamina_H_original_glcm_ClusterProminence_mean,lamina,0.1414512411742012,1.1519443354382752,0.04714447702217136,0.33999957581243917
vessels_H_original_firstorder_RobustMeanAbsoluteDeviation_mean,vessels,0.15155201684622346,1.1636388290574744,0.047674822919971896,0.3409350781924041
adipose_E_original_glcm_SumSquares_std,adipose,-0.1640343728221626,0.8487128487230114,0.04945518097017066,0.3507196583801269
urothelium_E_original_glcm_JointEnergy_mean,urothelium,-0.164043601950066,0.8487050158797226,0.05120576353453675,0.35198012403371004
muscularis_H_original_firstorder_Kurtosis_mean,muscularis,-0.17828466643166074,0.8367042079831557,0.0522588365884658,0.35198012403371004
necrosis_H_original_glcm_SumSquares_mean,necrosis,0.14576056435230553,1.156919147200052,0.05286539555943464,0.35198012403371004
tumor_H_original_glcm_JointAverage_mean,tumor,0.14672633420257364,1.1580370045411876,0.053605821052905935,0.35198012403371004
tumor_H_original_glcm_SumAverage_mean,tumor,0.1467263342025735,1.1580370045411876,0.05360582105290623,0.35198012403371004
tumor_H_original_glcm_JointEntropy_std,tumor,-0.158919476041887,0.8530650483777461,0.053710366214765465,0.35198012403371004
muscularis_H_original_firstorder_10Percentile_std,muscularis,0.15443631851174977,1.1669999593969558,0.05400697702981099,0.35198012403371004
tumor_H_original_firstorder_Variance_mean,tumor,0.14567330675892756,1.1568182016237325,0.05451659751147283,0.35198012403371004
tumor_H_original_firstorder_Mean_mean,tumor,0.14764057405219716,1.1590962122292399,0.05495627483279668,0.35198012403371004
tumor_H_original_glcm_SumEntropy_std,tumor,-0.15922631639742818,0.8528033337493603,0.055016389883724565,0.35198012403371004
muscularis_H_original_firstorder_Variance_mean,muscularis,0.13784588669730272,1.1477986456027418,0.05503130364527944,0.35198012403371004
necrosis_H_original_glcm_ClusterTendency_mean,necrosis,0.14483890359093443,1.1558533514445084,0.05550077291472301,0.35198012403371004
adipose_E_original_firstorder_InterquartileRange_std,adipose,-0.15546538887987435,0.8560167041131868,0.05560602375247703,0.35198012403371004
lamina_E_original_firstorder_RobustMeanAbsoluteDeviation_std,lamina,-0.1508259280331598,0.859997387067194,0.05573681471433822,0.35198012403371004
vessels_H_original_firstorder_MeanAbsoluteDeviation_mean,vessels,0.14768228548128728,1.1591445607970416,0.05602235817103162,0.35198012403371004
urothelium_E_original_glcm_DifferenceEntropy_mean,urothelium,0.1569477981204442,1.1699345395249083,0.05655010838509595,0.35198012403371004
adipose_E_original_glcm_ClusterTendency_std,adipose,-0.1589959507545654,0.8529998129677369,0.05666425028509786,0.35198012403371004
vessels_H_original_glcm_ClusterProminence_mean,vessels,0.13867667736333059,1.148752622226555,0.057200903218701034,0.35273890318198975
necrosis_E_original_glcm_DifferenceEntropy_mean,necrosis,0.1592211757408125,1.1725972680713006,0.057954695484521875,0.3532760080670237
adipose_E_original_glcm_ClusterProminence_mean,adipose,-0.16158888368171095,0.8507909066763668,0.05811826219669015,0.3532760080670237
muscularis_H_original_glcm_ClusterProminence_std,muscularis,0.11961142959218013,1.1270588247755802,0.05916503902674205,0.35708828518976937
necrosis_H_original_glcm_DifferenceEntropy_mean,necrosis,0.15380112589326522,1.1662589250116764,0.060226126418719196,0.36093263086147914
urothelium_E_original_firstorder_MeanAbsoluteDeviation_std,urothelium,-0.15180292562564238,0.8591575820010531,0.06093659483341657,0.3622343361008056
tumor_H_original_firstorder_90Percentile_mean,tumor,0.1442900111466713,1.1552190863608047,0.06184780022314018,0.3622343361008056
vessels_H_original_glcm_SumSquares_mean,vessels,0.1366188710366516,1.1463911423801525,0.062097654221195196,0.3622343361008056
muscularis_H_original_firstorder_Skewness_std,muscularis,-0.18042865169865221,0.8349122481425797,0.06214596130519109,0.3622343361008056
urothelium_E_original_glcm_MaximumProbability_mean,urothelium,-0.15164359150510506,0.8592944860252357,0.0636778078232507,0.3686381935890228
necrosis_H_original_firstorder_Variance_mean,necrosis,0.14016587915056006,1.1504646211241734,0.06453224265555936,0.3710603952694663
urothelium_E_original_firstorder_Uniformity_mean,urothelium,-0.1538478700424805,0.8574024476882475,0.0664657884936177,0.3778367860195654
vessels_E_original_firstorder_Skewness_std,vessels,-0.17829433061014427,0.8366961219634242,0.06685202736671023,0.3778367860195654
adipose_E_original_firstorder_Variance_mean,adipose,-0.15205772493387912,0.8589386971305338,0.06704271996351865,0.3778367860195654
tumor_H_original_firstorder_Median_mean,tumor,0.1404106844754679,1.1507462954658254,0.0678448217516695,0.3798417323070444
tumor_H_original_glcm_DifferenceEntropy_mean,tumor,0.14606310204286135,1.157269211798203,0.06896716054687614,0.38115170924839975
tumor_H_original_glcm_JointEntropy_mean,tumor,0.14426942985584318,1.1551953107054858,0.06989646481744899,0.38115170924839975
urothelium_H_original_firstorder_90Percentile_std,urothelium,-0.1459119170045485,0.8642338241361133,0.07042836073830315,0.38115170924839975
tumor_H_original_firstorder_Entropy_std,tumor,-0.1508274280122303,0.8599960970900801,0.07091085835950357,0.38115170924839975
necrosis_H_original_firstorder_Energy_mean,necrosis,0.13233005851126792,1.1414850139425101,0.07206308972474831,0.38115170924839975
necrosis_H_original_firstorder_TotalEnergy_mean,necrosis,0.13233005851126792,1.1414850139425101,0.07206308972474831,0.38115170924839975
vessels_H_original_glcm_ClusterTendency_mean,vessels,0.13140674993963622,1.1404315574522905,0.07215679877277667,0.38115170924839975
adipose_E_original_glcm_ClusterShade_mean,adipose,-0.14473769634821818,0.8652492213778524,0.07239825437029243,0.38115170924839975
vessels_H_original_firstorder_Variance_mean,vessels,0.1322014941424412,1.14133826907545,0.07268249380491784,0.38115170924839975
lamina_E_original_firstorder_InterquartileRange_std,lamina,-0.14117272875145448,0.8683393115782464,0.07337732985967148,0.38115170924839975
adipose_E_original_glcm_ClusterShade_std,adipose,-0.15261807728791454,0.8584575236355655,0.0734150604908589,0.38115170924839975
muscularis_H_original_glcm_ClusterShade_std,muscularis,0.12284920996607827,1.1307139077034651,0.07345344338042016,0.38115170924839975
tumor_H_original_glcm_SumEntropy_mean,tumor,0.14273770118271217,1.1534272193887853,0.07439264725296303,0.38209197956939334
immune_E_original_firstorder_10Percentile_std,immune,0.133298664153064,1.142591198408813,0.07471024532364083,0.38209197956939334
immune_H_original_firstorder_Kurtosis_mean,immune,-0.16324721558535943,0.8493811821911055,0.07577363761816608,0.38209197956939334
lamina_H_original_firstorder_Skewness_std,lamina,-0.2189590914688359,0.8033545815373602,0.07585612130402912,0.38209197956939334
adipose_E_original_firstorder_MeanAbsoluteDeviation_std,adipose,-0.143548825988802,0.8662785022501835,0.07630151155216061,0.38209197956939334
urothelium_E_original_glcm_JointEntropy_mean,urothelium,0.1450015806550482,1.1560413975692485,0.0763285975638036,0.38209197956939334
adipose_E_original_firstorder_RobustMeanAbsoluteDeviation_std,adipose,-0.1447491245831844,0.8652393331629487,0.07696534977111483,0.38302638979660064
urothelium_E_original_glcm_SumEntropy_mean,urothelium,0.14495857852468547,1.1559916863952162,0.07862212599196326,0.38899668150674843
vessels_E_original_glcm_Contrast_mean,vessels,0.1494048421032648,1.1611429736315615,0.08026406822208042,0.39283195921657527
tumor_H_original_firstorder_Entropy_mean,tumor,0.1389076577662186,1.1490179922165091,0.08056568850058318,0.39283195921657527
tumor_E_original_glcm_DifferenceVariance_mean,tumor,0.14093704945492508,1.1513521674569092,0.08111091296900755,0.39283195921657527
necrosis_H_original_firstorder_RootMeanSquared_mean,necrosis,0.13356498081956086,1.142895530010432,0.08124374244667126,0.39283195921657527
necrosis_H_original_glcm_Autocorrelation_mean,necrosis,0.12799864085343637,1.136551457956002,0.08347409398309218,0.40025488718822033
tumor_E_original_glcm_Contrast_mean,tumor,0.1381731783434994,1.1481743719936641,0.08371958862456312,0.40025488718822033
lamina_H_original_glcm_JointEntropy_mean,lamina,0.1319808285772983,1.141086442807,0.08476199330628116,0.4020392683988834
adipose_E_original_glcm_ClusterTendency_mean,adipose,-0.14368141388702088,0.8661636518183549,0.08559528207721397,0.4020392683988834
vessels_H_original_firstorder_10Percentile_std,vessels,-0.1494021867098929,0.8612226729231408,0.08590028199248566,0.4020392683988834
urothelium_E_original_firstorder_RootMeanSquared_std,urothelium,-0.13992849682209746,0.8694203994978114,0.08598254623806907,0.4020392683988834
vessels_E_original_glcm_JointEntropy_std,vessels,-0.13437503301902703,0.8742621259487503,0.08675072353341062,0.40341456681383847
tumor_E_original_glcm_DifferenceAverage_mean,tumor,0.13836749787554292,1.1483975063793168,0.0878017157722139,0.404593562330633
lamina_H_original_firstorder_Kurtosis_mean,lamina,-0.14829860342540246,0.8621736285020298,0.08795512224578977,0.404593562330633
urothelium_E_original_glcm_Imc2_mean,urothelium,0.1443061513215539,1.1552377319493574,0.08931590837366457,0.4069204813578582
tumor_E_original_glcm_DifferenceEntropy_mean,tumor,0.1410037297672741,1.1514289425387236,0.08941730906453524,0.4069204813578582
urothelium_E_original_firstorder_Entropy_mean,urothelium,0.1393307037992888,1.1495041825532382,0.09068613068269571,0.410499453249862
lamina_H_original_glcm_SumEntropy_mean,lamina,0.1296016110862408,1.1383747770838792,0.09203293437216988,0.4143916780461194
immune_H_original_firstorder_Median_mean,immune,0.11762200799404299,1.1248188584646575,0.09276807479312126,0.4147465885185865
necrosis_H_original_glcm_JointEnergy_mean,necrosis,-0.13480654336251294,0.8738849541810975,0.09308648461462987,0.4147465885185865
immune_H_original_glcm_SumEntropy_std,immune,-0.13632135572311924,0.8725621845775707,0.0943093708566954,0.4180066385367072
vessels_E_original_glcm_Imc2_std,vessels,-0.13261797703351277,0.8757996037718152,0.09508882755113614,0.4192776800311754
vessels_E_original_firstorder_Kurtosis_std,vessels,-0.16188563633833794,0.8505384696721048,0.09675240624587464,0.42441390574865623
adipose_E_original_glcm_SumSquares_mean,adipose,-0.13782810937424228,0.8712484383146663,0.09830733319288269,0.4290232848571444
immune_H_original_glcm_JointEntropy_std,immune,-0.1319099862122553,0.8764198814020714,0.09979909271456133,0.42987274752342486
vessels_E_original_glcm_SumEntropy_std,vessels,-0.13019199918249688,0.8779268534995517,0.09989521531611958,0.42987274752342486
adipose_E_original_firstorder_90Percentile_std,adipose,-0.13537284427454707,0.873390212434105,0.10016731813545345,0.42987274752342486
urothelium_H_original_firstorder_Entropy_std,urothelium,-0.1304902063191839,0.8776650884783875,0.1008722217062352,0.42987274752342486
adipose_E_original_glcm_ClusterProminence_std,adipose,-0.13928892111928035,0.8699766375200647,0.10110925763386551,0.42987274752342486
necrosis_H_original_glcm_JointEntropy_mean,necrosis,0.12841846637716908,1.137028711441675,0.1016769201054053,0.42987274752342486
immune_H_original_firstorder_Mean_mean,immune,0.11285055043664768,1.1194646169480544,0.10236318777147972,0.42987274752342486
lamina_H_original_glcm_JointEnergy_mean,lamina,-0.1282924433922625,0.8795961094579966,0.10254308783461251,0.42987274752342486
necrosis_H_original_glcm_MaximumProbability_mean,necrosis,-0.1269875046749513,0.8807446777194335,0.10345887731781635,0.43158580685030246
necrosis_H_original_firstorder_Mean_mean,necrosis,0.12419531487900377,1.1322369921354707,0.10441487858895111,0.43344908136193855
necrosis_E_original_glcm_MaximumProbability_mean,necrosis,-0.13256062970978844,0.8758498299753658,0.10543187629199127,0.43468520490667806
tumor_H_original_firstorder_MeanAbsoluteDeviation_mean,tumor,0.12508882811202118,1.1332491129752005,0.10573423903135412,0.43468520490667806
necrosis_H_original_glcm_SumEntropy_mean,necrosis,0.12692932514144092,1.13533677517995,0.10720543285634676,0.4386145353882264
vessels_H_original_firstorder_90Percentile_mean,vessels,0.12140151604968345,1.12907816437162,0.10784921746209787,0.4388164027598763
urothelium_E_original_glcm_Contrast_mean,urothelium,0.12427152875326083,1.1323232875916323,0.10828606883616221,0.4388164027598763
lamina_H_original_firstorder_Entropy_mean,lamina,0.1225204867847595,1.1303422769157374,0.10927685644304863,0.43989147568892184
immune_H_original_firstorder_Entropy_std,immune,-0.13305387084602643,0.8754179313338994,0.10958518548302165,0.43989147568892184
tumor_H_original_glcm_JointEnergy_mean,tumor,-0.12994716451865354,0.8781418267409841,0.1111525598455897,0.44321925950828334
immune_E_original_glcm_DifferenceAverage_mean,immune,0.12498528160380686,1.1331317750616854,0.11145584199150721,0.44321925950828334
vessels_E_original_firstorder_Entropy_std,vessels,-0.12566817924648827,0.8819074334266584,0.11276078605382728,0.44632292526421863
urothelium_H_original_glcm_ClusterTendency_std,urothelium,-0.12920848136646965,0.8787907349529008,0.11505756761451381,0.45112401992699835
lamina_H_original_glcm_SumSquares_mean,lamina,0.11296133933114617,1.1195886480659047,0.1161431706344821,0.45112401992699835
urothelium_H_original_glcm_SumSquares_std,urothelium,-0.1287695100009788,0.8791765836038624,0.11618185994395155,0.45112401992699835
vessels_E_original_glcm_DifferenceEntropy_mean,vessels,0.14152570113879165,1.152030112366136,0.11651524864273624,0.45112401992699835
necrosis_H_original_glcm_JointAverage_mean,necrosis,0.11715956605036874,1.1242988152996212,0.11723029926737451,0.45112401992699835
necrosis_H_original_glcm_SumAverage_mean,necrosis,0.11715956605036894,1.1242988152996214,0.11723029926737452,0.45112401992699835
necrosis_E_original_glcm_JointEnergy_mean,necrosis,-0.13028416984407812,0.8778459381297136,0.11789934270844786,0.45112401992699835
immune_H_original_firstorder_Skewness_mean,immune,-0.12393267111459963,0.883439319865127,0.11821463741917819,0.45112401992699835
necrosis_H_original_firstorder_Entropy_mean,necrosis,0.12285674602822941,1.1307224288658566,0.11946328021430443,0.45231472485484603
necrosis_H_original_firstorder_InterquartileRange_mean,necrosis,0.12269760720497692,1.1305425013462085,0.11978719041347162,0.45231472485484603
tumor_H_original_glcm_MaximumProbability_mean,tumor,-0.1242517760101302,0.8831574550278704,0.1209224641735929,0.45231472485484603
lamina_H_original_glcm_MaximumProbability_mean,lamina,-0.11991799274320948,0.8869931736116,0.12106171674920618,0.45231472485484603
necrosis_H_original_firstorder_MeanAbsoluteDeviation_mean,necrosis,0.1217687612423753,1.1294928890478195,0.12118420360388354,0.45231472485484603
necrosis_H_original_firstorder_Median_mean,necrosis,0.1160675855705815,1.123071773014907,0.12329064718067168,0.4573950954284457
lamina_H_original_glcm_ClusterTendency_mean,lamina,0.11080998946366492,1.1171826102188462,0.12362029606174209,0.4573950954284457
adipose_E_original_firstorder_RobustMeanAbsoluteDeviation_mean,adipose,-0.12750580118300395,0.8802883091058312,0.12460477505692467,0.45812623013739734
lamina_H_original_firstorder_RootMeanSquared_mean,lamina,0.1139861133870211,1.1207365615412108,0.12489457742876167,0.45812623013739734
lamina_E_original_glcm_JointEnergy_mean,lamina,-0.13294054532857358,0.8755171441455208,0.1263192110025527,0.46136329855438774
adipose_E_original_firstorder_MeanAbsoluteDeviation_mean,adipose,-0.1256606933618468,0.88191403530868,0.12797724961789692,0.4640462871262996
adipose_H_original_glcm_ClusterShade_std,adipose,0.11215374521673156,1.1186848398673748,0.12814439186213913,0.4640462871262996
immune_H_original_firstorder_RootMeanSquared_mean,immune,0.10236870945881232,1.107791849770289,0.12887062831662197,0.4642931678786081
tumor_H_original_firstorder_Uniformity_mean,tumor,-0.12245449023501526,0.8847461686174863,0.12930373770532327,0.4642931678786081
necrosis_H_original_firstorder_Uniformity_mean,necrosis,-0.12040598587075124,0.8865604326346,0.1306015674162536,0.4669829154253437
lamina_H_original_firstorder_Uniformity_mean,lamina,-0.11779899548717751,0.8888747024858341,0.13116176153528114,0.4670236781026119
vessels_E_original_firstorder_Kurtosis_mean,vessels,-0.17929071083464415,0.8358628696805683,0.13203729435049083,0.4673994282880187
lamina_H_original_firstorder_RootMeanSquared_std,lamina,-0.133508492596341,0.8750200377540907,0.1325442340054748,0.4673994282880187
necrosis_H_original_firstorder_RobustMeanAbsoluteDeviation_mean,necrosis,0.11819192761758111,1.1254600975150246,0.1329149960584025,0.4673994282880187
vessels_H_original_firstorder_Skewness_mean,vessels,-0.1384381882759698,0.8707170701290281,0.1340398876127253,0.4684347682651528
lamina_E_original_glcm_DifferenceEntropy_mean,lamina,0.12733216322202032,1.135794224200031,0.13489086275098916,0.4684347682651528
urothelium_H_original_firstorder_Variance_std,urothelium,-0.1218709559843326,0.8852625989727809,0.13509355502582382,0.4684347682651528
necrosis_E_original_firstorder_Skewness_mean,necrosis,-0.1405286707175546,0.8688987526249312,0.13625282556697854,0.4684347682651528
immune_E_original_glcm_DifferenceEntropy_mean,immune,0.12093823310285844,1.1285552028613626,0.13714972810520268,0.4684347682651528
lamina_E_original_firstorder_MeanAbsoluteDeviation_std,lamina,-0.11636305531849227,0.8901519902109649,0.13726902994613807,0.4684347682651528
urothelium_H_original_firstorder_RobustMeanAbsoluteDeviation_std,urothelium,-0.11868990638932436,0.8880831469778191,0.13765182820090183,0.4684347682651528
vessels_E_original_glcm_JointEnergy_mean,vessels,-0.13244275684378132,0.8759530749897901,0.13816565408673795,0.4684347682651528
urothelium_H_original_firstorder_InterquartileRange_std,urothelium,-0.11730228574248024,0.8893163248823679,0.1384715554503817,0.4684347682651528
lamina_E_original_glcm_MaximumProbability_mean,lamina,-0.12628220505781235,0.8813660857170778,0.1387139384286939,0.4684347682651528
urothelium_H_original_glcm_SumEntropy_std,urothelium,-0.11492649866301458,0.89143166291799,0.13983598970481276,0.47035741991618835
adipose_E_original_firstorder_InterquartileRange_mean,adipose,-0.12186609892578755,0.885266898755494,0.14066091037109973,0.47126942805435384
tumor_E_original_glcm_JointEnergy_mean,tumor,-0.12066741969707451,0.8863286860429487,0.1417388013113731,0.47301850947442553
urothelium_H_original_firstorder_MeanAbsoluteDeviation_std,urothelium,-0.11728401118224394,0.8893325768956147,0.14463856450867804,0.4801908644741687
lamina_E_original_glcm_DifferenceAverage_mean,lamina,0.12014756255562078,1.1276632401723101,0.14501651253802744,0.4801908644741687
necrosis_H_original_firstorder_90Percentile_mean,necrosis,0.1136088296901858,1.1203138056625592,0.14614383243090218,0.4815023158594074
necrosis_E_original_glcm_JointEntropy_mean,necrosis,0.11694492119046127,1.1240575162356454,0.14654418308764572,0.4815023158594074
lamina_H_original_firstorder_Mean_mean,lamina,0.10891710655409811,1.1150699145227028,0.14909702333803243,0.4880060263871754
lamina_H_original_firstorder_Variance_mean,lamina,0.10340511582285433,1.1089405674597632,0.15080687761941958,0.4889477942320113
lamina_H_original_firstorder_90Percentile_mean,lamina,0.10745885609754263,1.1134450483296316,0.1508833660754456,0.4889477942320113
adipose_H_original_glcm_ClusterProminence_std,adipose,0.10105967540821324,1.1063426612434677,0.15110842524444063,0.4889477942320113
tumor_H_original_firstorder_10Percentile_mean,tumor,0.11237584309260161,1.1189333249870645,0.15214353638741313,0.49043238433972947
vessels_E_original_glcm_MaximumProbability_mean,vessels,-0.12256508583759822,0.8846483249924723,0.15384730086231052,0.49405303031632547
immune_E_original_firstorder_10Percentile_mean,immune,0.09985954290814707,1.1050156998834975,0.15722695669004763,0.5030080456512426
tumor_E_original_glcm_MaximumProbability_mean,tumor,-0.11366454674357805,0.8925573169272889,0.15954243888125455,0.5085041778574817
urothelium_E_original_firstorder_RobustMeanAbsoluteDeviation_std,urothelium,-0.11450184226950931,0.8918102954616964,0.1644230712276629,0.5215366389647315
urothelium_H_original_glcm_ClusterProminence_std,urothelium,-0.1266748850809994,0.8810200588054764,0.16531441733688393,0.5215366389647315
urothelium_H_original_firstorder_10Percentile_mean,urothelium,-0.11109310340361576,0.8948554309641313,0.16546990895473265,0.5215366389647315
lamina_E_original_firstorder_Uniformity_mean,lamina,-0.11694616641980533,0.8896330840083038,0.16964397690050842,0.5327196470196777
lamina_E_original_glcm_JointEntropy_mean,lamina,0.11448522912183268,1.1212960784138768,0.17133982333470182,0.5354102250714348
vessels_E_original_firstorder_Skewness_mean,vessels,-0.1369061305287543,0.8720520813579717,0.17209422753391423,0.5354102250714348
lamina_H_original_firstorder_MeanAbsoluteDeviation_mean,lamina,0.10067631146981892,1.1059186106516856,0.1725363935353688,0.5354102250714348
adipose_E_original_firstorder_RootMeanSquared_std,adipose,-0.1120506194979379,0.8939990025743088,0.17301740528160348,0.5354102250714348
necrosis_H_original_firstorder_Variance_std,necrosis,0.10422765284092261,1.1098530873665897,0.17518528496665065,0.5356518531801056
immune_H_original_firstorder_90Percentile_mean,immune,0.09287239309359649,1.0973217005060396,0.17626436297148343,0.5356518531801056
necrosis_E_original_glcm_ClusterProminence_std,necrosis,-0.1151933826426664,0.8911937858324064,0.17646551012288178,0.5356518531801056
vessels_E_original_firstorder_MeanAbsoluteDeviation_std,vessels,-0.10935779250184374,0.8964096314695194,0.17665244163764668,0.5356518531801056
necrosis_E_original_firstorder_Uniformity_mean,necrosis,-0.11011106097031209,0.8957346486128696,0.17665717020653546,0.5356518531801056
muscularis_E_original_glcm_ClusterProminence_std,muscularis,-0.11280294267785015,0.8933266793357428,0.1768721160324438,0.5356518531801056
tumor_H_original_firstorder_RobustMeanAbsoluteDeviation_mean,tumor,0.10447127937233683,1.1101235099643663,0.17933861705561494,0.5411956138805969
lamina_E_original_glcm_SumEntropy_mean,lamina,0.11188361386816302,1.1183826888350286,0.18091219197270114,0.5440151073101367
muscularis_E_original_glcm_MaximumProbability_mean,muscularis,-0.11966604876132128,0.887216674357319,0.18464543968787953,0.5520475199042546
vessels_E_original_glcm_JointEntropy_mean,vessels,0.11423914749534672,1.12102018199904,0.18550282356284348,0.5520475199042546
tumor_H_original_firstorder_InterquartileRange_mean,tumor,0.10332652145688179,1.1088534144038769,0.18552948377510786,0.5520475199042546
tumor_E_original_glcm_JointEntropy_mean,tumor,0.10534683735405054,1.1110959130997464,0.18717333790686608,0.5549982946297666
urothelium_E_original_firstorder_InterquartileRange_mean,urothelium,0.1050586515571604,1.1107757571730197,0.18822256323878947,0.55575364203369
urothelium_E_original_firstorder_MeanAbsoluteDeviation_mean,urothelium,0.10515683544512625,1.1108848228096735,0.1901593729397639,0.55575364203369
urothelium_H_original_glcm_JointEntropy_mean,urothelium,0.10118233624283825,1.1064783744808564,0.19078255517144574,0.55575364203369
lamina_H_original_glcm_JointAverage_mean,lamina,0.09661525384636532,1.1014365186239359,0.19219656932596926,0.55575364203369
lamina_H_original_glcm_SumAverage_mean,lamina,0.09661525384636523,1.1014365186239359,0.19219656932596982,0.55575364203369
immune_H_original_glcm_JointAverage_mean,immune,0.08954934462712967,1.0936812992767861,0.19279872603946271,0.55575364203369
immune_H_original_glcm_SumAverage_mean,immune,0.08954934462712962,1.0936812992767861,0.19279872603946313,0.55575364203369
lamina_H_original_firstorder_Mean_std,lamina,-0.11253441147366244,0.8935665976360112,0.19301520013196108,0.55575364203369
immune_E_original_glcm_JointEnergy_mean,immune,-0.10497575952684426,0.9003463471432045,0.1942198341610074,0.55575364203369
tumor_E_original_firstorder_Uniformity_mean,tumor,-0.10420299175656877,0.9010423746815492,0.19440975452368744,0.55575364203369
necrosis_E_original_firstorder_Kurtosis_mean,necrosis,-0.17491919231322106,0.8395248580900576,0.19515836595071365,0.55575364203369
adipose_E_original_firstorder_Median_std,adipose,-0.10480622286053394,0.9004990018013391,0.19526479314697218,0.55575364203369
lamina_E_original_glcm_Imc2_mean,lamina,0.11024185364067793,1.1165480790241817,0.1960877304397113,0.5562355286806477
muscularis_H_original_glcm_SumEntropy_std,muscularis,-0.1073880145300274,0.8981770996037254,0.20061048838556497,0.5670401531849326
lamina_H_original_firstorder_Median_mean,lamina,0.097811528042939,1.102754927142147,0.2012292905544649,0.5670401531849326
necrosis_H_original_glcm_ClusterTendency_std,necrosis,0.09717257566857065,1.1020505443206057,0.20228916854185786,0.5681454865647559
tumor_E_original_firstorder_Skewness_mean,tumor,-0.1151301917359891,0.8912501029551047,0.2031775150710685,0.5687633727811818
vessels_E_original_firstorder_Uniformity_mean,vessels,-0.1109342791989061,0.8949975669533032,0.2042554079065579,0.569906072552396
muscularis_E_original_glcm_DifferenceEntropy_std,muscularis,-0.09947167153310889,0.9053155957081316,0.2077215189136161,0.5769589528248482
necrosis_E_original_glcm_SumEntropy_mean,necrosis,0.10074970742363362,1.1059997835818018,0.20813912869239531,0.5769589528248482
muscularis_E_original_firstorder_Entropy_std,muscularis,-0.09836719364496058,0.906316049153039,0.2094169806969974,0.5775235150889506
immune_E_original_glcm_MaximumProbability_mean,immune,-0.09893750370622881,0.905799315354766,0.20970007774675176,0.5775235150889506
immune_E_original_glcm_Contrast_mean,immune,0.09588822408104673,1.1006360325141613,0.21259848073989357,0.5836171197085466
necrosis_H_original_glcm_SumSquares_std,necrosis,0.09561694436777891,1.100337492782566,0.21385704934425154,0.5851844019034022
muscularis_E_original_glcm_JointEnergy_mean,muscularis,-0.11458778093001772,0.8917336577725942,0.21725132091800203,0.592566904170576
lamina_E_original_firstorder_Entropy_mean,lamina,0.10168295884121899,1.107032441237339,0.2184155490440722,0.59376787989599
urothelium_E_original_firstorder_RobustMeanAbsoluteDeviation_mean,urothelium,0.09853263450717883,1.1035504176307775,0.219087090819437,0.59376787989599
muscularis_E_original_firstorder_10Percentile_mean,muscularis,0.09212974433965344,1.0965070784389561,0.2209711130375027,0.5969423994948786
urothelium_E_original_firstorder_90Percentile_mean,urothelium,0.0980372249200182,1.1030038435741607,0.2220176956180795,0.5969423994948786
muscularis_E_original_glcm_DifferenceEntropy_mean,muscularis,0.10855810673336351,1.1146696764702755,0.2223627974616645,0.5969423994948786
vessels_H_original_firstorder_Mean_std,vessels,-0.09971119071716053,0.9050987812219893,0.22416065960076878,0.5973666836522716
immune_E_original_firstorder_RobustMeanAbsoluteDeviation_std,immune,-0.10288073764970213,0.9022345696806012,0.2241741186873575,0.5973666836522716
vessels_E_original_glcm_SumEntropy_mean,vessels,0.10410484914484516,1.1097168016737227,0.22462672005725842,0.5973666836522716
muscularis_E_original_glcm_Imc2_std,muscularis,-0.09632219443907888,0.9081713611630489,0.22580527502569928,0.5986301839466357
tumor_E_original_glcm_SumEntropy_mean,tumor,0.09585403186298193,1.1005983999703013,0.2265757609856813,0.5986730025238858
necrosis_E_original_glcm_ClusterShade_std,necrosis,-0.10308641405448714,0.9020490204002451,0.2272284134138838,0.5986730025238858
adipose_H_original_firstorder_Kurtosis_std,adipose,-0.11715789886110775,0.8894447397635603,0.23146793301292665,0.607960527759261
muscularis_E_original_glcm_JointEntropy_std,muscularis,-0.09314952355341216,0.9110572655915326,0.233803115765162,0.6111502671334509
tumor_E_original_firstorder_Kurtosis_mean,tumor,-0.1343273525640027,0.8743038121585269,0.23429086633586446,0.6111502671334509
urothelium_E_original_firstorder_InterquartileRange_std,urothelium,-0.09764005137123322,0.9069753095247307,0.2351011462178212,0.6111502671334509
vessels_H_original_firstorder_RootMeanSquared_std,vessels,-0.0979595697030323,0.9066855605793633,0.2355549795767002,0.6111502671334509
muscularis_E_original_firstorder_90Percentile_std,muscularis,-0.09210111428068961,0.9120129273515498,0.23688055872645622,0.6116085226409694
adipose_E_original_firstorder_90Percentile_mean,adipose,-0.09846619220242585,0.906226329612691,0.23920264993679788,0.6116085226409694
urothelium_H_original_glcm_JointEntropy_std,urothelium,-0.09025724283455427,0.9136961132591331,0.23926953115122446,0.6116085226409694
lamina_H_original_firstorder_RobustMeanAbsoluteDeviation_mean,lamina,0.08755934207225363,1.0915070348104539,0.23962372710781024,0.6116085226409694
muscularis_E_original_glcm_SumEntropy_std,muscularis,-0.09259240811866842,0.911564971068276,0.23986732822825502,0.6116085226409694
lamina_E_original_glcm_MCC_mean,lamina,0.098686342552737,1.1037200552456454,0.24009512309435524,0.6116085226409694
lamina_H_original_firstorder_Median_std,lamina,-0.09851667416230911,0.9061805826861814,0.2412880608923355,0.6116085226409694
lamina_E_original_glcm_Correlation_mean,lamina,0.09814897094840548,1.1031271067599335,0.24235728640786494,0.6116085226409694
tumor_H_original_firstorder_10Percentile_std,tumor,0.09508664413016467,1.099754138238885,0.24324694494048502,0.6116085226409694
lamina_H_original_firstorder_InterquartileRange_mean,lamina,0.08709186541638866,1.0909968999993156,0.2439490757073318,0.6116085226409694
muscularis_H_original_glcm_JointEntropy_std,muscularis,-0.09750164992378826,0.9071008449073047,0.24404576264915875,0.6116085226409694
muscularis_E_original_glcm_JointEnergy_std,muscularis,-0.0925496325353647,0.9116039646256129,0.24483470829377543,0.6116085226409694
lamina_H_original_firstorder_Kurtosis_std,lamina,-0.15313218514049104,0.8580162973102385,0.24507462540607586,0.6116085226409694
lamina_H_original_firstorder_Energy_mean,lamina,0.08254548478676445,1.0860480709805542,0.2505171447111071,0.6193873914292161
lamina_H_original_firstorder_TotalEnergy_mean,lamina,0.08254548478676445,1.0860480709805542,0.2505171447111071,0.6193873914292161
immune_E_original_firstorder_MeanAbsoluteDeviation_std,immune,-0.09560007741673249,0.9088274040034955,0.2511123530551882,0.6193873914292161
lamina_E_original_glcm_Contrast_mean,lamina,0.0915367915552246,1.095857094237665,0.25276722352991327,0.6193873914292161
immune_E_original_firstorder_InterquartileRange_std,immune,-0.09562968708407177,0.9088004943247894,0.25277768846535664,0.6193873914292161
vessels_E_original_firstorder_Entropy_mean,vessels,0.09739103018058284,1.1022913185326269,0.2528679270556123,0.6193873914292161
muscularis_H_original_firstorder_Median_std,muscularis,0.09353761881576286,1.0980519099768409,0.2536894771955936,0.6193873914292161
necrosis_E_original_firstorder_Kurtosis_std,necrosis,-0.15447425315483249,0.8568655534428249,0.25490621823273546,0.6193873914292161
urothelium_E_original_glcm_SumSquares_mean,urothelium,0.08993248830313953,1.09410041663613,0.2556209994145293,0.6193873914292161
urothelium_H_original_glcm_JointEnergy_mean,urothelium,-0.08772299432797268,0.91601458281779,0.2560591335930236,0.6193873914292161
muscularis_E_original_glcm_ClusterShade_std,muscularis,-0.0940780127639538,0.9102117513364195,0.25806955496541883,0.6193873914292161
immune_E_original_glcm_JointEntropy_mean,immune,0.08853837937857788,1.0925761842008186,0.258821680002352,0.6193873914292161
lamina_H_original_glcm_Autocorrelation_mean,lamina,0.08151734944562324,1.0849320403901563,0.25920017984259475,0.6193873914292161
adipose_E_original_firstorder_Energy_std,adipose,-0.09301630277611996,0.9111786454335914,0.2600920085185598,0.6193873914292161
adipose_E_original_firstorder_TotalEnergy_std,adipose,-0.09301630277611996,0.9111786454335914,0.2600920085185598,0.6193873914292161
immune_H_original_firstorder_MeanAbsoluteDeviation_mean,immune,0.07342870225932054,1.0761918038923322,0.2629821925042318,0.6193873914292161
necrosis_E_original_firstorder_Skewness_std,necrosis,-0.10970703591679361,0.8960966209702403,0.26303073821950285,0.6193873914292161
adipose_E_original_firstorder_Mean_std,adipose,-0.09118513308692651,0.9128486967575661,0.26347344132941236,0.6193873914292161
tumor_E_original_firstorder_Entropy_mean,tumor,0.08767706476097764,1.0916355375170466,0.2640058475849655,0.6193873914292161
vessels_H_original_glcm_JointAverage_std,vessels,-0.09045297809368413,0.9135172882153925,0.2640435318750172,0.6193873914292161
vessels_H_original_glcm_SumAverage_std,vessels,-0.0904529780936841,0.9135172882153925,0.26404353187501745,0.6193873914292161
necrosis_E_original_firstorder_Entropy_mean,necrosis,0.08845230687851882,1.0924821474841853,0.2643864420492763,0.6193873914292161
vessels_H_original_firstorder_RootMeanSquared_mean,vessels,0.08143126727827096,1.084838651108323,0.264931857203566,0.6193873914292161
vessels_H_original_firstorder_90Percentile_std,vessels,-0.08754996732131641,0.9161730917918797,0.26930667712641493,0.6278903622865181
adipose_E_original_glcm_Autocorrelation_std,adipose,-0.09067226744727162,0.913316985562691,0.2708013500131125,0.6296501335004338
vessels_E_original_firstorder_RobustMeanAbsoluteDeviation_std,vessels,-0.09115914442784387,0.9128724207794165,0.27159692199855595,0.6297792387486951
lamina_H_original_firstorder_MeanAbsoluteDeviation_std,lamina,-0.08682690855935006,0.916835778325158,0.2749927110984447,0.6359206444151534
immune_E_original_firstorder_Uniformity_mean,immune,-0.0864008143420665,0.9172265199889709,0.27665556617287307,0.6366159061218292
urothelium_H_original_glcm_SumEntropy_mean,urothelium,0.08343855671744593,1.0870184232608155,0.2767895244007953,0.6366159061218292
lamina_E_original_firstorder_10Percentile_mean,lamina,0.08245299428630945,1.085947626496103,0.28020134146972525,0.6427259881151919
muscularis_E_original_firstorder_Skewness_std,muscularis,-0.10039104887659249,0.9044836515546385,0.28314102687883846,0.6462863107506696
urothelium_E_original_glcm_ClusterTendency_mean,urothelium,0.08491201498354672,1.0886212801233257,0.28327237827262014,0.6462863107506696
lamina_E_original_glcm_ClusterShade_mean,lamina,0.08023368048360345,1.0835402403004128,0.28530352595337494,0.6491799480917703
immune_H_original_firstorder_Kurtosis_std,immune,-0.0983059260725752,0.9063715786382456,0.2881970835130616,0.6496203341786766
lamina_E_original_glcm_Imc2_std,lamina,-0.08232268150517864,0.9209747292318422,0.29015762686436775,0.6496203341786766
lamina_H_original_firstorder_TotalEnergy_std,lamina,-0.09497464871330641,0.9093959885344284,0.2905165761139732,0.6496203341786766
lamina_H_original_firstorder_Energy_std,lamina,-0.09497464871330641,0.9093959885344284,0.2905165761139732,0.6496203341786766
adipose_E_original_glcm_JointAverage_std,adipose,-0.08606994709253694,0.917530050416205,0.2910130959179185,0.6496203341786766
adipose_E_original_glcm_SumAverage_std,adipose,-0.08606994709253689,0.917530050416205,0.2910130959179186,0.6496203341786766
vessels_E_original_firstorder_90Percentile_std,vessels,-0.09322153998369213,0.9109916568619657,0.29127598366387175,0.6496203341786766
vessels_E_original_glcm_Imc2_mean,vessels,0.09244288855426382,1.0968504970538187,0.29160395729289595,0.6496203341786766
muscularis_E_original_firstorder_Variance_mean,muscularis,-0.08457186701313066,0.9189056140019346,0.2931768579703175,0.6514190760645958
lamina_E_original_firstorder_Variance_std,lamina,-0.08321343811784505,0.9201547301656944,0.2948364947443513,0.6521572135625712
necrosis_H_original_firstorder_10Percentile_mean,necrosis,0.08097998085070064,1.0843491886011742,0.2950966990536614,0.6521572135625712
vessels_H_original_firstorder_Median_std,vessels,-0.08397011967666627,0.9194587294087936,0.2958080898180405,0.6521572135625712
tumor_H_original_firstorder_Kurtosis_mean,tumor,-0.10047638641269958,0.9044064684417208,0.29731301550904066,0.6537813338454616
tumor_E_original_glcm_ClusterShade_mean,tumor,0.07635386922743242,1.079344453373496,0.2998086273148055,0.6575699532085038
lamina_E_original_glcm_DifferenceEntropy_std,lamina,-0.08079759254035233,0.9223803692188461,0.30136120264706173,0.6578800748327173
lamina_E_original_firstorder_10Percentile_std,lamina,0.08205996363823942,1.0855208996605465,0.3014961565038305,0.6578800748327173
vessels_H_original_firstorder_Mean_mean,vessels,0.07429243187475472,1.0771217441759098,0.3023660669023325,0.6580908514933118
muscularis_E_original_firstorder_RobustMeanAbsoluteDeviation_mean,muscularis,-0.08240480905153642,0.9208990949429446,0.30343462990341147,0.6587318113464367
lamina_H_original_glcm_Autocorrelation_std,lamina,-0.09118022685456155,0.9128531754163731,0.305194072132813,0.6608655353308496
tumor_E_original_glcm_Imc2_mean,tumor,0.07980470116284338,1.0830755236281604,0.310021992857814,0.664188804462995
immune_E_original_glcm_SumEntropy_mean,immune,0.07927780281827385,1.082505003244039,0.3100489055238537,0.664188804462995
lamina_H_original_firstorder_90Percentile_std,lamina,-0.07863371044473616,0.924378452613939,0.31026438255955063,0.664188804462995
tumor_H_original_firstorder_Skewness_std,tumor,-0.08806955635862534,0.9156971819465832,0.3115803666329443,0.664188804462995
vessels_E_original_firstorder_10Percentile_mean,vessels,0.07352619495985606,1.0762967298522623,0.31352847230402786,0.664188804462995
vessels_E_original_firstorder_10Percentile_std,vessels,0.0770030079681397,1.0800453251296418,0.3151654468932925,0.664188804462995
adipose_E_original_glcm_Contrast_mean,adipose,0.08296014892080539,1.086498509547339,0.31538544074431835,0.664188804462995
adipose_E_original_firstorder_Entropy_std,adipose,-0.08072922077659012,0.9224434361475233,0.3155117347952255,0.664188804462995
adipose_E_original_firstorder_TotalEnergy_mean,adipose,-0.08560451143397174,0.9179572010173233,0.3164093131099746,0.664188804462995
adipose_E_original_firstorder_Energy_mean,adipose,-0.08560451143397174,0.9179572010173233,0.3164093131099746,0.664188804462995
urothelium_E_original_firstorder_Variance_mean,urothelium,0.07922941093980383,1.0824526200609494,0.3174275396807736,0.664188804462995
muscularis_H_original_firstorder_MeanAbsoluteDeviation_std,muscularis,-0.08700586556622972,0.9166717188187057,0.3183174676238408,0.664188804462995
vessels_H_original_firstorder_TotalEnergy_std,vessels,-0.08262124814704093,0.9206997979443934,0.31906337782376626,0.664188804462995
vessels_H_original_firstorder_Energy_std,vessels,-0.08262124814704093,0.9206997979443934,0.31906337782376626,0.664188804462995
muscularis_E_original_firstorder_InterquartileRange_mean,muscularis,-0.07956122682247861,0.9235214739522167,0.319649613979527,0.664188804462995
urothelium_E_original_firstorder_RootMeanSquared_mean,urothelium,0.07829505196517797,1.0814416930986752,0.3214667719602712,0.664188804462995
lamina_H_original_glcm_ClusterProminence_std,lamina,0.07403608459247744,1.0768456623320355,0.3216047485757408,0.664188804462995
lamina_H_original_glcm_JointAverage_std,lamina,-0.08193780205494666,0.9213292617010609,0.3234250031515138,0.664188804462995
lamina_H_original_glcm_SumAverage_std,lamina,-0.08193780205494659,0.921329261701061,0.3234250031515141,0.664188804462995
necrosis_H_original_firstorder_Skewness_mean,necrosis,-0.08473097820624241,0.9187594174643949,0.3241597930823457,0.664188804462995
lamina_H_original_firstorder_Skewness_mean,lamina,-0.07795439091813838,0.9250066142838533,0.3244711309097764,0.664188804462995
adipose_E_original_glcm_SumEntropy_std,adipose,-0.07952613425075117,0.923553883264443,0.32449435221755535,0.664188804462995
urothelium_E_original_glcm_ClusterProminence_mean,urothelium,0.07390476238611617,1.0767042578687238,0.32487386122514283,0.664188804462995
urothelium_H_original_glcm_ClusterShade_std,urothelium,-0.08627236985299591,0.9173443402472123,0.32615654167582103,0.664188804462995
vessels_E_original_firstorder_90Percentile_mean,vessels,0.08130914503685313,1.0847061762698997,0.3271611727453764,0.664188804462995
lamina_H_original_firstorder_RobustMeanAbsoluteDeviation_std,lamina,-0.07758000749291256,0.9253529862623836,0.32757654418718357,0.664188804462995
adipose_E_original_glcm_Autocorrelation_mean,adipose,-0.08342674559666534,0.919958475212147,0.3278017601344981,0.664188804462995
vessels_H_original_glcm_Autocorrelation_std,vessels,-0.08056761165908623,0.9225925234637967,0.3296072286681899,0.6655218975248258
urothelium_H_original_firstorder_TotalEnergy_mean,urothelium,-0.07483722632052603,0.9278945108405049,0.3312912628985663,0.6655218975248258
urothelium_H_original_firstorder_Energy_mean,urothelium,-0.07483722632052603,0.9278945108405049,0.3312912628985663,0.6655218975248258
adipose_E_original_firstorder_Kurtosis_mean,adipose,0.07313655545329972,1.0758774438160412,0.33199166827189913,0.6655218975248258
immune_E_original_glcm_Correlation_std,immune,-0.07517085838873175,0.9275849871121684,0.33236992532085896,0.6655218975248258
vessels_H_original_firstorder_Entropy_std,vessels,-0.0746319909054911,0.9280849671990723,0.333909758389739,0.6659046505984323
urothelium_H_original_glcm_Autocorrelation_mean,urothelium,-0.07416755859404661,0.9285160999538468,0.3349767984092853,0.6659046505984323
tumor_E_original_firstorder_Skewness_std,tumor,-0.08677520455138771,0.9168831836350523,0.33562032739953496,0.6659046505984323
lamina_E_original_firstorder_Entropy_std,lamina,-0.07484534562213487,0.9278869770156949,0.33611220286719184,0.6659046505984323
adipose_E_original_glcm_JointEntropy_std,adipose,-0.07689272180196823,0.9259891867296102,0.3364735602318753,0.6659046505984323
lamina_H_original_firstorder_InterquartileRange_std,lamina,-0.07654247753168388,0.9263135659392713,0.337573714802078,0.6665318591567713
urothelium_E_original_firstorder_Mean_std,urothelium,-0.07628276602217927,0.9265541714764172,0.33840924504414965,0.6665495694416549
necrosis_E_original_firstorder_10Percentile_mean,necrosis,0.07054634156682002,1.0730942971495494,0.33914919338218164,0.6665495694416549
vessels_E_original_firstorder_RootMeanSquared_mean,vessels,0.07724569887318186,1.0803074741163847,0.34463720924560204,0.6744816311690406
vessels_E_original_firstorder_Mean_mean,vessels,0.07595625874856031,1.0789153800162066,0.34477028150238853,0.6744816311690406
muscularis_E_original_firstorder_Median_std,muscularis,-0.0757331930250864,0.9270635205788408,0.3467233118618187,0.6746996242461053
muscularis_H_original_firstorder_Kurtosis_std,muscularis,-0.08771606376418706,0.9160209313372841,0.34696984426264366,0.6746996242461053
adipose_E_original_glcm_DifferenceEntropy_mean,adipose,0.08524167919714726,1.0889802187629078,0.3472602061337181,0.6746996242461053
vessels_E_original_firstorder_InterquartileRange_std,vessels,-0.07711260333508548,0.9257856011907525,0.34884738527998926,0.6762394644038061
lamina_H_original_glcm_ClusterShade_std,lamina,0.07057308722758843,1.0731229981494053,0.3554337945360925,0.686832394547993
muscularis_E_original_firstorder_Skewness_mean,muscularis,-0.09419269209663035,0.9101073748452094,0.35711415568527793,0.686832394547993
vessels_E_original_glcm_ClusterProminence_mean,vessels,0.06888046534847485,1.071308143048775,0.3574656875615616,0.686832394547993
muscularis_E_original_glcm_ClusterProminence_mean,muscularis,-0.07418642504039431,0.9284985823199123,0.3582008029300252,0.686832394547993
muscularis_E_original_firstorder_Kurtosis_mean,muscularis,-0.10932814445980066,0.8964362086539398,0.3583473362859094,0.686832394547993
lamina_E_original_firstorder_Skewness_mean,lamina,-0.08419422451783996,0.9192526973435277,0.3602497227339686,0.6889269978575445
lamina_E_original_glcm_JointEnergy_std,lamina,-0.07061192261198876,0.9318234415757661,0.3640160561974328,0.6913388457871098
urothelium_E_original_glcm_ClusterShade_mean,urothelium,0.06494693545798434,1.0671023975817568,0.36457524731330526,0.6913388457871098
lamina_E_original_firstorder_90Percentile_mean,lamina,0.071588042929394,1.0742127233729832,0.36512960857767696,0.6913388457871098
tumor_H_original_firstorder_Kurtosis_std,tumor,-0.1460771214679345,0.8640910606438645,0.36599838918432326,0.6913388457871098
lamina_E_original_firstorder_Mean_mean,lamina,0.07132364524451282,1.0739287415595749,0.3662483357224948,0.6913388457871098
muscularis_E_original_glcm_Contrast_mean,muscularis,0.07447413018081761,1.0773174731535233,0.36638521674499,0.6913388457871098
lamina_E_original_glcm_JointEntropy_std,lamina,-0.06990457936271866,0.9324827937633444,0.36860075216134425,0.693544618864409
urothelium_E_original_glcm_ClusterShade_std,urothelium,0.07010575085702526,1.0726216059108222,0.369873960763517,0.693544618864409
lamina_E_original_glcm_SumEntropy_std,lamina,-0.06974266848237431,0.9326337850966285,0.37074555837125656,0.693544618864409
muscularis_E_original_firstorder_Uniformity_mean,muscularis,-0.07968781498862137,0.9234045744616378,0.37087704892302686,0.693544618864409
urothelium_H_original_firstorder_Median_mean,urothelium,-0.06804903831877473,0.9342146601376078,0.3724022089998137,0.693544618864409
tumor_H_original_glcm_ClusterShade_std,tumor,0.05654916210167204,1.0581786358071652,0.3732550759770644,0.693544618864409
muscularis_E_original_glcm_ClusterTendency_mean,muscularis,-0.07156918121923778,0.9309318723651138,0.3732590310692119,0.693544618864409
muscularis_E_original_glcm_JointEntropy_mean,muscularis,0.07700075303771378,1.0800428897053225,0.37419767256032943,0.6937738983634866
immune_E_original_glcm_Imc2_mean,immune,0.0702897281193497,1.0728189620513524,0.37712245095111696,0.6969581508067346
immune_E_original_firstorder_Entropy_mean,immune,0.06839084488054953,1.070783737044916,0.3775531228224497,0.6969581508067346
tumor_E_original_glcm_Correlation_mean,tumor,0.0681514800822151,1.0705274597847394,0.37908967708580965,0.6982799030303549
lamina_E_original_firstorder_RootMeanSquared_mean,lamina,0.0692323831476268,1.0716852217991606,0.3811008855050164,0.6991780802837289
immune_E_original_glcm_Imc2_std,immune,-0.06791351054956175,0.9343412807465729,0.381220480906757,0.6991780802837289
vessels_H_original_glcm_ClusterShade_std,vessels,0.07301524319905629,1.075746934614385,0.3834554557999733,0.701764715883392
urothelium_H_original_firstorder_Uniformity_mean,urothelium,-0.06629928132228613,0.9358507397288365,0.38508333577456455,0.7019678557994513
urothelium_E_original_firstorder_Mean_mean,urothelium,0.06782773850760615,1.0701809416334391,0.38521620288877056,0.7019678557994513
adipose_E_original_firstorder_RootMeanSquared_mean,adipose,-0.07327151782890673,0.9293484610895575,0.3860575760323869,0.7019978572725668
necrosis_E_original_glcm_ClusterProminence_mean,necrosis,-0.07267680272547529,0.9299013230370984,0.3873737371710462,0.7028892331184654
immune_H_original_firstorder_MeanAbsoluteDeviation_std,immune,-0.0810659308585566,0.9221328924270634,0.391261622311704,0.7084332778452342
lamina_H_original_firstorder_10Percentile_mean,lamina,0.06619758759710011,1.068437806369814,0.39692325622240066,0.7156865291228917
necrosis_E_original_firstorder_Mean_mean,necrosis,0.065188534089223,1.0673602392062416,0.3976089514611758,0.7156865291228917
necrosis_E_original_firstorder_Median_mean,necrosis,0.06472682432447778,1.0668675423115355,0.39828878166784987,0.7156865291228917
muscularis_E_original_firstorder_10Percentile_std,muscularis,0.06728117284442069,1.0695961772979576,0.39863150975822637,0.7156865291228917
vessels_E_original_glcm_ClusterShade_mean,vessels,0.06119073445846616,1.0631016649711629,0.4005314101194326,0.7175836421297624
tumor_E_original_firstorder_MeanAbsoluteDeviation_mean,tumor,0.06314926618241797,1.065185823586969,0.40418987157376274,0.7178953991364541
vessels_E_original_glcm_SumAverage_mean,vessels,0.06728870430599566,1.069604232950803,0.4045198601567266,0.7178953991364541
vessels_E_original_glcm_JointAverage_mean,vessels,0.06728870430599569,1.069604232950803,0.4045198601567266,0.7178953991364541
necrosis_E_original_firstorder_Variance_std,necrosis,-0.0669649535989309,0.9352279771372141,0.4055410156589361,0.7178953991364541
lamina_E_original_glcm_JointAverage_mean,lamina,0.06531473499384392,1.0674949495340897,0.4065986907622068,0.7178953991364541
lamina_E_original_glcm_SumAverage_mean,lamina,0.06531473499384385,1.0674949495340895,0.4065986907622072,0.7178953991364541
muscularis_E_original_glcm_SumSquares_mean,muscularis,-0.06651719608940027,0.9356468262515207,0.4066105550925627,0.7178953991364541
tumor_H_original_firstorder_RootMeanSquared_std,tumor,-0.06746085758224285,0.934764308835028,0.41177134899006806,0.7245960420808226
muscularis_H_original_firstorder_InterquartileRange_std,muscularis,-0.07217263498600701,0.9303702674884613,0.41322328963251553,0.7245960420808226
muscularis_E_original_glcm_SumEntropy_mean,muscularis,0.07062712008479692,1.0731809836176778,0.4132730605189996,0.7245960420808226
immune_E_original_firstorder_Median_mean,immune,0.06033969590938867,1.0621973093480155,0.4142723542648251,0.7245960420808226
adipose_E_original_firstorder_Skewness_mean,adipose,0.06765395217904806,1.069994974976399,0.41466306990994195,0.7245960420808226
adipose_H_original_firstorder_Median_std,adipose,0.055876565558025934,1.0574671478131663,0.41828988333485373,0.7294244594104796
necrosis_E_original_glcm_JointAverage_mean,necrosis,0.06189479364863047,1.0638504150197117,0.42119648656770126,0.7294244594104796
necrosis_E_original_glcm_SumAverage_mean,necrosis,0.061894793648630486,1.0638504150197117,0.4211964865677015,0.7294244594104796
immune_E_original_firstorder_Mean_mean,immune,0.05988462343055836,1.0617140425544924,0.42203685134633295,0.7294244594104796
immune_H_original_firstorder_90Percentile_std,immune,-0.07086516623735924,0.9315874931067002,0.42237914399427723,0.7294244594104796
lamina_E_original_glcm_SumSquares_std,lamina,-0.06329381279351627,0.9386676406078032,0.4225690464034858,0.7294244594104796
muscularis_H_original_firstorder_RobustMeanAbsoluteDeviation_std,muscularis,-0.06984247234190807,0.932540709290084,0.4246251515916629,0.7314898866487959
immune_H_original_firstorder_InterquartileRange_mean,immune,0.049258121288517746,1.0504914699595045,0.42688716746089117,0.7326178339036841
adipose_H_original_firstorder_InterquartileRange_std,adipose,0.062307538964748055,1.0642896049261141,0.42860807619346497,0.7326178339036841
immune_E_original_glcm_SumSquares_std,immune,-0.06458663835743421,0.9374548911916424,0.4287046237805484,0.7326178339036841
lamina_E_original_firstorder_Median_mean,lamina,0.06248167325317053,1.0644749503761741,0.4305559683380358,0.7326178339036841
urothelium_H_original_glcm_MaximumProbability_mean,urothelium,-0.05999244015639674,0.9417716532037452,0.43150871614851594,0.7326178339036841
immune_E_original_firstorder_Variance_std,immune,-0.0648989736130075,0.937162136699768,0.43243865118129154,0.7326178339036841
muscularis_H_original_glcm_Autocorrelation_std,muscularis,0.0644120044960239,1.0665317241187686,0.43246947210567144,0.7326178339036841
tumor_E_original_firstorder_InterquartileRange_mean,tumor,0.05859713105799639,1.0603479734133652,0.4329110202772113,0.7326178339036841
necrosis_H_original_firstorder_Kurtosis_mean,necrosis,-0.07110221737989444,0.9313666853994813,0.4330279323778532,0.7326178339036841
vessels_H_original_glcm_SumEntropy_std,vessels,-0.05994844805934856,0.9418130846250311,0.43814497477520886,0.73508678073996
necrosis_E_original_glcm_ClusterTendency_std,necrosis,-0.06245706878344682,0.9394533938248318,0.43823073574697546,0.73508678073996
immune_H_original_firstorder_TotalEnergy_mean,immune,0.05349766970785643,1.054954533412466,0.43832829479070046,0.73508678073996
immune_H_original_firstorder_Energy_mean,immune,0.05349766970785643,1.054954533412466,0.43832829479070046,0.73508678073996
vessels_E_original_firstorder_Median_mean,vessels,0.061740887790006714,1.063686694807214,0.43880620988942387,0.73508678073996
necrosis_E_original_glcm_Imc2_mean,necrosis,0.060881818179395114,1.0627733062808293,0.44401646679701035,0.7415290850855051
immune_H_original_glcm_Autocorrelation_mean,immune,0.05286307884693275,1.054285281279975,0.44439463383502653,0.7415290850855051
muscularis_E_original_firstorder_RootMeanSquared_std,muscularis,-0.060053393973772115,0.9417142503758651,0.44754619278057983,0.7453264384662885
lamina_E_original_firstorder_Kurtosis_mean,lamina,-0.07930756641537932,0.9237557644991259,0.4485979304134944,0.7456188257458667
tumor_E_original_glcm_SumSquares_mean,tumor,0.05591634523223106,1.0575092143484799,0.44956434734685435,0.745745683655097
vessels_E_original_glcm_SumSquares_mean,vessels,0.060701369264198515,1.0625815472924822,0.45042688766007033,0.745745683655097
urothelium_E_original_glcm_JointAverage_mean,urothelium,0.05886792199487587,1.0606351449144693,0.45255776682511395,0.7463694952871551
urothelium_E_original_glcm_SumAverage_mean,urothelium,0.05886792199487584,1.0606351449144693,0.45255776682511406,0.7463694952871551
vessels_H_original_firstorder_Median_mean,vessels,0.053030990258717,1.0544623226731973,0.45513535969545105,0.7477098988979488
vessels_E_original_firstorder_Energy_mean,vessels,0.05943713405419088,1.0612390430862435,0.45713006741237594,0.7477098988979488
vessels_E_original_firstorder_TotalEnergy_mean,vessels,0.05943713405419088,1.0612390430862435,0.45713006741237594,0.7477098988979488
immune_H_original_glcm_SumSquares_mean,immune,0.046209814105729524,1.0472941249868497,0.4590841634549342,0.7477098988979488
tumor_E_original_firstorder_RobustMeanAbsoluteDeviation_mean,tumor,0.05536733942289374,1.056928794987754,0.45982208315257056,0.7477098988979488
immune_E_original_glcm_MCC_mean,immune,0.05771037852193896,1.0594081239273812,0.46124233259452396,0.7477098988979488
tumor_H_original_firstorder_Skewness_mean,tumor,-0.05840414505606547,0.9432686530302,0.46130950772931767,0.7477098988979488
vessels_E_original_glcm_ClusterShade_std,vessels,0.05802290198269199,1.0597392655626905,0.46177147958003895,0.7477098988979488
urothelium_H_original_firstorder_Entropy_mean,urothelium,0.05541819340597334,1.05698254539351,0.4626435536422344,0.7477098988979488
vessels_E_original_glcm_Autocorrelation_mean,vessels,0.05879469257228718,1.0605574780590141,0.46307395903197934,0.7477098988979488
necrosis_E_original_firstorder_RootMeanSquared_mean,necrosis,0.05679536119537574,1.0584391905011263,0.4634471878681048,0.7477098988979488
immune_H_original_firstorder_RobustMeanAbsoluteDeviation_mean,immune,0.046421208751831686,1.047515540759996,0.46457009104834956,0.7477098988979488
lamina_E_original_glcm_ClusterTendency_std,lamina,-0.05707313808631391,0.9445249860902866,0.4690619661181642,0.7477098988979488
muscularis_H_original_glcm_SumAverage_std,muscularis,0.060290454105598544,1.0621450061242852,0.4697551731618008,0.7477098988979488
muscularis_H_original_glcm_JointAverage_std,muscularis,0.06029045410559852,1.0621450061242852,0.46975517316180115,0.7477098988979488
immune_E_original_glcm_ClusterTendency_std,immune,-0.058549048366304896,0.943131980182344,0.4698528985261665,0.7477098988979488
necrosis_E_original_glcm_Correlation_mean,necrosis,0.056722588324716064,1.058362167645436,0.47094834112748196,0.7477098988979488
vessels_H_original_glcm_JointAverage_mean,vessels,0.0510163281598964,1.0523400759199482,0.4719953972400507,0.7477098988979488
vessels_H_original_glcm_SumAverage_mean,vessels,0.05101632815989637,1.0523400759199482,0.47199539724005124,0.7477098988979488
muscularis_H_original_firstorder_TotalEnergy_std,muscularis,0.058773274816063086,1.0605347635407352,0.4738350707468919,0.7477098988979488
muscularis_H_original_firstorder_Energy_std,muscularis,0.058773274816063086,1.0605347635407352,0.4738350707468919,0.7477098988979488
urothelium_E_original_glcm_SumAverage_std,urothelium,-0.05727742202271904,0.9443320545151768,0.47524787290773507,0.7477098988979488
urothelium_E_original_glcm_JointAverage_std,urothelium,-0.05727742202271903,0.9443320545151768,0.4752478729077353,0.7477098988979488
immune_H_original_glcm_ClusterTendency_mean,immune,0.04482589756716325,1.0458457597659907,0.4754041786707691,0.7477098988979488
urothelium_H_original_glcm_JointAverage_mean,urothelium,-0.053720217524727575,0.9476972184868223,0.4762147652205503,0.7477098988979488
urothelium_H_original_glcm_SumAverage_mean,urothelium,-0.05372021752472758,0.9476972184868222,0.4762147652205503,0.7477098988979488
tumor_E_original_glcm_MCC_mean,tumor,0.054486759843791165,1.0559984947361387,0.4796087892176929,0.750072506623962
muscularis_E_original_firstorder_MeanAbsoluteDeviation_mean,muscularis,-0.05657492499007332,0.9449956780507965,0.4806500867180331,0.750072506623962
immune_E_original_glcm_Correlation_mean,immune,0.055299022033226446,1.0568565908378438,0.48084554018492653,0.750072506623962
necrosis_E_original_glcm_SumSquares_std,necrosis,-0.05650175604722302,0.9450648249152283,0.4812451100078534,0.750072506623962
necrosis_E_original_glcm_Imc2_std,necrosis,-0.055399629738351365,0.9461069799100847,0.4836442008613332,0.7524336653254013
adipose_E_original_glcm_MaximumProbability_mean,adipose,-0.059847091054893775,0.9419085488159455,0.48553778444287254,0.7540011944541689
adipose_H_original_glcm_ClusterTendency_std,adipose,0.053983163220442824,1.0554668313431097,0.4885426348734764,0.7572855779186309
tumor_E_original_glcm_SumSquares_std,tumor,0.046204473997354445,1.0472885323376544,0.49082534115036813,0.7590862392200387
urothelium_E_original_firstorder_Median_mean,urothelium,0.053427374188298314,1.0548803774418762,0.49158278017043555,0.7590862392200387
vessels_E_original_glcm_ClusterTendency_mean,vessels,0.05516476126311527,1.0567147059830588,0.492380263277863,0.7590862392200387
vessels_H_original_firstorder_10Percentile_mean,vessels,-0.05347213893646249,0.9479323510393571,0.4939152450574321,0.7600757206941677
necrosis_E_original_firstorder_90Percentile_mean,necrosis,0.052823890442233394,1.0542439663312424,0.495899339418695,0.7617515123561542
necrosis_E_original_firstorder_InterquartileRange_std,necrosis,-0.05353492263724463,0.9478728382065053,0.5007265649483186,0.7677807329207551
tumor_H_original_glcm_ClusterProminence_std,tumor,0.04295955378863848,1.0438956723717445,0.5035776545253388,0.7707636402896821
adipose_E_original_glcm_Imc2_std,adipose,-0.05329407306198067,0.9481011604715481,0.5079550148935423,0.7760677157529705
immune_E_original_firstorder_Entropy_std,immune,-0.05168130729979006,0.9496314592372835,0.5123811410203267,0.7788096100428479
immune_E_original_glcm_JointAverage_mean,immune,0.04907546537780975,1.05029960900617,0.5124951605452343,0.7788096100428479
immune_E_original_glcm_SumAverage_mean,immune,0.04907546537780967,1.05029960900617,0.5124951605452348,0.7788096100428479
immune_E_original_firstorder_RootMeanSquared_mean,immune,0.049307766438701106,1.0505436230608607,0.5136380004058592,0.7791549703126313
vessels_E_original_firstorder_MeanAbsoluteDeviation_mean,vessels,0.05368436843828356,1.0551515104716236,0.5157703940388658,0.7797316884472504
tumor_E_original_glcm_ClusterTendency_mean,tumor,0.04785051721159688,1.0490138340907316,0.5158506940021175,0.7797316884472504
tumor_E_original_firstorder_90Percentile_mean,tumor,0.05021990889772659,1.051502305665598,0.5171817741408402,0.7803576060174734
tumor_E_original_firstorder_Variance_mean,tumor,0.047557600332676364,1.0487066052309613,0.519293965213858,0.7821578130920231
adipose_E_original_glcm_Correlation_mean,adipose,-0.0530616138589519,0.9483215809300914,0.5227983259826998,0.7836297119882581
adipose_E_original_glcm_SumAverage_mean,adipose,-0.053821832416200116,0.9476009232294158,0.5230336973082614,0.7836297119882581
adipose_E_original_glcm_JointAverage_mean,adipose,-0.0538218324162001,0.9476009232294158,0.5230336973082617,0.7836297119882581
adipose_E_original_glcm_MCC_mean,adipose,-0.05268607431323123,0.9486777800650356,0.5256456594864114,0.7861589740297646
adipose_H_original_glcm_SumSquares_std,adipose,0.04942840607546391,1.0506703679070226,0.5282878824556397,0.7873701060393289
tumor_E_original_glcm_ClusterTendency_std,tumor,0.042603278529728304,1.043523824414842,0.528305911337787,0.7873701060393289
immune_E_original_glcm_ClusterProminence_mean,immune,-0.04772649718064946,0.9533945075077498,0.5308048081188073,0.7874103565842985
necrosis_E_original_firstorder_MeanAbsoluteDeviation_std,necrosis,-0.04997948048556783,0.9512489434668775,0.5317259305015103,0.7874103565842985
immune_H_original_firstorder_Variance_mean,immune,0.03931657235207724,1.0400996983451731,0.5322376079732003,0.7874103565842985
lamina_E_original_firstorder_MeanAbsoluteDeviation_mean,lamina,0.049209015005538086,1.050439885494684,0.5327280481415628,0.7874103565842985
lamina_E_original_glcm_ClusterShade_std,lamina,0.04364674274730532,1.0446132724869972,0.5329593012838495,0.7874103565842985
tumor_H_original_firstorder_90Percentile_std,tumor,-0.04919945935173592,0.9519912272071835,0.5351444992751344,0.7885202402711633
necrosis_E_original_glcm_ClusterShade_mean,necrosis,-0.04943476962378706,0.951767240246769,0.5355636884567948,0.7885202402711633
vessels_H_original_firstorder_MeanAbsoluteDeviation_std,vessels,-0.0476305864996298,0.9534859526094562,0.5371450595661843,0.789482635044599
lamina_H_original_firstorder_10Percentile_std,lamina,-0.04884511380851234,0.9523286208291651,0.5418992830466884,0.7936413261179568
muscularis_E_original_glcm_Imc2_mean,muscularis,0.0540248178750924,1.0555107973651516,0.5427202997992957,0.7936413261179568
necrosis_E_original_glcm_MCC_mean,necrosis,0.047537957830163825,1.048686006211142,0.542772328790424,0.7936413261179568
tumor_E_original_glcm_ClusterProminence_mean,tumor,0.04281682011362688,1.0437466839391845,0.5447754965667755,0.7952040267209707
vessels_E_original_glcm_ClusterProminence_std,vessels,0.04677722908931665,1.0478885439907664,0.548332231254295,0.7990252205435018
immune_H_original_firstorder_RootMeanSquared_std,immune,-0.05466590585609418,0.9468014159274062,0.5508651640640727,0.800010834302145
tumor_E_original_firstorder_Kurtosis_std,tumor,-0.05621205824847872,0.9453386477757018,0.551819802494047,0.800010834302145
necrosis_E_original_firstorder_RobustMeanAbsoluteDeviation_std,necrosis,-0.04707778823998688,0.9540131836974404,0.5523249402118483,0.800010834302145
urothelium_H_original_firstorder_Mean_mean,urothelium,-0.04449216888259032,0.9564830903956733,0.5527689430900837,0.800010834302145
adipose_E_original_firstorder_10Percentile_mean,adipose,0.045887823855646756,1.0469569607743425,0.5575685083551805,0.802941785196882
urothelium_H_original_firstorder_Skewness_mean,urothelium,-0.049631628860968995,0.9515798945148531,0.5614435630838768,0.802941785196882
necrosis_E_original_glcm_Autocorrelation_mean,necrosis,0.04426318907158328,1.0452574190195967,0.5623190358388113,0.802941785196882
necrosis_E_original_firstorder_TotalEnergy_mean,necrosis,0.04412866008480191,1.0451168110562257,0.562559693589586,0.802941785196882
necrosis_E_original_firstorder_Energy_mean,necrosis,0.04412866008480191,1.0451168110562257,0.562559693589586,0.802941785196882
urothelium_E_original_glcm_Autocorrelation_mean,urothelium,0.04541234511099279,1.0464592733222058,0.5632062017338683,0.802941785196882
lamina_E_original_glcm_ClusterProminence_mean,lamina,0.0409660809754507,1.0418167675376535,0.5638089216752054,0.802941785196882
muscularis_E_original_firstorder_Entropy_mean,muscularis,0.048791332229962556,1.0500012264642733,0.5642668654268557,0.802941785196882
lamina_E_original_glcm_SumSquares_mean,lamina,0.04381697065644795,1.0447911099562561,0.5647440442177996,0.802941785196882
urothelium_E_original_firstorder_Energy_mean,urothelium,0.045034859409794785,1.046064324458105,0.566275348481744,0.802941785196882
urothelium_E_original_firstorder_TotalEnergy_mean,urothelium,0.045034859409794785,1.046064324458105,0.566275348481744,0.802941785196882
muscularis_H_original_firstorder_90Percentile_std,muscularis,-0.04840025742574806,0.9527523645401892,0.566483170985283,0.802941785196882
immune_E_original_glcm_SumEntropy_std,immune,-0.04501261028479407,0.9559854265086023,0.5670599446572574,0.802941785196882
tumor_H_original_firstorder_MeanAbsoluteDeviation_std,tumor,-0.04613164611538256,0.9549162429017745,0.5685709755666257,0.8037440202777384
vessels_E_original_firstorder_Variance_mean,vessels,0.04558585933041001,1.0466408646400505,0.5718911638558024,0.8070968166522187
necrosis_E_original_glcm_SumEntropy_std,necrosis,-0.043841259299901306,0.9571058770718109,0.5784159039712502,0.8149535335753872
immune_E_original_glcm_SumAverage_std,immune,0.04458109417581992,1.0455897645127095,0.5841198164753965,0.8202738676906979
immune_E_original_glcm_JointAverage_std,immune,0.04458109417581985,1.0455897645127095,0.5841198164753971,0.8202738676906979
urothelium_H_original_firstorder_Skewness_std,urothelium,-0.05641929536679294,0.9451427588169384,0.5881228964672247,0.82190271706265
immune_H_original_glcm_ClusterProminence_std,immune,-0.050027436765136865,0.9512033262004308,0.589990422450699,0.82190271706265
adipose_H_original_firstorder_Variance_std,adipose,0.04247515615251979,1.0433901342263194,0.5929659909650784,0.82190271706265
necrosis_H_original_firstorder_TotalEnergy_std,necrosis,0.04405018002722996,1.04503479344714,0.5933230946641854,0.82190271706265
necrosis_H_original_firstorder_Energy_std,necrosis,0.04405018002722996,1.04503479344714,0.5933230946641854,0.82190271706265
urothelium_E_original_glcm_ClusterProminence_std,urothelium,0.04080655084952882,1.0416505796338817,0.5933980040864295,0.82190271706265
immune_H_original_firstorder_10Percentile_std,immune,0.042446596809047984,1.0433603361146102,0.5937301249124378,0.82190271706265
adipose_E_original_firstorder_Skewness_std,adipose,-0.06046947662954088,0.9413225009153232,0.5946394180037127,0.82190271706265
lamina_E_original_glcm_Autocorrelation_mean,lamina,0.04109027209500206,1.0419461599629103,0.5947327427062807,0.82190271706265
adipose_E_original_glcm_JointEnergy_mean,adipose,-0.04770318512257982,0.9534167333549363,0.5949378069454669,0.82190271706265
necrosis_H_original_glcm_Autocorrelation_std,necrosis,0.04309493628615334,1.0440370071419265,0.6001489067030663,0.8255126903465382
necrosis_H_original_glcm_SumEntropy_std,necrosis,-0.04017331803415497,0.9606229314453035,0.6001869242429585,0.8255126903465382
immune_E_original_firstorder_Mean_std,immune,0.04304862872778509,1.0439886614566736,0.6006481675223281,0.8255126903465382
vessels_E_original_firstorder_RootMeanSquared_std,vessels,-0.04557150488729377,0.9554512806931688,0.6015695746817038,0.8255126903465382
necrosis_E_original_firstorder_10Percentile_std,necrosis,0.04114097373074673,1.0419989896768433,0.6024011524150414,0.8255126903465382
lamina_E_original_glcm_ClusterTendency_mean,lamina,0.03908601629973091,1.03985992470637,0.6056583671450806,0.8286419138914206
urothelium_H_original_firstorder_MeanAbsoluteDeviation_mean,urothelium,0.03780432267284719,1.0385279966122312,0.6112757350980849,0.8349849928867901
immune_E_original_firstorder_90Percentile_mean,immune,0.03831429078569915,1.0390577478414438,0.6157423877566118,0.8397384166360203
vessels_H_original_glcm_JointEntropy_std,vessels,-0.03836903634279233,0.9623577303751604,0.6198047275063674,0.8407257363430843
adipose_H_original_firstorder_MeanAbsoluteDeviation_std,adipose,-0.040887438042627566,0.9599371762742478,0.6219111212242532,0.8407257363430843
lamina_E_original_glcm_Autocorrelation_std,lamina,0.04021976695825941,1.041039535146485,0.6219572082822421,0.8407257363430843
lamina_E_original_firstorder_Energy_mean,lamina,0.03791171721965026,1.0386395348449613,0.6228773565568495,0.8407257363430843
lamina_E_original_firstorder_TotalEnergy_mean,lamina,0.03791171721965026,1.0386395348449613,0.6228773565568495,0.8407257363430843
immune_E_original_glcm_DifferenceEntropy_std,immune,-0.03824046139374356,0.9624814734262678,0.6230745519950872,0.8407257363430843
adipose_E_original_firstorder_Mean_mean,adipose,-0.04131735284045077,0.9595245737755018,0.6233818327056242,0.8407257363430843
urothelium_H_original_firstorder_Kurtosis_std,urothelium,-0.04945979610234694,0.9517434211623921,0.6278011212569274,0.8453461300469071
vessels_H_original_firstorder_RobustMeanAbsoluteDeviation_std,vessels,-0.03645637665898934,0.96420015461105,0.6310546038232637,0.8475637635536504
necrosis_E_original_firstorder_InterquartileRange_mean,necrosis,0.036376475636169345,1.0370461956340806,0.6314646878458885,0.8475637635536504
tumor_E_original_firstorder_RootMeanSquared_mean,tumor,0.03738417532563876,1.0380917534790677,0.6328189320989903,0.8475637635536504
immune_H_original_firstorder_RobustMeanAbsoluteDeviation_std,immune,-0.04167968454856838,0.9591769705753385,0.6334319078967352,0.8475637635536504
lamina_E_original_firstorder_Energy_std,lamina,0.03840062020615981,1.03914745296668,0.6367826730188948,0.8487600908627055
lamina_E_original_firstorder_TotalEnergy_std,lamina,0.03840062020615981,1.03914745296668,0.6367826730188948,0.8487600908627055
vessels_H_original_glcm_ClusterProminence_std,vessels,0.04211824124850754,1.0430177991866298,0.6373180940790468,0.8487600908627055
tumor_H_original_firstorder_Mean_std,tumor,-0.03736397208660044,0.9633254479593454,0.6389148022085426,0.8495570260616715
immune_E_original_firstorder_90Percentile_std,immune,-0.03763467821721428,0.9630647051487374,0.640183577892583,0.8499161073113699
tumor_E_original_firstorder_Median_std,tumor,-0.03478584598415699,0.9658122266790286,0.6433540348959221,0.8505799888698207
immune_H_original_glcm_ClusterShade_std,immune,-0.04243932379265564,0.9584486187837916,0.6442274093238638,0.8505799888698207
muscularis_E_original_firstorder_Kurtosis_std,muscularis,-0.04404286808897779,0.9569129355649217,0.6445803612644034,0.8505799888698207
urothelium_E_original_firstorder_10Percentile_mean,urothelium,0.03543462137270798,1.0360699090853116,0.6446816601892296,0.8505799888698207
vessels_H_original_firstorder_InterquartileRange_std,vessels,-0.03420851268302593,0.9663699832303531,0.6499409477061725,0.8561915580463665
immune_H_original_firstorder_Variance_std,immune,-0.03933212992151966,0.9614313359984415,0.6534914190191309,0.8595381724656574
adipose_H_original_firstorder_RobustMeanAbsoluteDeviation_std,adipose,0.035542894742948465,1.0361820939393795,0.6568454773127024,0.8619099047283032
vessels_E_original_glcm_Autocorrelation_std,vessels,0.036637225167856724,1.0373166402015452,0.657320244616532,0.8619099047283032
immune_E_original_glcm_JointEntropy_std,immune,-0.03441631950701246,0.9661691858176009,0.6610348976649023,0.8638121135282683
immune_E_original_firstorder_Median_std,immune,0.0356967276852841,1.0363415051407183,0.6613253253750468,0.8638121135282683
immune_H_original_glcm_SumSquares_std,immune,-0.037698618224982695,0.9630031287526273,0.6638636862288357,0.8638121135282683
necrosis_E_original_firstorder_Entropy_std,necrosis,-0.034207320674271006,0.9663711351525202,0.6646777052684121,0.8638121135282683
vessels_E_original_firstorder_Energy_std,vessels,0.03583087931131648,1.036480541364517,0.6648612624688786,0.8638121135282683
vessels_E_original_firstorder_TotalEnergy_std,vessels,0.03583087931131648,1.036480541364517,0.6648612624688786,0.8638121135282683
tumor_E_original_glcm_ClusterShade_std,tumor,0.03065358501638789,1.031128243736305,0.6706293869703213,0.8699780614508283
necrosis_H_original_glcm_JointEntropy_std,necrosis,-0.032340380686643605,0.9681769772425133,0.6720306011605707,0.8704688608639963
urothelium_E_original_glcm_Correlation_mean,urothelium,0.035263016558977366,1.0358921297558816,0.6746159789822317,0.8711924337225152
urothelium_H_original_firstorder_RootMeanSquared_mean,urothelium,-0.03124147943765035,0.9692414929237331,0.6746366789931111,0.8711924337225152
muscularis_E_original_firstorder_Mean_std,muscularis,-0.03298543420648759,0.9675526526585444,0.6804883563190693,0.8774175624659515
immune_H_original_glcm_ClusterTendency_std,immune,-0.035377456631702435,0.9652410108675343,0.6817120140886086,0.8776655431004627
urothelium_E_original_firstorder_Median_std,urothelium,-0.03244756827091241,0.9680732062527582,0.6840547550770059,0.8793513543361511
muscularis_H_original_glcm_ClusterTendency_std,muscularis,0.032387979874753205,1.0329181790391537,0.6866025047235726,0.8812952209951136
tumor_E_original_firstorder_Mean_mean,tumor,0.03164650938679807,1.032152584560855,0.687830850717732,0.8815422499409487
muscularis_H_original_firstorder_RootMeanSquared_std,muscularis,-0.034496471991718264,0.9660917480601673,0.6920194854778913,0.8850074445404199
necrosis_H_original_firstorder_RobustMeanAbsoluteDeviation_std,necrosis,0.03204207149165429,1.032560945770522,0.6937481529770609,0.8850074445404199
tumor_E_original_firstorder_Variance_std,tumor,0.02758867408660435,1.0279727656118938,0.6939452282794705,0.8850074445404199
immune_E_original_glcm_Autocorrelation_std,immune,0.031090905659298132,1.0315792760184541,0.6946944453031734,0.8850074445404199
necrosis_H_original_firstorder_90Percentile_std,necrosis,0.031092672015716933,1.031581098156739,0.6965945008950103,0.885357135636997
immune_E_original_glcm_ClusterProminence_std,immune,-0.02806477113168114,0.9723253861459817,0.69742159176524,0.885357135636997
vessels_E_original_firstorder_RobustMeanAbsoluteDeviation_mean,vessels,0.031981195673976205,1.0324980896918727,0.6980900564188308,0.885357135636997
lamina_E_original_glcm_SumAverage_std,lamina,0.03160687307103375,1.032111674645861,0.7033430344971254,0.8880186414315073
lamina_E_original_glcm_JointAverage_std,lamina,0.03160687307103372,1.032111674645861,0.7033430344971257,0.8880186414315073
lamina_E_original_firstorder_Variance_mean,lamina,0.02875173565317733,1.0291690567723433,0.7064393416933598,0.8880186414315073
lamina_E_original_firstorder_InterquartileRange_mean,lamina,0.029132311441459995,1.0295608081382146,0.7090299585139718,0.8880186414315073
vessels_E_original_firstorder_InterquartileRange_mean,vessels,0.030668043818569142,1.0311431527233874,0.7091406416270281,0.8880186414315073
tumor_E_original_firstorder_TotalEnergy_std,tumor,-0.02790258092361861,0.972483100592189,0.7095945871312538,0.8880186414315073
tumor_E_original_firstorder_Energy_std,tumor,-0.02790258092361861,0.972483100592189,0.7095945871312538,0.8880186414315073
necrosis_H_original_firstorder_Median_std,necrosis,0.029083295857069005,1.0295103448502914,0.7096048249246723,0.8880186414315073
immune_E_original_firstorder_Energy_std,immune,0.02931839358459288,1.0297524088460608,0.7109862466724391,0.8880186414315073
immune_E_original_firstorder_TotalEnergy_std,immune,0.02931839358459288,1.0297524088460608,0.7109862466724391,0.8880186414315073
immune_E_original_firstorder_Kurtosis_std,immune,-0.03483079557575564,0.965768814789559,0.7116671133446392,0.8880186414315073
necrosis_E_original_firstorder_RobustMeanAbsoluteDeviation_mean,necrosis,0.027569999143046343,1.0279535684577703,0.7176330836583056,0.8905478596076858
tumor_H_original_firstorder_InterquartileRange_std,tumor,-0.02910656008550925,0.9713129557601324,0.7180151165198658,0.8905478596076858
tumor_E_original_glcm_Autocorrelation_std,tumor,-0.027000020879196174,0.9733612212013367,0.7182302584354123,0.8905478596076858
necrosis_E_original_glcm_DifferenceEntropy_std,necrosis,-0.028019417573603902,0.9723694855618775,0.7197301268651333,0.8905478596076858
muscularis_E_original_firstorder_Mean_mean,muscularis,0.028853540497065497,1.029273836500954,0.7225020993024074,0.8905478596076858
muscularis_H_original_firstorder_Mean_std,muscularis,0.02976618524715298,1.0302136266462791,0.7243815965309979,0.8905478596076858
necrosis_E_original_firstorder_90Percentile_std,necrosis,-0.0281437627588597,0.9722485836150014,0.7247889963370147,0.8905478596076858
immune_H_original_firstorder_Energy_std,immune,-0.030524116833166307,0.9699370399753652,0.7261070021511387,0.8905478596076858
immune_H_original_firstorder_TotalEnergy_std,immune,-0.030524116833166307,0.9699370399753652,0.7261070021511387,0.8905478596076858
tumor_E_original_glcm_Imc2_std,tumor,-0.027980801380087583,0.9724070354951144,0.727523336109793,0.8905478596076858
lamina_E_original_firstorder_RobustMeanAbsoluteDeviation_mean,lamina,0.02719710621673465,1.02757032330266,0.7279253800784389,0.8905478596076858
immune_H_original_glcm_Autocorrelation_std,immune,-0.03008680465236231,0.9703612980174028,0.729269004752326,0.8905478596076858
vessels_E_original_firstorder_Variance_std,vessels,-0.028936612474872152,0.9714780421037622,0.7306391879739946,0.8905478596076858
necrosis_H_original_glcm_SumAverage_std,necrosis,0.02736259157342002,1.0277403852151212,0.7325082086283199,0.8905478596076858
necrosis_H_original_glcm_JointAverage_std,necrosis,0.027362591573419987,1.027740385215121,0.7325082086283203,0.8905478596076858
immune_E_original_firstorder_Variance_mean,immune,-0.025846845218208032,0.9744843251145646,0.7336890234526866,0.8905478596076858
vessels_E_original_firstorder_Median_std,vessels,0.028067099712050386,1.028464691790885,0.7344850679878019,0.8905478596076858
immune_E_original_glcm_Autocorrelation_mean,immune,0.025660506718358456,1.0259925717558853,0.7351861385158729,0.8905478596076858
muscularis_E_original_glcm_Correlation_mean,muscularis,0.029007154951943982,1.0294319599849842,0.7367197757545838,0.8905478596076858
adipose_H_original_firstorder_90Percentile_std,adipose,-0.026653962412131887,0.9736981193833175,0.7378473976095896,0.8905478596076858
necrosis_H_original_firstorder_MeanAbsoluteDeviation_std,necrosis,0.02737477998225627,1.0277529118114532,0.7389432981160236,0.8905478596076858
necrosis_E_original_firstorder_Median_std,necrosis,-0.026621316288586574,0.9737299073712932,0.7395504542382786,0.8905478596076858
necrosis_E_original_firstorder_MeanAbsoluteDeviation_mean,necrosis,0.02511060732583589,1.025428534160123,0.7435559743106479,0.8905478596076858
muscularis_E_original_glcm_JointAverage_std,muscularis,-0.026296992386043067,0.974045762471786,0.7439887877006324,0.8905478596076858
muscularis_E_original_glcm_SumAverage_std,muscularis,-0.026296992386042953,0.9740457624717861,0.7439887877006335,0.8905478596076858
necrosis_E_original_glcm_JointEntropy_std,necrosis,-0.02548866450438601,0.9748334291231716,0.744855741832002,0.8905478596076858
tumor_E_original_glcm_SumAverage_mean,tumor,0.025619667505333062,1.0259506718822697,0.7456466970184497,0.8905478596076858
tumor_E_original_glcm_JointAverage_mean,tumor,0.02561966750533304,1.0259506718822697,0.7456466970184499,0.8905478596076858
muscularis_H_original_glcm_SumSquares_std,muscularis,0.026159026576295596,1.026504176939078,0.7460889970997875,0.8905478596076858
tumor_E_original_firstorder_Mean_std,tumor,-0.024126518522064856,0.9761621993461398,0.7485691818283218,0.8905478596076858
adipose_H_original_glcm_JointAverage_std,adipose,0.02322064175429121,1.0234923397811746,0.7496135544081547,0.8905478596076858
adipose_H_original_glcm_SumAverage_std,adipose,0.023220641754291213,1.0234923397811746,0.7496135544081547,0.8905478596076858
urothelium_E_original_firstorder_10Percentile_std,urothelium,0.025203448009069554,1.025523740065264,0.7500568765633409,0.8905478596076858
lamina_E_original_firstorder_Mean_std,lamina,0.02618216004572461,1.0265279238167466,0.7508789996302285,0.8905478596076858
tumor_E_original_firstorder_Median_mean,tumor,0.024886063381458882,1.0251983062414958,0.7536319248699774,0.8905478596076858
immune_E_original_firstorder_TotalEnergy_mean,immune,0.023805480879902627,1.0240910932163936,0.7540213424671561,0.8905478596076858
immune_E_original_firstorder_Energy_mean,immune,0.023805480879902627,1.0240910932163936,0.7540213424671561,0.8905478596076858
tumor_E_original_firstorder_RootMeanSquared_std,tumor,-0.023885916993023223,0.9763970937207348,0.7543814658569885,0.8905478596076858
immune_H_original_glcm_ClusterProminence_mean,immune,0.02148083946418108,1.0217132135772067,0.7551178475932854,0.8905478596076858
tumor_E_original_glcm_JointEnergy_std,tumor,-0.025229902702779524,0.9750857114166605,0.755552943168918,0.8905478596076858
muscularis_H_original_firstorder_Variance_std,muscularis,0.02499090479127071,1.0253057951118028,0.7584417498560716,0.8927163611722225
adipose_E_original_firstorder_Kurtosis_std,adipose,-0.03422456967653019,0.9663544663583871,0.7618188707019925,0.8954528438776183
tumor_H_original_firstorder_RobustMeanAbsoluteDeviation_std,tumor,-0.0237246936191588,0.9765545244448312,0.7653990281931833,0.898420100679171
adipose_E_original_firstorder_Entropy_mean,adipose,-0.025113410827774785,0.9751993075958613,0.767606556686057,0.8997702200273203
tumor_E_original_firstorder_10Percentile_std,tumor,-0.022672211384834093,0.9775828717963913,0.7702475489055183,0.9016240221713837
tumor_E_original_glcm_SumAverage_std,tumor,-0.021688740596752652,0.9785447689150604,0.7738466442563164,0.9023694288705416
tumor_E_original_glcm_JointAverage_std,tumor,-0.021688740596752586,0.9785447689150604,0.773846644256317,0.9023694288705416
tumor_E_original_glcm_ClusterProminence_std,tumor,0.018670860421190618,1.018846250798228,0.7742696415415969,0.9023694288705416
lamina_E_original_firstorder_90Percentile_std,lamina,-0.02322605177584594,0.9770415968202371,0.7755721360328971,0.9023694288705416
vessels_H_original_glcm_SumSquares_std,vessels,-0.021306782558269722,0.9789186033455508,0.7775914536683601,0.9023694288705416
lamina_E_original_firstorder_Median_std,lamina,0.02332996298081182,1.023604235335262,0.7778645552719072,0.9023694288705416
vessels_E_original_glcm_MCC_mean,vessels,0.023856222083858628,1.0241430581497946,0.7783068869459195,0.9023694288705416
necrosis_H_original_firstorder_Skewness_std,necrosis,-0.022407569602838014,0.9778416153052938,0.7803740689497778,0.9035351464983142
muscularis_E_original_firstorder_Median_mean,muscularis,0.022484743825402498,1.0227394309540971,0.7816357711351427,0.9037663603750087
necrosis_H_original_firstorder_InterquartileRange_std,necrosis,0.022655430101581893,1.0229140134380617,0.7830783763490521,0.9042058321208186
immune_E_original_firstorder_Skewness_mean,immune,-0.025009692040764732,0.9753004593307151,0.7848926633387667,0.9046862977757054
immune_E_original_glcm_ClusterTendency_mean,immune,-0.02051353037359765,0.9796954407395154,0.7856206510649193,0.9046862977757054
vessels_H_original_glcm_ClusterTendency_std,vessels,-0.019998707931001558,0.9801999397918916,0.7905048328838384,0.9079796881586468
immune_E_original_firstorder_Skewness_std,immune,-0.023082305434125632,0.9771820530702828,0.7913078890204838,0.9079796881586468
adipose_E_original_glcm_Imc2_mean,adipose,-0.023129591143520985,0.9771358474161371,0.7916814672311586,0.9079796881586468
muscularis_E_original_firstorder_Energy_std,muscularis,-0.021533005724896522,0.9786971743263634,0.7939691747965184,0.9081556018169854
muscularis_E_original_firstorder_TotalEnergy_std,muscularis,-0.021533005724896522,0.9786971743263634,0.7939691747965184,0.9081556018169854
vessels_H_original_firstorder_Kurtosis_std,vessels,0.02399014155907847,1.0242802200348107,0.7989227814234674,0.9085056632929468
tumor_E_original_firstorder_MeanAbsoluteDeviation_std,tumor,0.019207859311334008,1.0193935170316624,0.7998793058350845,0.9085056632929468
lamina_E_original_firstorder_Skewness_std,lamina,-0.02043817535527565,0.979769268489013,0.8001024907818366,0.9085056632929468
vessels_E_original_glcm_Correlation_mean,vessels,0.021365635816393187,1.021595515267777,0.8002410047937196,0.9085056632929468
vessels_E_original_glcm_SumAverage_std,vessels,0.020821159035695223,1.0210394316315001,0.8017259236183705,0.9085056632929468
vessels_E_original_glcm_JointAverage_std,vessels,0.020821159035695105,1.0210394316315001,0.8017259236183716,0.9085056632929468
immune_E_original_firstorder_RobustMeanAbsoluteDeviation_mean,immune,-0.0194322616772135,0.9807553276595883,0.8019728740242622,0.9085056632929468
immune_H_original_firstorder_Mean_std,immune,-0.02094850281218284,0.9792693928908394,0.804229953474081,0.9085056632929468
muscularis_E_original_glcm_SumAverage_mean,muscularis,0.01988215029575684,1.020081116684847,0.8066440235141974,0.9085056632929468
muscularis_E_original_glcm_JointAverage_mean,muscularis,0.019882150295756785,1.020081116684847,0.8066440235141977,0.9085056632929468
immune_E_original_firstorder_InterquartileRange_mean,immune,-0.018825608221272584,0.9813504867779606,0.8076042912725694,0.9085056632929468
urothelium_E_original_glcm_Autocorrelation_std,urothelium,-0.01985864512655406,0.9803372389594068,0.8076084204176937,0.9085056632929468
muscularis_E_original_glcm_Autocorrelation_std,muscularis,-0.019984205930074286,0.9802141547553999,0.8081536863839727,0.9085056632929468
immune_H_original_firstorder_InterquartileRange_std,immune,-0.01864388145324105,0.981528840635573,0.8182850783019449,0.9186815324999407
adipose_H_original_firstorder_Mean_std,adipose,0.0166410059231916,1.0167802387146203,0.8205063883750018,0.9188941429295948
urothelium_E_original_glcm_SumSquares_std,urothelium,-0.018356859707698667,0.9818106011904812,0.8237662937680532,0.9188941429295948
immune_H_original_glcm_ClusterShade_mean,immune,0.018209318231527757,1.0183761187699336,0.8239433536296261,0.9188941429295948
urothelium_H_original_firstorder_RobustMeanAbsoluteDeviation_mean,urothelium,0.016457135557566626,1.0165933001471257,0.8250138159620638,0.9188941429295948
urothelium_E_original_firstorder_Energy_std,urothelium,-0.01794611266917127,0.9822139598208255,0.8260629836867528,0.9188941429295948
urothelium_E_original_firstorder_TotalEnergy_std,urothelium,-0.01794611266917127,0.9822139598208255,0.8260629836867528,0.9188941429295948
muscularis_E_original_glcm_MCC_mean,muscularis,0.018895959983166115,1.0190756184573144,0.8262433337564618,0.9188941429295948
urothelium_E_original_glcm_MCC_mean,urothelium,0.01827667268661008,1.0184447132485281,0.8271127067967916,0.9188941429295948
urothelium_E_original_firstorder_Variance_std,urothelium,-0.01723870090577407,0.9829090353534934,0.8341693856175721,0.9255256155939425
vessels_H_original_firstorder_Variance_std,vessels,-0.015100299035859193,0.9850131387802036,0.8409778381408552,0.9318647659607654
tumor_H_original_firstorder_Energy_std,tumor,0.014470589820294524,1.0145757956561363,0.8454452180637757,0.933868025874141
tumor_H_original_firstorder_TotalEnergy_std,tumor,0.014470589820294524,1.0145757956561363,0.8454452180637757,0.933868025874141
muscularis_E_original_glcm_ClusterShade_mean,muscularis,0.014438356947763466,1.014543093490887,0.8462147290997751,0.933868025874141
urothelium_H_original_firstorder_Variance_mean,urothelium,0.014256665376980348,1.0143587763075497,0.8471752244122642,0.933868025874141
tumor_H_original_glcm_Autocorrelation_std,tumor,0.013793972902382929,1.0138895486976236,0.85300399345711,0.939076841438552
immune_E_original_glcm_SumSquares_mean,immune,-0.01382569172177528,0.9862694442093206,0.8541382868761536,0.9391107004284324
vessels_H_original_firstorder_Kurtosis_mean,vessels,0.01722356373344217,1.0173727445516867,0.8575013800859252,0.9415918380040289
muscularis_E_original_firstorder_TotalEnergy_mean,muscularis,-0.013956963116140232,0.9861399837415736,0.8628882374509526,0.9450680695891386
muscularis_E_original_firstorder_Energy_mean,muscularis,-0.013956963116140232,0.9861399837415736,0.8628882374509526,0.9450680695891386
vessels_E_original_glcm_SumSquares_std,vessels,-0.01420191203139719,0.9858984594040345,0.8664702902056569,0.9477714871015605
adipose_E_original_glcm_JointEntropy_mean,adipose,0.01427888064901375,1.014381310814009,0.8687971223141897,0.9490967279709569
vessels_H_original_glcm_Autocorrelation_mean,vessels,0.010624377946204322,1.010681017056966,0.8766228815831119,0.9564180413169592
adipose_H_original_firstorder_RootMeanSquared_std,adipose,-0.011466837099877928,0.988598656502806,0.8823289349714523,0.9586436626395805
tumor_H_original_firstorder_Variance_std,tumor,0.010420689530200792,1.010475174006151,0.8858828265643922,0.9586436626395805
necrosis_E_original_firstorder_Variance_mean,necrosis,-0.01091563026016567,0.9891437290540591,0.8874012546292508,0.9586436626395805
necrosis_E_original_glcm_ClusterTendency_mean,necrosis,-0.01084266045349357,0.9892159093141969,0.8884464532118003,0.9586436626395805
necrosis_H_original_firstorder_Mean_std,necrosis,0.011012645444703161,1.011073507838015,0.8897819741735865,0.9586436626395805
tumor_E_original_firstorder_TotalEnergy_mean,tumor,0.011012137130186162,1.011072993894804,0.8897957851186455,0.9586436626395805
tumor_E_original_firstorder_Energy_mean,tumor,0.011012137130186162,1.011072993894804,0.8897957851186455,0.9586436626395805
tumor_E_original_glcm_DifferenceEntropy_std,tumor,-0.01085536055835682,0.9892033462481925,0.8922366702668894,0.9586436626395805
immune_E_original_glcm_ClusterShade_std,immune,-0.00935490550343753,0.9906887154956359,0.8933941018630936,0.9586436626395805
tumor_H_original_firstorder_Median_std,tumor,-0.010441999836486006,0.9896123285802672,0.8934219167962827,0.9586436626395805
muscularis_E_original_firstorder_RootMeanSquared_mean,muscularis,0.010957894732897122,1.0110181523591626,0.8934363409165189,0.9586436626395805
tumor_E_original_glcm_Autocorrelation_mean,tumor,0.01053100473604491,1.0105866509316588,0.894661407418389,0.9586436626395805
necrosis_H_original_firstorder_Kurtosis_std,necrosis,0.008596469250842991,1.008633524999391,0.8963489518476697,0.9586436626395805
immune_H_original_glcm_JointAverage_std,immune,-0.010662759659824843,0.9893938860499902,0.8970304962401924,0.9586436626395805
immune_H_original_glcm_SumAverage_std,immune,-0.010662759659824763,0.9893938860499903,0.8970304962401932,0.9586436626395805
lamina_H_original_glcm_SumSquares_std,lamina,-0.009758616815239787,0.9902888439764742,0.8981329302297918,0.9586436626395805
muscularis_E_original_glcm_Autocorrelation_mean,muscularis,-0.010342013969172906,0.9897112807740721,0.8981720249103792,0.9586436626395805
urothelium_H_original_glcm_SumSquares_mean,urothelium,0.009238358948708687,1.0092811643022714,0.9007757748194046,0.9586436626395805
tumor_E_original_firstorder_90Percentile_std,tumor,-0.00967405913007382,0.99037258404915,0.9010787906628805,0.9586436626395805
adipose_E_original_firstorder_Uniformity_mean,adipose,-0.010846359474600003,0.9892122501904371,0.9011926323286302,0.9586436626395805
vessels_H_original_firstorder_Energy_mean,vessels,0.008213422590929359,1.0082472452828637,0.9040914370051881,0.9593289437548816
vessels_H_original_firstorder_TotalEnergy_mean,vessels,0.008213422590929359,1.0082472452828637,0.9040914370051881,0.9593289437548816
vessels_E_original_firstorder_Mean_std,vessels,0.009535324599546592,1.0095809306480579,0.9086814517825618,0.9629986493984558
urothelium_H_original_glcm_ClusterProminence_mean,urothelium,0.00831582426094665,1.0083504967710433,0.9108202500239466,0.9640647173760928
urothelium_H_original_firstorder_InterquartileRange_mean,urothelium,0.007995350165627498,1.0080273983329309,0.9147325794304841,0.9670030125407975
urothelium_H_original_firstorder_Kurtosis_mean,urothelium,0.009313278210235863,1.0093567817343398,0.9204691298932532,0.9704062027121064
lamina_E_original_glcm_ClusterProminence_std,lamina,0.006865760553204139,1.0068893839203719,0.9223542243825821,0.9704062027121064
tumor_H_original_glcm_SumAverage_std,tumor,-0.007598367692394208,0.9924304269265434,0.922513064622907,0.9704062027121064
tumor_H_original_glcm_JointAverage_std,tumor,-0.00759836769239419,0.9924304269265434,0.9225130646229073,0.9704062027121064
lamina_H_original_firstorder_Variance_std,lamina,-0.007392656429009345,0.9926346020433285,0.9240267489460976,0.970798473275468
urothelium_E_original_glcm_ClusterTendency_std,urothelium,-0.006350552809043027,0.9936695693333387,0.9384333319851602,0.9843884837047268
immune_E_original_firstorder_Kurtosis_mean,immune,-0.007113748508479335,0.9929114943079586,0.9399333156826039,0.9843884837047268
tumor_E_original_glcm_SumEntropy_std,tumor,-0.005846661692898103,0.994170396772361,0.9428095750384612,0.9843884837047268
necrosis_E_original_firstorder_TotalEnergy_std,necrosis,0.00571201671101491,1.0057283613839978,0.9428824838382963,0.9843884837047268
necrosis_E_original_firstorder_Energy_std,necrosis,0.00571201671101491,1.0057283613839978,0.9428824838382963,0.9843884837047268
tumor_E_original_firstorder_10Percentile_mean,tumor,-0.0056086263124260445,0.9944070726685117,0.9449475983505076,0.9843884837047268
urothelium_H_original_glcm_ClusterTendency_mean,urothelium,0.004990216324449854,1.005002688191073,0.9463844952279289,0.9843884837047268
adipose_H_original_glcm_JointEntropy_std,adipose,-0.005057236405697094,0.9949555298845519,0.9464830180089745,0.9843884837047268
tumor_H_original_glcm_SumSquares_std,tumor,-0.004942455917240965,0.995069737920566,0.9474066972542942,0.9843884837047268
adipose_H_original_firstorder_10Percentile_std,adipose,-0.004739397188320136,0.9952718160329036,0.9487814202927419,0.9843884837047268
necrosis_E_original_glcm_Autocorrelation_std,necrosis,0.005032246563831726,1.0050449295823387,0.949686186981881,0.9843884837047268
adipose_E_original_firstorder_10Percentile_std,adipose,-0.004630757871798244,0.995379947556312,0.9514987647725395,0.9850674559871424
tumor_E_original_firstorder_RobustMeanAbsoluteDeviation_std,tumor,-0.004421746498146278,0.9955880150299331,0.9540852653309493,0.9852829781613892
lamina_H_original_glcm_ClusterTendency_std,lamina,-0.004310015903426882,0.9956992588855033,0.9547200257929908,0.9852829781613892
vessels_E_original_glcm_ClusterTendency_std,vessels,-0.004617045507341884,0.995393596662506,0.95624553641523,0.9852829781613892
urothelium_H_original_firstorder_90Percentile_mean,urothelium,0.004045663155841324,1.0040538578983558,0.9563381198135223,0.9852829781613892
immune_H_original_firstorder_Median_std,immune,-0.0042764143955244145,0.9957327164441283,0.9583236564036915,0.9861347419583331
necrosis_E_original_glcm_JointAverage_std,necrosis,0.003847759235623022,1.0038551713648378,0.9612733347377529,0.986783604175908
necrosis_E_original_glcm_SumAverage_std,necrosis,0.0038477592356230164,1.0038551713648378,0.961273334737753,0.986783604175908
adipose_H_original_glcm_SumEntropy_std,adipose,-0.0035453616523831856,0.9964609157215284,0.9627017257817505,0.9870592393256261
necrosis_E_original_firstorder_Mean_std,necrosis,0.003319815985228507,1.003325332677428,0.9665067938786281,0.9886562944711353
necrosis_E_original_firstorder_RootMeanSquared_std,necrosis,-0.00329654849286693,0.9967088791573072,0.9665828871915212,0.9886562944711353
immune_E_original_glcm_ClusterShade_mean,immune,-0.0025497976286116466,0.9974534503442175,0.9699951092357191,0.9891661820022276
adipose_H_original_firstorder_Energy_std,adipose,-0.0023472003194387127,0.9976555522012375,0.9734142434530156,0.9891661820022276
adipose_H_original_firstorder_TotalEnergy_std,adipose,-0.0023472003194387127,0.9976555522012375,0.9734142434530156,0.9891661820022276
tumor_E_original_firstorder_InterquartileRange_std,tumor,0.0025147985108019025,1.0025179632689305,0.9736734162111167,0.9891661820022276
necrosis_H_original_firstorder_10Percentile_std,necrosis,-0.00252619665272783,0.9974769914968403,0.9759055000033293,0.9891661820022276
necrosis_H_original_firstorder_RootMeanSquared_std,necrosis,0.002380570934293528,1.002383406743115,0.9767181721835843,0.9891661820022276
tumor_E_original_glcm_JointEntropy_std,tumor,0.002295470572140868,1.0022981071817485,0.9774269736219208,0.9891661820022276
tumor_E_original_firstorder_Entropy_std,tumor,0.002239040814083236,1.0022415493378465,0.9780528075552156,0.9891661820022276
muscularis_E_original_firstorder_90Percentile_mean,muscularis,0.0022227866329258047,1.0022252588545346,0.9782654486055976,0.9891661820022276
immune_E_original_firstorder_MeanAbsoluteDeviation_mean,immune,0.0020553571283198624,1.0020574708226666,0.9787049650362816,0.9891661820022276
lamina_E_original_firstorder_RootMeanSquared_std,lamina,0.0019404438146480114,1.0019423276940707,0.981163566987858,0.990474727765916
adipose_E_original_glcm_SumEntropy_mean,adipose,-0.0016481973734168048,0.9983531601579451,0.9847125332975631,0.9920720345345774
adipose_H_original_glcm_Autocorrelation_std,adipose,0.0012658699874123355,1.0012666715390093,0.9855458605305467,0.9920720345345774
adipose_E_original_firstorder_Median_mean,adipose,-0.0014168429458528801,0.9985841603022428,0.9862431741671591,0.9920720345345774
lamina_E_original_firstorder_Kurtosis_std,lamina,-0.0009199069946723444,0.999080515990055,0.9906851844084649,0.9953637449015391
immune_E_original_firstorder_RootMeanSquared_std,immune,-0.0007704094735411033,0.9992298872156418,0.9924990202518298,0.995545706383078
vessels_H_original_firstorder_Skewness_std,vessels,-0.0008283952381974579,0.9991719477864114,0.9932059984949863,0.995545706383078
tumor_H_original_glcm_ClusterTendency_std,tumor,0.00042830311111826405,1.000428394845992,0.9953696263225487,0.9965406494123399
necrosis_E_original_glcm_SumSquares_mean,necrosis,0.0002757128500025008,1.0002757508622837,0.9971333899774689,0.9971333899774689
