feature,region,coef,hr,p,q
tils_E_original_firstorder_Median_mean,tils,0.22997061599932003,1.2585630277692748,0.0017903745821632468,0.148859583754339
tumor_E_original_glcm_MaximumProbability_mean,tumor,-0.2997664860069515,0.7409912323020833,0.002007778393135132,0.148859583754339
tils_E_original_firstorder_Mean_mean,tils,0.22352879254763622,1.2504816443104505,0.0025572629452599908,0.148859583754339
tils_E_original_glcm_SumAverage_mean,tils,0.21827320913580897,1.2439268733840154,0.0027400067741907307,0.148859583754339
tils_E_original_glcm_JointAverage_mean,tils,0.21827320913580878,1.2439268733840152,0.0027400067741907464,0.148859583754339
tumor_E_original_glcm_MCC_mean,tumor,0.2922960188960919,1.3394994761130334,0.0028274458738719917,0.148859583754339
tils_H_original_firstorder_Entropy_std,tils,-0.27462255071771047,0.7598588772918808,0.0028423692169774243,0.148859583754339
stroma_E_original_glcm_MCC_mean,stroma,0.2908466219039732,1.3375594158997615,0.002846152149422646,0.148859583754339
tumor_E_original_glcm_SumEntropy_mean,tumor,0.2751231557713335,1.3166928232029158,0.002914916064804962,0.148859583754339
tumor_E_original_glcm_Correlation_mean,tumor,0.2864061071097743,1.3316331311408671,0.0031168946907651957,0.148859583754339
tils_E_original_glcm_MaximumProbability_mean,tils,-0.25742780420993483,0.7730374343472292,0.0031820535179502905,0.148859583754339
tumor_E_original_glcm_Imc2_mean,tumor,0.2969968072316525,1.3458110025784673,0.0032802977915703108,0.148859583754339
stroma_E_original_glcm_Correlation_mean,stroma,0.282560461630568,1.32652197635385,0.0033400288089093628,0.148859583754339
tumor_E_original_firstorder_Uniformity_mean,tumor,-0.2831124882223058,0.753435030525499,0.0035271550407388374,0.148859583754339
tils_E_original_glcm_Imc2_mean,tils,0.2670562159727465,1.3061138687285274,0.0035362357402799667,0.148859583754339
tils_E_original_glcm_SumEntropy_mean,tils,0.24761781138650585,1.2809702663775977,0.0036705826604238856,0.148859583754339
tils_E_original_glcm_MCC_mean,tils,0.263503798978514,1.3014822392353156,0.003703854859726545,0.148859583754339
tils_E_original_firstorder_RootMeanSquared_mean,tils,0.21879884386225631,1.2445808964193783,0.003725291069835277,0.148859583754339
tumor_E_original_firstorder_Entropy_mean,tumor,0.26075837634544885,1.297914020814234,0.0038016136761515277,0.148859583754339
tumor_E_original_glcm_JointEnergy_mean,tumor,-0.28903033323020094,0.7489894857876009,0.003963731655345757,0.148859583754339
tils_H_original_firstorder_90Percentile_std,tils,-0.275566722831649,0.7591417783151138,0.004133353365254687,0.148859583754339
tils_E_original_firstorder_Entropy_mean,tils,0.2402241292619684,1.2715341063875476,0.004185680635475203,0.148859583754339
tils_H_original_firstorder_RootMeanSquared_std,tils,-0.32572649607428683,0.722002630983641,0.004269892498444817,0.148859583754339
tumor_E_original_glcm_JointEntropy_mean,tumor,0.26382579331386913,1.301901376620225,0.004324789845311064,0.148859583754339
tils_E_original_glcm_Correlation_mean,tils,0.2563386427491712,1.2921902447115028,0.004500822129440059,0.148859583754339
tils_E_original_firstorder_Uniformity_mean,tils,-0.24947229428689566,0.7792118691506984,0.00451918108234859,0.148859583754339
stroma_E_original_glcm_Imc2_mean,stroma,0.28021698369700465,1.323416941085737,0.004700883205904138,0.148859583754339
adipose_E_original_firstorder_MeanAbsoluteDeviation_std,adipose,-0.25997812437018897,0.7710684532271146,0.004909068767998179,0.148859583754339
tils_E_original_glcm_JointEntropy_mean,tils,0.24119624584206273,1.2727707867758877,0.005068354299888256,0.148859583754339
tils_H_original_glcm_SumEntropy_std,tils,-0.25481562467036983,0.7750593866179952,0.005217654802777693,0.148859583754339
tils_E_original_glcm_JointEnergy_mean,tils,-0.2510083848573763,0.7780158479796859,0.005304139834229146,0.148859583754339
tils_E_original_glcm_Autocorrelation_mean,tils,0.19036885500028375,1.2096957176896828,0.005444007634444398,0.148859583754339
adipose_E_original_firstorder_RobustMeanAbsoluteDeviation_std,adipose,-0.2534118399691604,0.776148167155392,0.0056726375715522035,0.15041084470024782
tils_E_original_firstorder_TotalEnergy_mean,tils,0.18586344552810816,1.2042578023609234,0.006319993931721559,0.1553486869774514
tils_E_original_firstorder_Energy_mean,tils,0.18586344552810816,1.2042578023609234,0.006319993931721559,0.1553486869774514
tils_E_original_firstorder_10Percentile_mean,tils,0.19042652194526685,1.2097654791575272,0.0063914888356437155,0.1553486869774514
tils_E_original_firstorder_90Percentile_mean,tils,0.20866280532451825,1.2320294946957036,0.006653603504853081,0.15734873153368775
adipose_E_original_firstorder_InterquartileRange_std,adipose,-0.24372740827218087,0.7837012356224704,0.0076339267650322685,0.17578120840534828
stroma_E_original_glcm_Imc1_mean,stroma,-0.23623594624861297,0.7895943501276271,0.00803074269118527,0.1791158802496768
tumor_E_original_firstorder_Median_mean,tumor,0.20877679560519938,1.2321699420882781,0.008188154525699511,0.1791158802496768
tils_H_original_glcm_JointEntropy_std,tils,-0.24074708942535059,0.7860403991804699,0.008488169120091094,0.18103785326188054
tumor_E_original_firstorder_Mean_mean,tumor,0.20783686500601156,1.2310123319781183,0.008689816956570265,0.18103785326188054
tils_H_original_firstorder_MeanAbsoluteDeviation_std,tils,-0.27956783653887723,0.7561104341605337,0.009525881634961717,0.19384061466491864
tumor_E_original_firstorder_RootMeanSquared_mean,tumor,0.2044462323399931,1.2268454894611875,0.010389932184929219,0.20022380673653997
tumor_E_original_glcm_SumAverage_mean,tumor,0.19987221850304757,1.2212466954585255,0.01052605155414953,0.20022380673653997
tumor_E_original_glcm_JointAverage_mean,tumor,0.19987221850304754,1.2212466954585255,0.01052605155414953,0.20022380673653997
adipose_E_original_glcm_MaximumProbability_mean,adipose,-0.23444116693780592,0.7910127702259344,0.011327394220592719,0.21088233921316232
vessels_E_original_glcm_Imc2_mean,vessels,0.2532689270758581,1.2882296700934914,0.011837936191155876,0.21579571181794566
tumor_E_original_firstorder_90Percentile_mean,tumor,0.20334852674448683,1.2254995131805853,0.012345127029775305,0.21649675013434674
tdlu_E_original_glcm_MCC_mean,tdlu,0.23967057009388412,1.2708304318061519,0.012371242864819814,0.21649675013434674
tdlu_E_original_glcm_Imc2_mean,tdlu,0.2431292415574976,1.2752334266227938,0.012786105651971018,0.21936945971518904
stroma_E_original_firstorder_Uniformity_mean,stroma,-0.22767067633433122,0.7963864855712309,0.01331842157493354,0.22065494222193785
vessels_E_original_glcm_MaximumProbability_mean,vessels,-0.23094022064766795,0.7937869166847131,0.013564352587581442,0.22065494222193785
stroma_E_original_glcm_SumEntropy_mean,stroma,0.21622645613953775,1.2413834660799374,0.013867832284438584,0.22065494222193785
tdlu_E_original_glcm_Correlation_mean,tdlu,0.23286580912391494,1.2622120906160608,0.01386973922537895,0.22065494222193785
stroma_E_original_firstorder_Entropy_mean,stroma,0.21209015963766514,1.2362593407482487,0.01419174705900505,0.22136344493619264
vessels_E_original_glcm_SumEntropy_mean,vessels,0.22188903566078563,1.2484328386529748,0.014420247270129121,0.22136344493619264
vessels_E_original_firstorder_Uniformity_mean,vessels,-0.2262308135472319,0.7975339987684764,0.01693500170733583,0.2514735933877527
tdlu_E_original_glcm_MaximumProbability_mean,tdlu,-0.22556649759637282,0.798063989346317,0.017102630068968432,0.2514735933877527
vessels_E_original_firstorder_Entropy_mean,vessels,0.21180848667437197,1.2359111689539337,0.017587866633773125,0.2514735933877527
tumor_E_original_glcm_Imc1_mean,tumor,-0.2089655982341285,0.8114231495524784,0.017809126102511407,0.2514735933877527
stroma_E_original_glcm_JointEnergy_mean,stroma,-0.22245709409317246,0.8005493543093737,0.01781870033147505,0.2514735933877527
tils_E_original_glcm_Imc1_mean,tils,-0.1948193625534394,0.8229833062329005,0.01869159966186489,0.2520809958919945
vessels_E_original_glcm_JointEntropy_mean,vessels,0.21298561410116934,1.2373668504812336,0.018760014538211873,0.2520809958919945
tils_H_original_firstorder_Mean_std,tils,-0.25018513639794193,0.7786566120457766,0.019526054670923082,0.2520809958919945
vessels_E_original_glcm_MCC_mean,vessels,0.2291990039228665,1.2575922799066213,0.019763096936073882,0.2520809958919945
stroma_E_original_glcm_MaximumProbability_mean,stroma,-0.21246053890588323,0.8085922236257383,0.019766032559848566,0.2520809958919945
vessels_E_original_glcm_JointEnergy_mean,vessels,-0.22425907273787307,0.799108080431254,0.019976029028253565,0.2520809958919945
vessels_E_original_glcm_Correlation_mean,vessels,0.22560524975192253,1.253080913631427,0.020010553519097318,0.2520809958919945
tdlu_E_original_firstorder_Uniformity_mean,tdlu,-0.2193979598297097,0.8030020919828745,0.020166479671359563,0.2520809958919945
adipose_H_original_firstorder_Median_mean,adipose,0.18078227655184806,1.198154284610522,0.02151999403809606,0.26521119413146554
tdlu_E_original_glcm_JointEnergy_mean,tdlu,-0.22329938989772494,0.799875338846949,0.022009462808834118,0.26747611052402576
stroma_E_original_glcm_JointEntropy_mean,stroma,0.197662672251375,1.2185512733267503,0.023897883271479212,0.2864472309937577
tils_E_original_glcm_DifferenceEntropy_mean,tils,0.1988903687296518,1.22004820313332,0.02590860159266055,0.30300046565606575
tdlu_E_original_glcm_SumEntropy_mean,tdlu,0.19988144938841104,1.2212579686988028,0.026078420373019138,0.30300046565606575
tdlu_E_original_firstorder_Skewness_mean,tdlu,-0.2963252545352101,0.7435455471245453,0.027163530389613874,0.30300046565606575
stroma_H_original_firstorder_Median_std,stroma,-0.19847905490546827,0.8199769450551734,0.02722092153415415,0.30300046565606575
tdlu_E_original_firstorder_Entropy_mean,tdlu,0.19555903002228806,1.2159905717541795,0.027245757402419125,0.30300046565606575
stroma_E_original_firstorder_MeanAbsoluteDeviation_mean,stroma,0.1744302946470386,1.190567750547284,0.028761047919412044,0.30300046565606575
stroma_H_original_firstorder_Mean_std,stroma,-0.19393696293813345,0.8237098268793523,0.02910769584610192,0.30300046565606575
tils_H_original_glcm_SumAverage_std,tils,-0.24012354885661286,0.7865306800971613,0.02911216605084621,0.30300046565606575
tils_H_original_glcm_JointAverage_std,tils,-0.24012354885661266,0.7865306800971614,0.029112166050846346,0.30300046565606575
adipose_E_original_glcm_JointEnergy_mean,adipose,-0.20967846125816703,0.8108449221152799,0.029573550134246344,0.30300046565606575
tumor_E_original_glcm_DifferenceEntropy_mean,tumor,0.2009188258154696,1.2225255302824678,0.02963664510734386,0.30300046565606575
dcis_H_original_glcm_SumEntropy_std,dcis,-0.19133027865589025,0.8258597792443516,0.029664973529414457,0.30300046565606575
stroma_H_original_firstorder_RootMeanSquared_std,stroma,-0.19669653349207708,0.8214398749828252,0.029780617195910464,0.30300046565606575
tils_E_original_firstorder_MeanAbsoluteDeviation_mean,tils,0.16855899885905565,1.1835980557197945,0.030271397268161568,0.30404361769963767
tils_H_original_firstorder_RobustMeanAbsoluteDeviation_std,tils,-0.23310322526518407,0.7920718074818538,0.031834904441876394,0.30404361769963767
adipose_E_original_firstorder_Variance_std,adipose,-0.1995901636988587,0.8190663674302286,0.03314526376457088,0.30404361769963767
stroma_E_original_glcm_ClusterShade_mean,stroma,0.15603377266313487,1.1688656781300741,0.033164377111236834,0.30404361769963767
tumor_E_original_glcm_Autocorrelation_mean,tumor,0.15767144180761153,1.170781461666807,0.03340021120843091,0.30404361769963767
dcis_H_original_firstorder_Entropy_std,dcis,-0.18937897000967063,0.8274728598694103,0.03383616902203045,0.30404361769963767
tils_H_original_glcm_Autocorrelation_std,tils,-0.3326284379161075,0.7170365682669068,0.03392518847164121,0.30404361769963767
tdlu_E_original_firstorder_Kurtosis_mean,tdlu,-0.39355303461666763,0.674655536530301,0.03423547525283461,0.30404361769963767
tdlu_E_original_glcm_JointEntropy_mean,tdlu,0.1919412305206976,1.2115993098119566,0.03427587149107515,0.30404361769963767
dcis_H_original_glcm_JointEntropy_std,dcis,-0.1844820095612593,0.8315348994425085,0.034684815730695,0.30404361769963767
stroma_E_original_firstorder_InterquartileRange_mean,stroma,0.16570408904644623,1.180223808893341,0.03505150887024814,0.30404361769963767
tils_E_original_glcm_DifferenceAverage_mean,tils,0.18332764495092366,1.201207913320117,0.03509566194259936,0.30404361769963767
tdlu_E_original_glcm_Imc1_mean,tdlu,-0.18508764482329984,0.831031445056042,0.035194707604324416,0.30404361769963767
stroma_E_original_glcm_Imc2_std,stroma,-0.1870352575948496,0.8294144927097298,0.03541817187025804,0.30404361769963767
stroma_E_original_firstorder_Skewness_mean,stroma,-0.24259744124009827,0.7845872926950881,0.03588251118786785,0.30404361769963767
tumor_E_original_firstorder_MeanAbsoluteDeviation_mean,tumor,0.16921879754857955,1.184379249852974,0.03599308279188701,0.30404361769963767
tils_H_original_firstorder_TotalEnergy_std,tils,-0.33273840393010684,0.7169577229488349,0.03613775570372836,0.30404361769963767
tils_H_original_firstorder_Energy_std,tils,-0.33273840393010684,0.7169577229488349,0.03613775570372836,0.30404361769963767
dcis_E_original_glcm_MaximumProbability_mean,dcis,-0.17929901113166086,0.8358559317992781,0.036669372688377395,0.30557810573647826
tils_H_original_glcm_SumSquares_std,tils,-0.27384211426367316,0.7604521303276794,0.03762747786225872,0.3061658009300335
stroma_E_original_glcm_ClusterTendency_mean,stroma,0.15888765836869959,1.172206251720904,0.0380347974469244,0.3061658009300335
stroma_E_original_glcm_DifferenceEntropy_std,stroma,-0.18066958468195718,0.834711114474677,0.038419124713007125,0.3061658009300335
tils_E_original_glcm_SumSquares_mean,tils,0.15051050083857548,1.1624275115027007,0.03872945613669684,0.3061658009300335
stroma_E_original_firstorder_RobustMeanAbsoluteDeviation_mean,stroma,0.16311110318591587,1.1771674694795224,0.038745788532864166,0.3061658009300335
adipose_E_original_glcm_JointEntropy_mean,adipose,0.18996820979860188,1.209211155980039,0.03907670034838319,0.3061658009300335
tils_H_original_glcm_ClusterTendency_std,tils,-0.26981539380712083,0.7635204319276006,0.04003704734783338,0.3061658009300335
tumor_E_original_firstorder_TotalEnergy_mean,tumor,0.1511312153785539,1.1631492711409386,0.040115948965936794,0.3061658009300335
tumor_E_original_firstorder_Energy_mean,tumor,0.1511312153785539,1.1631492711409386,0.040115948965936794,0.3061658009300335
stroma_E_original_glcm_SumSquares_mean,stroma,0.1573785100099849,1.170438552775524,0.040298492534993506,0.3061658009300335
vessels_E_original_firstorder_Skewness_mean,vessels,-0.2800190209919267,0.7557693658360006,0.04062343018431868,0.3061658009300335
tils_E_original_glcm_ClusterTendency_mean,tils,0.14762025521299027,1.159072660978946,0.04093874138150162,0.3061658009300335
adipose_E_original_glcm_SumSquares_std,adipose,-0.1892228033182413,0.8276020936589277,0.04167916716799284,0.30709022555932897
tumor_E_original_firstorder_10Percentile_mean,tumor,0.1573088830735447,1.1703570615618275,0.04176427067606874,0.30709022555932897
stroma_E_original_firstorder_Kurtosis_mean,stroma,-0.2811046639639686,0.7549493153570598,0.04236627909308728,0.3089207850537614
adipose_E_original_glcm_SumEntropy_mean,adipose,0.18446927193177912,1.2025800277559864,0.04326380042998924,0.312858060960666
tdlu_E_original_firstorder_MeanAbsoluteDeviation_mean,tdlu,0.167948606593986,1.182875817068499,0.04414229619923938,0.31659433749454474
tils_E_original_firstorder_InterquartileRange_mean,tils,0.15296389892353582,1.1652829102159352,0.045594019443685525,0.3215418206831641
stroma_E_original_glcm_JointEntropy_std,stroma,-0.17170861800507978,0.8422245464866064,0.046186968764268595,0.3215418206831641
tils_H_original_firstorder_InterquartileRange_std,tils,-0.21539308766866394,0.8062244609873137,0.04719927127976827,0.3215418206831641
tils_E_original_firstorder_RobustMeanAbsoluteDeviation_mean,tils,0.15200643049512233,1.1641677225829041,0.047566521731108674,0.3215418206831641
adipose_H_original_firstorder_Skewness_std,adipose,-0.26538703006235675,0.7669090756625438,0.048261109006725214,0.3215418206831641
muscle_E_original_glcm_Correlation_mean,muscle,0.18770035534197202,1.2064719483071233,0.048393414778276564,0.3215418206831641
tils_E_original_firstorder_Skewness_mean,tils,-0.2653165537441576,0.7669631264952196,0.048427505589572706,0.3215418206831641
muscle_E_original_glcm_MCC_mean,muscle,0.1899969838298356,1.2092459503601942,0.04853940162064625,0.3215418206831641
stroma_E_original_firstorder_Entropy_std,stroma,-0.17240823580346934,0.8416355172753296,0.0485575842368864,0.3215418206831641
adipose_E_original_glcm_ClusterTendency_std,adipose,-0.18262930541809613,0.8330769156046741,0.04982834352450931,0.3215418206831641
adipose_E_original_firstorder_Uniformity_mean,adipose,-0.18715522831307,0.8293149932259686,0.050109113812601865,0.3215418206831641
stroma_E_original_firstorder_Variance_mean,stroma,0.15036483550137875,1.1622581984390925,0.05023037694630406,0.3215418206831641
tdlu_E_original_glcm_SumSquares_mean,tdlu,0.1572187867445708,1.1702516214369476,0.050887187642402014,0.3215418206831641
tumor_E_original_glcm_SumSquares_mean,tumor,0.14753656352615058,1.158975660291911,0.05130016773803414,0.3215418206831641
tdlu_E_original_glcm_ClusterTendency_mean,tdlu,0.15630690412360707,1.1691849757229615,0.051432619329228026,0.3215418206831641
muscle_E_original_glcm_Imc2_mean,muscle,0.18746606747615885,1.206189319678713,0.051561084700870105,0.3215418206831641
tumor_E_original_firstorder_InterquartileRange_mean,tumor,0.15428123199636046,1.1668189874733086,0.05181620153506958,0.3215418206831641
tils_H_original_firstorder_Variance_std,tils,-0.24692491949137493,0.781199344173687,0.05182043089709778,0.3215418206831641
tils_E_original_glcm_DifferenceEntropy_std,tils,-0.1660781821280928,0.8469800129009121,0.05213251475409983,0.3215418206831641
dcis_E_original_glcm_SumEntropy_mean,dcis,0.1661967651027827,1.1808054201663107,0.05218164404229635,0.3215418206831641
tumor_E_original_glcm_ClusterTendency_mean,tumor,0.14573813139315975,1.1568931943711884,0.05326612645351378,0.3250842928125972
stroma_E_original_glcm_JointEnergy_std,stroma,-0.16711341287568154,0.8461036468477732,0.05352562184020966,0.3250842928125972
tumor_E_original_glcm_DifferenceAverage_mean,tumor,0.1719675477121302,1.1876392909763611,0.05387111138037325,0.3250842928125972
muscle_E_original_glcm_SumEntropy_mean,muscle,0.17168539046900425,1.1873042372193363,0.0547711872513536,0.3257907253990462
vessels_E_original_glcm_Imc1_mean,vessels,-0.172729895266169,0.8413648407822153,0.054917630759454945,0.3257907253990462
stroma_E_original_firstorder_90Percentile_mean,stroma,0.15384071065756177,1.1663050920100804,0.05527642786035351,0.3257907253990462
stroma_E_original_glcm_SumEntropy_std,stroma,-0.16544295804429138,0.8475182059220924,0.05747775420065963,0.3257907253990462
stroma_H_original_firstorder_Energy_std,stroma,-0.1834955474386739,0.8323555818439171,0.05760061240925677,0.3257907253990462
stroma_H_original_firstorder_TotalEnergy_std,stroma,-0.1834955474386739,0.8323555818439171,0.05760061240925677,0.3257907253990462
stroma_H_original_glcm_SumAverage_std,stroma,-0.16702777998244756,0.8461761042533529,0.05813140345320916,0.3257907253990462
stroma_H_original_glcm_JointAverage_std,stroma,-0.16702777998244744,0.846176104253353,0.058131403453209364,0.3257907253990462
tdlu_E_original_firstorder_RobustMeanAbsoluteDeviation_mean,tdlu,0.15653981892453384,1.1694573279250269,0.05832466578057768,0.3257907253990462
vessels_H_original_firstorder_MeanAbsoluteDeviation_std,vessels,-0.16549753569813355,0.8474719516290615,0.058481529291231966,0.3257907253990462
tdlu_E_original_glcm_ClusterProminence_mean,tdlu,0.15037044829600246,1.1622647219739677,0.058528581074289626,0.3257907253990462
muscle_E_original_firstorder_Entropy_mean,muscle,0.16627586709548095,1.1808988279223558,0.05951277966758201,0.3257907253990462
stroma_H_original_firstorder_90Percentile_std,stroma,-0.1673191061536051,0.8459296269131689,0.05955526456846552,0.3257907253990462
tdlu_E_original_firstorder_InterquartileRange_mean,tdlu,0.15443121361293508,1.1669940019954523,0.05956547626623184,0.3257907253990462
dcis_E_original_glcm_JointEntropy_mean,dcis,0.16055718917930228,1.1741649207487228,0.059611014908836406,0.3257907253990462
tdlu_E_original_firstorder_Variance_mean,tdlu,0.1513663551841614,1.1634228059926528,0.06026860828564138,0.3257907253990462
stroma_H_original_glcm_Autocorrelation_std,stroma,-0.1784634946703181,0.8365545950212747,0.06031782573102341,0.3257907253990462
dcis_E_original_firstorder_Median_mean,dcis,0.14340686389527854,1.1541993081733617,0.06124381574873288,0.32876281460209367
tumor_E_original_firstorder_RobustMeanAbsoluteDeviation_mean,tumor,0.1484282345643178,1.1600095461966915,0.062451126434060096,0.33319960749879624
dcis_E_original_firstorder_Entropy_mean,dcis,0.1574072709983225,1.1704722162291852,0.06421943163905895,0.3387217770979803
stroma_E_original_firstorder_Skewness_std,stroma,-0.1998086456518782,0.8188874357580023,0.06460097602808555,0.3387217770979803
adipose_H_original_glcm_MaximumProbability_mean,adipose,-0.16331864942273358,0.8493205098009248,0.06480472865115773,0.3387217770979803
muscle_E_original_glcm_JointEntropy_mean,muscle,0.16663266617117634,1.1813202467090944,0.06507071520364548,0.3387217770979803
tils_E_original_firstorder_Variance_mean,tils,0.13531519291947144,1.144897591100696,0.06549267181874989,0.3387217770979803
tdlu_E_original_firstorder_Skewness_std,tdlu,-0.20539437805977634,0.8143261007277386,0.0658088024076076,0.3387217770979803
tils_E_original_firstorder_10Percentile_std,tils,0.14891105667481852,1.1605697596848337,0.06703938202181053,0.34303777350341647
muscle_E_original_glcm_MaximumProbability_mean,muscle,-0.16586312240880371,0.8471621837728363,0.06760859968562774,0.3439390972379318
muscle_E_original_firstorder_Uniformity_mean,muscle,-0.16642276405572431,0.8466882091734341,0.06835068177874278,0.34570431535491286
adipose_H_original_glcm_JointEnergy_mean,adipose,-0.1631829762686408,0.8494357476104869,0.06885917373792072,0.3462745805786243
dcis_E_original_firstorder_Uniformity_mean,dcis,-0.15712467332353114,0.8545975066642802,0.06957260145677004,0.34786300728385017
tdlu_H_original_firstorder_Entropy_std,tdlu,-0.16454535228099942,0.848279284671459,0.07025725240039396,0.34928085618524135
stroma_E_original_glcm_ClusterProminence_mean,stroma,0.13037842459177168,1.1392594255440234,0.0706545274797574,0.34928085618524135
tils_E_original_glcm_Imc2_std,tils,-0.15675104857257538,0.8549168651012683,0.07224720185140997,0.3532752911174826
tils_E_original_firstorder_Entropy_std,tils,-0.15089270833127955,0.8599399581028864,0.07258619426378117,0.3532752911174826
vessels_E_original_glcm_Imc2_std,vessels,-0.15408003789557936,0.8572034095087534,0.07297318813991006,0.3532752911174826
dcis_E_original_glcm_Correlation_mean,dcis,0.16181771236346476,1.1756459160717285,0.07320400868043819,0.3532752911174826
dcis_E_original_glcm_JointEnergy_mean,dcis,-0.1558042979297935,0.8557266414604863,0.0734812605524364,0.3532752911174826
stroma_H_original_glcm_SumEntropy_std,stroma,-0.1586821805671384,0.8532675008729729,0.07432546662184526,0.35538132947603607
adipose_H_original_firstorder_Mean_mean,adipose,0.14705877877317994,1.1584220516557737,0.07546479350903045,0.35822398916401155
tils_E_original_glcm_JointEntropy_std,tils,-0.1474015953029584,0.8629473522161015,0.07603135425398032,0.35822398916401155
adipose_E_original_glcm_DifferenceEntropy_mean,adipose,0.1673873688888902,1.1822121288203697,0.07614818512514988,0.35822398916401155
dcis_E_original_glcm_MCC_mean,dcis,0.16088923687209206,1.1745548642379473,0.07737586511451693,0.36056072601538136
muscle_E_original_glcm_JointEnergy_mean,muscle,-0.1629310574313936,0.8496497634325179,0.07832643602025234,0.36056072601538136
vessels_E_original_firstorder_Kurtosis_mean,vessels,-0.3531889164395191,0.7024444775318786,0.07889777719216598,0.36056072601538136
tils_E_original_glcm_SumEntropy_std,tils,-0.14746442491049555,0.862893135275869,0.07981111316846838,0.36056072601538136
tils_H_original_glcm_ClusterShade_std,tils,-0.24174077379092188,0.7852597110681208,0.07987796175841551,0.36056072601538136
adipose_H_original_firstorder_Skewness_mean,adipose,-0.1694826480324263,0.8441014011734297,0.07993750998055806,0.36056072601538136
vessels_H_original_firstorder_Variance_std,vessels,-0.15472522044778741,0.8566505351968532,0.0800262742336738,0.36056072601538136
vessels_H_original_firstorder_RobustMeanAbsoluteDeviation_std,vessels,-0.14895612866257588,0.8616069139174529,0.08019213504277214,0.36056072601538136
dcis_E_original_firstorder_Mean_mean,dcis,0.13718423941263883,1.1470394589301345,0.08075915406620462,0.36056072601538136
tdlu_H_original_glcm_SumEntropy_std,tdlu,-0.15838839609875685,0.8535182144381765,0.08109339191317425,0.36056072601538136
adipose_H_original_firstorder_Uniformity_mean,adipose,-0.15426491261862016,0.8570449489139614,0.08117767202860586,0.36056072601538136
adipose_H_original_glcm_DifferenceEntropy_mean,adipose,0.15820543079038493,1.1714068130190791,0.08209452892837107,0.3627914788501247
adipose_H_original_glcm_JointEntropy_mean,adipose,0.15297271925921563,1.1652931884476938,0.08366349840880206,0.36683566091654635
stroma_H_original_firstorder_MeanAbsoluteDeviation_std,stroma,-0.15708262621932373,0.8546334407701557,0.08427706329847462,0.36683566091654635
stroma_H_original_firstorder_Variance_std,stroma,-0.16162691716340347,0.8507585487513397,0.08451343053286892,0.36683566091654635
adipose_H_original_glcm_SumEntropy_mean,adipose,0.1513439024856204,1.1633966843043664,0.08558090534280982,0.36683566091654635
adipose_E_original_firstorder_Entropy_mean,adipose,0.1547938836435443,1.1674173125022542,0.08634508748249865,0.36683566091654635
tumor_E_original_firstorder_Variance_mean,tumor,0.13087462794547203,1.1398248701678706,0.08645967093570413,0.36683566091654635
stroma_E_original_firstorder_RootMeanSquared_mean,stroma,0.13672716577466915,1.1465152972311192,0.08663039895203328,0.36683566091654635
dcis_E_original_glcm_JointAverage_mean,dcis,0.1326275822004859,1.1418246833023802,0.0871934744768796,0.36683566091654635
dcis_E_original_glcm_SumAverage_mean,dcis,0.1326275822004859,1.1418246833023802,0.08719347447687961,0.36683566091654635
adipose_E_original_firstorder_90Percentile_std,adipose,-0.1572155365778365,0.8545198586814312,0.08720207710930472,0.36683566091654635
stroma_H_original_firstorder_RobustMeanAbsoluteDeviation_std,stroma,-0.1602784073994564,0.85190657885202,0.0876949630399425,0.367143984018898
vessels_H_original_firstorder_InterquartileRange_std,vessels,-0.1441263042870827,0.8657783896308573,0.0892577008224376,0.3704262753149519
tdlu_E_original_glcm_ClusterShade_mean,tdlu,0.14370071024913827,1.1545385152666388,0.08932565039023413,0.3704262753149519
stroma_H_original_glcm_SumSquares_std,stroma,-0.15643850321574845,0.8551841071583853,0.08979281059309376,0.37060711919319356
tdlu_H_original_glcm_JointEntropy_std,tdlu,-0.1528009731476631,0.8583005296659336,0.09072296445027789,0.3709672620828181
vessels_E_original_firstorder_MeanAbsoluteDeviation_mean,vessels,0.14057124514436253,1.1509310748945107,0.09143930570916335,0.3709672620828181
stroma_H_original_glcm_ClusterTendency_std,stroma,-0.15473217860244268,0.8566445745106815,0.09191400682730058,0.3709672620828181
adipose_E_original_firstorder_Entropy_std,adipose,-0.1501669281309818,0.860564312042379,0.09243374848693196,0.3709672620828181
tumor_H_original_glcm_SumEntropy_std,tumor,-0.1505299759414316,0.860251942759064,0.09245910993385559,0.3709672620828181
vessels_H_original_glcm_SumSquares_std,vessels,-0.1464555325976892,0.8637641408283449,0.09304983159521663,0.3709672620828181
tdlu_E_original_glcm_Imc2_std,tdlu,-0.1480556964975356,0.8623830818872263,0.0931719864959786,0.3709672620828181
adipose_E_original_firstorder_RootMeanSquared_std,adipose,-0.15962113178044865,0.8524667003329034,0.09358368736532505,0.3709672620828181
tils_H_original_glcm_ClusterProminence_std,tils,-0.2656245657357677,0.766726929032829,0.0939462312246499,0.3709672620828181
vessels_H_original_glcm_ClusterTendency_std,vessels,-0.1459024487832839,0.8642420069319228,0.09411969392272643,0.3709672620828181
adipose_H_original_firstorder_Kurtosis_mean,adipose,-0.2343207923781792,0.7911079937709407,0.09498252177752863,0.37268926706429395
stroma_H_original_firstorder_InterquartileRange_std,stroma,-0.15705458899493185,0.8546574026556182,0.09653434162169651,0.3734809049579371
vessels_E_original_firstorder_90Percentile_mean,vessels,0.13697643689296615,1.1468011260043536,0.09659329428406951,0.3734809049579371
vessels_E_original_glcm_ClusterShade_mean,vessels,0.13329552580932147,1.142587612570502,0.09689007840614551,0.3734809049579371
vessels_H_original_firstorder_90Percentile_std,vessels,-0.14532766263292776,0.8647389040591763,0.09689161762908768,0.3734809049579371
stroma_H_original_glcm_JointEntropy_std,stroma,-0.1451312949432473,0.8649087275133172,0.09771471844017347,0.3750016606804903
vessels_E_original_glcm_DifferenceEntropy_mean,vessels,0.1475688949941745,1.1590131322821713,0.10198125106387192,0.3896663523182879
adipose_H_original_firstorder_InterquartileRange_mean,adipose,0.13918515550413896,1.1493368863543336,0.10388929750067069,0.3952310231003776
adipose_H_original_firstorder_Entropy_mean,adipose,0.14049668076336047,1.150845259630756,0.10621634497519017,0.40065046759922895
tumor_H_original_glcm_JointEntropy_std,tumor,-0.14350212904121112,0.8663189557565225,0.10622960969488128,0.40065046759922895
tumor_H_original_firstorder_Entropy_std,tumor,-0.14362308711277605,0.8662141738235121,0.10823816089893197,0.40561927525260943
vessels_E_original_firstorder_Entropy_std,vessels,-0.13599923260559138,0.8728433023035321,0.10847418332469784,0.40561927525260943
adipose_E_original_glcm_Imc2_mean,adipose,0.1644995539982598,1.178803043803281,0.11268676533832932,0.4195783815788858
stroma_E_original_firstorder_Mean_mean,stroma,0.12711564688647234,1.1355483328173817,0.11415258112155813,0.42323520542950577
stroma_E_original_firstorder_RootMeanSquared_std,stroma,-0.1465151927472914,0.8637126100676638,0.11530202749097258,0.4256931394708904
tdlu_H_original_firstorder_90Percentile_std,tdlu,-0.14253839860720685,0.8671542561372885,0.11596658197877892,0.42634772786315783
vessels_E_original_firstorder_RootMeanSquared_mean,vessels,0.12636233801562038,1.1346932363013218,0.12103500067536861,0.4421625864927551
vessels_H_original_firstorder_Entropy_std,vessels,-0.13238828363123006,0.8760007922674738,0.12127888086658424,0.4421625864927551
tdlu_E_original_glcm_DifferenceEntropy_mean,tdlu,0.14436581987028746,1.1553066653648232,0.1220421683127445,0.44309915881183165
muscle_E_original_glcm_Imc1_mean,muscle,-0.138345735187182,0.8707975743329956,0.12533685037464853,0.4531807606521383
stroma_E_original_firstorder_90Percentile_std,stroma,-0.13838055303041463,0.8707672555673852,0.12858549241652395,0.4604332575262975
stroma_E_original_glcm_JointAverage_mean,stroma,0.12124758124690746,1.1289043733236572,0.1289213121073633,0.4604332575262975
stroma_E_original_glcm_SumAverage_mean,stroma,0.12124758124690746,1.1289043733236572,0.1289213121073633,0.4604332575262975
vessels_E_original_firstorder_InterquartileRange_mean,vessels,0.12487162385179502,1.1330029931700676,0.13201150005952236,0.46955309980521165
adipose_E_original_glcm_SumEntropy_std,adipose,-0.1351393184892315,0.8735941953860631,0.13412236801945895,0.4723880544804603
dcis_E_original_firstorder_RootMeanSquared_mean,dcis,0.12017100612957608,1.1276896769387628,0.13454702606670585,0.4723880544804603
stroma_E_original_glcm_DifferenceEntropy_mean,stroma,0.13106195622552944,1.1400384116009161,0.13504489271257558,0.4723880544804603
tils_E_original_firstorder_Skewness_std,tils,-0.17058852993973642,0.8431684406730879,0.13526882234153617,0.4723880544804603
dcis_E_original_firstorder_10Percentile_mean,dcis,0.10901011426384677,1.115173629444731,0.13566211612284287,0.4723880544804603
vessels_E_original_firstorder_RobustMeanAbsoluteDeviation_mean,vessels,0.12446627700090394,1.132543827041795,0.13604775969037256,0.4723880544804603
adipose_H_original_firstorder_10Percentile_mean,adipose,0.12822917740396744,1.136813504813149,0.13755943187744785,0.47574902329156865
vessels_E_original_firstorder_Mean_mean,vessels,0.1208767149989953,1.1284857784206295,0.13841366772877806,0.4768187372546488
tils_E_original_firstorder_MeanAbsoluteDeviation_std,tils,-0.12500842985093696,0.8824894632986103,0.1402213812680974,0.48115179846896167
adipose_E_original_glcm_JointEntropy_std,adipose,-0.13036317837196185,0.8777765835542708,0.14081846495326847,0.48131311263324184
tils_H_original_firstorder_Median_std,tils,-0.1621653542239616,0.8503005921205804,0.1424548879815982,0.48501177814746466
vessels_E_original_glcm_SumSquares_mean,vessels,0.11730041362220987,1.1244571812102453,0.14302826652827375,0.48507648531875786
vessels_E_original_glcm_SumEntropy_std,vessels,-0.12289271914232958,0.8843585322137051,0.14605023780861473,0.49161797067409585
tumor_E_original_firstorder_Skewness_mean,tumor,-0.20832289537993612,0.8119448211486083,0.14608076842887419,0.49161797067409585
vessels_E_original_glcm_ClusterTendency_mean,vessels,0.11581156426397639,1.1227842795159693,0.14880777225325306,0.49887663111722774
muscle_E_original_firstorder_MeanAbsoluteDeviation_mean,muscle,0.11746004852527742,1.124636698151575,0.1509189297800509,0.5040231433494067
vessels_H_original_firstorder_RootMeanSquared_std,vessels,-0.1307717782156695,0.8774179974435237,0.15230968523579091,0.5054149081190138
tils_E_original_firstorder_Kurtosis_mean,tils,-0.25579102059669184,0.7743037654244553,0.1536636495189413,0.5054149081190138
dcis_E_original_glcm_DifferenceAverage_mean,dcis,0.120039116316498,1.1275409559656675,0.15383789923717,0.5054149081190138
stroma_E_original_firstorder_Median_mean,stroma,0.1159108701483885,1.1228957841382916,0.15385724116483948,0.5054149081190138
vessels_E_original_glcm_JointEntropy_std,vessels,-0.11962680194054326,0.8872514954744334,0.15422374910603048,0.5054149081190138
adipose_E_original_glcm_Correlation_mean,adipose,0.14395494670648215,1.154832078364267,0.15605310008810194,0.5095017260339149
vessels_E_original_firstorder_Median_mean,vessels,0.11567776092894624,1.1226340572851925,0.1580380328269745,0.5111380218241202
vessels_E_original_glcm_DifferenceAverage_mean,vessels,0.12501113702332042,1.1331610730378479,0.15831200131531775,0.5111380218241202
tdlu_E_original_firstorder_90Percentile_mean,tdlu,0.11471436894925151,1.1215530414428776,0.15867028955797433,0.5111380218241202
adipose_H_original_glcm_SumAverage_mean,adipose,0.11600533735417355,1.1230018659759553,0.16119989967192863,0.5111380218241202
adipose_H_original_glcm_JointAverage_mean,adipose,0.11600533735417354,1.1230018659759553,0.16119989967192863,0.5111380218241202
tdlu_E_original_firstorder_RootMeanSquared_std,tdlu,-0.1357874293571493,0.8730281929298673,0.16187672233960676,0.5111380218241202
adipose_H_original_firstorder_RobustMeanAbsoluteDeviation_mean,adipose,0.12008165337011201,1.1275889192558646,0.16198844554231442,0.5111380218241202
tdlu_E_original_firstorder_Entropy_std,tdlu,-0.12133213226438275,0.8857397279921647,0.16206556647087136,0.5111380218241202
vessels_E_original_glcm_JointAverage_mean,vessels,0.11326667497619293,1.1199305505828054,0.1623958515052633,0.5111380218241202
vessels_E_original_glcm_SumAverage_mean,vessels,0.11326667497619293,1.1199305505828054,0.1623958515052633,0.5111380218241202
tils_E_original_firstorder_RobustMeanAbsoluteDeviation_std,tils,-0.1158225347763048,0.890633265705271,0.16374706074700107,0.5114799376777756
tils_H_original_firstorder_Kurtosis_std,tils,0.07411385844415122,1.0769294160237346,0.16406418772670173,0.5114799376777756
tdlu_E_original_glcm_JointEnergy_std,tdlu,-0.11933094460400326,0.8875140341738107,0.16425812855709135,0.5114799376777756
adipose_E_original_firstorder_Median_mean,adipose,0.11405595611184106,1.1208148395700177,0.16498091477172433,0.5119088667562368
tils_E_original_glcm_Contrast_mean,tils,0.12416555461061739,1.132203296960099,0.16588129172096716,0.5128838524941564
stroma_E_original_firstorder_MeanAbsoluteDeviation_std,stroma,-0.1307962403880573,0.8773965341557344,0.16715124872758075,0.5149906430867365
adipose_H_original_firstorder_MeanAbsoluteDeviation_std,adipose,-0.12248081283235644,0.8847228801068491,0.16999915097881263,0.5202147025963744
dcis_H_original_glcm_ClusterShade_mean,dcis,-0.08617393810308993,0.9174346405000222,0.17005374926930647,0.5202147025963744
dcis_E_original_glcm_Imc2_mean,dcis,0.11858642246657727,1.1259041733132933,0.17120145558170252,0.5202147025963744
vessels_H_original_glcm_ClusterShade_std,vessels,-0.11434786102556421,0.891947628093408,0.17122495354029235,0.5202147025963744
tdlu_H_original_firstorder_Mean_std,tdlu,-0.12426253821128119,0.883147950360837,0.17183483003709527,0.5202611636071224
adipose_H_original_firstorder_90Percentile_mean,adipose,0.11504235241036531,1.1219209526223257,0.1756083063346207,0.526271691354099
vessels_E_original_firstorder_Variance_mean,vessels,0.10988135605009534,1.1161456386756703,0.17602662718072182,0.526271691354099
adipose_E_original_glcm_MCC_mean,adipose,0.13844921092088378,1.1484913492708668,0.17649525300447821,0.526271691354099
dcis_E_original_glcm_DifferenceEntropy_mean,dcis,0.11571957425419419,1.1226809993295588,0.1766041751263608,0.526271691354099
stroma_H_original_glcm_ClusterShade_std,stroma,-0.1262641368436099,0.8813820105721717,0.17682728829497726,0.526271691354099
tumor_E_original_glcm_JointEnergy_std,tumor,-0.11511440338412275,0.8912641744364135,0.17806413561535703,0.5268007050461264
tdlu_H_original_firstorder_RootMeanSquared_std,tdlu,-0.12535484427973342,0.8821838091598214,0.17820915279274677,0.5268007050461264
tdlu_E_original_firstorder_90Percentile_std,tdlu,-0.12684979332563287,0.8808659746091948,0.17997167781379275,0.5279910547934958
tumor_E_original_glcm_DifferenceEntropy_std,tumor,-0.11871084559400835,0.8880645514177169,0.1803850279404175,0.5279910547934958
muscle_E_original_glcm_DifferenceEntropy_mean,muscle,0.12495531874949062,1.1330978237080305,0.18042208615229172,0.5279910547934958
stroma_E_original_firstorder_Kurtosis_std,stroma,-0.18543088138339336,0.8307462536283736,0.18146969512954847,0.5292866107945163
vessels_E_original_firstorder_Skewness_std,vessels,-0.1404888039914247,0.8689333934640406,0.182471845429404,0.5304414111319884
tdlu_E_original_glcm_SumEntropy_std,tdlu,-0.11453730162344657,0.891778673005444,0.1844086769271457,0.534296663282293
dcis_E_original_firstorder_90Percentile_mean,dcis,0.10735881111072795,1.1133336593065022,0.18656869895326117,0.5387709953270743
vessels_H_original_glcm_SumEntropy_std,vessels,-0.11018851713864855,0.8956652711260337,0.18757315632625415,0.5398898413995802
adipose_H_original_firstorder_Kurtosis_std,adipose,-0.33070152281206416,0.7184195688949276,0.1912285187128006,0.5486064061432805
vessels_H_original_glcm_ClusterProminence_std,vessels,-0.11311051813799439,0.8930519562224968,0.19240088626906038,0.5501659329589145
tdlu_E_original_glcm_DifferenceAverage_mean,tdlu,0.12023483923067102,1.1277616631654421,0.1933968024329413,0.5512123847844418
muscle_H_original_glcm_SumEntropy_std,muscle,-0.11143716992632947,0.8945475941288796,0.1955988390079052,0.5556785199088216
muscle_E_original_firstorder_InterquartileRange_mean,muscle,0.10481284747926096,1.1105027575158637,0.19627523963950258,0.5557955815034459
tdlu_E_original_glcm_JointEntropy_std,tdlu,-0.10980220968990863,0.896011340132061,0.1971412545624999,0.5564470894909271
dcis_E_original_glcm_Autocorrelation_mean,dcis,0.09888815523606034,1.1039428224294978,0.1999246493058037,0.562488965088676
muscle_E_original_glcm_SumSquares_mean,muscle,0.10069213441724739,1.105936109682165,0.20115103467956164,0.5641254978994116
stroma_E_original_firstorder_Mean_std,stroma,-0.11854308150540604,0.8882135492556993,0.20456792731101692,0.5691083769095544
tils_E_original_glcm_DifferenceVariance_mean,tils,0.11474130623347052,1.1215832534428345,0.20477023619544374,0.5691083769095544
vessels_E_original_firstorder_MeanAbsoluteDeviation_std,vessels,-0.11189412627824041,0.8941389183042739,0.2051196495323778,0.5691083769095544
muscle_E_original_glcm_ClusterTendency_mean,muscle,0.09996270736678153,1.1051297041104495,0.2055294252610505,0.5691083769095544
tils_E_original_firstorder_InterquartileRange_std,tils,-0.10394052137779812,0.9012789026543557,0.206939136566158,0.5707209921698554
adipose_E_original_glcm_ClusterShade_std,adipose,-0.11059432540570188,0.8953018764937581,0.20802054665526543,0.5707209921698554
tumor_E_original_glcm_Imc2_std,tumor,-0.10622163871265393,0.8992253228447051,0.20922361184767882,0.5707209921698554
tdlu_E_original_firstorder_Kurtosis_std,tdlu,-0.14966296901123805,0.860998110574741,0.20932545953010506,0.5707209921698554
stroma_H_original_glcm_ClusterProminence_mean,stroma,-0.11491623518985541,0.891440812149887,0.20937307255602694,0.5707209921698554
muscle_E_original_firstorder_RobustMeanAbsoluteDeviation_mean,muscle,0.10202924229795995,1.1074158546388426,0.21018078065408652,0.5711434256904525
tils_E_original_glcm_ClusterProminence_mean,tils,0.08835435825307962,1.0923751455999515,0.21478479742265666,0.5770055792220737
tdlu_E_original_glcm_DifferenceEntropy_std,tdlu,-0.10632666035163976,0.8991308896863317,0.21513638830972134,0.5770055792220737
adipose_E_original_firstorder_Skewness_std,adipose,-0.141704697185132,0.8678775053188323,0.21545756778428266,0.5770055792220737
adipose_E_original_firstorder_Skewness_mean,adipose,-0.16611759134467963,0.8469466347398469,0.21560537599982033,0.5770055792220737
adipose_H_original_firstorder_90Percentile_std,adipose,-0.11107047775146571,0.8948756778808858,0.21615346821043846,0.5770055792220737
muscle_H_original_firstorder_Entropy_std,muscle,-0.1080855569503544,0.8975508014359499,0.21666161811889562,0.5770055792220737
stroma_H_original_firstorder_Energy_mean,stroma,-0.1054992021201806,0.8998751908387517,0.21783007133552382,0.5770055792220737
stroma_H_original_firstorder_TotalEnergy_mean,stroma,-0.1054992021201806,0.8998751908387517,0.21783007133552382,0.5770055792220737
stroma_H_original_firstorder_10Percentile_std,stroma,-0.10331742270430112,0.9018406633410445,0.2182729676828645,0.5770055792220737
stroma_H_original_glcm_Autocorrelation_mean,stroma,-0.10497904437561648,0.900343389646469,0.21966969270874234,0.5789487383137034
stroma_E_original_glcm_Autocorrelation_mean,stroma,0.09423931232820053,1.098822676267619,0.22275181944063993,0.5835149243592281
tils_E_original_firstorder_Kurtosis_std,tils,-0.14621823029197437,0.8639691383727902,0.22279036665449709,0.5835149243592281
vessels_H_original_glcm_ClusterProminence_mean,vessels,-0.10322676334565793,0.9019224273434614,0.22340285675467594,0.5835149243592281
muscle_E_original_firstorder_90Percentile_mean,muscle,0.10042376284918494,1.1056393476972535,0.22498345193940628,0.5858944060922039
adipose_H_original_firstorder_RootMeanSquared_mean,adipose,0.10190016996814705,1.107272927118605,0.2263528682820023,0.5867151510165822
dcis_E_original_firstorder_TotalEnergy_mean,dcis,0.09331510049736609,1.097807600494996,0.227310212793853,0.5867151510165822
dcis_E_original_firstorder_Energy_mean,dcis,0.09331510049736609,1.097807600494996,0.227310212793853,0.5867151510165822
stroma_H_original_firstorder_Variance_mean,stroma,-0.10522303238290569,0.9001237434535613,0.22980704091666568,0.5914151788296543
vessels_E_original_firstorder_90Percentile_std,vessels,-0.10450745950581493,0.9007680780971054,0.23434491580106667,0.6008737805199861
tdlu_H_original_firstorder_MeanAbsoluteDeviation_std,tdlu,-0.11215547027799211,0.8939052709955216,0.2348558090718117,0.6008737805199861
muscle_H_original_glcm_JointEntropy_std,muscle,-0.10003212668413483,0.904808349076984,0.236031574368687,0.602121363185426
muscle_E_original_firstorder_Variance_mean,muscle,0.09303655826349569,1.0975018572967676,0.23878205322591453,0.6051902134618375
tumor_E_original_glcm_ClusterProminence_mean,tumor,0.08499300554743977,1.0887094517451554,0.23912363237690154,0.6051902134618375
stroma_H_original_glcm_ClusterProminence_std,stroma,-0.11549815833442204,0.8909222130163396,0.2393095015517666,0.6051902134618375
muscle_H_original_firstorder_10Percentile_std,muscle,0.08534442534333132,1.0890921130319104,0.2422123905533565,0.6083702710412316
tumor_H_original_firstorder_InterquartileRange_std,tumor,-0.13103454476365467,0.8771874716337573,0.2435275179813697,0.6083702710412316
tdlu_E_original_firstorder_RootMeanSquared_mean,tdlu,0.09431705619859887,1.0989081063161417,0.24383018526972006,0.6083702710412316
stroma_E_original_firstorder_TotalEnergy_mean,stroma,0.0894533813484887,1.0935763510691867,0.24426731030874468,0.6083702710412316
stroma_E_original_firstorder_Energy_mean,stroma,0.0894533813484887,1.0935763510691867,0.24426731030874468,0.6083702710412316
stroma_H_original_glcm_ClusterTendency_mean,stroma,-0.1002600609088008,0.9046021357898916,0.24528918058331559,0.6083702710412316
tdlu_E_original_firstorder_Mean_std,tdlu,-0.11155247841294037,0.8944444511463441,0.24543394934577686,0.6083702710412316
stroma_H_original_glcm_ClusterShade_mean,stroma,-0.10187912249614585,0.9031387142245048,0.25074716974642897,0.619784670983405
tils_H_original_firstorder_Kurtosis_mean,tils,0.07600841019505764,1.078971648481151,0.252490365971713,0.622335409085208
stroma_H_original_glcm_SumSquares_mean,stroma,-0.09838815667116771,0.9062970502250869,0.25339831459064066,0.6228188911989061
adipose_E_original_firstorder_Kurtosis_mean,adipose,-0.21513191026166137,0.8064350561016422,0.25472501597282216,0.6236672211846558
tils_E_original_firstorder_90Percentile_std,tils,-0.09351757268109628,0.9107220134580735,0.2551689887818363,0.6236672211846558
tumor_E_original_glcm_JointEntropy_std,tumor,-0.09642900035730585,0.9080743682667123,0.25626393534326275,0.6238126724303357
vessels_H_original_firstorder_Mean_std,vessels,-0.10095088376567536,0.9039774317628649,0.2566543566570524,0.6238126724303357
tdlu_H_original_glcm_SumAverage_std,tdlu,-0.10296727769652149,0.9021564936371,0.2582903502442984,0.6239704702451211
tdlu_H_original_glcm_JointAverage_std,tdlu,-0.10296727769652143,0.9021564936371,0.2582903502442986,0.6239704702451211
vessels_E_original_firstorder_Kurtosis_std,vessels,-0.1236300680605084,0.8837066917531572,0.2588586065131188,0.6239704702451211
tdlu_H_original_firstorder_Skewness_mean,tdlu,-0.1252263389544692,0.8822971817614959,0.25976855733274873,0.6244436474344922
tdlu_H_original_firstorder_InterquartileRange_std,tdlu,-0.1046816088427786,0.9006112235919972,0.26192347726221904,0.6251118686970617
muscle_H_original_firstorder_TotalEnergy_std,muscle,0.08071047471315539,1.0840569892161365,0.2621897780706533,0.6251118686970617
muscle_H_original_firstorder_Energy_std,muscle,0.08071047471315539,1.0840569892161365,0.2621897780706533,0.6251118686970617
dcis_H_original_glcm_Contrast_mean,dcis,0.09518268744797162,1.099859767347497,0.2629775818964921,0.6252863699984527
adipose_E_original_firstorder_10Percentile_mean,adipose,0.08549182108134427,1.0892526523987935,0.2642991805564515,0.6267256991514771
tils_H_original_glcm_Contrast_mean,tils,0.09816579312399298,1.1031456639139041,0.269830904076985,0.6381136245063834
muscle_H_original_glcm_Autocorrelation_std,muscle,0.07947775708559729,1.082721476380479,0.2724584538542126,0.6410297027511371
vessels_H_original_glcm_JointEntropy_std,vessels,-0.09019715460950131,0.9137510172863429,0.27252919934105485,0.6410297027511371
tumor_E_original_glcm_SumEntropy_std,tumor,-0.09160642266212125,0.9124642041149499,0.2792497656167226,0.6502095341947886
muscle_E_original_firstorder_Skewness_mean,muscle,-0.10515484249729634,0.9001851248814341,0.2792735078070547,0.6502095341947886
adipose_E_original_firstorder_Kurtosis_std,adipose,-0.13180035612719132,0.8765159686551519,0.27978672968469753,0.6502095341947886
stroma_E_original_glcm_JointAverage_std,stroma,-0.10115061269712458,0.9037968993457383,0.28014742216164,0.6502095341947886
stroma_E_original_glcm_SumAverage_std,stroma,-0.10115061269712454,0.9037968993457384,0.28014742216164035,0.6502095341947886
vessels_E_original_firstorder_RootMeanSquared_std,vessels,-0.09889147360621107,0.9058410103474528,0.28121336093327715,0.6509568540122156
stroma_E_original_glcm_DifferenceAverage_mean,stroma,0.09406599347784335,1.0986322460876683,0.2831777320279471,0.6537744472940731
muscle_E_original_glcm_DifferenceAverage_mean,muscle,0.09897851611279707,1.1040425801778309,0.2887849246341275,0.6634955848491012
tumor_E_original_firstorder_Entropy_std,tumor,-0.0890061325985438,0.9148399632110228,0.29027069598780697,0.6634955848491012
adipose_H_original_firstorder_TotalEnergy_mean,adipose,0.08636646140584443,1.090205773450442,0.2904214959968066,0.6634955848491012
adipose_H_original_firstorder_Energy_mean,adipose,0.08636646140584443,1.090205773450442,0.2904214959968066,0.6634955848491012
muscle_E_original_firstorder_RootMeanSquared_mean,muscle,0.08596715078408824,1.0897705296097309,0.295643065684652,0.6716911266472538
tdlu_H_original_firstorder_RobustMeanAbsoluteDeviation_std,tdlu,-0.09849702777476743,0.9061983860359767,0.2971761359498105,0.6716911266472538
tdlu_E_original_firstorder_Mean_mean,tdlu,0.08449115583679231,1.0881632202963294,0.29735783701948304,0.6716911266472538
vessels_H_original_glcm_SumAverage_std,vessels,-0.09130933098014611,0.9127353299127079,0.29824955133231573,0.6716911266472538
vessels_H_original_glcm_JointAverage_std,vessels,-0.09130933098014599,0.912735329912708,0.2982495513323162,0.6716911266472538
adipose_H_original_glcm_Autocorrelation_mean,adipose,0.08546309529121675,1.0892213632051104,0.298614683732322,0.6716911266472538
stroma_E_original_firstorder_RobustMeanAbsoluteDeviation_std,stroma,-0.09633112086568088,0.9081632544742333,0.2999645736170306,0.6723350100568273
tdlu_E_original_glcm_JointAverage_std,tdlu,-0.09896108761977705,0.9057779533139219,0.30176060604582405,0.6723350100568273
tdlu_E_original_glcm_SumAverage_std,tdlu,-0.09896108761977691,0.905777953313922,0.30176060604582444,0.6723350100568273
adipose_E_original_firstorder_Mean_mean,adipose,0.08630520682013731,1.0901389953927059,0.301974467374095,0.6723350100568273
vessels_E_original_glcm_ClusterProminence_mean,vessels,0.08056309355583449,1.083897231415398,0.30361684154726876,0.6742759805935538
tumor_H_original_firstorder_MeanAbsoluteDeviation_std,tumor,-0.11159775854106442,0.8944039515039177,0.3096322924538965,0.6828975463910658
tils_E_original_firstorder_Energy_std,tils,0.07775868770171342,1.0808618019518228,0.30984037247686075,0.6828975463910658
tils_E_original_firstorder_TotalEnergy_std,tils,0.07775868770171342,1.0808618019518228,0.30984037247686075,0.6828975463910658
tumor_E_original_firstorder_10Percentile_std,tumor,0.08575999374205832,1.0895447993519392,0.3115405396733083,0.6840140913184174
adipose_E_original_glcm_ClusterProminence_std,adipose,-0.08900898203340332,0.9148373564378546,0.31191042564119836,0.6840140913184174
muscle_H_original_firstorder_Median_std,muscle,0.07628524552883542,1.0792703873064182,0.31274060811392573,0.6841200802492124
vessels_H_original_firstorder_Median_std,vessels,-0.0880969736447294,0.9156720763591263,0.31566890575744805,0.6880630134302199
tdlu_E_original_firstorder_Median_mean,tdlu,0.0816342157771397,1.0850588398268095,0.31651149715292665,0.6880630134302199
tils_E_original_glcm_Autocorrelation_std,tils,0.07731651085431213,1.0803839755374334,0.3170624596790534,0.6880630134302199
tdlu_H_original_glcm_ClusterProminence_std,tdlu,0.0793388098292241,1.0825710456531301,0.317688522772353,0.6880630134302199
vessels_E_original_glcm_Autocorrelation_mean,vessels,0.07868959112376553,1.08186844837463,0.32085173278937135,0.693198188125185
tumor_E_original_glcm_ClusterProminence_std,tumor,0.06926805777017678,1.0717234544469043,0.3221277103992677,0.6942407551708355
tdlu_E_original_firstorder_MeanAbsoluteDeviation_std,tdlu,-0.10156870711241961,0.9034191058917308,0.32484358548252623,0.6945553295787815
tumor_E_original_glcm_Contrast_mean,tumor,0.09225235602681912,1.0966415312644082,0.32551252752145315,0.6945553295787815
muscle_E_original_firstorder_Kurtosis_std,muscle,0.06980567213109688,1.0722997832743957,0.32592223257080055,0.6945553295787815
stroma_H_original_glcm_SumAverage_mean,stroma,-0.08288943860552765,0.9204529081516771,0.32624256052214684,0.6945553295787815
stroma_H_original_glcm_JointAverage_mean,stroma,-0.08288943860552749,0.9204529081516774,0.3262425605221477,0.6945553295787815
tdlu_H_original_firstorder_10Percentile_std,tdlu,-0.09035472678984638,0.9136070468894192,0.3337550237666956,0.7088243829996568
adipose_E_original_firstorder_Energy_std,adipose,-0.08883636538725598,0.9149952862243561,0.33612225695651965,0.7104033208622094
adipose_E_original_firstorder_TotalEnergy_std,adipose,-0.08883636538725598,0.9149952862243561,0.33612225695651965,0.7104033208622094
tils_H_original_glcm_DifferenceEntropy_mean,tils,0.08476353674034211,1.0884596555473014,0.3402555311781368,0.7158069596018134
vessels_H_original_firstorder_Variance_mean,vessels,-0.07951000118582703,0.9235687831393926,0.3416204408276775,0.7158069596018134
tdlu_E_original_glcm_SumAverage_mean,tdlu,0.07674202031760617,1.0797634834179692,0.34195121041549453,0.7158069596018134
tdlu_E_original_glcm_JointAverage_mean,tdlu,0.07674202031760612,1.0797634834179692,0.34195121041549487,0.7158069596018134
dcis_E_original_firstorder_10Percentile_std,dcis,0.07521970049439712,1.0781209885812106,0.3440817818602444,0.7185478738131595
muscle_E_original_firstorder_Mean_mean,muscle,0.07716352493548302,1.0802187046446294,0.34802778142515667,0.7236582696858231
vessels_E_original_firstorder_Energy_mean,vessels,0.0737151112807944,1.076500079078093,0.3504389753035022,0.7236582696858231
vessels_E_original_firstorder_TotalEnergy_mean,vessels,0.0737151112807944,1.076500079078093,0.3504389753035022,0.7236582696858231
vessels_H_original_firstorder_Energy_mean,vessels,-0.08166184079730125,0.9215835479677907,0.35071337438631833,0.7236582696858231
vessels_H_original_firstorder_TotalEnergy_mean,vessels,-0.08166184079730125,0.9215835479677907,0.35071337438631833,0.7236582696858231
adipose_E_original_glcm_Autocorrelation_std,adipose,-0.08616031366461407,0.9174471401169872,0.35149115956168553,0.7236582696858231
dcis_H_original_firstorder_Skewness_std,dcis,-0.1350239843033152,0.8736949564718963,0.35455024084413034,0.7281952979853824
tumor_E_original_glcm_DifferenceVariance_mean,tumor,0.08658315193356231,1.0904420363118497,0.35689668494430826,0.7281952979853824
vessels_H_original_glcm_Autocorrelation_mean,vessels,-0.07997274986157193,0.9231415017776025,0.357916100550305,0.7281952979853824
vessels_H_original_glcm_ClusterTendency_mean,vessels,-0.07594820532290317,0.9268642119487301,0.3582533794998408,0.7281952979853824
muscle_H_original_glcm_ClusterShade_mean,muscle,-0.0839023740607139,0.9195210208167213,0.35868129312815766,0.7281952979853824
adipose_H_original_firstorder_MeanAbsoluteDeviation_mean,adipose,0.07846039745342702,1.081620519387086,0.3595032721625019,0.7281952979853824
stroma_H_original_firstorder_RootMeanSquared_mean,stroma,-0.07583994552513254,0.926964559512582,0.3598430819895815,0.7281952979853824
tdlu_E_original_firstorder_Median_std,tdlu,-0.08820507285112557,0.9155730982841748,0.3609368290552136,0.7281952979853824
dcis_E_original_firstorder_InterquartileRange_mean,dcis,0.07362165144029312,1.0763994742537313,0.36118486780074965,0.7281952979853824
stroma_E_original_glcm_ClusterShade_std,stroma,0.06975885346823789,1.072249580807574,0.36275474175388944,0.7296790782405822
tils_H_original_glcm_MaximumProbability_mean,tils,-0.07835460171960883,0.9246364907140507,0.36888603132071196,0.7380509828502764
muscle_E_original_glcm_JointAverage_mean,muscle,0.07353065374257373,1.0763015288362192,0.36944723484390796,0.7380509828502764
muscle_E_original_glcm_SumAverage_mean,muscle,0.07353065374257349,1.076301528836219,0.36944723484390973,0.7380509828502764
tumor_H_original_glcm_ClusterTendency_mean,tumor,-0.08768285001326884,0.9160513563335948,0.37047109036524595,0.738246783858754
muscle_E_original_glcm_DifferenceEntropy_std,muscle,-0.07593601046209075,0.9268755149977063,0.37205089502285915,0.738246783858754
dcis_H_original_firstorder_Kurtosis_std,dcis,-0.14540325276673374,0.864673540800151,0.3724813944309323,0.738246783858754
adipose_H_original_firstorder_RobustMeanAbsoluteDeviation_std,adipose,-0.07752312428752728,0.9254056248034653,0.3729765927634475,0.738246783858754
tumor_H_original_firstorder_RobustMeanAbsoluteDeviation_std,tumor,-0.1000145361163844,0.9048242653095371,0.3742924300579432,0.738246783858754
muscle_E_original_firstorder_Median_mean,muscle,0.07339075633497044,1.0761509675743461,0.37460751089518485,0.738246783858754
vessels_H_original_glcm_SumSquares_mean,vessels,-0.07275339664748477,0.9298301009753085,0.3781665080679877,0.74237759458514
vessels_H_original_glcm_Autocorrelation_std,vessels,-0.0757295779436236,0.9270668719950468,0.3784004653542542,0.74237759458514
tumor_H_original_glcm_SumSquares_mean,tumor,-0.08495336784949026,0.918555117603243,0.38318552224400937,0.7500835166968864
stroma_E_original_firstorder_Median_std,stroma,-0.08179424074659085,0.9214615384299801,0.3856072671885544,0.7518444917160025
muscle_E_original_glcm_Imc2_std,muscle,-0.07283306706207045,0.9297560239765813,0.38638698670237737,0.7518444917160025
tumor_H_original_firstorder_Variance_mean,tumor,-0.08483737335619157,0.9186616711183674,0.3866628814539441,0.7518444917160025
tils_H_original_glcm_JointEnergy_mean,tils,-0.07576904675505494,0.9270302824895686,0.38827096272489214,0.7526587182747566
muscle_H_original_firstorder_MeanAbsoluteDeviation_std,muscle,-0.07886768910949007,0.9241621930789145,0.38950143975973595,0.7526587182747566
dcis_E_original_firstorder_Mean_std,dcis,0.07029756439380203,1.0728273689881163,0.3906584175568083,0.7526587182747566
adipose_E_original_glcm_JointAverage_mean,adipose,0.07194070196503763,1.0745916210029935,0.39138253350287233,0.7526587182747566
adipose_E_original_glcm_SumAverage_mean,adipose,0.07194070196503745,1.0745916210029935,0.39138253350287344,0.7526587182747566
adipose_E_original_firstorder_Mean_std,adipose,-0.07933047403516039,0.923734603695675,0.39245828816392336,0.7530723731215635
stroma_E_original_firstorder_InterquartileRange_std,stroma,-0.08051413905322923,0.9226418582091874,0.3934722689429291,0.7533659416303347
vessels_H_original_firstorder_TotalEnergy_std,vessels,-0.07231676783327048,0.9302361802362198,0.3977231394790438,0.758186812732382
vessels_H_original_firstorder_Energy_std,vessels,-0.07231676783327048,0.9302361802362198,0.3977231394790438,0.758186812732382
muscle_H_original_firstorder_Skewness_std,muscle,-0.0899343695987098,0.9139911689100227,0.4006528741813715,0.758632972427862
tdlu_H_original_firstorder_Median_std,tdlu,-0.07799649126150468,0.9249676720075233,0.40068896617785854,0.758632972427862
tdlu_E_original_glcm_Autocorrelation_std,tdlu,-0.08375266728732744,0.9196586896465299,0.4029202779162675,0.758632972427862
muscle_H_original_firstorder_InterquartileRange_std,muscle,-0.07823906362186785,0.9247433276270378,0.4036198543213635,0.758632972427862
dcis_E_original_firstorder_MeanAbsoluteDeviation_mean,dcis,0.06747827518759011,1.0698070179886625,0.4057932525432646,0.758632972427862
muscle_H_original_glcm_SumAverage_std,muscle,0.0631956983073852,1.0652352835765004,0.40637120327003473,0.758632972427862
muscle_H_original_glcm_JointAverage_std,muscle,0.06319569830738515,1.0652352835765002,0.40637120327003484,0.758632972427862
tdlu_H_original_firstorder_Skewness_std,tdlu,-0.10430589416711997,0.9009496600195487,0.4078136939138305,0.758632972427862
dcis_E_original_glcm_SumAverage_std,dcis,0.06807718744288782,1.0704479304285393,0.4082994039184339,0.758632972427862
dcis_E_original_glcm_JointAverage_std,dcis,0.0680771874428878,1.070447930428539,0.4082994039184341,0.758632972427862
tdlu_E_original_firstorder_TotalEnergy_std,tdlu,-0.08293289332125163,0.9204129110012549,0.4095569138435299,0.758632972427862
tdlu_E_original_firstorder_Energy_std,tdlu,-0.08293289332125163,0.9204129110012549,0.4095569138435299,0.758632972427862
muscle_E_original_firstorder_RootMeanSquared_std,muscle,-0.07438348824351525,0.9283156274426162,0.41071023670640805,0.758632972427862
stroma_H_original_firstorder_MeanAbsoluteDeviation_mean,stroma,-0.06945854868094894,0.9328988024690117,0.41082299088785956,0.758632972427862
adipose_E_original_firstorder_Median_std,adipose,-0.0732860412847984,0.9293349638361884,0.41096231877806466,0.758632972427862
adipose_E_original_glcm_SumAverage_std,adipose,-0.07608403609332917,0.9267383238186753,0.4127739473090922,0.7587756384358323
adipose_E_original_glcm_JointAverage_std,adipose,-0.07608403609332902,0.9267383238186754,0.4127739473090928,0.7587756384358323
vessels_H_original_firstorder_Kurtosis_mean,vessels,-0.31405731086726973,0.7304771626800489,0.4149136677547868,0.7611099775376068
tils_H_original_glcm_JointEntropy_mean,tils,0.0702089746629636,1.072732331709987,0.4212278805234625,0.7710761411255851
tils_H_original_firstorder_Uniformity_mean,tils,-0.06979300839299875,0.9325868375769184,0.42367295384075754,0.7739328488740351
muscle_E_original_glcm_JointEntropy_std,muscle,-0.06577275929961181,0.9363436154968264,0.4279132134943069,0.7800501287656636
tdlu_H_original_firstorder_Kurtosis_mean,tdlu,-0.11723551604111113,0.889375706250219,0.4317231871821028,0.7816586830949618
vessels_H_original_glcm_ClusterShade_mean,vessels,-0.06547380327512439,0.9366235829085565,0.432817998699468,0.7816586830949618
adipose_E_original_glcm_Contrast_mean,adipose,0.0768416997386119,1.0798711189812558,0.43346038325041925,0.7816586830949618
muscle_E_original_firstorder_Entropy_std,muscle,-0.06550871458685206,0.9365908847214538,0.43357959194880646,0.7816586830949618
stroma_H_original_firstorder_90Percentile_mean,stroma,-0.06480353460710311,0.937251582790721,0.43596447367527036,0.7816586830949618
muscle_E_original_firstorder_Skewness_std,muscle,0.05808865292391918,1.059808946707632,0.43715382083167365,0.7816586830949618
dcis_H_original_glcm_ClusterProminence_std,dcis,0.058301708294574976,1.0600347687510425,0.4378560288754211,0.7816586830949618
vessels_H_original_firstorder_Skewness_std,vessels,-0.11613253346978611,0.8903572133466773,0.43901330669281824,0.7816586830949618
stroma_E_original_firstorder_10Percentile_mean,stroma,0.06334404205259277,1.0653933162892857,0.43921177196627237,0.7816586830949618
stroma_H_original_firstorder_10Percentile_mean,stroma,-0.06734118104144708,0.9348761848883048,0.43974603142367596,0.7816586830949618
dcis_H_original_glcm_Imc1_mean,dcis,0.06453806993103772,1.0666661853798063,0.4401441198519329,0.7816586830949618
muscle_E_original_glcm_JointAverage_std,muscle,-0.06986871900494744,0.9325162335295217,0.44040883516093177,0.7816586830949618
muscle_E_original_glcm_SumAverage_std,muscle,-0.06986871900494727,0.9325162335295218,0.44040883516093277,0.7816586830949618
adipose_H_original_glcm_ClusterProminence_mean,adipose,-0.06621205782151983,0.9359323714666016,0.44508015060961437,0.7883504691971914
tdlu_E_original_firstorder_RobustMeanAbsoluteDeviation_std,tdlu,-0.07932001910453042,0.9237442613273619,0.45234177203625203,0.7995940414782233
tumor_H_original_firstorder_RobustMeanAbsoluteDeviation_mean,tumor,-0.06886316304800554,0.9334544023946859,0.4538665365302996,0.8002895618800482
tdlu_H_original_glcm_ClusterShade_std,tdlu,0.06176033870300949,1.0637073846857947,0.455313108722018,0.8002895618800482
tils_H_original_glcm_SumEntropy_mean,tils,0.06466181757185718,1.0667981909713107,0.455479087790016,0.8002895618800482
adipose_H_original_glcm_ClusterShade_mean,adipose,-0.06408581680263326,0.9379245063946969,0.45649830497378574,0.800472979663452
stroma_H_original_firstorder_Mean_mean,stroma,-0.061183891203768305,0.9406502465643666,0.46112022534986097,0.8069603943622566
dcis_E_original_glcm_Contrast_mean,dcis,0.06396566717575879,1.066055797426871,0.46455267199455064,0.8113444870164307
muscle_E_original_glcm_ClusterShade_mean,muscle,0.05638222082306898,1.0580019968572896,0.46687974528928144,0.812857955916344
stroma_E_original_glcm_ClusterProminence_std,stroma,0.05608186008567133,1.0576842623172245,0.46727720208676693,0.812857955916344
muscle_E_original_glcm_SumEntropy_std,muscle,-0.06058395411666426,0.9412147468486708,0.4687541182022962,0.8132002829129414
muscle_E_original_glcm_Autocorrelation_std,muscle,-0.06505243308201468,0.9370183313303264,0.47048413990336513,0.8132002829129414
muscle_E_original_firstorder_Energy_std,muscle,-0.06437606638255314,0.9376523137045372,0.4733874761082556,0.8132002829129414
muscle_E_original_firstorder_TotalEnergy_std,muscle,-0.06437606638255314,0.9376523137045372,0.4733874761082556,0.8132002829129414
adipose_E_original_firstorder_RootMeanSquared_mean,adipose,0.060397054722581694,1.0622582374724223,0.4736389778161909,0.8132002829129414
vessels_E_original_glcm_Contrast_mean,vessels,0.06645288928290681,1.0687106151657506,0.47464585102076395,0.8132002829129414
dcis_E_original_firstorder_RobustMeanAbsoluteDeviation_mean,dcis,0.05756057239250842,1.0592494299838078,0.47528869417452,0.8132002829129414
tumor_H_original_glcm_ClusterProminence_mean,tumor,-0.09444963900001999,0.909873555614341,0.4755509981666205,0.8132002829129414
muscle_H_original_firstorder_Kurtosis_mean,muscle,-0.07664869211052226,0.926215183158928,0.47588976222762314,0.8132002829129414
tdlu_E_original_glcm_ClusterShade_std,tdlu,0.0647500127500541,1.0668922815769715,0.47676770872495877,0.8132002829129414
dcis_E_original_firstorder_Kurtosis_mean,dcis,0.06007825821364867,1.0619196472282921,0.4785041518617774,0.8145741884806522
muscle_E_original_glcm_ClusterProminence_mean,muscle,0.053093960387744304,1.054528724392351,0.4807318004920409,0.8167773309330791
dcis_H_original_glcm_ClusterShade_std,dcis,0.05153303926991235,1.0528839722352241,0.4816866304899732,0.816813569144819
tumor_E_original_firstorder_Kurtosis_mean,tumor,-0.10047468189237845,0.9044080100222387,0.4841107101004588,0.8190545390429377
vessels_H_original_firstorder_Skewness_mean,vessels,-0.08948944963506024,0.9143979123050888,0.48577199468219157,0.8190545390429377
dcis_H_original_glcm_DifferenceEntropy_mean,dcis,0.05923712673110136,1.0610268087309978,0.48581634944375385,0.8190545390429377
dcis_H_original_firstorder_90Percentile_std,dcis,-0.05836043291892111,0.9433098862201141,0.48901143041423023,0.822729446069798
adipose_H_original_firstorder_RootMeanSquared_std,adipose,-0.06322642822417462,0.9387308944536631,0.48987661874555977,0.822729446069798
tumor_H_original_firstorder_10Percentile_std,tumor,0.05289187736749776,1.054315643573522,0.4922216612464625,0.8250842022809477
dcis_E_original_glcm_SumSquares_mean,dcis,0.05416000706290392,1.0556535006583276,0.49415627083297553,0.8252566940615063
muscle_H_original_firstorder_Mean_std,muscle,0.05264521776924938,1.0540556185706007,0.4942108659294049,0.8252566940615063
muscle_H_original_firstorder_Kurtosis_std,muscle,-0.07694632682058654,0.9259395503924054,0.49672998153912595,0.8278454807324789
muscle_E_original_firstorder_Mean_std,muscle,-0.06090633061421147,0.9409113702385138,0.49765339756032445,0.8278454807324789
tdlu_E_original_glcm_Contrast_mean,tdlu,0.06544280493852055,1.0676316723080712,0.4986204094378651,0.8278801864480683
dcis_E_original_firstorder_Kurtosis_std,dcis,0.05677119379360186,1.0584136110850515,0.5009233412647117,0.8301286431943613
tils_H_original_firstorder_Entropy_mean,tils,0.057613091321186485,1.05930506208993,0.5032777485131329,0.8324537428147284
tumor_H_original_firstorder_90Percentile_mean,tumor,-0.057462257895834985,0.9441575242055971,0.5083709095091835,0.8386729669156898
dcis_E_original_glcm_ClusterTendency_mean,dcis,0.052265842840492745,1.0536558121384636,0.5101910460789641,0.8386729669156898
tumor_H_original_firstorder_90Percentile_std,tumor,-0.05837817123800092,0.9432931536367656,0.51060172519925,0.8386729669156898
muscle_H_original_glcm_ClusterProminence_mean,muscle,-0.07208462871758915,0.9304521495069625,0.5108716472755002,0.8386729669156898
vessels_H_original_firstorder_Kurtosis_std,vessels,-0.09646672126949975,0.9080401155192278,0.5125681063188912,0.8398821966835763
adipose_H_original_firstorder_10Percentile_std,adipose,0.05507937183018899,1.0566244775658815,0.5159558906422381,0.8427684276482068
tumor_H_original_firstorder_InterquartileRange_mean,tumor,-0.05908222496168285,0.9426292583158343,0.5166685480917312,0.8427684276482068
dcis_E_original_firstorder_Median_std,dcis,0.053370800620148554,1.05482070078303,0.5174435895190783,0.8427684276482068
vessels_H_original_glcm_DifferenceEntropy_mean,vessels,0.057424060561181815,1.0591048397736509,0.5181821875139832,0.8427684276482068
dcis_E_original_glcm_ClusterProminence_std,dcis,-0.05702333718946129,0.944572025452985,0.5192752924152284,0.8429793708039421
tdlu_E_original_glcm_DifferenceVariance_mean,tdlu,0.06142129954554112,1.0633468073586685,0.522120905621299,0.845106857617387
tumor_H_original_firstorder_MeanAbsoluteDeviation_mean,tumor,-0.05598093595287098,0.9455571618648687,0.5225174971097216,0.845106857617387
tdlu_H_original_glcm_DifferenceEntropy_mean,tdlu,0.05751839848386311,1.059204758237113,0.5292837961044567,0.852041288395948
vessels_E_original_firstorder_RobustMeanAbsoluteDeviation_std,vessels,-0.0552087145338911,0.9462876233608376,0.5295568907102917,0.852041288395948
stroma_H_original_firstorder_RobustMeanAbsoluteDeviation_mean,stroma,-0.053503426110955585,0.9479026933784371,0.5297262410141665,0.852041288395948
tdlu_H_original_firstorder_Kurtosis_std,tdlu,-0.07550885356467091,0.9272715208392791,0.5326282063166445,0.8551370284900256
vessels_E_original_glcm_DifferenceVariance_mean,vessels,0.05760316199698638,1.0592945439587607,0.536578591152246,0.8582385635312303
tdlu_H_original_glcm_Contrast_mean,tdlu,0.05592083441599553,1.0575139617123317,0.5367634317037531,0.8582385635312303
tils_E_original_glcm_SumAverage_std,tils,0.04973635383150152,1.0509939693127608,0.538483395861308,0.8582385635312303
tils_E_original_glcm_JointAverage_std,tils,0.049736353831501406,1.0509939693127606,0.5384833958613091,0.8582385635312303
tumor_H_original_glcm_ClusterShade_mean,tumor,-0.06294190529596005,0.9389980229168428,0.5399363780197546,0.8583901904186226
dcis_E_original_firstorder_RootMeanSquared_std,dcis,0.05029974830522249,1.0515862603380641,0.5405405656236126,0.8583901904186226
muscle_H_original_firstorder_Median_mean,muscle,0.055895150255565136,1.057486800702887,0.5422907923392206,0.8596094987261197
vessels_H_original_glcm_SumAverage_mean,vessels,-0.04979720351213405,0.951422350048808,0.5520671394428007,0.871947196773377
vessels_H_original_glcm_JointAverage_mean,vessels,-0.04979720351213401,0.9514223500488082,0.552067139442801,0.871947196773377
dcis_E_original_glcm_DifferenceVariance_mean,dcis,0.05163219506948825,1.0529883769634334,0.5563901229134705,0.87719163522394
vessels_H_original_firstorder_RobustMeanAbsoluteDeviation_mean,vessels,-0.04842401991561665,0.952729725040766,0.5591199929932782,0.8784108603415103
muscle_E_original_glcm_DifferenceVariance_mean,muscle,0.057298424134752446,1.0589717859847438,0.5591712562402529,0.8784108603415103
muscle_E_original_firstorder_Kurtosis_mean,muscle,-0.053380502203132875,0.9480192204435773,0.5615883185302492,0.8806268435734194
vessels_E_original_firstorder_10Percentile_mean,vessels,0.048427540463961416,1.0496193141362866,0.5639590863788746,0.8813744076190868
adipose_E_original_glcm_ClusterProminence_mean,adipose,-0.04696455190211462,0.9541212187732769,0.5640796208762155,0.8813744076190868
tils_E_original_firstorder_Median_std,tils,0.04474692713721772,1.0457631721377185,0.5663241976686368,0.8826507100675197
dcis_H_original_glcm_ClusterProminence_mean,dcis,0.04119695047269552,1.0420573190179274,0.5669139417805098,0.8826507100675197
dcis_H_original_firstorder_Kurtosis_mean,dcis,-0.07897874853140174,0.9240595618591859,0.5703135178292664,0.8845771049781314
dcis_E_original_glcm_ClusterShade_std,dcis,-0.04979140563770155,0.9514278662921172,0.5704358478531288,0.8845771049781314
tumor_H_original_glcm_Autocorrelation_mean,tumor,-0.05655862371311667,0.9450110828126256,0.5720733046750872,0.8845771049781314
muscle_H_original_firstorder_RobustMeanAbsoluteDeviation_std,muscle,-0.052029369096971444,0.9493009863207563,0.5721950187629969,0.8845771049781314
vessels_H_original_firstorder_InterquartileRange_mean,vessels,-0.04630402629284943,0.9547516484571744,0.5771494189181882,0.890132099350043
dcis_H_original_firstorder_Median_mean,dcis,0.040996758379717,1.0418487282620363,0.5786079120786884,0.890132099350043
dcis_E_original_glcm_Imc1_mean,dcis,-0.04633902448034469,0.9547182344646883,0.5788401880344851,0.890132099350043
stroma_H_original_firstorder_Median_mean,stroma,-0.0458566653544094,0.955178862602941,0.5841983572883895,0.8911081928046284
tumor_H_original_firstorder_TotalEnergy_mean,tumor,-0.05509831571589796,0.9463920981627794,0.5843818897439074,0.8911081928046284
tumor_H_original_firstorder_Energy_mean,tumor,-0.05509831571589796,0.9463920981627794,0.5843818897439074,0.8911081928046284
tdlu_H_original_glcm_JointEnergy_mean,tdlu,-0.047707330038896475,0.9534127815305515,0.5845022525486361,0.8911081928046284
vessels_E_original_glcm_SumSquares_std,vessels,-0.04743183854432579,0.9536754748259011,0.5858460011904244,0.8911081928046284
tdlu_E_original_glcm_Autocorrelation_mean,tdlu,0.04403603502448343,1.045020011531662,0.5863515304890383,0.8911081928046284
tdlu_E_original_firstorder_InterquartileRange_std,tdlu,-0.05561351914565943,0.945904639288931,0.5885559640292073,0.8911081928046284
dcis_E_original_glcm_JointEntropy_std,dcis,0.04518563480049105,1.0462220571061205,0.5889346484084437,0.8911081928046284
stroma_H_original_firstorder_InterquartileRange_mean,stroma,-0.04598010798596188,0.9550609600877861,0.589405380330282,0.8911081928046284
tumor_H_original_glcm_SumAverage_mean,tumor,-0.0499303242581889,0.9512957044255232,0.5907004016865545,0.8911081928046284
tumor_H_original_glcm_JointAverage_mean,tumor,-0.049930324258188864,0.9512957044255234,0.5907004016865549,0.8911081928046284
muscle_E_original_firstorder_90Percentile_std,muscle,-0.046634679266081724,0.9544360091723234,0.5917104660239532,0.8911081928046284
adipose_H_original_firstorder_Median_std,adipose,0.045717569609896494,1.0467787270796052,0.5934977885309511,0.8911081928046284
muscle_E_original_glcm_Autocorrelation_mean,muscle,0.04250988077793873,1.0434263661869634,0.5946659110341398,0.8911081928046284
vessels_H_original_firstorder_MeanAbsoluteDeviation_mean,vessels,-0.04410413800318577,0.9568543073875452,0.5947510681118892,0.8911081928046284
muscle_H_original_glcm_DifferenceEntropy_mean,muscle,0.047975016053551416,1.0491444432284447,0.5965485265611371,0.8920026910200622
muscle_E_original_firstorder_Median_std,muscle,-0.04711855436879308,0.9539742930658266,0.5973869450717216,0.8920026910200622
vessels_H_original_firstorder_RootMeanSquared_mean,vessels,-0.0431850825335833,0.9577341138058846,0.6001765448758161,0.8928189360878647
tumor_H_original_firstorder_Kurtosis_mean,tumor,-0.04455299536656287,0.9564249126616968,0.6008598253878338,0.8928189360878647
dcis_H_original_firstorder_Variance_std,dcis,0.04258181472577513,1.0435014266644256,0.6009946895494311,0.8928189360878647
tdlu_H_original_glcm_Imc2_mean,tdlu,0.047390984342854305,1.0485318884976027,0.6060998308625412,0.8988768678046161
muscle_H_original_firstorder_RootMeanSquared_std,muscle,0.04006817359987492,1.0408817324283652,0.6074688714143172,0.8993482065423172
tumor_E_original_firstorder_InterquartileRange_std,tumor,-0.04353682896118968,0.9573972934939001,0.6084733008834877,0.8993482065423172
dcis_E_original_glcm_SumEntropy_std,dcis,0.04228821598165606,1.0431951009266969,0.6124246869515759,0.9027082303773923
muscle_H_original_glcm_Contrast_mean,muscle,0.046856729964521636,1.0479718553587505,0.6194430999177223,0.9027082303773923
muscle_E_original_glcm_Contrast_mean,muscle,0.0489224149528654,1.0501388725054015,0.6222617500160377,0.9027082303773923
tdlu_H_original_firstorder_Uniformity_mean,tdlu,-0.04227236703993683,0.9586086516117405,0.6228296662406914,0.9027082303773923
dcis_H_original_firstorder_Entropy_mean,dcis,-0.04191427266792557,0.9589519854441316,0.6232015359213401,0.9027082303773923
tdlu_E_original_firstorder_Energy_mean,tdlu,0.03958111766852651,1.0403748882475057,0.6249863233227815,0.9027082303773923
tdlu_E_original_firstorder_TotalEnergy_mean,tdlu,0.03958111766852651,1.0403748882475057,0.6249863233227815,0.9027082303773923
tumor_H_original_glcm_DifferenceEntropy_mean,tumor,0.04393510321115524,1.0449145410896847,0.6251346956868431,0.9027082303773923
tils_H_original_glcm_ClusterProminence_mean,tils,-0.05512965916810596,0.9463624354321493,0.6255253266016028,0.9027082303773923
dcis_E_original_firstorder_Variance_mean,dcis,0.038907218730189035,1.0396740168995957,0.6266180899047419,0.9027082303773923
vessels_E_original_glcm_ClusterTendency_std,vessels,-0.04241340851815171,0.9584734575646958,0.6268478567197711,0.9027082303773923
adipose_E_original_firstorder_90Percentile_mean,adipose,0.04113075705036549,1.0419883439605904,0.6269260189466834,0.9027082303773923
tils_H_original_firstorder_Median_mean,tils,0.044363528763790246,1.0453623050893281,0.6270816423626714,0.9027082303773923
muscle_H_original_glcm_MaximumProbability_mean,muscle,-0.044078718750145726,0.95687863021844,0.6292529176323222,0.9027082303773923
tumor_E_original_firstorder_RobustMeanAbsoluteDeviation_std,tumor,-0.040951822242415545,0.9598753734768899,0.6292705703334586,0.9027082303773923
tumor_H_original_glcm_ClusterShade_std,tumor,-0.05375499313930228,0.9476642623066577,0.6300217173222182,0.9027082303773923
muscle_E_original_firstorder_TotalEnergy_mean,muscle,0.03818569321453088,1.0389241361300228,0.6310598130428549,0.9027082303773923
muscle_E_original_firstorder_Energy_mean,muscle,0.03818569321453088,1.0389241361300228,0.6310598130428549,0.9027082303773923
dcis_H_original_glcm_SumSquares_std,dcis,0.03941211203385364,1.040199073886447,0.6310963509507888,0.9027082303773923
vessels_E_original_firstorder_Variance_std,vessels,-0.04198374766512106,0.9588853645719015,0.6313799279896732,0.9027082303773923
dcis_H_original_glcm_ClusterTendency_std,dcis,0.03885255641366386,1.0396171874626294,0.6362183937746506,0.9080195798242712
tumor_H_original_firstorder_RootMeanSquared_mean,tumor,-0.04225608384326549,0.9586242609520301,0.6377215884258445,0.9080195798242712
adipose_H_original_firstorder_Variance_std,adipose,-0.04034451589676374,0.9604584889291724,0.6382080475336306,0.9080195798242712
adipose_H_original_glcm_SumSquares_mean,adipose,0.038788863867658833,1.0395509737057733,0.644565663595213,0.9150537263079783
tdlu_H_original_glcm_JointEntropy_mean,tdlu,0.039828015592426276,1.0406317863599917,0.6456365042020028,0.9150537263079783
vessels_H_original_firstorder_10Percentile_mean,vessels,-0.040264232481951545,0.9605356009118142,0.6464305879744743,0.9150537263079783
dcis_E_original_glcm_Autocorrelation_std,dcis,0.038517747399717965,1.039269172519735,0.647335150382444,0.9150537263079783
dcis_H_original_firstorder_InterquartileRange_std,dcis,-0.03965111717587846,0.9611247005653145,0.6500940234436381,0.9170002495046434
dcis_H_original_firstorder_Mean_std,dcis,-0.03641184976035495,0.964243088409445,0.6512305504443844,0.9170002495046434
tumor_E_original_firstorder_MeanAbsoluteDeviation_std,tumor,-0.03788241767260216,0.9628261455747101,0.6532872545869306,0.9170002495046434
stroma_E_original_glcm_Autocorrelation_std,stroma,-0.04146597323291332,0.9593819794532444,0.6542155916939238,0.9170002495046434
dcis_H_original_glcm_JointEnergy_mean,dcis,-0.038208342288190096,0.9625123879667771,0.6554201525041474,0.9170002495046434
muscle_H_original_glcm_JointEntropy_mean,muscle,0.039928856498590765,1.040736729903524,0.65632731965319,0.9170002495046434
muscle_H_original_firstorder_10Percentile_mean,muscle,0.04134538389634982,1.0422120066335554,0.6570183642464706,0.9170002495046434
dcis_H_original_firstorder_Skewness_mean,dcis,-0.04730470839622505,0.9537967234372694,0.6570961787878988,0.9170002495046434
tumor_H_original_firstorder_Kurtosis_std,tumor,0.026997609922258036,1.0273653472775055,0.6589765370663045,0.9176284616026231
tumor_H_original_firstorder_Mean_mean,tumor,-0.039979278529418356,0.9608093483286948,0.6601301374167512,0.9176284616026231
adipose_E_original_firstorder_Variance_mean,adipose,-0.036919374549304204,0.9637538353040456,0.6606924923538887,0.9176284616026231
vessels_E_original_firstorder_InterquartileRange_std,vessels,-0.03826104508301239,0.9624616622105865,0.6642485207572212,0.9211053180072402
tils_E_original_firstorder_Variance_std,tils,-0.03466083325018487,0.9659329730532493,0.6663742844851609,0.9216450974749079
vessels_H_original_firstorder_90Percentile_mean,vessels,-0.03537915010868469,0.9652393762554842,0.6673991395508079,0.9216450974749079
vessels_E_original_firstorder_Mean_std,vessels,-0.03831005522818725,0.9624144929806911,0.6687508593565088,0.9216450974749079
tdlu_H_original_glcm_SumEntropy_mean,tdlu,0.03672098060497913,1.0374035247486555,0.668851013596076,0.9216450974749079
muscle_H_original_glcm_JointEnergy_mean,muscle,-0.03778770640774789,0.9629173403753116,0.6726291016186452,0.9244277007021756
adipose_H_original_firstorder_InterquartileRange_std,adipose,-0.03620124638429129,0.9644461826446252,0.673047676818072,0.9244277007021756
muscle_H_original_firstorder_Mean_mean,muscle,0.03857220946261066,1.0393257748040956,0.6740398549119864,0.9244277007021756
dcis_E_original_firstorder_Energy_std,dcis,0.035106922065981656,1.0357304453184426,0.6774719574344784,0.9262311918049508
dcis_E_original_firstorder_TotalEnergy_std,dcis,0.035106922065981656,1.0357304453184426,0.6774719574344784,0.9262311918049508
stroma_E_original_firstorder_TotalEnergy_std,stroma,-0.03784023343536082,0.9628667625179487,0.6803109269278196,0.9272150483829317
stroma_E_original_firstorder_Energy_std,stroma,-0.03784023343536082,0.9628667625179487,0.6803109269278196,0.9272150483829317
vessels_H_original_firstorder_Mean_mean,vessels,-0.03385106288251319,0.966715473732157,0.6815108137563332,0.927405850757063
muscle_H_original_glcm_SumEntropy_mean,muscle,0.03643932721808846,1.0371113776763752,0.6827525883391986,0.9276529732869545
muscle_H_original_firstorder_Uniformity_mean,muscle,-0.0360254144492357,0.9646157779928788,0.6859107237755613,0.9291062201922874
stroma_H_original_firstorder_Skewness_std,stroma,-0.034423829437271555,0.9661619299816424,0.686234583951288,0.9291062201922874
dcis_E_original_firstorder_90Percentile_std,dcis,0.032835158296875624,1.0333801810516046,0.687661165055309,0.9291062201922874
dcis_E_original_firstorder_InterquartileRange_std,dcis,-0.03305906624117606,0.9674814124108753,0.6880695207824026,0.9291062201922874
adipose_H_original_glcm_ClusterTendency_mean,adipose,0.0333254836031151,1.0338869977477123,0.6913582444654645,0.9303814082381473
dcis_E_original_firstorder_Variance_std,dcis,-0.03300602387412122,0.9675327312760962,0.6922474850244269,0.9303814082381473
tumor_H_original_firstorder_Energy_std,tumor,0.032144140304714956,1.0326663434194845,0.693267060767168,0.9303814082381473
tumor_H_original_firstorder_TotalEnergy_std,tumor,0.032144140304714956,1.0326663434194845,0.693267060767168,0.9303814082381473
tumor_E_original_glcm_ClusterTendency_std,tumor,0.03188449366458859,1.0323982498793436,0.6990655800852918,0.9332457346414108
tdlu_H_original_firstorder_Entropy_mean,tdlu,0.03283194733515527,1.033376862912728,0.6991892465117722,0.9332457346414108
muscle_H_original_firstorder_Entropy_mean,muscle,0.034048974839193655,1.0346352765836284,0.7019545444893517,0.9332457346414108
dcis_H_original_firstorder_RobustMeanAbsoluteDeviation_mean,dcis,0.030434650361582955,1.0309025187406167,0.7019993310395566,0.9332457346414108
tumor_H_original_glcm_Autocorrelation_std,tumor,0.031163267255411606,1.0316539254422277,0.703527909635622,0.9332457346414108
adipose_H_original_firstorder_TotalEnergy_std,adipose,0.03208458079805242,1.0326048401530936,0.7047593087006179,0.9332457346414108
adipose_H_original_firstorder_Energy_std,adipose,0.03208458079805242,1.0326048401530936,0.7047593087006179,0.9332457346414108
vessels_E_original_glcm_SumAverage_std,vessels,-0.034155362963202616,0.9664213468891774,0.7062151712538807,0.9332457346414108
vessels_E_original_glcm_JointAverage_std,vessels,-0.034155362963202616,0.9664213468891774,0.7062151712538807,0.9332457346414108
tdlu_H_original_glcm_MaximumProbability_mean,tdlu,-0.032556539378371545,0.967967719990953,0.7065997476107196,0.9332457346414108
adipose_H_original_glcm_Autocorrelation_std,adipose,0.03187666491494147,1.0323901675235467,0.7071336252197205,0.9332457346414108
tils_H_original_glcm_ClusterTendency_mean,tils,-0.03349073010554025,0.9670638757699169,0.7083166159741321,0.9333991550863939
stroma_H_original_firstorder_Entropy_mean,stroma,-0.031016385607306587,0.9694596877601378,0.7095998403237269,0.9336840004259566
muscle_E_original_firstorder_MeanAbsoluteDeviation_std,muscle,-0.03369525776167941,0.9668661046875862,0.7118753745402573,0.9352717007848727
tdlu_E_original_firstorder_10Percentile_std,tdlu,-0.03433654899070646,0.9662462607065035,0.7141416549626088,0.93684250088798
tumor_H_original_firstorder_Variance_std,tumor,-0.04145376633770469,0.9593936906000109,0.7176045719273709,0.9377956994524306
tumor_H_original_firstorder_Skewness_std,tumor,-0.03030999437227356,0.9701447475179072,0.7185096815945229,0.9377956994524306
muscle_H_original_glcm_SumAverage_mean,muscle,0.033431713214133164,1.0339968329950944,0.7191553306658063,0.9377956994524306
muscle_H_original_glcm_JointAverage_mean,muscle,0.03343171321413311,1.0339968329950942,0.7191553306658067,0.9377956994524306
stroma_E_original_glcm_DifferenceVariance_mean,stroma,0.03234436986963398,1.0328731344542825,0.7232574305708727,0.9401931288080428
dcis_E_original_firstorder_RobustMeanAbsoluteDeviation_std,dcis,-0.02899352543597104,0.9714227539850637,0.7237325489991298,0.9401931288080428
tumor_H_original_glcm_SumSquares_std,tumor,-0.040447282156935396,0.9603597912736963,0.7243734919693099,0.9401931288080428
tils_E_original_glcm_SumSquares_std,tils,-0.028102718730107886,0.9722884894327635,0.725309719925886,0.9401931288080428
tdlu_E_original_glcm_ClusterProminence_std,tdlu,0.03411004297594609,1.0346984617614687,0.7263663486562708,0.9401931288080428
tumor_E_original_firstorder_Energy_std,tumor,0.029236285828359257,1.0296678616573318,0.7305949286915967,0.941890699398162
tumor_E_original_firstorder_TotalEnergy_std,tumor,0.029236285828359257,1.0296678616573318,0.7305949286915967,0.941890699398162
dcis_E_original_firstorder_Entropy_std,dcis,0.02861047596870059,1.0290236869438,0.7309071827329736,0.941890699398162
tumor_E_original_glcm_Autocorrelation_std,tumor,0.02869494022637466,1.0291106063363862,0.7366012077785162,0.9434173505541535
tumor_H_original_glcm_ClusterTendency_std,tumor,-0.03802281016972061,0.9626909814960752,0.7386931682307827,0.9434173505541535
dcis_H_original_firstorder_Variance_mean,dcis,0.02611247996582327,1.0264563977609937,0.7405325239680266,0.9434173505541535
tumor_E_original_glcm_SumSquares_std,tumor,0.02700938559766352,1.027377445269589,0.7410436282637596,0.9434173505541535
tils_E_original_firstorder_Mean_std,tils,0.02654236607828015,1.0268977519706595,0.7417471789624264,0.9434173505541535
dcis_H_original_glcm_SumSquares_mean,dcis,0.02608057143117183,1.0264236455639977,0.7421595987111484,0.9434173505541535
adipose_H_original_glcm_ClusterTendency_std,adipose,-0.02785747622205757,0.9725269651414556,0.742731866002579,0.9434173505541535
tdlu_H_original_firstorder_10Percentile_mean,tdlu,-0.02993775982834121,0.9705059361248156,0.7434169930987335,0.9434173505541535
dcis_E_original_firstorder_MeanAbsoluteDeviation_std,dcis,-0.02688460977993133,0.973473564372557,0.7443449885229989,0.9434173505541535
tumor_H_original_firstorder_10Percentile_mean,tumor,-0.03079978040849055,0.9696697005126551,0.7443943120745355,0.9434173505541535
adipose_H_original_glcm_SumSquares_std,adipose,-0.027571842751934035,0.9728047910696007,0.7449604443510744,0.9434173505541535
stroma_E_original_glcm_Contrast_mean,stroma,0.03009053130325104,1.030547826568304,0.7450301591233373,0.9434173505541535
dcis_H_original_glcm_MaximumProbability_mean,dcis,-0.027260536575902976,0.973107678352028,0.7484068730246773,0.9449603186965342
tils_H_original_firstorder_Variance_mean,tils,-0.02874508817980505,0.9716641215697498,0.748408572407655,0.9449603186965342
tils_H_original_glcm_SumSquares_mean,tils,-0.028258727304645664,0.9721368159229792,0.7519235506371004,0.9476662085167612
dcis_H_original_glcm_ClusterTendency_mean,dcis,0.024939860431784637,1.025253460369922,0.753764698088154,0.9476662085167612
muscle_H_original_firstorder_Skewness_mean,muscle,-0.026506356953793466,0.9738418531481955,0.7551056892761537,0.9476662085167612
dcis_E_original_glcm_SumSquares_std,dcis,-0.02577732837365306,0.9745520705446118,0.7572252655057092,0.9476662085167612
tumor_H_original_glcm_Contrast_mean,tumor,0.028611922445740696,1.0290251754040136,0.7572545265248175,0.9476662085167612
vessels_E_original_glcm_Autocorrelation_std,vessels,-0.027919414564948185,0.9724667302982607,0.758042970965018,0.9476662085167612
dcis_H_original_firstorder_RootMeanSquared_std,dcis,-0.024821416136663384,0.9754841021936865,0.7600970251909259,0.9476662085167612
vessels_E_original_firstorder_Energy_std,vessels,-0.027458438059897436,0.9729151179530185,0.7613816569801832,0.9476662085167612
vessels_E_original_firstorder_TotalEnergy_std,vessels,-0.027458438059897436,0.9729151179530185,0.7613816569801832,0.9476662085167612
stroma_E_original_glcm_ClusterTendency_std,stroma,0.026183892834972234,1.0265297025748366,0.7631444693520674,0.9476662085167612
adipose_E_original_glcm_Imc1_mean,adipose,-0.028769137262459596,0.9716407542199604,0.7633199089770188,0.9476662085167612
dcis_E_original_glcm_ClusterTendency_std,dcis,-0.025138056855177695,0.9751752731031815,0.7635482022906476,0.9476662085167612
tils_H_original_firstorder_Mean_mean,tils,0.02595848186001213,1.0262983375908366,0.7673787619363777,0.9482929389383754
vessels_H_original_firstorder_Median_mean,vessels,-0.02438378297859271,0.9759110998093199,0.767427103984508,0.9482929389383754
stroma_H_original_glcm_SumEntropy_mean,stroma,-0.024757890269506155,0.9755460726355187,0.7687969386284912,0.9482929389383754
dcis_H_original_glcm_JointAverage_std,dcis,-0.02338889957406115,0.9768825007020081,0.7694719847385673,0.9482929389383754
dcis_H_original_glcm_SumAverage_std,dcis,-0.023388899574061123,0.9768825007020081,0.7694719847385675,0.9482929389383754
adipose_E_original_glcm_Autocorrelation_mean,adipose,0.023739569803496532,1.024023596494517,0.7742921839960775,0.9528912250303345
tils_H_original_glcm_JointAverage_mean,tils,0.024921581940654074,1.0252347204549093,0.7785880903038651,0.9533999781552799
tils_H_original_glcm_SumAverage_mean,tils,0.02492158194065406,1.0252347204549093,0.7785880903038652,0.9533999781552799
tils_E_original_firstorder_RootMeanSquared_std,tils,-0.023035724576190807,0.977227572108823,0.7815302313316435,0.9533999781552799
dcis_E_original_glcm_ClusterShade_mean,dcis,-0.023747070082168375,0.9765326728531196,0.7822640759502129,0.9533999781552799
tumor_H_original_firstorder_Median_mean,tumor,-0.025564878302221778,0.97475913619639,0.7823701211980398,0.9533999781552799
tils_H_original_firstorder_RootMeanSquared_mean,tils,0.0236564260544714,1.0239384588729938,0.7849031882400083,0.9533999781552799
muscle_H_original_firstorder_90Percentile_std,muscle,-0.022251342370129382,0.9779943927285666,0.7882096777340493,0.9533999781552799
dcis_H_original_firstorder_90Percentile_mean,dcis,-0.022325694125958577,0.9779216798314754,0.7885014863908584,0.9533999781552799
muscle_H_original_firstorder_RootMeanSquared_mean,muscle,0.024477676548065132,1.0247797142311597,0.7886437328062963,0.9533999781552799
muscle_E_original_firstorder_RobustMeanAbsoluteDeviation_std,muscle,-0.02424896408216192,0.9760426799363552,0.788695880046095,0.9533999781552799
tdlu_H_original_firstorder_Energy_mean,tdlu,-0.022497154162816935,0.9777540197181223,0.790872222969614,0.9533999781552799
tdlu_H_original_firstorder_TotalEnergy_mean,tdlu,-0.022497154162816935,0.9777540197181223,0.790872222969614,0.9533999781552799
tdlu_H_original_glcm_Autocorrelation_mean,tdlu,-0.022339298687421866,0.9779083757263743,0.7924414950752867,0.9533999781552799
adipose_H_original_glcm_ClusterShade_std,adipose,-0.022108521322075532,0.978134080887694,0.7935757578574085,0.9533999781552799
tils_E_original_glcm_ClusterTendency_std,tils,-0.0207036057442492,0.9795092424619051,0.796463642140922,0.9533999781552799
muscle_H_original_firstorder_Energy_mean,muscle,0.024235409220537525,1.0245314736599924,0.7976970225278599,0.9533999781552799
muscle_H_original_firstorder_TotalEnergy_mean,muscle,0.024235409220537525,1.0245314736599924,0.7976970225278599,0.9533999781552799
adipose_E_original_glcm_ClusterShade_mean,adipose,-0.02109439122555285,0.9791265392534473,0.7981499437556876,0.9533999781552799
stroma_H_original_glcm_MaximumProbability_mean,stroma,0.022072256675863395,1.0223176510768717,0.7982633985600791,0.9533999781552799
adipose_H_original_glcm_SumEntropy_std,adipose,-0.02187868387955318,0.9783589185603573,0.7990976539668246,0.9533999781552799
adipose_E_original_firstorder_RobustMeanAbsoluteDeviation_mean,adipose,-0.02172646527189442,0.9785078543278412,0.7994947116772608,0.9533999781552799
tumor_E_original_glcm_ClusterShade_std,tumor,0.020072501624137935,1.020275308962257,0.8000873826804361,0.9533999781552799
muscle_H_original_firstorder_90Percentile_mean,muscle,0.022715985896930985,1.0229759586852722,0.8001998342417335,0.9533999781552799
stroma_H_original_glcm_JointEntropy_mean,stroma,-0.021547299815582354,0.9786831848401834,0.8008559816504351,0.9533999781552799
muscle_H_original_glcm_Autocorrelation_mean,muscle,0.023698465703703344,1.0239815057914723,0.8024749092901879,0.9540292739523294
tils_H_original_firstorder_10Percentile_mean,tils,0.021370650516893165,1.021600638276163,0.8053621549805037,0.9553366827729143
dcis_E_original_firstorder_Skewness_std,dcis,0.021438370646093916,1.02166982354597,0.8057582535844695,0.9553366827729143
tils_E_original_glcm_ClusterShade_std,tils,0.01821587989090373,1.0183828010290648,0.8097841568152897,0.9588107404781847
adipose_H_original_firstorder_Variance_mean,adipose,0.020302614149230257,1.0205101141046578,0.812357394188419,0.9602039074880744
muscle_E_original_firstorder_10Percentile_std,muscle,-0.02081340417027165,0.9794016997929242,0.813155537655615,0.9602039074880744
dcis_H_original_firstorder_RobustMeanAbsoluteDeviation_std,dcis,0.0194159344116908,1.0196056495089998,0.8143732754055092,0.9603458436385721
tumor_H_original_firstorder_Entropy_mean,tumor,-0.019477524769249938,0.9807109366455721,0.8165954059413817,0.9605316943772876
adipose_E_original_glcm_ClusterTendency_mean,adipose,-0.01923033650355277,0.9809533868453394,0.8167263778476594,0.9605316943772876
vessels_E_original_firstorder_10Percentile_std,vessels,0.020370925609288854,1.0205798290216934,0.819157017576591,0.9620971682946539
stroma_H_original_firstorder_Kurtosis_std,stroma,0.0157069818185001,1.015830984844496,0.8211044087541423,0.9630916322518425
vessels_H_original_firstorder_10Percentile_std,vessels,-0.018054668097444236,0.9821073409508947,0.8281164453301663,0.9640044876384845
tils_H_original_firstorder_10Percentile_std,tils,-0.02036581868928156,0.9798401638915709,0.8294500401805566,0.9640044876384845
dcis_E_original_glcm_Imc2_std,dcis,-0.01793915470260971,0.9822207940564904,0.8299100479107488,0.9640044876384845
stroma_H_original_firstorder_Kurtosis_mean,stroma,-0.0177566302750111,0.9824000897071212,0.8317874947464852,0.9640044876384845
tils_H_original_glcm_ClusterShade_mean,tils,-0.020981274905074683,0.9792373007091962,0.8329687967127868,0.9640044876384845
muscle_H_original_firstorder_InterquartileRange_mean,muscle,0.01905422380231369,1.019236914019981,0.8333803645454622,0.9640044876384845
adipose_E_original_glcm_SumSquares_mean,adipose,-0.017309130619574845,0.9828398117891678,0.8340559041523017,0.9640044876384845
tils_H_original_firstorder_Skewness_mean,tils,0.017839086288909067,1.0179991531878207,0.8349649776580245,0.9640044876384845
adipose_E_original_firstorder_TotalEnergy_mean,adipose,0.017220443917080244,1.0173695705405033,0.8349920888369763,0.9640044876384845
adipose_E_original_firstorder_Energy_mean,adipose,0.017220443917080244,1.0173695705405033,0.8349920888369763,0.9640044876384845
dcis_H_original_glcm_Autocorrelation_mean,dcis,0.015383050184097509,1.015501978343982,0.8359043480993376,0.9640044876384845
muscle_H_original_firstorder_Variance_mean,muscle,-0.019316816041988354,0.9808685581172457,0.8365432744836492,0.9640044876384845
dcis_H_original_firstorder_Energy_mean,dcis,0.015209629686453561,1.0153258847550994,0.8378894492735586,0.9640044876384845
dcis_H_original_firstorder_TotalEnergy_mean,dcis,0.015209629686453561,1.0153258847550994,0.8378894492735586,0.9640044876384845
tdlu_H_original_glcm_Autocorrelation_std,tdlu,-0.01882877702753991,0.9813473770733145,0.8384084743918705,0.9640044876384845
stroma_H_original_firstorder_Uniformity_mean,stroma,0.016691831077228273,1.0168319180401681,0.8436273216979034,0.9687321607423431
vessels_H_original_glcm_JointEntropy_mean,vessels,0.016519805421317865,1.0166570119071192,0.8458627629232558,0.9700261042697887
tumor_E_original_glcm_SumAverage_std,tumor,0.016253563622125527,1.0163863713446213,0.8490175862514534,0.9708881922738153
tumor_E_original_glcm_JointAverage_std,tumor,0.016253563622125454,1.0163863713446213,0.8490175862514541,0.9708881922738153
tumor_E_original_firstorder_Variance_std,tumor,0.015594009365234682,1.0157162304082021,0.8499432631791344,0.9708881922738153
vessels_H_original_glcm_JointEnergy_mean,vessels,-0.015817689128326255,0.9843067535206811,0.8524163043841826,0.9712310663253662
tumor_E_original_firstorder_90Percentile_std,tumor,-0.015083848515725883,0.9850293428919573,0.8550701373569575,0.9712310663253662
muscle_H_original_glcm_ClusterShade_std,muscle,-0.016029323405188423,0.9840984625142248,0.8557575107099615,0.9712310663253662
tumor_E_original_glcm_ClusterShade_mean,tumor,0.014712582729087554,1.014821345513582,0.8571157259810487,0.9712310663253662
tdlu_H_original_firstorder_Energy_std,tdlu,-0.016464310973840476,0.9836704850058978,0.8579609310539633,0.9712310663253662
tdlu_H_original_firstorder_TotalEnergy_std,tdlu,-0.016464310973840476,0.9836704850058978,0.8579609310539633,0.9712310663253662
muscle_H_original_glcm_ClusterTendency_mean,muscle,-0.016688894140590486,0.9834495939784683,0.8580132734508663,0.9712310663253662
tils_E_original_glcm_ClusterShade_mean,tils,-0.014033927069985633,0.9860640894299805,0.8608170133772703,0.9731458484562164
vessels_E_original_glcm_ClusterShade_std,vessels,0.014370478900282188,1.0144742306237802,0.8635983005146857,0.9734761456814998
dcis_H_original_glcm_SumEntropy_mean,dcis,-0.014312797144254215,0.9857891440029353,0.8662518942130553,0.9734761456814998
stroma_H_original_firstorder_Skewness_mean,stroma,0.01377046803885294,1.013865717642221,0.8677206545491758,0.9734761456814998
tils_E_original_glcm_ClusterProminence_std,tils,0.012781878944652336,1.0128639163172972,0.869411423088159,0.9734761456814998
tils_H_original_firstorder_Skewness_std,tils,0.013207236749392687,1.0132948375305961,0.8717579204629438,0.9734761456814998
adipose_H_original_glcm_ClusterProminence_std,adipose,0.012989653755197507,1.0130743857899882,0.8722762377281692,0.9734761456814998
dcis_H_original_firstorder_10Percentile_std,dcis,0.011230871350555664,1.011294174346845,0.873049761129093,0.9734761456814998
tumor_H_original_glcm_MaximumProbability_mean,tumor,0.013693837214580977,1.0137880272533542,0.8746451048241011,0.9734761456814998
muscle_E_original_firstorder_InterquartileRange_std,muscle,-0.014055188823492486,0.9860431242012486,0.8749607787690993,0.9734761456814998
tumor_E_original_firstorder_Skewness_std,tumor,-0.015684860537929057,0.98443750628293,0.8755248208642146,0.9734761456814998
tils_H_original_firstorder_RobustMeanAbsoluteDeviation_mean,tils,-0.01358099779908366,0.9865108078773621,0.8778656567659614,0.9734761456814998
dcis_H_original_firstorder_InterquartileRange_mean,dcis,0.012731996602750687,1.012813393553231,0.8796091938943935,0.9734761456814998
muscle_H_original_glcm_SumSquares_mean,muscle,-0.014030984962573854,0.9860669905407141,0.8803480074051194,0.9734761456814998
tumor_H_original_glcm_SumEntropy_mean,tumor,-0.012511677450526545,0.9875662681703092,0.8825169847158015,0.9734761456814998
muscle_H_original_firstorder_RobustMeanAbsoluteDeviation_mean,muscle,0.013278326219637746,1.0133668746843094,0.8831969716592798,0.9734761456814998
tils_H_original_firstorder_Energy_mean,tils,-0.014556653094202891,0.9855487827627257,0.8849151198780834,0.9734761456814998
tils_H_original_firstorder_TotalEnergy_mean,tils,-0.014556653094202891,0.9855487827627257,0.8849151198780834,0.9734761456814998
tumor_H_original_glcm_JointAverage_std,tumor,0.011787826528922303,1.01185757675448,0.8853954120620975,0.9734761456814998
tumor_H_original_glcm_SumAverage_std,tumor,0.011787826528922232,1.01185757675448,0.8853954120620982,0.9734761456814998
dcis_E_original_glcm_DifferenceEntropy_std,dcis,0.01226257048860438,1.0123380640723043,0.8857842464715467,0.9734761456814998
adipose_H_original_glcm_JointAverage_std,adipose,0.012462630895760688,1.012540613097927,0.8872394543138742,0.9734761456814998
adipose_H_original_glcm_SumAverage_std,adipose,0.01246263089576068,1.012540613097927,0.8872394543138742,0.9734761456814998
tumor_H_original_glcm_ClusterProminence_std,tumor,-0.015411123888092038,0.9847070197940537,0.8879883814145241,0.9734761456814998
tdlu_E_original_firstorder_Variance_std,tdlu,-0.013988437264821452,0.9861089463135457,0.8887052935116667,0.9734761456814998
tdlu_E_original_glcm_SumSquares_std,tdlu,-0.01402421571878841,0.986073665491154,0.8889227890280209,0.9734761456814998
muscle_H_original_firstorder_Variance_std,muscle,-0.012263354438874344,0.9878115340515482,0.8908607666614717,0.9743789635359847
tumor_E_original_firstorder_Mean_std,tumor,0.011374637980890357,1.0114395751542098,0.8925128170176475,0.9748122689505192
tumor_H_original_firstorder_Median_std,tumor,0.01099890473139863,1.0110596150622626,0.8939895204111635,0.9748122689505192
muscle_H_original_glcm_SumSquares_std,muscle,-0.011744912136202355,0.9883237901140004,0.8945991451054479,0.9748122689505192
dcis_H_original_firstorder_Uniformity_mean,dcis,-0.010963799334339521,0.9890960840639225,0.8970645035469764,0.9762828863228911
muscle_E_original_glcm_ClusterShade_std,muscle,-0.010334573142468348,0.989718645071598,0.9006702216796865,0.9789893713909635
stroma_H_original_glcm_JointEnergy_mean,stroma,0.010368587647510773,1.010422527718671,0.9040509806600463,0.9792860707004576
stroma_E_original_glcm_SumSquares_std,stroma,0.010119114412697037,1.0101704857823182,0.9074469793113391,0.9792860707004576
vessels_H_original_glcm_SumEntropy_mean,vessels,0.009637722557730303,1.0096843149670587,0.9088105578487232,0.9792860707004576
tdlu_H_original_glcm_ClusterTendency_mean,tdlu,-0.009328847126318233,0.9907145315721531,0.9088869712410426,0.9792860707004576
tdlu_H_original_firstorder_Variance_mean,tdlu,-0.009247238488604271,0.9907953857345922,0.9103291393272301,0.9792860707004576
tils_H_original_glcm_Autocorrelation_mean,tils,-0.010880074504921523,0.9891788994316416,0.9128936944468669,0.9792860707004576
muscle_H_original_glcm_ClusterTendency_std,muscle,-0.00957135694114469,0.9904743027046621,0.9137268646445647,0.9792860707004576
muscle_H_original_glcm_ClusterProminence_std,muscle,0.008693414769557286,1.0087313122396053,0.913987028036343,0.9792860707004576
tumor_E_original_firstorder_Kurtosis_std,tumor,0.010139932617929804,1.0101915159377155,0.9148131004147098,0.9792860707004576
stroma_H_original_glcm_DifferenceEntropy_mean,stroma,0.00964814490383392,1.0096948383012836,0.9151733929340709,0.9792860707004576
vessels_E_original_glcm_ClusterProminence_std,vessels,-0.008510810519778738,0.9915253039011191,0.9194677540551878,0.9792860707004576
dcis_H_original_firstorder_Mean_mean,dcis,0.0078015989501903655,1.0078321107185273,0.9206157378155487,0.9792860707004576
vessels_H_original_firstorder_Uniformity_mean,vessels,-0.008252808320263042,0.9917811526137471,0.9217336140661507,0.9792860707004576
tumor_H_original_firstorder_Uniformity_mean,tumor,0.00826765516949219,1.0083019266135456,0.9219729285596229,0.9792860707004576
adipose_E_original_firstorder_InterquartileRange_mean,adipose,-0.008139228554917251,0.9918938052817461,0.9241635309206405,0.9792860707004576
dcis_H_original_firstorder_Median_std,dcis,-0.007644812578343846,0.9923843346789346,0.9243901056377921,0.9792860707004576
muscle_E_original_firstorder_10Percentile_mean,muscle,0.007801645672452695,1.0078321578067246,0.9247276591982991,0.9792860707004576
vessels_H_original_glcm_MaximumProbability_mean,vessels,-0.00787624394558584,0.9921546923897698,0.9260196829520938,0.9792860707004576
tumor_H_original_firstorder_RootMeanSquared_std,tumor,-0.0077575189207407655,0.9922724929730742,0.9269193616643236,0.9792860707004576
tdlu_H_original_glcm_JointAverage_mean,tdlu,-0.007757934324286386,0.992272080779648,0.9270310328258728,0.9792860707004576
tdlu_H_original_glcm_SumAverage_mean,tdlu,-0.007757934324286373,0.992272080779648,0.927031032825873,0.9792860707004576
tdlu_H_original_firstorder_MeanAbsoluteDeviation_mean,tdlu,0.007626881526894757,1.0076560402707633,0.9271822336196683,0.9792860707004576
tdlu_H_original_firstorder_InterquartileRange_mean,tdlu,0.007577267324019908,1.0076060474597404,0.9275536654851932,0.9792860707004576
tdlu_H_original_glcm_SumSquares_mean,tdlu,-0.00691956948460173,0.9931043156130407,0.9324122571175131,0.9792860707004576
dcis_E_original_glcm_ClusterProminence_mean,dcis,-0.006761184072457276,0.9932616213065062,0.9360936797881675,0.9792860707004576
dcis_H_original_glcm_Autocorrelation_std,dcis,0.00603558549416418,1.0060538363399976,0.9373835455206043,0.9792860707004576
tdlu_H_original_firstorder_Variance_std,tdlu,-0.007314172685510156,0.9927125107800684,0.9377430993726354,0.9792860707004576
muscle_E_original_firstorder_Variance_std,muscle,-0.006976657113364419,0.9930476232607797,0.9381994143752521,0.9792860707004576
adipose_H_original_firstorder_Mean_std,adipose,-0.006873081457870316,0.9931504841461456,0.9388395486431933,0.9792860707004576
muscle_E_original_glcm_ClusterProminence_std,muscle,-0.006879921894092766,0.993143690586835,0.9390119129661305,0.9792860707004576
tdlu_H_original_firstorder_RobustMeanAbsoluteDeviation_mean,tdlu,0.006321073374851605,1.0063410935198625,0.9394008266381881,0.9792860707004576
tumor_E_original_firstorder_RootMeanSquared_std,tumor,-0.006391050599707229,0.9936293287259638,0.9395533823617925,0.9792860707004576
dcis_H_original_firstorder_TotalEnergy_std,dcis,0.00568953991809302,1.0057057560899316,0.94102725322706,0.9792860707004576
dcis_H_original_firstorder_Energy_std,dcis,0.00568953991809302,1.0057057560899316,0.94102725322706,0.9792860707004576
tils_H_original_firstorder_InterquartileRange_mean,tils,-0.006608079220155456,0.9934137061224979,0.9413813826999258,0.9792860707004576
tumor_H_original_glcm_JointEntropy_mean,tumor,-0.006289891136063336,0.9937298488201122,0.9416725485896198,0.9792860707004576
tdlu_H_original_firstorder_Median_mean,tdlu,0.006011870381410208,1.0060299779427355,0.9436849479484184,0.9792860707004576
tdlu_H_original_glcm_ClusterProminence_mean,tdlu,0.005514648485524541,1.0055298821493777,0.9452956903918396,0.9792860707004576
muscle_H_original_firstorder_MeanAbsoluteDeviation_mean,muscle,0.006030619675068434,1.0060488404710501,0.9461246795618389,0.9792860707004576
dcis_H_original_glcm_JointAverage_mean,dcis,0.0051819721334425365,1.0051954217728882,0.9470820869200137,0.9792860707004576
dcis_H_original_glcm_SumAverage_mean,dcis,0.005181972133442527,1.0051954217728882,0.9470820869200138,0.9792860707004576
tdlu_H_original_firstorder_90Percentile_mean,tdlu,0.005423867349177756,1.005438603147314,0.9479489164380429,0.9792860707004576
dcis_H_original_firstorder_MeanAbsoluteDeviation_std,dcis,0.00519885477227448,1.0052123922674026,0.9511765016953772,0.9804997824855247
dcis_E_original_firstorder_Skewness_mean,dcis,-0.0054499424337025,0.9945648815603653,0.9524797068393547,0.9804997824855247
tdlu_E_original_glcm_ClusterTendency_std,tdlu,-0.005902744723600917,0.994114642246931,0.9524855029859384,0.9804997824855247
adipose_E_original_firstorder_MeanAbsoluteDeviation_mean,adipose,-0.004748653641013079,0.9952626033890601,0.9552207362411578,0.9821599814465488
tumor_E_original_firstorder_Median_std,tumor,0.004305974000235132,1.0043152580270902,0.9589619836154464,0.9847206992950726
tdlu_H_original_firstorder_Mean_mean,tdlu,0.004232094628865085,1.0042410625879599,0.9599620074270822,0.9847206992950726
dcis_H_original_firstorder_MeanAbsoluteDeviation_mean,dcis,0.0037254854943156047,1.0037324337412514,0.9644777579434914,0.9881944241224297
adipose_E_original_firstorder_10Percentile_std,adipose,0.0035748084629766068,1.003581205711458,0.9671591277004578,0.9892840091615837
tumor_H_original_glcm_JointEnergy_mean,tumor,-0.003451866759628102,0.9965540840832936,0.967802413534075,0.9892840091615837
tdlu_H_original_glcm_ClusterShade_mean,tdlu,-0.0031055611475091565,0.9968992561194486,0.9694741745362605,0.9896543217824301
stroma_E_original_firstorder_Variance_std,stroma,0.0031861887932841423,1.003191270088019,0.9704267521020857,0.9896543217824301
tdlu_H_original_glcm_SumSquares_std,tdlu,-0.0032553961733270275,0.9967498968835721,0.9720488736159208,0.9901545569428764
muscle_E_original_glcm_SumSquares_std,muscle,-0.0028619353762658994,0.9971421560567134,0.9745999814237213,0.9915988183090187
dcis_H_original_firstorder_RootMeanSquared_mean,dcis,0.0023930466883954893,1.0023959123100215,0.9759701012173081,0.9918395337574268
tumor_H_original_firstorder_Skewness_mean,tumor,-0.0021184333347235283,0.9978838089615087,0.9792421556048373,0.9918755324100093
vessels_E_original_firstorder_Median_std,vessels,0.0022604342829941793,1.0022629909906282,0.9795345726987035,0.9918755324100093
muscle_E_original_glcm_ClusterTendency_std,muscle,0.0022265401998765007,1.0022290207812037,0.9802371771438365,0.9918755324100093
dcis_H_original_glcm_JointEntropy_mean,dcis,-0.002035477334311076,0.997966592844839,0.9809473371629552,0.9918755324100093
tdlu_H_original_glcm_ClusterTendency_std,tdlu,-0.0021299976985462445,0.9978722691368147,0.9816733840766492,0.9918755324100093
tdlu_H_original_firstorder_RootMeanSquared_mean,tdlu,0.0017381770700222918,1.0017396885754135,0.9835049881574549,0.9923474669919601
dcis_H_original_firstorder_10Percentile_mean,dcis,-0.0013882600013508048,0.9986127031857952,0.9844086872560244,0.9923474669919601
tumor_H_original_firstorder_Mean_std,tumor,-0.0011372691924736423,0.9988633772530503,0.9889821777665246,0.9942063357604025
tdlu_E_original_firstorder_10Percentile_mean,tdlu,0.0010539834130198912,1.0010545390487304,0.989953931996622,0.9942063357604025
stroma_E_original_firstorder_10Percentile_std,stroma,0.0010398657946929083,1.001040406642582,0.9910695711507589,0.9942063357604025
adipose_H_original_glcm_JointEntropy_std,adipose,-0.0008781550614467301,0.9991222304038682,0.9917326549928237,0.9942063357604025
vessels_H_original_firstorder_Entropy_mean,vessels,0.0008418458198425705,1.0008422002714923,0.9919338641358073,0.9942063357604025
tils_H_original_firstorder_90Percentile_mean,tils,0.0003974456377677624,1.0003975246297498,0.996285856925545,0.9974257720936521
tils_H_original_firstorder_MeanAbsoluteDeviation_mean,tils,-0.00026242720323338235,0.9997376072277732,0.9975549485339014,0.9975549485339015
