feature,region,channel,feature_class,metric,stat,mean_importance,std_importance,ci_lo,ci_hi,cv,rank,median_rank,rank_q025,rank_q975,top20_pct,top50_pct,spearman_rho,spearman_p_value,direction
adipose_E_original_firstorder_RobustMeanAbsoluteDeviation_std,adipose,E,firstorder,RobustMeanAbsoluteDeviation,std,0.019964,0.003032,0.019777,0.020152,0.152,1,1.0,1.0,3.0,100.0,100.0,-0.3795,0.0,higher feature -> lower survival_target
adipose_E_original_firstorder_InterquartileRange_std,adipose,E,firstorder,InterquartileRange,std,0.019287,0.003135,0.019093,0.019481,0.163,2,2.0,1.0,4.0,100.0,100.0,-0.3756,0.0,higher feature -> lower survival_target
adipose_E_original_firstorder_Variance_std,adipose,E,firstorder,Variance,std,0.017137,0.002996,0.016951,0.017323,0.175,3,3.0,1.0,5.0,100.0,100.0,-0.3567,0.0,higher feature -> lower survival_target
adipose_E_original_firstorder_MeanAbsoluteDeviation_std,adipose,E,firstorder,MeanAbsoluteDeviation,std,0.014776,0.002977,0.014592,0.014961,0.201,4,4.0,2.0,8.0,100.0,100.0,-0.3527,0.0,higher feature -> lower survival_target
adipose_E_original_firstorder_RootMeanSquared_std,adipose,E,firstorder,RootMeanSquared,std,0.009926,0.002934,0.009744,0.010108,0.296,5,6.0,4.0,34.0,93.6,99.1,-0.2841,0.0,higher feature -> lower survival_target
adipose_E_original_firstorder_Median_std,adipose,E,firstorder,Median,std,0.007671,0.002333,0.007527,0.007816,0.304,6,10.0,5.0,52.0,81.0,97.2,-0.2606,0.0,higher feature -> lower survival_target
adipose_H_original_firstorder_Median_mean,adipose,H,firstorder,Median,mean,0.007572,0.002925,0.00739,0.007753,0.386,7,11.0,4.0,73.0,73.9,93.7,0.2155,0.0,higher feature -> higher survival_target
adipose_H_original_firstorder_Skewness_mean,adipose,H,firstorder,Skewness,mean,0.006751,0.002149,0.006618,0.006884,0.318,8,14.0,5.0,62.0,70.1,94.5,-0.2678,0.0,higher feature -> lower survival_target
adipose_E_original_firstorder_90Percentile_std,adipose,E,firstorder,90Percentile,std,0.006691,0.00232,0.006547,0.006835,0.347,9,14.0,5.0,82.1,65.8,90.8,-0.2731,0.0,higher feature -> lower survival_target
adipose_H_original_firstorder_Kurtosis_mean,adipose,H,firstorder,Kurtosis,mean,0.006587,0.002394,0.006439,0.006735,0.363,10,15.0,5.0,78.0,63.2,91.3,-0.2576,0.0,higher feature -> lower survival_target
tils_H_original_firstorder_90Percentile_std,tils,H,firstorder,90Percentile,std,0.005919,0.002259,0.005778,0.006059,0.382,11,20.0,5.0,97.0,51.4,86.7,-0.2776,0.0,higher feature -> lower survival_target
adipose_H_original_firstorder_Uniformity_mean,adipose,H,firstorder,Uniformity,mean,0.005656,0.001908,0.005538,0.005775,0.337,12,21.0,6.0,82.0,47.8,88.0,-0.2414,0.0,higher feature -> lower survival_target
stroma_H_original_firstorder_90Percentile_std,stroma,H,firstorder,90Percentile,std,0.005601,0.002404,0.005452,0.00575,0.429,13,23.0,5.0,131.0,45.0,79.0,-0.2399,0.0,higher feature -> lower survival_target
adipose_E_original_firstorder_Mean_std,adipose,E,firstorder,Mean,std,0.005206,0.001849,0.005092,0.005321,0.355,14,26.0,7.0,116.0,39.2,79.2,-0.2513,0.0,higher feature -> lower survival_target
adipose_E_original_firstorder_Uniformity_mean,adipose,E,firstorder,Uniformity,mean,0.005179,0.002243,0.00504,0.005318,0.433,15,29.0,5.0,135.0,36.2,75.4,-0.0376,0.344258,higher feature -> lower survival_target
muscle_E_original_firstorder_Median_std,muscle,E,firstorder,Median,std,0.005089,0.002082,0.00496,0.005218,0.409,16,28.0,6.0,154.1,37.4,73.7,-0.2444,0.0,higher feature -> lower survival_target
dcis_E_original_firstorder_10Percentile_mean,dcis,E,firstorder,10Percentile,mean,0.005075,0.002169,0.004941,0.00521,0.427,17,31.0,5.0,123.1,34.3,73.1,0.1404,0.000382,higher feature -> higher survival_target
tdlu_H_original_firstorder_Entropy_std,tdlu,H,firstorder,Entropy,std,0.004994,0.001976,0.004871,0.005116,0.396,18,29.0,6.0,158.0,36.5,74.7,-0.275,0.0,higher feature -> lower survival_target
muscle_E_original_firstorder_RobustMeanAbsoluteDeviation_std,muscle,E,firstorder,RobustMeanAbsoluteDeviation,std,0.004874,0.002071,0.004745,0.005002,0.425,19,30.0,7.0,187.1,34.9,69.4,-0.2432,0.0,higher feature -> lower survival_target
muscle_E_original_firstorder_Variance_std,muscle,E,firstorder,Variance,std,0.004836,0.00184,0.004722,0.00495,0.38,20,30.0,7.0,138.0,31.5,70.4,-0.244,0.0,higher feature -> lower survival_target
tils_H_original_firstorder_Variance_std,tils,H,firstorder,Variance,std,0.004803,0.001794,0.004692,0.004914,0.373,21,32.0,7.0,113.0,27.9,72.2,-0.2526,0.0,higher feature -> lower survival_target
adipose_H_original_firstorder_Mean_mean,adipose,H,firstorder,Mean,mean,0.004779,0.001627,0.004679,0.00488,0.34,22,32.0,8.0,100.1,28.7,73.5,0.2109,0.0,higher feature -> higher survival_target
adipose_H_original_firstorder_Entropy_mean,adipose,H,firstorder,Entropy,mean,0.004671,0.001475,0.00458,0.004763,0.316,23,33.0,11.0,104.0,24.1,74.6,0.2327,0.0,higher feature -> higher survival_target
stroma_H_original_firstorder_MeanAbsoluteDeviation_std,stroma,H,firstorder,MeanAbsoluteDeviation,std,0.00454,0.002216,0.004403,0.004678,0.488,24,40.0,6.0,191.2,26.1,59.2,-0.2224,0.0,higher feature -> lower survival_target
adipose_E_original_firstorder_TotalEnergy_std,adipose,E,firstorder,TotalEnergy,std,0.004465,0.001558,0.004368,0.004561,0.349,25,36.5,9.0,133.1,23.1,64.8,-0.2395,0.0,higher feature -> lower survival_target
adipose_E_original_firstorder_Energy_std,adipose,E,firstorder,Energy,std,0.004462,0.00155,0.004366,0.004559,0.347,26,37.0,9.0,128.0,22.4,65.5,-0.2395,0.0,higher feature -> lower survival_target
muscle_E_original_firstorder_InterquartileRange_std,muscle,E,firstorder,InterquartileRange,std,0.004459,0.00194,0.004339,0.004579,0.435,27,38.0,9.0,210.0,25.5,61.7,-0.2404,0.0,higher feature -> lower survival_target
tils_H_original_firstorder_Mean_std,tils,H,firstorder,Mean,std,0.004431,0.001951,0.00431,0.004552,0.44,28,39.0,7.0,186.0,23.6,61.1,-0.2305,0.0,higher feature -> lower survival_target
tdlu_H_original_firstorder_90Percentile_std,tdlu,H,firstorder,90Percentile,std,0.004409,0.001846,0.004295,0.004524,0.419,29,40.0,7.0,172.1,25.0,60.6,-0.263,0.0,higher feature -> lower survival_target
adipose_H_original_firstorder_InterquartileRange_mean,adipose,H,firstorder,InterquartileRange,mean,0.004369,0.001376,0.004284,0.004454,0.315,30,38.0,11.0,119.0,18.1,66.2,0.2282,0.0,higher feature -> higher survival_target
muscle_E_original_firstorder_MeanAbsoluteDeviation_std,muscle,E,firstorder,MeanAbsoluteDeviation,std,0.004294,0.001919,0.004175,0.004413,0.447,31,42.0,8.0,237.1,24.1,56.7,-0.2339,0.0,higher feature -> lower survival_target
tils_H_original_firstorder_RootMeanSquared_std,tils,H,firstorder,RootMeanSquared,std,0.004255,0.001821,0.004142,0.004368,0.428,32,44.0,8.0,169.0,19.6,56.3,-0.2477,0.0,higher feature -> lower survival_target
tils_E_original_firstorder_Median_mean,tils,E,firstorder,Median,mean,0.004209,0.001257,0.004131,0.004287,0.299,33,40.0,11.0,120.0,15.8,66.8,0.1331,0.000767,higher feature -> higher survival_target
tils_H_original_firstorder_MeanAbsoluteDeviation_std,tils,H,firstorder,MeanAbsoluteDeviation,std,0.004197,0.001708,0.004091,0.004303,0.407,34,45.0,9.0,164.0,18.8,55.7,-0.2479,0.0,higher feature -> lower survival_target
adipose_E_original_firstorder_Entropy_std,adipose,E,firstorder,Entropy,std,0.004112,0.001925,0.003993,0.004231,0.468,35,50.0,8.0,193.0,21.8,50.8,-0.1513,0.000129,higher feature -> lower survival_target
adipose_E_original_firstorder_Variance_mean,adipose,E,firstorder,Variance,mean,0.004097,0.001521,0.004003,0.004192,0.371,36,46.0,9.0,138.0,15.2,56.2,-0.2161,0.0,higher feature -> lower survival_target
tils_H_original_firstorder_RobustMeanAbsoluteDeviation_std,tils,H,firstorder,RobustMeanAbsoluteDeviation,std,0.004091,0.001689,0.003986,0.004196,0.413,37,46.0,9.0,176.3,17.1,53.8,-0.2444,0.0,higher feature -> lower survival_target
tils_H_original_firstorder_InterquartileRange_std,tils,H,firstorder,InterquartileRange,std,0.003979,0.001692,0.003874,0.004084,0.425,38,51.0,9.0,184.1,17.2,49.1,-0.2396,0.0,higher feature -> lower survival_target
stroma_H_original_firstorder_Variance_std,stroma,H,firstorder,Variance,std,0.003943,0.001612,0.003843,0.004043,0.409,39,52.0,10.0,179.0,14.9,48.0,-0.2148,0.0,higher feature -> lower survival_target
adipose_E_original_firstorder_Skewness_std,adipose,E,firstorder,Skewness,std,0.003886,0.002139,0.003754,0.004019,0.55,40,61.0,7.0,280.0,19.1,44.5,-0.1391,0.000435,higher feature -> lower survival_target
tdlu_H_original_firstorder_MeanAbsoluteDeviation_std,tdlu,H,firstorder,MeanAbsoluteDeviation,std,0.003796,0.001641,0.003694,0.003898,0.432,41,55.0,10.0,216.0,14.6,45.6,-0.2542,0.0,higher feature -> lower survival_target
tils_E_original_firstorder_Mean_mean,tils,E,firstorder,Mean,mean,0.003744,0.001059,0.003678,0.00381,0.283,42,51.0,17.0,144.0,5.5,49.9,0.1217,0.002115,higher feature -> higher survival_target
tils_H_original_firstorder_TotalEnergy_std,tils,H,firstorder,TotalEnergy,std,0.003743,0.001424,0.003655,0.003832,0.38,43,55.0,12.0,169.0,9.8,43.1,-0.2247,0.0,higher feature -> lower survival_target
tils_H_original_firstorder_Energy_std,tils,H,firstorder,Energy,std,0.003741,0.001434,0.003652,0.003829,0.383,44,56.0,11.0,166.2,9.8,43.0,-0.2247,0.0,higher feature -> lower survival_target
tdlu_H_original_firstorder_RobustMeanAbsoluteDeviation_std,tdlu,H,firstorder,RobustMeanAbsoluteDeviation,std,0.003603,0.001538,0.003507,0.003698,0.427,45,58.5,11.0,238.0,10.9,42.3,-0.251,0.0,higher feature -> lower survival_target
vessels_H_original_firstorder_MeanAbsoluteDeviation_std,vessels,H,firstorder,MeanAbsoluteDeviation,std,0.00357,0.001736,0.003462,0.003678,0.486,46,64.0,8.0,296.0,13.1,40.0,-0.2055,0.0,higher feature -> lower survival_target
tils_E_original_firstorder_TotalEnergy_mean,tils,E,firstorder,TotalEnergy,mean,0.003552,0.000951,0.003493,0.003611,0.268,47,55.0,18.0,151.0,3.4,43.2,0.0972,0.014231,higher feature -> higher survival_target
tils_E_original_firstorder_Energy_mean,tils,E,firstorder,Energy,mean,0.003551,0.000943,0.003493,0.00361,0.266,48,55.0,20.0,155.2,2.6,43.9,0.0972,0.014231,higher feature -> higher survival_target
tdlu_H_original_firstorder_Skewness_std,tdlu,H,firstorder,Skewness,std,0.003542,0.001579,0.003444,0.00364,0.446,49,63.0,10.0,225.0,10.5,39.8,-0.2107,0.0,higher feature -> lower survival_target
stroma_H_original_firstorder_RootMeanSquared_std,stroma,H,firstorder,RootMeanSquared,std,0.003539,0.00156,0.003442,0.003636,0.441,50,64.0,12.0,228.1,11.3,39.1,-0.2162,0.0,higher feature -> lower survival_target
muscle_E_original_firstorder_Energy_std,muscle,E,firstorder,Energy,std,0.00353,0.001419,0.003442,0.003618,0.402,51,61.0,13.0,227.0,8.7,41.1,-0.2147,0.0,higher feature -> lower survival_target
muscle_E_original_firstorder_TotalEnergy_std,muscle,E,firstorder,TotalEnergy,std,0.003515,0.001404,0.003428,0.003602,0.399,52,61.0,13.0,232.0,9.5,41.9,-0.2147,0.0,higher feature -> lower survival_target
adipose_E_original_firstorder_RobustMeanAbsoluteDeviation_mean,adipose,E,firstorder,RobustMeanAbsoluteDeviation,mean,0.003499,0.001132,0.003429,0.003569,0.324,53,61.0,14.0,158.0,5.3,38.4,-0.1891,2e-06,higher feature -> lower survival_target
muscle_E_original_firstorder_Mean_std,muscle,E,firstorder,Mean,std,0.003474,0.001398,0.003387,0.003561,0.402,54,62.0,14.0,237.1,8.3,40.4,-0.2335,0.0,higher feature -> lower survival_target
dcis_E_original_firstorder_Median_mean,dcis,E,firstorder,Median,mean,0.003458,0.001462,0.003368,0.003549,0.423,55,66.0,10.0,232.0,9.8,36.2,0.1214,0.002159,higher feature -> higher survival_target
tils_E_original_firstorder_RootMeanSquared_mean,tils,E,firstorder,RootMeanSquared,mean,0.003391,0.000972,0.003331,0.003451,0.287,56,60.5,19.0,183.0,3.5,36.4,0.1072,0.006791,higher feature -> higher survival_target
stroma_H_original_firstorder_Energy_std,stroma,H,firstorder,Energy,std,0.003389,0.001197,0.003315,0.003463,0.353,57,65.0,15.0,190.0,5.7,35.6,-0.1937,1e-06,higher feature -> lower survival_target
adipose_H_original_firstorder_RobustMeanAbsoluteDeviation_mean,adipose,H,firstorder,RobustMeanAbsoluteDeviation,mean,0.003388,0.001004,0.003326,0.00345,0.296,58,64.0,20.0,162.0,2.6,36.3,0.2138,0.0,higher feature -> higher survival_target
stroma_H_original_firstorder_Mean_std,stroma,H,firstorder,Mean,std,0.003385,0.001464,0.003295,0.003476,0.432,59,69.0,10.0,245.0,9.0,35.5,-0.2197,0.0,higher feature -> lower survival_target
stroma_H_original_firstorder_TotalEnergy_std,stroma,H,firstorder,TotalEnergy,std,0.003385,0.001196,0.003311,0.003459,0.353,60,66.0,14.0,203.0,5.8,34.8,-0.1937,1e-06,higher feature -> lower survival_target
adipose_H_original_firstorder_10Percentile_mean,adipose,H,firstorder,10Percentile,mean,0.003369,0.001354,0.003285,0.003453,0.402,61,66.5,13.0,231.0,7.5,36.3,0.0897,0.023703,higher feature -> higher survival_target
dcis_E_original_firstorder_10Percentile_std,dcis,E,firstorder,10Percentile,std,0.003334,0.001346,0.003251,0.003418,0.404,62,70.0,13.0,244.2,8.4,33.2,0.0814,0.040202,higher feature -> higher survival_target
tdlu_H_original_firstorder_InterquartileRange_std,tdlu,H,firstorder,InterquartileRange,std,0.003304,0.001472,0.003213,0.003395,0.446,63,71.0,12.0,272.0,7.9,33.6,-0.2454,0.0,higher feature -> lower survival_target
tils_H_original_firstorder_Variance_mean,tils,H,firstorder,Variance,mean,0.003286,0.00119,0.003212,0.003359,0.362,64,69.0,13.0,209.1,6.4,31.8,-0.1452,0.00024,higher feature -> lower survival_target
adipose_E_original_firstorder_MeanAbsoluteDeviation_mean,adipose,E,firstorder,MeanAbsoluteDeviation,mean,0.00322,0.001142,0.003149,0.00329,0.355,65,72.0,17.0,185.0,3.9,28.1,-0.1896,1e-06,higher feature -> lower survival_target
muscle_E_original_firstorder_RootMeanSquared_std,muscle,E,firstorder,RootMeanSquared,std,0.003191,0.001364,0.003106,0.003276,0.428,66,77.5,14.0,282.1,6.7,31.4,-0.2272,0.0,higher feature -> lower survival_target
adipose_E_original_firstorder_InterquartileRange_mean,adipose,E,firstorder,InterquartileRange,mean,0.003174,0.000972,0.003114,0.003234,0.306,67,73.0,20.0,168.0,2.8,26.4,-0.1735,1.1e-05,higher feature -> lower survival_target
adipose_H_original_firstorder_90Percentile_mean,adipose,H,firstorder,90Percentile,mean,0.003155,0.000908,0.003098,0.003211,0.288,68,72.0,23.0,187.0,1.8,27.1,0.2087,0.0,higher feature -> higher survival_target
adipose_H_original_firstorder_Skewness_std,adipose,H,firstorder,Skewness,std,0.003055,0.001309,0.002973,0.003136,0.429,69,85.0,15.0,250.0,5.2,26.7,-0.2234,0.0,higher feature -> lower survival_target
vessels_H_original_firstorder_Variance_std,vessels,H,firstorder,Variance,std,0.003046,0.001444,0.002956,0.003135,0.474,70,87.0,12.0,309.1,6.7,27.1,-0.19,1e-06,higher feature -> lower survival_target
tils_E_original_firstorder_10Percentile_mean,tils,E,firstorder,10Percentile,mean,0.003041,0.001031,0.002977,0.003105,0.339,71,78.5,20.0,217.1,2.8,24.0,0.0841,0.034008,higher feature -> higher survival_target
vessels_E_original_firstorder_MeanAbsoluteDeviation_std,vessels,E,firstorder,MeanAbsoluteDeviation,std,0.003039,0.001305,0.002958,0.00312,0.429,72,81.5,14.0,292.1,7.2,27.2,-0.2397,0.0,higher feature -> lower survival_target
adipose_E_original_firstorder_Median_mean,adipose,E,firstorder,Median,mean,0.002968,0.000866,0.002915,0.003022,0.292,73,77.5,26.0,220.1,1.1,20.8,-0.0085,0.830192,higher feature -> lower survival_target
stroma_H_original_firstorder_Median_std,stroma,H,firstorder,Median,std,0.002939,0.001262,0.002861,0.003018,0.429,74,87.0,16.0,288.0,3.8,23.0,-0.1981,0.0,higher feature -> lower survival_target
dcis_H_original_firstorder_Variance_mean,dcis,H,firstorder,Variance,mean,0.002871,0.001307,0.00279,0.002952,0.455,75,98.0,15.0,306.0,4.8,23.0,-0.114,0.003993,higher feature -> lower survival_target
tdlu_E_original_firstorder_RootMeanSquared_std,tdlu,E,firstorder,RootMeanSquared,std,0.002856,0.001371,0.002771,0.002941,0.48,76,96.0,13.0,344.1,5.4,23.2,-0.2099,0.0,higher feature -> lower survival_target
tils_E_original_firstorder_Uniformity_mean,tils,E,firstorder,Uniformity,mean,0.002837,0.00093,0.002779,0.002894,0.328,77,89.0,23.0,245.0,1.6,16.7,-0.1385,0.000459,higher feature -> lower survival_target
tils_H_original_firstorder_Entropy_std,tils,H,firstorder,Entropy,std,0.002826,0.001292,0.002746,0.002907,0.457,78,102.0,16.0,321.1,4.1,22.0,-0.2191,0.0,higher feature -> lower survival_target
adipose_E_original_firstorder_Skewness_mean,adipose,E,firstorder,Skewness,mean,0.002798,0.001141,0.002727,0.002869,0.408,79,94.0,20.0,290.1,2.8,18.5,-0.0253,0.524055,higher feature -> lower survival_target
adipose_H_original_firstorder_MeanAbsoluteDeviation_mean,adipose,H,firstorder,MeanAbsoluteDeviation,mean,0.002777,0.00082,0.002726,0.002827,0.295,80,94.0,30.0,219.0,0.5,16.1,0.1888,2e-06,higher feature -> higher survival_target
dcis_E_original_firstorder_Mean_mean,dcis,E,firstorder,Mean,mean,0.002767,0.001105,0.002698,0.002835,0.399,81,97.0,20.0,295.0,3.0,17.3,0.086,0.030149,higher feature -> higher survival_target
adipose_H_original_firstorder_RootMeanSquared_mean,adipose,H,firstorder,RootMeanSquared,mean,0.002757,0.00073,0.002711,0.002802,0.265,82,90.0,33.0,201.0,0.5,12.6,0.1777,7e-06,higher feature -> higher survival_target
tils_E_original_firstorder_Entropy_mean,tils,E,firstorder,Entropy,mean,0.002741,0.000847,0.002688,0.002793,0.309,83,93.0,29.0,242.0,0.9,12.9,0.1255,0.001517,higher feature -> higher survival_target
tils_E_original_firstorder_TotalEnergy_std,tils,E,firstorder,TotalEnergy,std,0.002716,0.00081,0.002666,0.002767,0.298,84,91.0,31.0,262.0,0.3,13.6,-0.0023,0.953539,higher feature -> lower survival_target
tils_E_original_firstorder_Energy_std,tils,E,firstorder,Energy,std,0.002716,0.00082,0.002665,0.002767,0.302,85,90.0,33.0,273.1,0.4,13.2,-0.0023,0.953539,higher feature -> lower survival_target
dcis_H_original_firstorder_MeanAbsoluteDeviation_mean,dcis,H,firstorder,MeanAbsoluteDeviation,mean,0.002675,0.001041,0.002611,0.00274,0.389,86,103.0,22.0,291.0,2.4,16.4,-0.1043,0.008483,higher feature -> lower survival_target
adipose_H_original_firstorder_Kurtosis_std,adipose,H,firstorder,Kurtosis,std,0.002673,0.001148,0.002602,0.002744,0.429,87,107.0,19.0,282.0,2.9,16.7,-0.1896,1e-06,higher feature -> lower survival_target
tils_E_original_firstorder_90Percentile_mean,tils,E,firstorder,90Percentile,mean,0.002672,0.000739,0.002626,0.002718,0.276,88,94.5,36.0,241.1,0.1,9.6,0.1009,0.010882,higher feature -> higher survival_target
stroma_H_original_firstorder_RobustMeanAbsoluteDeviation_std,stroma,H,firstorder,RobustMeanAbsoluteDeviation,std,0.002654,0.001152,0.002582,0.002725,0.434,89,110.0,20.0,328.1,2.7,16.5,-0.2032,0.0,higher feature -> lower survival_target
vessels_H_original_firstorder_RobustMeanAbsoluteDeviation_std,vessels,H,firstorder,RobustMeanAbsoluteDeviation,std,0.002649,0.001184,0.002575,0.002722,0.447,90,109.0,20.0,353.0,2.9,16.9,-0.1944,1e-06,higher feature -> lower survival_target
tumor_H_original_firstorder_Variance_mean,tumor,H,firstorder,Variance,mean,0.002599,0.000841,0.002547,0.002652,0.324,91,105.0,29.0,274.1,0.8,12.0,-0.108,0.006414,higher feature -> lower survival_target
adipose_E_original_firstorder_Entropy_mean,adipose,E,firstorder,Entropy,mean,0.002588,0.000836,0.002536,0.002639,0.323,92,102.0,31.0,299.1,0.7,10.9,-0.0259,0.514641,higher feature -> lower survival_target
tdlu_H_original_firstorder_RootMeanSquared_std,tdlu,H,firstorder,RootMeanSquared,std,0.002586,0.001207,0.002511,0.002661,0.467,93,116.0,19.0,345.0,2.9,16.2,-0.2108,0.0,higher feature -> lower survival_target
tils_E_original_firstorder_Median_std,tils,E,firstorder,Median,std,0.002584,0.000986,0.002523,0.002645,0.382,94,109.5,24.0,312.1,1.0,14.8,-0.0214,0.589974,higher feature -> lower survival_target
tdlu_E_original_firstorder_90Percentile_std,tdlu,E,firstorder,90Percentile,std,0.002578,0.00119,0.002504,0.002652,0.462,95,115.0,19.0,344.0,2.9,14.8,-0.1916,1e-06,higher feature -> lower survival_target
tumor_E_original_firstorder_10Percentile_mean,tumor,E,firstorder,10Percentile,mean,0.00256,0.000793,0.002511,0.002609,0.31,96,106.0,30.0,252.0,0.7,9.1,0.0326,0.411605,higher feature -> higher survival_target
adipose_E_original_firstorder_10Percentile_mean,adipose,E,firstorder,10Percentile,mean,0.002549,0.000747,0.002503,0.002595,0.293,97,105.0,34.0,269.0,0.2,8.8,0.0148,0.708583,higher feature -> higher survival_target
stroma_E_original_firstorder_Variance_mean,stroma,E,firstorder,Variance,mean,0.002508,0.000876,0.002453,0.002562,0.35,98,108.5,27.0,308.0,0.5,13.1,0.0514,0.195212,higher feature -> higher survival_target
tdlu_E_original_firstorder_Mean_std,tdlu,E,firstorder,Mean,std,0.002466,0.001145,0.002395,0.002537,0.464,99,125.0,21.0,394.0,2.4,14.1,-0.2097,0.0,higher feature -> lower survival_target
adipose_H_original_firstorder_TotalEnergy_mean,adipose,H,firstorder,TotalEnergy,mean,0.00245,0.000608,0.002412,0.002488,0.248,100,111.0,44.0,250.0,0.0,5.4,0.1506,0.000138,higher feature -> higher survival_target
adipose_H_original_firstorder_Energy_mean,adipose,H,firstorder,Energy,mean,0.002442,0.000601,0.002404,0.002479,0.246,101,110.0,43.0,247.0,0.0,4.1,0.1506,0.000138,higher feature -> higher survival_target
stroma_E_original_firstorder_RootMeanSquared_std,stroma,E,firstorder,RootMeanSquared,std,0.002437,0.001196,0.002363,0.002511,0.491,102,131.5,17.0,390.0,3.4,14.7,-0.2003,0.0,higher feature -> lower survival_target
tils_H_original_firstorder_Median_std,tils,H,firstorder,Median,std,0.002434,0.000906,0.002378,0.00249,0.372,103,118.5,27.0,315.0,1.2,9.3,-0.1662,2.5e-05,higher feature -> lower survival_target
stroma_E_original_firstorder_MeanAbsoluteDeviation_mean,stroma,E,firstorder,MeanAbsoluteDeviation,mean,0.002411,0.000845,0.002358,0.002463,0.35,104,119.0,30.0,324.1,0.5,10.1,0.0593,0.135044,higher feature -> higher survival_target
dcis_E_original_firstorder_Variance_std,dcis,E,firstorder,Variance,std,0.002402,0.001018,0.002339,0.002465,0.424,105,127.0,22.0,336.0,1.8,10.8,-0.1746,1e-05,higher feature -> lower survival_target
tils_E_original_firstorder_Skewness_mean,tils,E,firstorder,Skewness,mean,0.00239,0.000728,0.002345,0.002435,0.304,106,116.5,40.0,288.0,0.1,5.5,-0.1239,0.00175,higher feature -> lower survival_target
muscle_E_original_firstorder_10Percentile_std,muscle,E,firstorder,10Percentile,std,0.002389,0.001062,0.002324,0.002455,0.444,107,131.0,23.0,381.0,1.9,11.0,-0.1749,9e-06,higher feature -> lower survival_target
tils_E_original_firstorder_Mean_std,tils,E,firstorder,Mean,std,0.002385,0.001031,0.002321,0.002449,0.432,108,130.0,24.0,361.1,1.9,10.8,-0.0503,0.205075,higher feature -> lower survival_target
tdlu_H_original_firstorder_Variance_std,tdlu,H,firstorder,Variance,std,0.002331,0.001077,0.002264,0.002397,0.462,109,140.5,22.0,367.1,1.9,10.1,-0.1948,1e-06,higher feature -> lower survival_target
tdlu_E_original_firstorder_Median_std,tdlu,E,firstorder,Median,std,0.0023,0.001041,0.002236,0.002365,0.453,110,143.0,26.0,391.0,1.7,10.2,-0.2066,0.0,higher feature -> lower survival_target
stroma_H_original_firstorder_InterquartileRange_std,stroma,H,firstorder,InterquartileRange,std,0.002295,0.00098,0.002234,0.002355,0.427,111,141.0,30.0,357.0,1.2,9.0,-0.1956,1e-06,higher feature -> lower survival_target
stroma_H_original_firstorder_Variance_mean,stroma,H,firstorder,Variance,mean,0.002293,0.000726,0.002248,0.002338,0.317,112,126.5,41.0,316.0,0.4,4.8,-0.1463,0.000214,higher feature -> lower survival_target
stroma_H_original_firstorder_Kurtosis_mean,stroma,H,firstorder,Kurtosis,mean,0.002288,0.000696,0.002245,0.002331,0.304,113,126.0,39.0,306.0,0.3,5.0,0.0449,0.257824,higher feature -> higher survival_target
vessels_H_original_firstorder_InterquartileRange_std,vessels,H,firstorder,InterquartileRange,std,0.002287,0.000911,0.002231,0.002344,0.398,114,136.0,31.0,369.0,1.3,7.3,-0.1856,2e-06,higher feature -> lower survival_target
vessels_E_original_firstorder_RobustMeanAbsoluteDeviation_std,vessels,E,firstorder,RobustMeanAbsoluteDeviation,std,0.002279,0.00084,0.002226,0.002331,0.369,115,138.0,32.0,349.0,0.4,7.8,-0.227,0.0,higher feature -> lower survival_target
tumor_E_original_firstorder_Mean_mean,tumor,E,firstorder,Mean,mean,0.00227,0.000597,0.002233,0.002307,0.263,116,126.0,48.0,294.0,0.0,2.8,0.0303,0.445972,higher feature -> higher survival_target
dcis_H_original_firstorder_InterquartileRange_std,dcis,H,firstorder,InterquartileRange,std,0.002265,0.001046,0.0022,0.00233,0.462,117,146.0,27.0,378.0,1.9,9.4,-0.1161,0.003377,higher feature -> lower survival_target
tils_E_original_firstorder_10Percentile_std,tils,E,firstorder,10Percentile,std,0.002265,0.000672,0.002224,0.002307,0.297,118,126.0,46.0,343.0,0.0,3.9,0.0374,0.346027,higher feature -> higher survival_target
tumor_E_original_firstorder_RobustMeanAbsoluteDeviation_std,tumor,E,firstorder,RobustMeanAbsoluteDeviation,std,0.002265,0.000952,0.002206,0.002324,0.42,119,141.0,30.0,359.0,1.2,9.1,-0.174,1e-05,higher feature -> lower survival_target
dcis_E_original_firstorder_RobustMeanAbsoluteDeviation_std,dcis,E,firstorder,RobustMeanAbsoluteDeviation,std,0.002261,0.000964,0.002202,0.002321,0.426,120,143.0,32.0,377.0,1.0,9.8,-0.1792,5e-06,higher feature -> lower survival_target
dcis_E_original_firstorder_InterquartileRange_std,dcis,E,firstorder,InterquartileRange,std,0.00225,0.000991,0.002189,0.002311,0.44,121,149.0,28.9,375.0,1.4,8.9,-0.1709,1.5e-05,higher feature -> lower survival_target
dcis_E_original_firstorder_Energy_mean,dcis,E,firstorder,Energy,mean,0.002247,0.000797,0.002197,0.002296,0.355,122,132.0,36.0,375.1,0.4,6.6,0.0345,0.3851,higher feature -> higher survival_target
tils_E_original_firstorder_RobustMeanAbsoluteDeviation_std,tils,E,firstorder,RobustMeanAbsoluteDeviation,std,0.002244,0.00083,0.002192,0.002295,0.37,123,138.0,31.0,361.0,0.6,6.5,-0.1481,0.000177,higher feature -> lower survival_target
dcis_E_original_firstorder_TotalEnergy_mean,dcis,E,firstorder,TotalEnergy,mean,0.002237,0.000797,0.002188,0.002286,0.356,124,135.0,37.0,369.1,0.3,6.8,0.0345,0.3851,higher feature -> higher survival_target
tils_E_original_firstorder_InterquartileRange_std,tils,E,firstorder,InterquartileRange,std,0.002232,0.000825,0.002181,0.002283,0.37,125,140.5,33.0,367.0,0.6,6.4,-0.1387,0.000451,higher feature -> lower survival_target
tils_H_original_firstorder_MeanAbsoluteDeviation_mean,tils,H,firstorder,MeanAbsoluteDeviation,mean,0.002193,0.000695,0.00215,0.002236,0.317,126,138.5,42.0,330.0,0.0,4.7,-0.0898,0.023579,higher feature -> lower survival_target
tumor_E_original_firstorder_InterquartileRange_std,tumor,E,firstorder,InterquartileRange,std,0.002191,0.000852,0.002138,0.002243,0.389,127,145.0,32.0,364.0,1.0,6.2,-0.1702,1.6e-05,higher feature -> lower survival_target
stroma_H_original_firstorder_Skewness_mean,stroma,H,firstorder,Skewness,mean,0.002189,0.000662,0.002148,0.00223,0.302,128,136.0,43.0,330.0,0.1,4.1,0.0423,0.287201,higher feature -> higher survival_target
stroma_E_original_firstorder_RobustMeanAbsoluteDeviation_mean,stroma,E,firstorder,RobustMeanAbsoluteDeviation,mean,0.002188,0.000773,0.00214,0.002235,0.353,129,141.0,38.0,369.0,0.3,6.0,0.0556,0.161008,higher feature -> higher survival_target
vessels_E_original_firstorder_InterquartileRange_std,vessels,E,firstorder,InterquartileRange,std,0.002157,0.000714,0.002113,0.002202,0.331,130,147.0,43.0,344.0,0.2,4.7,-0.2125,0.0,higher feature -> lower survival_target
tumor_E_original_firstorder_Median_mean,tumor,E,firstorder,Median,mean,0.002153,0.000579,0.002118,0.002189,0.269,131,138.0,53.0,325.0,0.0,1.6,0.033,0.405615,higher feature -> higher survival_target
stroma_E_original_firstorder_InterquartileRange_mean,stroma,E,firstorder,InterquartileRange,mean,0.002143,0.000769,0.002095,0.00219,0.359,132,148.5,38.0,376.1,0.3,5.5,0.051,0.198924,higher feature -> higher survival_target
vessels_E_original_firstorder_Variance_std,vessels,E,firstorder,Variance,std,0.002138,0.000817,0.002087,0.002189,0.382,133,159.0,35.9,337.0,0.6,5.6,-0.2058,0.0,higher feature -> lower survival_target
vessels_H_original_firstorder_90Percentile_std,vessels,H,firstorder,90Percentile,std,0.002133,0.000962,0.002073,0.002193,0.451,134,162.0,31.0,409.1,1.1,7.6,-0.1968,1e-06,higher feature -> lower survival_target
stroma_E_original_firstorder_Mean_std,stroma,E,firstorder,Mean,std,0.002122,0.001001,0.00206,0.002184,0.471,135,170.5,28.0,409.0,1.1,7.9,-0.1926,1e-06,higher feature -> lower survival_target
tumor_H_original_firstorder_Variance_std,tumor,H,firstorder,Variance,std,0.002112,0.000755,0.002065,0.002159,0.357,136,148.5,38.0,362.0,0.5,5.3,-0.1145,0.003831,higher feature -> lower survival_target
tdlu_H_original_firstorder_Mean_std,tdlu,H,firstorder,Mean,std,0.002112,0.001038,0.002048,0.002177,0.492,137,172.0,26.0,408.0,1.4,8.7,-0.1985,0.0,higher feature -> lower survival_target
tils_H_original_firstorder_10Percentile_std,tils,H,firstorder,10Percentile,std,0.002094,0.00073,0.002049,0.002139,0.349,138,152.5,38.0,345.0,0.6,3.7,-0.084,0.034203,higher feature -> lower survival_target
vessels_H_original_firstorder_Skewness_std,vessels,H,firstorder,Skewness,std,0.002091,0.000805,0.002041,0.002141,0.385,139,158.0,39.0,340.2,0.9,3.7,-0.1153,0.003595,higher feature -> lower survival_target
dcis_E_original_firstorder_Uniformity_mean,dcis,E,firstorder,Uniformity,mean,0.002082,0.001142,0.002011,0.002152,0.549,140,191.5,25.0,445.0,1.8,9.8,-0.0856,0.030798,higher feature -> lower survival_target
tils_E_original_firstorder_MeanAbsoluteDeviation_std,tils,E,firstorder,MeanAbsoluteDeviation,std,0.002051,0.000828,0.002,0.002103,0.404,141,170.0,36.0,388.0,0.9,4.5,-0.149,0.000162,higher feature -> lower survival_target
tumor_H_original_firstorder_MeanAbsoluteDeviation_mean,tumor,H,firstorder,MeanAbsoluteDeviation,mean,0.002047,0.000624,0.002008,0.002086,0.305,142,156.0,51.0,363.0,0.0,2.5,-0.0827,0.036997,higher feature -> lower survival_target
tils_H_original_firstorder_90Percentile_mean,tils,H,firstorder,90Percentile,mean,0.002041,0.000602,0.002004,0.002078,0.295,143,154.0,53.0,345.0,0.1,2.2,-0.0773,0.05133,higher feature -> lower survival_target
tumor_E_original_firstorder_Variance_std,tumor,E,firstorder,Variance,std,0.002039,0.000781,0.001991,0.002088,0.383,144,170.0,38.0,385.0,0.2,4.7,-0.1699,1.6e-05,higher feature -> lower survival_target
tils_H_original_firstorder_TotalEnergy_mean,tils,H,firstorder,TotalEnergy,mean,0.002038,0.000625,0.001999,0.002077,0.307,145,155.0,55.0,357.0,0.0,2.2,-0.099,0.012536,higher feature -> lower survival_target
tils_H_original_firstorder_Energy_mean,tils,H,firstorder,Energy,mean,0.002037,0.000621,0.001999,0.002076,0.305,146,153.0,49.0,353.0,0.0,2.8,-0.099,0.012536,higher feature -> lower survival_target
dcis_H_original_firstorder_Skewness_std,dcis,H,firstorder,Skewness,std,0.002035,0.00076,0.001988,0.002082,0.373,147,167.0,41.0,389.1,0.2,4.0,-0.1344,0.000681,higher feature -> lower survival_target
dcis_E_original_firstorder_MeanAbsoluteDeviation_std,dcis,E,firstorder,MeanAbsoluteDeviation,std,0.002028,0.000887,0.001973,0.002083,0.438,148,177.0,32.0,413.0,0.4,6.0,-0.1717,1.3e-05,higher feature -> lower survival_target
tumor_E_original_firstorder_RootMeanSquared_mean,tumor,E,firstorder,RootMeanSquared,mean,0.002005,0.000555,0.001971,0.00204,0.277,149,153.0,61.0,373.0,0.0,1.2,0.0233,0.558038,higher feature -> higher survival_target
muscle_E_original_firstorder_Skewness_std,muscle,E,firstorder,Skewness,std,0.001998,0.000619,0.001959,0.002036,0.31,150,166.0,54.0,320.0,0.2,2.2,-0.0504,0.203907,higher feature -> lower survival_target
vessels_E_original_firstorder_90Percentile_std,vessels,E,firstorder,90Percentile,std,0.001979,0.0008,0.00193,0.002029,0.404,151,183.0,40.0,405.0,0.3,5.5,-0.2038,0.0,higher feature -> lower survival_target
muscle_E_original_firstorder_90Percentile_std,muscle,E,firstorder,90Percentile,std,0.001976,0.000839,0.001924,0.002028,0.425,152,188.0,37.0,418.0,0.5,6.5,-0.1931,1e-06,higher feature -> lower survival_target
tils_E_original_firstorder_RootMeanSquared_std,tils,E,firstorder,RootMeanSquared,std,0.001971,0.000812,0.001921,0.002022,0.412,153,184.0,38.0,401.0,0.4,4.8,-0.0818,0.039118,higher feature -> lower survival_target
tdlu_E_original_firstorder_MeanAbsoluteDeviation_std,tdlu,E,firstorder,MeanAbsoluteDeviation,std,0.001955,0.000837,0.001903,0.002006,0.428,154,191.0,35.0,379.0,0.6,5.0,-0.1721,1.3e-05,higher feature -> lower survival_target
tumor_H_original_firstorder_InterquartileRange_std,tumor,H,firstorder,InterquartileRange,std,0.001949,0.000861,0.001896,0.002003,0.442,155,194.5,32.0,414.0,0.5,6.6,-0.1357,0.000601,higher feature -> lower survival_target
tils_E_original_firstorder_MeanAbsoluteDeviation_mean,tils,E,firstorder,MeanAbsoluteDeviation,mean,0.001945,0.000702,0.001902,0.001989,0.361,156,174.0,47.0,408.0,0.2,2.7,0.0799,0.044094,higher feature -> higher survival_target
tils_E_original_firstorder_Variance_std,tils,E,firstorder,Variance,std,0.001932,0.000648,0.001892,0.001972,0.336,157,177.0,56.0,401.0,0.1,1.8,-0.1169,0.003143,higher feature -> lower survival_target
dcis_E_original_firstorder_RootMeanSquared_mean,dcis,E,firstorder,RootMeanSquared,mean,0.001931,0.000713,0.001887,0.001975,0.369,158,181.0,48.9,420.1,0.1,2.7,0.0422,0.287815,higher feature -> higher survival_target
stroma_H_original_firstorder_InterquartileRange_mean,stroma,H,firstorder,InterquartileRange,mean,0.00193,0.000568,0.001895,0.001965,0.294,159,167.0,60.0,387.0,0.0,1.4,-0.0887,0.025262,higher feature -> lower survival_target
tils_E_original_firstorder_90Percentile_std,tils,E,firstorder,90Percentile,std,0.00193,0.000684,0.001887,0.001972,0.355,160,180.5,48.0,395.0,0.1,3.0,-0.1185,0.002751,higher feature -> lower survival_target
stroma_H_original_firstorder_MeanAbsoluteDeviation_mean,stroma,H,firstorder,MeanAbsoluteDeviation,mean,0.001927,0.000556,0.001892,0.001961,0.289,161,170.5,62.0,381.1,0.0,1.3,-0.1202,0.002396,higher feature -> lower survival_target
tils_E_original_firstorder_Variance_mean,tils,E,firstorder,Variance,mean,0.001923,0.000741,0.001877,0.001969,0.386,162,183.5,42.0,417.0,0.0,3.9,0.0522,0.188754,higher feature -> higher survival_target
dcis_H_original_firstorder_RobustMeanAbsoluteDeviation_mean,dcis,H,firstorder,RobustMeanAbsoluteDeviation,mean,0.001921,0.000619,0.001883,0.001959,0.322,163,176.0,56.0,399.0,0.1,1.6,-0.0609,0.124857,higher feature -> lower survival_target
stroma_H_original_firstorder_Uniformity_mean,stroma,H,firstorder,Uniformity,mean,0.001918,0.000575,0.001883,0.001954,0.3,164,171.0,64.0,375.0,0.3,1.5,0.0489,0.218208,higher feature -> higher survival_target
dcis_H_original_firstorder_InterquartileRange_mean,dcis,H,firstorder,InterquartileRange,mean,0.001917,0.000581,0.001881,0.001953,0.303,165,174.0,58.0,370.0,0.0,1.6,-0.0586,0.13966,higher feature -> lower survival_target
tumor_E_original_firstorder_MeanAbsoluteDeviation_std,tumor,E,firstorder,MeanAbsoluteDeviation,std,0.001915,0.000781,0.001866,0.001963,0.408,166,193.0,41.0,417.0,0.4,4.0,-0.1643,3.1e-05,higher feature -> lower survival_target
adipose_E_original_firstorder_Mean_mean,adipose,E,firstorder,Mean,mean,0.001892,0.0005,0.001861,0.001923,0.264,167,172.0,69.0,369.0,0.0,0.7,-0.0698,0.07838,higher feature -> lower survival_target
stroma_H_original_firstorder_10Percentile_std,stroma,H,firstorder,10Percentile,std,0.001872,0.000601,0.001835,0.00191,0.321,168,184.5,56.0,390.0,0.1,2.0,-0.1174,0.003031,higher feature -> lower survival_target
tumor_E_original_firstorder_Energy_mean,tumor,E,firstorder,Energy,mean,0.001869,0.000496,0.001839,0.0019,0.265,169,173.5,72.0,386.1,0.0,0.7,0.0081,0.83775,higher feature -> higher survival_target
tumor_E_original_firstorder_TotalEnergy_mean,tumor,E,firstorder,TotalEnergy,mean,0.001869,0.000493,0.001839,0.0019,0.264,170,176.5,73.0,377.1,0.1,0.7,0.0081,0.83775,higher feature -> higher survival_target
stroma_H_original_firstorder_TotalEnergy_mean,stroma,H,firstorder,TotalEnergy,mean,0.001864,0.000489,0.001834,0.001894,0.262,171,179.0,69.0,364.1,0.0,0.8,-0.1146,0.003797,higher feature -> lower survival_target
tdlu_H_original_firstorder_TotalEnergy_std,tdlu,H,firstorder,TotalEnergy,std,0.001863,0.000933,0.001805,0.001921,0.501,172,224.5,31.0,442.0,0.7,5.6,-0.1304,0.000984,higher feature -> lower survival_target
stroma_H_original_firstorder_Energy_mean,stroma,H,firstorder,Energy,mean,0.001862,0.000492,0.001831,0.001892,0.265,173,179.0,68.0,377.0,0.0,0.8,-0.1146,0.003797,higher feature -> lower survival_target
tdlu_H_original_firstorder_Energy_std,tdlu,H,firstorder,Energy,std,0.001861,0.000945,0.001803,0.00192,0.508,174,230.0,31.0,441.0,1.1,5.7,-0.1304,0.000984,higher feature -> lower survival_target
tils_H_original_firstorder_RootMeanSquared_mean,tils,H,firstorder,RootMeanSquared,mean,0.001847,0.000545,0.001814,0.001881,0.295,175,186.0,64.0,393.1,0.1,0.7,-0.0715,0.071407,higher feature -> lower survival_target
tils_E_original_firstorder_InterquartileRange_mean,tils,E,firstorder,InterquartileRange,mean,0.001844,0.000631,0.001805,0.001883,0.342,176,193.0,56.0,396.0,0.1,1.9,0.092,0.020247,higher feature -> higher survival_target
dcis_E_original_firstorder_Entropy_mean,dcis,E,firstorder,Entropy,mean,0.001843,0.000928,0.001786,0.001901,0.503,177,220.0,34.0,452.0,1.1,5.3,0.0611,0.123644,higher feature -> higher survival_target
tdlu_E_original_firstorder_RobustMeanAbsoluteDeviation_std,tdlu,E,firstorder,RobustMeanAbsoluteDeviation,std,0.00183,0.00063,0.001791,0.00187,0.344,178,199.0,57.0,371.1,0.3,1.5,-0.1742,1e-05,higher feature -> lower survival_target
adipose_E_original_firstorder_90Percentile_mean,adipose,E,firstorder,90Percentile,mean,0.001828,0.000469,0.001799,0.001857,0.257,179,186.0,67.0,362.0,0.0,0.8,-0.1418,0.000336,higher feature -> lower survival_target
stroma_E_original_firstorder_90Percentile_std,stroma,E,firstorder,90Percentile,std,0.001823,0.000707,0.001779,0.001866,0.388,180,206.0,45.0,403.0,0.3,3.3,-0.1778,6e-06,higher feature -> lower survival_target
tumor_E_original_firstorder_Kurtosis_std,tumor,E,firstorder,Kurtosis,std,0.00181,0.000603,0.001773,0.001847,0.333,181,197.0,53.0,406.0,0.0,2.2,0.0309,0.437242,higher feature -> higher survival_target
tumor_E_original_firstorder_90Percentile_mean,tumor,E,firstorder,90Percentile,mean,0.001809,0.000564,0.001774,0.001844,0.312,182,189.5,63.0,429.0,0.0,1.3,0.0164,0.680442,higher feature -> higher survival_target
stroma_H_original_firstorder_RobustMeanAbsoluteDeviation_mean,stroma,H,firstorder,RobustMeanAbsoluteDeviation,mean,0.001807,0.000486,0.001777,0.001837,0.269,183,186.0,73.0,389.0,0.0,0.2,-0.0953,0.016162,higher feature -> lower survival_target
tumor_E_original_firstorder_Uniformity_mean,tumor,E,firstorder,Uniformity,mean,0.001805,0.000577,0.001769,0.001841,0.32,184,197.0,59.0,411.0,0.0,1.2,-0.0583,0.142055,higher feature -> lower survival_target
dcis_E_original_firstorder_Skewness_mean,dcis,E,firstorder,Skewness,mean,0.001804,0.000833,0.001752,0.001855,0.462,185,218.0,41.0,448.0,0.5,3.6,-0.0296,0.455828,higher feature -> lower survival_target
stroma_H_original_firstorder_10Percentile_mean,stroma,H,firstorder,10Percentile,mean,0.001788,0.000541,0.001755,0.001822,0.302,186,199.0,63.0,393.1,0.0,0.9,-0.0264,0.506094,higher feature -> lower survival_target
tdlu_E_original_firstorder_InterquartileRange_std,tdlu,E,firstorder,InterquartileRange,std,0.001785,0.00052,0.001753,0.001818,0.291,187,198.5,71.0,360.0,0.2,0.9,-0.1683,2e-05,higher feature -> lower survival_target
tils_E_original_firstorder_Entropy_std,tils,E,firstorder,Entropy,std,0.001779,0.000531,0.001746,0.001812,0.298,188,199.0,68.0,394.0,0.0,1.0,-0.1089,0.005998,higher feature -> lower survival_target
vessels_E_original_firstorder_Kurtosis_std,vessels,E,firstorder,Kurtosis,std,0.001773,0.000804,0.001723,0.001823,0.453,189,235.5,37.0,427.0,0.5,4.5,-0.0869,0.028503,higher feature -> lower survival_target
dcis_H_original_firstorder_RobustMeanAbsoluteDeviation_std,dcis,H,firstorder,RobustMeanAbsoluteDeviation,std,0.001773,0.000681,0.00173,0.001815,0.384,190,215.0,57.9,421.0,0.2,2.1,-0.084,0.034151,higher feature -> lower survival_target
vessels_E_original_firstorder_Entropy_std,vessels,E,firstorder,Entropy,std,0.001764,0.000935,0.001706,0.001822,0.53,191,244.5,34.0,453.0,1.1,4.5,-0.1565,7.4e-05,higher feature -> lower survival_target
tdlu_H_original_firstorder_Kurtosis_std,tdlu,H,firstorder,Kurtosis,std,0.001763,0.000583,0.001727,0.001799,0.331,192,212.0,59.0,409.0,0.0,1.5,-0.1516,0.000124,higher feature -> lower survival_target
stroma_H_original_firstorder_Mean_mean,stroma,H,firstorder,Mean,mean,0.001744,0.000478,0.001715,0.001774,0.274,193,199.0,78.0,395.0,0.0,0.5,-0.0703,0.07664,higher feature -> lower survival_target
stroma_H_original_firstorder_RootMeanSquared_mean,stroma,H,firstorder,RootMeanSquared,mean,0.001744,0.00045,0.001716,0.001772,0.258,194,201.0,79.0,392.0,0.1,0.3,-0.1048,0.008151,higher feature -> lower survival_target
stroma_E_original_firstorder_90Percentile_mean,stroma,E,firstorder,90Percentile,mean,0.001741,0.000462,0.001712,0.001769,0.265,195,203.0,80.0,393.1,0.0,0.4,0.0098,0.806002,higher feature -> higher survival_target
tumor_E_original_firstorder_90Percentile_std,tumor,E,firstorder,90Percentile,std,0.001736,0.000546,0.001702,0.00177,0.314,196,206.0,73.0,394.0,0.3,1.3,-0.1207,0.00229,higher feature -> lower survival_target
adipose_H_original_firstorder_Variance_mean,adipose,H,firstorder,Variance,mean,0.001734,0.000385,0.00171,0.001757,0.222,197,199.0,93.0,358.0,0.0,0.3,0.1157,0.003488,higher feature -> higher survival_target
muscle_E_original_firstorder_Kurtosis_std,muscle,E,firstorder,Kurtosis,std,0.001723,0.000539,0.00169,0.001757,0.313,198,215.5,71.0,398.0,0.2,1.3,-0.0348,0.380339,higher feature -> lower survival_target
muscle_E_original_firstorder_Kurtosis_mean,muscle,E,firstorder,Kurtosis,mean,0.001716,0.000537,0.001683,0.00175,0.313,199,212.0,70.0,406.0,0.1,0.9,-0.0238,0.548406,higher feature -> lower survival_target
muscle_H_original_firstorder_Skewness_mean,muscle,H,firstorder,Skewness,mean,0.001712,0.000413,0.001687,0.001738,0.241,200,205.0,88.9,374.1,0.0,0.3,-0.1453,0.000236,higher feature -> lower survival_target
tils_E_original_firstorder_RobustMeanAbsoluteDeviation_mean,tils,E,firstorder,RobustMeanAbsoluteDeviation,mean,0.001704,0.000538,0.00167,0.001737,0.316,201,218.0,73.0,418.0,0.0,1.0,0.0878,0.026808,higher feature -> higher survival_target
muscle_H_original_firstorder_10Percentile_mean,muscle,H,firstorder,10Percentile,mean,0.001702,0.000539,0.001669,0.001735,0.317,202,220.0,67.0,408.1,0.0,0.9,0.0616,0.120467,higher feature -> higher survival_target
adipose_E_original_firstorder_Kurtosis_mean,adipose,E,firstorder,Kurtosis,mean,0.001689,0.000499,0.001658,0.00172,0.295,203,217.0,76.0,417.0,0.0,0.3,-0.0618,0.119316,higher feature -> lower survival_target
adipose_E_original_firstorder_Kurtosis_std,adipose,E,firstorder,Kurtosis,std,0.001682,0.000596,0.001645,0.001719,0.354,204,231.5,61.0,419.0,0.0,1.7,-0.1072,0.006803,higher feature -> lower survival_target
tumor_E_original_firstorder_Entropy_mean,tumor,E,firstorder,Entropy,mean,0.001679,0.00048,0.001649,0.001709,0.286,205,219.5,80.0,421.0,0.0,0.2,0.042,0.290189,higher feature -> higher survival_target
stroma_H_original_firstorder_90Percentile_mean,stroma,H,firstorder,90Percentile,mean,0.001669,0.000434,0.001642,0.001696,0.26,206,218.0,89.0,420.0,0.0,0.1,-0.0998,0.01178,higher feature -> lower survival_target
tumor_H_original_firstorder_RobustMeanAbsoluteDeviation_std,tumor,H,firstorder,RobustMeanAbsoluteDeviation,std,0.001662,0.000576,0.001626,0.001698,0.347,207,233.0,65.0,432.0,0.0,1.3,-0.119,0.002659,higher feature -> lower survival_target
muscle_H_original_firstorder_Median_mean,muscle,H,firstorder,Median,mean,0.001661,0.000508,0.00163,0.001693,0.306,208,225.0,71.0,420.0,0.0,0.8,0.1084,0.0062,higher feature -> higher survival_target
dcis_H_original_firstorder_90Percentile_mean,dcis,H,firstorder,90Percentile,mean,0.00166,0.000609,0.001622,0.001698,0.367,209,230.0,68.0,441.0,0.2,1.2,-0.0876,0.027199,higher feature -> lower survival_target
stroma_H_original_firstorder_Entropy_mean,stroma,H,firstorder,Entropy,mean,0.001647,0.000424,0.001621,0.001674,0.258,210,218.5,94.0,413.0,0.0,0.2,-0.0686,0.083658,higher feature -> lower survival_target
muscle_H_original_firstorder_Variance_std,muscle,H,firstorder,Variance,std,0.001647,0.000546,0.001613,0.001681,0.332,211,232.0,73.0,414.1,0.2,1.2,-0.1421,0.000325,higher feature -> lower survival_target
vessels_H_original_firstorder_Entropy_std,vessels,H,firstorder,Entropy,std,0.001635,0.000607,0.001598,0.001673,0.371,212,245.0,59.0,422.0,0.3,1.4,-0.1574,6.7e-05,higher feature -> lower survival_target
vessels_H_original_firstorder_Kurtosis_std,vessels,H,firstorder,Kurtosis,std,0.001633,0.000495,0.001603,0.001664,0.303,213,232.0,84.0,420.0,0.0,0.9,-0.036,0.36501,higher feature -> lower survival_target
tdlu_E_original_firstorder_Variance_std,tdlu,E,firstorder,Variance,std,0.00163,0.000413,0.001605,0.001656,0.253,214,225.0,94.0,392.0,0.0,0.4,-0.1525,0.000113,higher feature -> lower survival_target
tumor_H_original_firstorder_Entropy_std,tumor,H,firstorder,Entropy,std,0.001628,0.00067,0.001587,0.00167,0.411,215,261.5,53.0,432.0,0.0,2.1,-0.1587,5.8e-05,higher feature -> lower survival_target
dcis_H_original_firstorder_Variance_std,dcis,H,firstorder,Variance,std,0.001627,0.000447,0.001599,0.001655,0.275,216,225.0,88.0,409.0,0.0,0.4,-0.0501,0.207128,higher feature -> lower survival_target
stroma_E_original_firstorder_Variance_std,stroma,E,firstorder,Variance,std,0.001618,0.000455,0.00159,0.001646,0.281,217,232.0,83.9,407.0,0.0,0.4,-0.1129,0.004347,higher feature -> lower survival_target
tumor_H_original_firstorder_Kurtosis_std,tumor,H,firstorder,Kurtosis,std,0.001608,0.00047,0.001579,0.001637,0.292,218,242.0,82.0,411.0,0.0,0.5,-0.1249,0.001604,higher feature -> lower survival_target
adipose_E_original_firstorder_TotalEnergy_mean,adipose,E,firstorder,TotalEnergy,mean,0.0016,0.000374,0.001577,0.001623,0.233,219,232.5,96.0,408.0,0.0,0.0,-0.1392,0.000429,higher feature -> lower survival_target
adipose_E_original_firstorder_Energy_mean,adipose,E,firstorder,Energy,mean,0.001598,0.000367,0.001575,0.001621,0.23,220,227.0,100.0,412.0,0.0,0.0,-0.1392,0.000429,higher feature -> lower survival_target
stroma_E_original_firstorder_Kurtosis_std,stroma,E,firstorder,Kurtosis,std,0.001597,0.000482,0.001567,0.001627,0.302,221,242.0,82.0,418.0,0.0,0.4,-0.0688,0.082756,higher feature -> lower survival_target
adipose_H_original_firstorder_Mean_std,adipose,H,firstorder,Mean,std,0.001595,0.000397,0.001571,0.00162,0.249,222,236.0,97.0,395.0,0.0,0.4,-0.0172,0.664515,higher feature -> lower survival_target
stroma_E_original_firstorder_InterquartileRange_std,stroma,E,firstorder,InterquartileRange,std,0.001594,0.000466,0.001566,0.001623,0.292,223,235.0,81.0,420.0,0.0,0.7,-0.124,0.001725,higher feature -> lower survival_target
tumor_H_original_firstorder_10Percentile_mean,tumor,H,firstorder,10Percentile,mean,0.001591,0.000543,0.001557,0.001625,0.341,224,249.0,70.9,433.0,0.2,1.2,-0.0079,0.841748,higher feature -> lower survival_target
adipose_H_original_firstorder_TotalEnergy_std,adipose,H,firstorder,TotalEnergy,std,0.00159,0.000396,0.001565,0.001614,0.249,225,240.0,96.0,402.0,0.0,0.2,-0.0557,0.160313,higher feature -> lower survival_target
stroma_E_original_firstorder_Kurtosis_mean,stroma,E,firstorder,Kurtosis,mean,0.00159,0.00043,0.001563,0.001616,0.27,226,237.0,95.0,416.0,0.0,0.2,-0.0761,0.055052,higher feature -> lower survival_target
vessels_E_original_firstorder_Skewness_mean,vessels,E,firstorder,Skewness,mean,0.00159,0.000463,0.001561,0.001618,0.291,227,239.0,82.0,435.0,0.0,0.1,-0.0585,0.140719,higher feature -> lower survival_target
adipose_H_original_firstorder_Energy_std,adipose,H,firstorder,Energy,std,0.001588,0.00039,0.001564,0.001612,0.246,228,238.0,100.0,402.0,0.0,0.1,-0.0557,0.160313,higher feature -> lower survival_target
tdlu_E_original_firstorder_Energy_std,tdlu,E,firstorder,Energy,std,0.001587,0.000561,0.001552,0.001622,0.353,229,257.0,70.0,448.0,0.0,1.0,-0.182,4e-06,higher feature -> lower survival_target
vessels_E_original_firstorder_Skewness_std,vessels,E,firstorder,Skewness,std,0.001587,0.000561,0.001552,0.001621,0.353,230,262.0,67.0,438.0,0.1,0.9,-0.1041,0.008591,higher feature -> lower survival_target
tdlu_E_original_firstorder_Kurtosis_std,tdlu,E,firstorder,Kurtosis,std,0.001586,0.000483,0.001556,0.001616,0.305,231,243.5,82.0,434.0,0.0,0.4,-0.1005,0.011243,higher feature -> lower survival_target
adipose_H_original_firstorder_RootMeanSquared_std,adipose,H,firstorder,RootMeanSquared,std,0.001584,0.000384,0.00156,0.001608,0.243,232,237.5,97.0,405.0,0.0,0.0,-0.0645,0.103893,higher feature -> lower survival_target
tdlu_E_original_firstorder_TotalEnergy_std,tdlu,E,firstorder,TotalEnergy,std,0.001582,0.00056,0.001547,0.001617,0.354,233,259.0,70.0,448.0,0.0,0.8,-0.182,4e-06,higher feature -> lower survival_target
adipose_E_original_firstorder_10Percentile_std,adipose,E,firstorder,10Percentile,std,0.001577,0.000378,0.001553,0.0016,0.24,234,235.5,98.0,413.0,0.0,0.0,-0.094,0.01774,higher feature -> lower survival_target
stroma_H_original_firstorder_Median_mean,stroma,H,firstorder,Median,mean,0.001574,0.00041,0.001549,0.001599,0.261,235,240.0,92.0,418.0,0.0,0.2,-0.0408,0.304192,higher feature -> lower survival_target
stroma_H_original_firstorder_Skewness_std,stroma,H,firstorder,Skewness,std,0.001574,0.000342,0.001552,0.001595,0.217,236,236.0,108.0,377.1,0.0,0.3,-0.097,0.014376,higher feature -> lower survival_target
adipose_H_original_firstorder_Variance_std,adipose,H,firstorder,Variance,std,0.001572,0.000411,0.001546,0.001597,0.261,237,240.0,96.0,409.0,0.1,0.2,-0.1044,0.00843,higher feature -> lower survival_target
vessels_E_original_firstorder_RootMeanSquared_std,vessels,E,firstorder,RootMeanSquared,std,0.00157,0.000473,0.001541,0.0016,0.301,238,248.0,80.9,412.0,0.0,0.6,-0.1685,1.9e-05,higher feature -> lower survival_target
tils_H_original_firstorder_Skewness_std,tils,H,firstorder,Skewness,std,0.001563,0.000393,0.001539,0.001588,0.251,239,241.0,98.0,412.0,0.0,0.1,-0.1338,0.000715,higher feature -> lower survival_target
tils_E_original_firstorder_Skewness_std,tils,E,firstorder,Skewness,std,0.001561,0.000414,0.001535,0.001586,0.266,240,247.0,92.0,416.0,0.0,0.2,-0.1049,0.00811,higher feature -> lower survival_target
tumor_H_original_firstorder_Median_std,tumor,H,firstorder,Median,std,0.001556,0.000468,0.001527,0.001585,0.3,241,254.0,79.0,435.0,0.0,0.2,-0.0342,0.388886,higher feature -> lower survival_target
tumor_H_original_firstorder_90Percentile_mean,tumor,H,firstorder,90Percentile,mean,0.001555,0.000412,0.001529,0.001581,0.265,242,246.0,96.0,430.0,0.0,0.2,-0.058,0.144246,higher feature -> lower survival_target
tils_H_original_firstorder_10Percentile_mean,tils,H,firstorder,10Percentile,mean,0.001553,0.00043,0.001527,0.00158,0.277,243,250.5,96.0,430.0,0.1,0.1,-0.0443,0.265038,higher feature -> lower survival_target
adipose_H_original_firstorder_Median_std,adipose,H,firstorder,Median,std,0.00155,0.000404,0.001525,0.001575,0.261,244,244.5,94.0,418.0,0.0,0.3,0.0088,0.824525,higher feature -> higher survival_target
tumor_E_original_firstorder_Skewness_mean,tumor,E,firstorder,Skewness,mean,0.001547,0.000532,0.001514,0.00158,0.344,245,268.0,77.0,446.0,0.0,0.7,-0.0231,0.560227,higher feature -> lower survival_target
tumor_H_original_firstorder_Skewness_std,tumor,H,firstorder,Skewness,std,0.001541,0.000458,0.001513,0.00157,0.297,246,260.5,81.0,427.0,0.0,0.4,-0.1324,0.000818,higher feature -> lower survival_target
tumor_H_original_firstorder_MeanAbsoluteDeviation_std,tumor,H,firstorder,MeanAbsoluteDeviation,std,0.00154,0.000489,0.001509,0.00157,0.318,247,260.5,80.0,442.0,0.0,0.6,-0.1351,0.000635,higher feature -> lower survival_target
dcis_E_original_firstorder_Mean_std,dcis,E,firstorder,Mean,std,0.001532,0.00044,0.001505,0.00156,0.287,248,256.5,92.0,430.0,0.0,0.1,-0.0027,0.946428,higher feature -> lower survival_target
tdlu_E_original_firstorder_Variance_mean,tdlu,E,firstorder,Variance,mean,0.001529,0.000514,0.001497,0.001561,0.336,249,268.0,75.0,448.0,0.0,0.8,0.0163,0.68088,higher feature -> higher survival_target
tdlu_E_original_firstorder_Skewness_std,tdlu,E,firstorder,Skewness,std,0.001528,0.000451,0.0015,0.001556,0.295,250,264.5,95.0,436.0,0.1,0.2,-0.1073,0.00676,higher feature -> lower survival_target
vessels_E_original_firstorder_90Percentile_mean,vessels,E,firstorder,90Percentile,mean,0.001523,0.000409,0.001498,0.001549,0.269,251,252.0,103.0,437.0,0.0,0.3,-0.0325,0.413852,higher feature -> lower survival_target
tdlu_E_original_firstorder_MeanAbsoluteDeviation_mean,tdlu,E,firstorder,MeanAbsoluteDeviation,mean,0.001519,0.000494,0.001488,0.001549,0.325,252,269.5,79.0,444.0,0.0,0.2,0.0316,0.425681,higher feature -> higher survival_target
tumor_H_original_firstorder_TotalEnergy_std,tumor,H,firstorder,TotalEnergy,std,0.001517,0.000427,0.00149,0.001543,0.282,253,256.0,95.0,436.0,0.0,0.3,-0.0339,0.392776,higher feature -> lower survival_target
tils_H_original_firstorder_Kurtosis_mean,tils,H,firstorder,Kurtosis,mean,0.001513,0.000404,0.001488,0.001538,0.267,254,258.0,101.0,423.0,0.1,0.2,-0.0304,0.443699,higher feature -> lower survival_target
tumor_H_original_firstorder_Energy_std,tumor,H,firstorder,Energy,std,0.001513,0.000422,0.001487,0.001539,0.279,255,260.5,96.0,436.0,0.0,0.2,-0.0339,0.392776,higher feature -> lower survival_target
muscle_H_original_firstorder_Kurtosis_std,muscle,H,firstorder,Kurtosis,std,0.001513,0.000446,0.001485,0.001541,0.295,256,260.0,94.0,436.0,0.1,0.2,-0.0724,0.067927,higher feature -> lower survival_target
tumor_H_original_firstorder_RootMeanSquared_std,tumor,H,firstorder,RootMeanSquared,std,0.001512,0.000407,0.001487,0.001537,0.269,257,254.0,103.0,432.0,0.0,0.1,-0.0768,0.052917,higher feature -> lower survival_target
stroma_E_original_firstorder_TotalEnergy_mean,stroma,E,firstorder,TotalEnergy,mean,0.001512,0.000374,0.001489,0.001535,0.247,258,253.0,112.0,436.0,0.0,0.0,-0.0303,0.446197,higher feature -> lower survival_target
adipose_E_original_firstorder_RootMeanSquared_mean,adipose,E,firstorder,RootMeanSquared,mean,0.001512,0.000353,0.00149,0.001534,0.234,259,253.0,117.0,426.0,0.0,0.0,-0.1146,0.003813,higher feature -> lower survival_target
tdlu_E_original_firstorder_RobustMeanAbsoluteDeviation_mean,tdlu,E,firstorder,RobustMeanAbsoluteDeviation,mean,0.001511,0.000467,0.001482,0.00154,0.309,260,268.5,83.9,443.0,0.0,0.2,0.0359,0.366042,higher feature -> higher survival_target
stroma_E_original_firstorder_RobustMeanAbsoluteDeviation_std,stroma,E,firstorder,RobustMeanAbsoluteDeviation,std,0.001509,0.000416,0.001483,0.001535,0.276,261,263.0,98.9,419.0,0.0,0.6,-0.1304,0.000977,higher feature -> lower survival_target
stroma_E_original_firstorder_Energy_mean,stroma,E,firstorder,Energy,mean,0.001508,0.000371,0.001485,0.001531,0.246,262,256.5,108.0,438.0,0.0,0.0,-0.0303,0.446197,higher feature -> lower survival_target
vessels_H_original_firstorder_10Percentile_mean,vessels,H,firstorder,10Percentile,mean,0.001504,0.000528,0.001472,0.001537,0.351,263,275.0,82.0,440.0,0.1,0.7,0.025,0.528981,higher feature -> higher survival_target
tdlu_H_original_firstorder_Median_std,tdlu,H,firstorder,Median,std,0.001504,0.000578,0.001468,0.00154,0.384,264,286.0,72.0,435.0,0.3,1.2,-0.15,0.000147,higher feature -> lower survival_target
vessels_H_original_firstorder_Variance_mean,vessels,H,firstorder,Variance,mean,0.001503,0.000405,0.001477,0.001528,0.27,265,258.0,97.0,434.0,0.0,0.0,-0.0995,0.012093,higher feature -> lower survival_target
tumor_E_original_firstorder_Skewness_std,tumor,E,firstorder,Skewness,std,0.001502,0.000411,0.001476,0.001527,0.274,266,263.5,99.0,431.0,0.0,0.2,0.0127,0.748709,higher feature -> higher survival_target
tils_E_original_firstorder_Kurtosis_mean,tils,E,firstorder,Kurtosis,mean,0.001499,0.000361,0.001477,0.001522,0.241,267,260.0,106.0,424.0,0.0,0.0,-0.0995,0.012047,higher feature -> lower survival_target
vessels_H_original_firstorder_10Percentile_std,vessels,H,firstorder,10Percentile,std,0.001496,0.000475,0.001467,0.001526,0.317,268,269.0,91.0,437.0,0.0,0.8,-0.016,0.687937,higher feature -> lower survival_target
tdlu_H_original_firstorder_Skewness_mean,tdlu,H,firstorder,Skewness,mean,0.001494,0.000458,0.001466,0.001523,0.306,269,268.0,87.0,439.0,0.0,0.5,-0.0757,0.056437,higher feature -> lower survival_target
stroma_E_original_firstorder_Entropy_mean,stroma,E,firstorder,Entropy,mean,0.001486,0.000411,0.001461,0.001512,0.277,270,263.0,101.0,446.0,0.0,0.2,0.0352,0.375859,higher feature -> higher survival_target
vessels_H_original_firstorder_RootMeanSquared_std,vessels,H,firstorder,RootMeanSquared,std,0.001484,0.000575,0.001448,0.00152,0.387,271,291.0,72.0,454.0,0.2,0.8,-0.1453,0.000236,higher feature -> lower survival_target
tdlu_E_original_firstorder_InterquartileRange_mean,tdlu,E,firstorder,InterquartileRange,mean,0.001481,0.000446,0.001453,0.001509,0.301,272,277.0,91.0,446.0,0.0,0.2,0.0362,0.361912,higher feature -> higher survival_target
vessels_H_original_firstorder_TotalEnergy_std,vessels,H,firstorder,TotalEnergy,std,0.00148,0.000494,0.001449,0.001511,0.334,273,283.0,81.0,449.0,0.0,0.2,-0.1192,0.002611,higher feature -> lower survival_target
stroma_E_original_firstorder_Median_std,stroma,E,firstorder,Median,std,0.001478,0.000421,0.001452,0.001504,0.285,274,275.0,101.0,429.0,0.0,0.6,-0.1701,1.6e-05,higher feature -> lower survival_target
vessels_H_original_firstorder_Energy_std,vessels,H,firstorder,Energy,std,0.001477,0.000492,0.001447,0.001508,0.333,275,283.5,85.0,449.0,0.0,0.4,-0.1192,0.002611,higher feature -> lower survival_target
adipose_H_original_firstorder_RobustMeanAbsoluteDeviation_std,adipose,H,firstorder,RobustMeanAbsoluteDeviation,std,0.001475,0.000361,0.001453,0.001497,0.245,276,265.0,111.9,421.0,0.0,0.1,-0.0527,0.184076,higher feature -> lower survival_target
stroma_E_original_firstorder_RootMeanSquared_mean,stroma,E,firstorder,RootMeanSquared,mean,0.001472,0.00036,0.00145,0.001494,0.245,277,265.0,113.0,441.0,0.0,0.0,-0.0086,0.828903,higher feature -> lower survival_target
stroma_H_original_firstorder_Kurtosis_std,stroma,H,firstorder,Kurtosis,std,0.001471,0.000327,0.001451,0.001491,0.222,278,265.0,118.9,417.0,0.0,0.1,-0.0252,0.525979,higher feature -> lower survival_target
dcis_E_original_firstorder_Variance_mean,dcis,E,firstorder,Variance,mean,0.001467,0.000395,0.001443,0.001492,0.269,279,266.0,106.0,429.0,0.0,0.3,-0.0761,0.054975,higher feature -> lower survival_target
muscle_H_original_firstorder_Kurtosis_mean,muscle,H,firstorder,Kurtosis,mean,0.001465,0.000327,0.001445,0.001486,0.223,280,269.0,115.0,417.0,0.0,0.0,-0.1265,0.001388,higher feature -> lower survival_target
stroma_E_original_firstorder_TotalEnergy_std,stroma,E,firstorder,TotalEnergy,std,0.001465,0.000352,0.001443,0.001487,0.24,281,269.0,111.0,415.0,0.0,0.1,-0.1626,3.8e-05,higher feature -> lower survival_target
dcis_E_original_firstorder_90Percentile_mean,dcis,E,firstorder,90Percentile,mean,0.001462,0.000448,0.001434,0.00149,0.307,282,281.5,104.0,453.0,0.0,0.1,0.02,0.614745,higher feature -> higher survival_target
stroma_E_original_firstorder_10Percentile_std,stroma,E,firstorder,10Percentile,std,0.001459,0.000349,0.001437,0.00148,0.239,283,272.5,120.0,421.0,0.0,0.0,-0.1212,0.002201,higher feature -> lower survival_target
stroma_E_original_firstorder_Energy_std,stroma,E,firstorder,Energy,std,0.001457,0.000347,0.001435,0.001478,0.238,284,272.0,120.0,415.0,0.0,0.1,-0.1626,3.8e-05,higher feature -> lower survival_target
stroma_E_original_firstorder_10Percentile_mean,stroma,E,firstorder,10Percentile,mean,0.001456,0.000328,0.001435,0.001476,0.225,285,267.0,117.0,423.0,0.0,0.0,-0.0757,0.056385,higher feature -> lower survival_target
dcis_H_original_firstorder_MeanAbsoluteDeviation_std,dcis,H,firstorder,MeanAbsoluteDeviation,std,0.001449,0.000413,0.001423,0.001474,0.285,286,272.5,104.0,438.0,0.0,0.2,-0.0698,0.078451,higher feature -> lower survival_target
adipose_H_original_firstorder_10Percentile_std,adipose,H,firstorder,10Percentile,std,0.001447,0.000358,0.001424,0.001469,0.248,287,275.0,111.0,431.0,0.0,0.2,-0.0305,0.441972,higher feature -> lower survival_target
vessels_E_original_firstorder_RootMeanSquared_mean,vessels,E,firstorder,RootMeanSquared,mean,0.001446,0.000381,0.001422,0.001469,0.264,288,274.5,114.0,449.0,0.0,0.0,-0.0348,0.380388,higher feature -> lower survival_target
muscle_H_original_firstorder_MeanAbsoluteDeviation_std,muscle,H,firstorder,MeanAbsoluteDeviation,std,0.001442,0.000496,0.001411,0.001472,0.344,289,297.5,80.0,453.0,0.0,0.3,-0.1588,5.8e-05,higher feature -> lower survival_target
dcis_H_original_firstorder_Entropy_mean,dcis,H,firstorder,Entropy,mean,0.001438,0.000342,0.001417,0.001459,0.238,290,274.0,119.0,434.0,0.0,0.0,-0.0146,0.713141,higher feature -> lower survival_target
muscle_H_original_firstorder_Skewness_std,muscle,H,firstorder,Skewness,std,0.001422,0.000343,0.001401,0.001443,0.242,291,281.0,119.0,426.0,0.0,0.0,-0.1311,0.000922,higher feature -> lower survival_target
muscle_E_original_firstorder_Variance_mean,muscle,E,firstorder,Variance,mean,0.00142,0.000326,0.0014,0.00144,0.229,292,279.5,127.0,435.0,0.0,0.1,-0.1077,0.006565,higher feature -> lower survival_target
vessels_E_original_firstorder_Kurtosis_mean,vessels,E,firstorder,Kurtosis,mean,0.00142,0.000515,0.001388,0.001452,0.363,293,305.0,88.0,452.0,0.2,0.8,-0.0885,0.02559,higher feature -> lower survival_target
tdlu_H_original_firstorder_Kurtosis_mean,tdlu,H,firstorder,Kurtosis,mean,0.00142,0.000327,0.001399,0.00144,0.23,294,287.0,124.0,432.0,0.0,0.0,-0.0982,0.013266,higher feature -> lower survival_target
dcis_H_original_firstorder_Uniformity_mean,dcis,H,firstorder,Uniformity,mean,0.00141,0.000358,0.001388,0.001432,0.254,295,284.5,123.9,437.0,0.0,0.0,-0.0538,0.175054,higher feature -> lower survival_target
adipose_H_original_firstorder_InterquartileRange_std,adipose,H,firstorder,InterquartileRange,std,0.00141,0.000321,0.00139,0.00143,0.228,296,281.5,121.0,435.0,0.0,0.0,-0.0365,0.358585,higher feature -> lower survival_target
tumor_E_original_firstorder_Variance_mean,tumor,E,firstorder,Variance,mean,0.001409,0.000395,0.001385,0.001434,0.28,297,296.0,107.0,449.0,0.0,0.1,-0.0171,0.667638,higher feature -> lower survival_target
muscle_E_original_firstorder_Entropy_mean,muscle,E,firstorder,Entropy,mean,0.001407,0.000491,0.001376,0.001437,0.349,298,309.0,93.0,455.0,0.1,0.3,-0.002,0.959779,higher feature -> lower survival_target
vessels_E_original_firstorder_Entropy_mean,vessels,E,firstorder,Entropy,mean,0.001404,0.00038,0.001381,0.001428,0.271,299,291.5,115.9,449.0,0.0,0.1,0.0183,0.644604,higher feature -> higher survival_target
muscle_E_original_firstorder_Skewness_mean,muscle,E,firstorder,Skewness,mean,0.001392,0.000287,0.001374,0.00141,0.206,300,286.0,137.0,429.0,0.0,0.0,0.0324,0.414249,higher feature -> higher survival_target
muscle_E_original_firstorder_Entropy_std,muscle,E,firstorder,Entropy,std,0.001384,0.00039,0.00136,0.001408,0.282,301,301.5,114.0,446.0,0.0,0.3,-0.1115,0.004862,higher feature -> lower survival_target
vessels_E_original_firstorder_Energy_mean,vessels,E,firstorder,Energy,mean,0.001381,0.000367,0.001358,0.001404,0.266,302,298.0,118.0,451.0,0.0,0.1,-0.0566,0.154262,higher feature -> lower survival_target
vessels_E_original_firstorder_Uniformity_mean,vessels,E,firstorder,Uniformity,mean,0.001381,0.000412,0.001355,0.001406,0.298,303,303.5,115.0,452.0,0.1,0.2,-0.0431,0.278216,higher feature -> lower survival_target
vessels_E_original_firstorder_TotalEnergy_mean,vessels,E,firstorder,TotalEnergy,mean,0.00138,0.000362,0.001358,0.001402,0.262,304,298.0,123.0,451.0,0.0,0.1,-0.0566,0.154262,higher feature -> lower survival_target
dcis_E_original_firstorder_Skewness_std,dcis,E,firstorder,Skewness,std,0.001379,0.000478,0.00135,0.001409,0.346,305,315.0,91.9,453.0,0.0,0.8,-0.0,0.999089,higher feature -> lower survival_target
tumor_E_original_firstorder_10Percentile_std,tumor,E,firstorder,10Percentile,std,0.001375,0.00032,0.001355,0.001395,0.232,306,300.0,130.0,439.0,0.0,0.0,-0.062,0.118429,higher feature -> lower survival_target
muscle_E_original_firstorder_Uniformity_mean,muscle,E,firstorder,Uniformity,mean,0.001375,0.000426,0.001349,0.001402,0.31,307,315.0,101.0,458.0,0.0,0.0,-0.0313,0.430455,higher feature -> lower survival_target
tdlu_E_original_firstorder_Entropy_std,tdlu,E,firstorder,Entropy,std,0.001375,0.000397,0.00135,0.001399,0.289,308,313.5,110.0,442.0,0.0,0.2,-0.1026,0.009646,higher feature -> lower survival_target
muscle_H_original_firstorder_10Percentile_std,muscle,H,firstorder,10Percentile,std,0.001374,0.00037,0.001351,0.001397,0.269,309,302.0,114.0,447.0,0.0,0.1,-0.0139,0.726039,higher feature -> lower survival_target
vessels_E_original_firstorder_Median_mean,vessels,E,firstorder,Median,mean,0.001373,0.000372,0.00135,0.001396,0.271,310,301.0,115.0,451.0,0.0,0.0,-0.0346,0.383489,higher feature -> lower survival_target
tils_H_original_firstorder_Mean_mean,tils,H,firstorder,Mean,mean,0.001368,0.000337,0.001347,0.001389,0.246,311,299.0,123.0,448.0,0.0,0.0,-0.0302,0.447487,higher feature -> lower survival_target
tils_E_original_firstorder_Kurtosis_std,tils,E,firstorder,Kurtosis,std,0.001367,0.000349,0.001345,0.001389,0.255,312,302.0,129.0,435.0,0.0,0.2,-0.0756,0.056785,higher feature -> lower survival_target
tumor_H_original_firstorder_10Percentile_std,tumor,H,firstorder,10Percentile,std,0.001366,0.000406,0.001341,0.001391,0.297,313,311.5,104.0,453.0,0.0,0.0,-0.0254,0.52302,higher feature -> lower survival_target
tdlu_H_original_firstorder_Uniformity_mean,tdlu,H,firstorder,Uniformity,mean,0.001354,0.000374,0.001331,0.001377,0.276,314,314.0,119.0,449.0,0.0,0.0,-0.0801,0.043505,higher feature -> lower survival_target
tumor_E_original_firstorder_MeanAbsoluteDeviation_mean,tumor,E,firstorder,MeanAbsoluteDeviation,mean,0.001349,0.000399,0.001324,0.001374,0.296,315,315.0,109.0,456.0,0.0,0.1,-0.0048,0.902843,higher feature -> lower survival_target
dcis_H_original_firstorder_TotalEnergy_mean,dcis,H,firstorder,TotalEnergy,mean,0.001349,0.000462,0.00132,0.001377,0.342,316,330.0,97.0,458.0,0.0,0.2,-0.0791,0.046194,higher feature -> lower survival_target
dcis_H_original_firstorder_RootMeanSquared_mean,dcis,H,firstorder,RootMeanSquared,mean,0.001347,0.00045,0.001319,0.001375,0.334,317,325.5,107.0,457.0,0.0,0.3,-0.0771,0.051859,higher feature -> lower survival_target
dcis_H_original_firstorder_Energy_mean,dcis,H,firstorder,Energy,mean,0.001347,0.000461,0.001318,0.001375,0.342,318,332.0,102.0,459.0,0.0,0.4,-0.0791,0.046194,higher feature -> lower survival_target
tdlu_H_original_firstorder_Median_mean,tdlu,H,firstorder,Median,mean,0.001346,0.000357,0.001324,0.001368,0.265,319,309.5,121.0,448.0,0.0,0.1,0.0494,0.213438,higher feature -> higher survival_target
tumor_E_original_firstorder_Median_std,tumor,E,firstorder,Median,std,0.001346,0.000492,0.001316,0.001377,0.365,320,333.5,85.9,454.0,0.1,0.9,-0.1366,0.000552,higher feature -> lower survival_target
tumor_E_original_firstorder_Kurtosis_mean,tumor,E,firstorder,Kurtosis,mean,0.001346,0.000349,0.001324,0.001368,0.259,321,309.0,121.0,449.0,0.0,0.0,-0.0015,0.969427,higher feature -> lower survival_target
stroma_E_original_firstorder_Entropy_std,stroma,E,firstorder,Entropy,std,0.001345,0.000306,0.001326,0.001364,0.228,322,304.0,147.0,446.0,0.0,0.1,-0.1044,0.008416,higher feature -> lower survival_target
tdlu_E_original_firstorder_Skewness_mean,tdlu,E,firstorder,Skewness,mean,0.001344,0.000355,0.001322,0.001366,0.264,323,313.5,125.0,450.0,0.0,0.0,-0.0195,0.624342,higher feature -> lower survival_target
dcis_E_original_firstorder_Kurtosis_std,dcis,E,firstorder,Kurtosis,std,0.001338,0.00041,0.001312,0.001363,0.307,324,322.0,99.0,453.0,0.0,0.2,0.0111,0.779688,higher feature -> higher survival_target
muscle_H_original_firstorder_90Percentile_std,muscle,H,firstorder,90Percentile,std,0.001335,0.000484,0.001305,0.001365,0.363,325,332.0,96.0,458.0,0.0,0.5,-0.1503,0.000142,higher feature -> lower survival_target
tumor_E_original_firstorder_Entropy_std,tumor,E,firstorder,Entropy,std,0.001335,0.000411,0.001309,0.00136,0.308,326,327.5,100.0,455.0,0.0,0.3,-0.0862,0.029685,higher feature -> lower survival_target
tdlu_H_original_firstorder_10Percentile_std,tdlu,H,firstorder,10Percentile,std,0.001327,0.000349,0.001306,0.001349,0.263,327,319.0,126.0,446.0,0.0,0.1,-0.0256,0.519922,higher feature -> lower survival_target
muscle_H_original_firstorder_InterquartileRange_std,muscle,H,firstorder,InterquartileRange,std,0.001326,0.000378,0.001303,0.00135,0.285,328,326.0,113.0,451.0,0.0,0.1,-0.1175,0.003006,higher feature -> lower survival_target
tils_H_original_firstorder_RobustMeanAbsoluteDeviation_mean,tils,H,firstorder,RobustMeanAbsoluteDeviation,mean,0.001322,0.000334,0.001301,0.001343,0.252,329,320.0,127.0,451.0,0.0,0.0,-0.0468,0.238241,higher feature -> lower survival_target
vessels_E_original_firstorder_10Percentile_std,vessels,E,firstorder,10Percentile,std,0.001321,0.000325,0.001301,0.001341,0.246,330,321.0,133.0,450.0,0.0,0.1,-0.0727,0.067013,higher feature -> lower survival_target
tdlu_E_original_firstorder_Uniformity_mean,tdlu,E,firstorder,Uniformity,mean,0.00132,0.000397,0.001296,0.001345,0.301,331,334.0,115.0,456.0,0.0,0.1,-0.0478,0.228287,higher feature -> lower survival_target
dcis_E_original_firstorder_Energy_std,dcis,E,firstorder,Energy,std,0.00132,0.000374,0.001297,0.001343,0.283,332,326.0,116.0,454.0,0.0,0.1,-0.0292,0.462405,higher feature -> lower survival_target
tumor_H_original_firstorder_90Percentile_std,tumor,H,firstorder,90Percentile,std,0.00132,0.000367,0.001297,0.001343,0.278,333,325.5,116.0,453.0,0.0,0.0,-0.125,0.001582,higher feature -> lower survival_target
adipose_H_original_firstorder_MeanAbsoluteDeviation_std,adipose,H,firstorder,MeanAbsoluteDeviation,std,0.001319,0.000312,0.0013,0.001339,0.237,334,321.0,144.0,445.0,0.0,0.0,-0.0999,0.011715,higher feature -> lower survival_target
muscle_H_original_firstorder_Entropy_std,muscle,H,firstorder,Entropy,std,0.001316,0.000381,0.001292,0.001339,0.29,335,328.0,123.9,451.0,0.0,0.3,-0.129,0.001108,higher feature -> lower survival_target
dcis_E_original_firstorder_TotalEnergy_std,dcis,E,firstorder,TotalEnergy,std,0.001315,0.000374,0.001292,0.001338,0.284,336,333.0,123.0,455.0,0.0,0.1,-0.0292,0.462405,higher feature -> lower survival_target
stroma_E_original_firstorder_Mean_mean,stroma,E,firstorder,Mean,mean,0.001314,0.000299,0.001296,0.001333,0.227,337,311.0,143.0,452.0,0.0,0.0,-0.0248,0.53284,higher feature -> lower survival_target
tdlu_E_original_firstorder_Entropy_mean,tdlu,E,firstorder,Entropy,mean,0.001313,0.000375,0.00129,0.001336,0.285,338,329.5,117.0,454.0,0.0,0.1,0.0374,0.346101,higher feature -> higher survival_target
vessels_H_original_firstorder_Mean_std,vessels,H,firstorder,Mean,std,0.001313,0.000442,0.001285,0.00134,0.337,339,339.0,109.9,456.0,0.0,0.5,-0.113,0.004324,higher feature -> lower survival_target
tumor_H_original_firstorder_Mean_std,tumor,H,firstorder,Mean,std,0.001308,0.000329,0.001287,0.001328,0.251,340,319.5,144.0,451.0,0.0,0.2,-0.0709,0.073834,higher feature -> lower survival_target
dcis_H_original_firstorder_90Percentile_std,dcis,H,firstorder,90Percentile,std,0.001304,0.000395,0.001279,0.001328,0.303,341,330.5,119.9,458.0,0.0,0.2,-0.0986,0.012887,higher feature -> lower survival_target
dcis_H_original_firstorder_TotalEnergy_std,dcis,H,firstorder,TotalEnergy,std,0.001301,0.000376,0.001278,0.001324,0.289,342,334.0,128.0,454.0,0.0,0.2,-0.0837,0.034763,higher feature -> lower survival_target
dcis_H_original_firstorder_Energy_std,dcis,H,firstorder,Energy,std,0.001297,0.000369,0.001274,0.00132,0.285,343,332.0,123.0,455.0,0.0,0.2,-0.0837,0.034763,higher feature -> lower survival_target
tdlu_E_original_firstorder_Kurtosis_mean,tdlu,E,firstorder,Kurtosis,mean,0.001297,0.000307,0.001277,0.001316,0.237,344,330.0,142.0,450.0,0.0,0.0,-0.0903,0.022737,higher feature -> lower survival_target
dcis_E_original_firstorder_MeanAbsoluteDeviation_mean,dcis,E,firstorder,MeanAbsoluteDeviation,mean,0.001295,0.000315,0.001275,0.001314,0.243,345,326.0,141.0,452.0,0.0,0.0,-0.0433,0.275855,higher feature -> lower survival_target
dcis_E_original_firstorder_RootMeanSquared_std,dcis,E,firstorder,RootMeanSquared,std,0.001293,0.000351,0.001271,0.001315,0.272,346,330.0,135.9,452.0,0.1,0.2,-0.044,0.268019,higher feature -> lower survival_target
dcis_H_original_firstorder_Mean_std,dcis,H,firstorder,Mean,std,0.001291,0.000383,0.001268,0.001315,0.297,347,340.0,106.0,455.0,0.0,0.0,-0.1057,0.007659,higher feature -> lower survival_target
tumor_E_original_firstorder_RootMeanSquared_std,tumor,E,firstorder,RootMeanSquared,std,0.001291,0.000319,0.001271,0.00131,0.247,348,332.0,131.0,453.0,0.0,0.0,-0.1236,0.001784,higher feature -> lower survival_target
tdlu_H_original_firstorder_Variance_mean,tdlu,H,firstorder,Variance,mean,0.001288,0.000323,0.001268,0.001308,0.25,349,328.0,137.0,454.0,0.0,0.2,-0.0597,0.132481,higher feature -> lower survival_target
tils_H_original_firstorder_InterquartileRange_mean,tils,H,firstorder,InterquartileRange,mean,0.001279,0.000277,0.001262,0.001296,0.217,350,330.0,157.0,451.0,0.0,0.0,-0.021,0.597565,higher feature -> lower survival_target
tumor_H_original_firstorder_RobustMeanAbsoluteDeviation_mean,tumor,H,firstorder,RobustMeanAbsoluteDeviation,mean,0.001276,0.000311,0.001257,0.001295,0.244,351,335.5,149.9,455.0,0.0,0.0,-0.0484,0.222804,higher feature -> lower survival_target
vessels_E_original_firstorder_10Percentile_mean,vessels,E,firstorder,10Percentile,mean,0.001276,0.000328,0.001256,0.001296,0.257,352,332.0,137.9,456.0,0.0,0.1,-0.0383,0.335501,higher feature -> lower survival_target
tils_H_original_firstorder_Kurtosis_std,tils,H,firstorder,Kurtosis,std,0.001275,0.000292,0.001257,0.001293,0.229,353,332.0,148.0,447.0,0.0,0.0,-0.0639,0.107575,higher feature -> lower survival_target
muscle_H_original_firstorder_InterquartileRange_mean,muscle,H,firstorder,InterquartileRange,mean,0.001275,0.00026,0.001259,0.001291,0.204,354,326.5,168.0,446.0,0.0,0.0,0.0961,0.015361,higher feature -> higher survival_target
vessels_E_original_firstorder_TotalEnergy_std,vessels,E,firstorder,TotalEnergy,std,0.001274,0.000294,0.001256,0.001292,0.231,355,330.0,151.0,452.0,0.0,0.0,-0.1258,0.001484,higher feature -> lower survival_target
vessels_E_original_firstorder_Mean_mean,vessels,E,firstorder,Mean,mean,0.001274,0.000351,0.001252,0.001296,0.276,356,336.0,129.0,461.0,0.0,0.0,-0.0332,0.403009,higher feature -> lower survival_target
vessels_E_original_firstorder_Energy_std,vessels,E,firstorder,Energy,std,0.001273,0.000297,0.001255,0.001292,0.233,357,332.0,150.0,451.0,0.0,0.0,-0.1258,0.001484,higher feature -> lower survival_target
muscle_H_original_firstorder_Uniformity_mean,muscle,H,firstorder,Uniformity,mean,0.001271,0.000276,0.001253,0.001288,0.217,358,330.0,157.9,448.0,0.0,0.0,-0.1251,0.001569,higher feature -> lower survival_target
stroma_E_original_firstorder_Median_mean,stroma,E,firstorder,Median,mean,0.001269,0.00025,0.001254,0.001285,0.197,359,330.0,169.9,451.0,0.0,0.0,-0.0409,0.302672,higher feature -> lower survival_target
stroma_E_original_firstorder_MeanAbsoluteDeviation_std,stroma,E,firstorder,MeanAbsoluteDeviation,std,0.001268,0.000331,0.001248,0.001289,0.261,360,340.0,135.0,453.0,0.0,0.0,-0.1465,0.00021,higher feature -> lower survival_target
vessels_H_original_firstorder_Kurtosis_mean,vessels,H,firstorder,Kurtosis,mean,0.001266,0.000293,0.001247,0.001284,0.232,361,334.0,148.0,452.0,0.0,0.0,-0.0306,0.440339,higher feature -> lower survival_target
muscle_H_original_firstorder_RobustMeanAbsoluteDeviation_std,muscle,H,firstorder,RobustMeanAbsoluteDeviation,std,0.001265,0.000359,0.001243,0.001287,0.283,362,347.0,127.9,455.0,0.0,0.1,-0.1237,0.001771,higher feature -> lower survival_target
stroma_E_original_firstorder_Uniformity_mean,stroma,E,firstorder,Uniformity,mean,0.001263,0.000302,0.001245,0.001282,0.239,363,335.0,144.0,454.0,0.0,0.0,-0.0339,0.394068,higher feature -> lower survival_target
muscle_H_original_firstorder_RobustMeanAbsoluteDeviation_mean,muscle,H,firstorder,RobustMeanAbsoluteDeviation,mean,0.00126,0.000264,0.001244,0.001277,0.21,364,333.0,167.0,451.0,0.0,0.0,0.0868,0.02866,higher feature -> higher survival_target
vessels_E_original_firstorder_Median_std,vessels,E,firstorder,Median,std,0.001258,0.000271,0.001242,0.001275,0.216,365,336.5,150.9,450.0,0.0,0.0,-0.1352,0.000629,higher feature -> lower survival_target
tdlu_E_original_firstorder_90Percentile_mean,tdlu,E,firstorder,90Percentile,mean,0.001258,0.000316,0.001239,0.001278,0.251,366,342.0,137.0,454.0,0.0,0.0,-0.01,0.801357,higher feature -> lower survival_target
tdlu_H_original_firstorder_MeanAbsoluteDeviation_mean,tdlu,H,firstorder,MeanAbsoluteDeviation,mean,0.001257,0.00029,0.00124,0.001275,0.231,367,334.0,152.0,455.0,0.0,0.0,-0.0216,0.586916,higher feature -> lower survival_target
dcis_E_original_firstorder_RobustMeanAbsoluteDeviation_mean,dcis,E,firstorder,RobustMeanAbsoluteDeviation,mean,0.001257,0.00029,0.001239,0.001275,0.23,368,339.0,154.0,451.0,0.0,0.0,-0.0396,0.318292,higher feature -> lower survival_target
tdlu_E_original_firstorder_10Percentile_std,tdlu,E,firstorder,10Percentile,std,0.001257,0.000387,0.001233,0.001281,0.308,369,354.0,120.0,459.0,0.0,0.1,-0.1532,0.000105,higher feature -> lower survival_target
tils_H_original_firstorder_Entropy_mean,tils,H,firstorder,Entropy,mean,0.001253,0.000272,0.001236,0.00127,0.217,370,338.0,158.9,450.0,0.0,0.0,-0.0003,0.993571,higher feature -> lower survival_target
adipose_H_original_firstorder_90Percentile_std,adipose,H,firstorder,90Percentile,std,0.001251,0.000257,0.001235,0.001266,0.206,371,337.0,164.0,450.0,0.0,0.0,-0.0591,0.136319,higher feature -> lower survival_target
dcis_E_original_firstorder_Kurtosis_mean,dcis,E,firstorder,Kurtosis,mean,0.001247,0.000403,0.001222,0.001272,0.323,372,359.0,124.9,459.0,0.0,0.2,-0.0001,0.997251,higher feature -> lower survival_target
muscle_E_original_firstorder_MeanAbsoluteDeviation_mean,muscle,E,firstorder,MeanAbsoluteDeviation,mean,0.00124,0.000278,0.001223,0.001257,0.224,373,339.5,159.0,454.0,0.0,0.0,-0.0783,0.048378,higher feature -> lower survival_target
muscle_E_original_firstorder_90Percentile_mean,muscle,E,firstorder,90Percentile,mean,0.001239,0.000288,0.001221,0.001257,0.233,374,344.5,155.0,458.0,0.0,0.0,-0.0785,0.047719,higher feature -> lower survival_target
dcis_H_original_firstorder_Kurtosis_mean,dcis,H,firstorder,Kurtosis,mean,0.001239,0.000248,0.001223,0.001254,0.2,375,340.0,177.9,448.0,0.0,0.0,-0.0125,0.752972,higher feature -> lower survival_target
vessels_E_original_firstorder_Mean_std,vessels,E,firstorder,Mean,std,0.001238,0.000259,0.001222,0.001254,0.209,376,343.5,165.9,446.0,0.0,0.0,-0.1394,0.000424,higher feature -> lower survival_target
muscle_H_original_firstorder_Median_std,muscle,H,firstorder,Median,std,0.001233,0.000275,0.001216,0.00125,0.223,377,348.5,168.0,452.0,0.0,0.0,-0.0474,0.232545,higher feature -> lower survival_target
dcis_H_original_firstorder_Median_std,dcis,H,firstorder,Median,std,0.001233,0.000378,0.001209,0.001256,0.306,378,368.5,125.0,459.0,0.0,0.1,-0.1016,0.010388,higher feature -> lower survival_target
dcis_E_original_firstorder_Entropy_std,dcis,E,firstorder,Entropy,std,0.001229,0.000367,0.001206,0.001252,0.299,379,363.0,120.9,459.0,0.0,0.1,-0.0508,0.200926,higher feature -> lower survival_target
tumor_E_original_firstorder_TotalEnergy_std,tumor,E,firstorder,TotalEnergy,std,0.001222,0.000298,0.001203,0.00124,0.244,380,355.0,145.0,458.0,0.0,0.1,-0.11,0.005478,higher feature -> lower survival_target
tils_H_original_firstorder_Skewness_mean,tils,H,firstorder,Skewness,mean,0.001221,0.000319,0.001201,0.001241,0.261,381,358.0,143.0,458.0,0.0,0.0,-0.0346,0.383139,higher feature -> lower survival_target
tumor_E_original_firstorder_Energy_std,tumor,E,firstorder,Energy,std,0.001215,0.000296,0.001197,0.001234,0.243,382,357.5,148.0,458.0,0.0,0.0,-0.11,0.005478,higher feature -> lower survival_target
vessels_H_original_firstorder_InterquartileRange_mean,vessels,H,firstorder,InterquartileRange,mean,0.001215,0.000301,0.001196,0.001234,0.248,383,360.5,152.0,458.0,0.0,0.0,-0.0102,0.796763,higher feature -> lower survival_target
muscle_E_original_firstorder_Energy_mean,muscle,E,firstorder,Energy,mean,0.001214,0.000278,0.001197,0.001232,0.229,384,354.0,174.9,457.0,0.0,0.0,-0.1087,0.00606,higher feature -> lower survival_target
muscle_H_original_firstorder_TotalEnergy_std,muscle,H,firstorder,TotalEnergy,std,0.001212,0.000271,0.001195,0.001229,0.224,385,355.0,162.0,456.0,0.0,0.0,-0.0613,0.122249,higher feature -> lower survival_target
tils_H_original_firstorder_Median_mean,tils,H,firstorder,Median,mean,0.001212,0.000255,0.001196,0.001228,0.21,386,355.0,175.9,454.0,0.0,0.0,0.0074,0.852114,higher feature -> higher survival_target
vessels_H_original_firstorder_MeanAbsoluteDeviation_mean,vessels,H,firstorder,MeanAbsoluteDeviation,mean,0.001212,0.000312,0.001192,0.001231,0.258,387,356.5,149.0,460.0,0.0,0.0,-0.0511,0.198323,higher feature -> lower survival_target
tdlu_H_original_firstorder_Entropy_mean,tdlu,H,firstorder,Entropy,mean,0.001211,0.000273,0.001194,0.001228,0.225,388,351.0,167.0,457.0,0.0,0.0,0.052,0.190591,higher feature -> higher survival_target
stroma_E_original_firstorder_Skewness_std,stroma,E,firstorder,Skewness,std,0.001211,0.00028,0.001194,0.001229,0.231,389,357.5,161.0,457.0,0.0,0.0,-0.0681,0.086102,higher feature -> lower survival_target
muscle_E_original_firstorder_TotalEnergy_mean,muscle,E,firstorder,TotalEnergy,mean,0.001211,0.00028,0.001194,0.001229,0.231,390,353.0,171.0,460.0,0.0,0.0,-0.1087,0.00606,higher feature -> lower survival_target
tdlu_H_original_firstorder_RobustMeanAbsoluteDeviation_mean,tdlu,H,firstorder,RobustMeanAbsoluteDeviation,mean,0.00121,0.000289,0.001192,0.001228,0.238,391,353.0,157.0,457.0,0.0,0.0,-0.0033,0.933033,higher feature -> lower survival_target
muscle_H_original_firstorder_Mean_mean,muscle,H,firstorder,Mean,mean,0.00121,0.000299,0.001192,0.001229,0.247,392,355.5,154.0,458.0,0.0,0.0,0.0923,0.019947,higher feature -> higher survival_target
muscle_H_original_firstorder_Energy_std,muscle,H,firstorder,Energy,std,0.001207,0.000277,0.00119,0.001225,0.229,393,359.0,166.0,457.0,0.0,0.0,-0.0613,0.122249,higher feature -> lower survival_target
vessels_H_original_firstorder_RobustMeanAbsoluteDeviation_mean,vessels,H,firstorder,RobustMeanAbsoluteDeviation,mean,0.001203,0.00031,0.001184,0.001223,0.258,394,358.5,147.9,460.0,0.0,0.0,-0.021,0.596453,higher feature -> lower survival_target
dcis_H_original_firstorder_Skewness_mean,dcis,H,firstorder,Skewness,mean,0.001203,0.00024,0.001188,0.001218,0.2,395,350.5,185.0,452.0,0.0,0.0,-0.0134,0.735664,higher feature -> lower survival_target
muscle_H_original_firstorder_RootMeanSquared_std,muscle,H,firstorder,RootMeanSquared,std,0.001203,0.000347,0.001182,0.001225,0.289,396,371.0,132.9,462.0,0.0,0.1,-0.112,0.004677,higher feature -> lower survival_target
dcis_E_original_firstorder_Median_std,dcis,E,firstorder,Median,std,0.0012,0.000307,0.001181,0.001219,0.256,397,365.0,141.0,458.0,0.0,0.0,-0.0207,0.602057,higher feature -> lower survival_target
tdlu_H_original_firstorder_Mean_mean,tdlu,H,firstorder,Mean,mean,0.001195,0.000285,0.001177,0.001213,0.239,398,361.0,156.0,459.0,0.0,0.0,0.0282,0.478214,higher feature -> higher survival_target
tumor_H_original_firstorder_RootMeanSquared_mean,tumor,H,firstorder,RootMeanSquared,mean,0.001193,0.000269,0.001176,0.001209,0.226,399,355.0,176.0,457.0,0.0,0.0,-0.0413,0.297886,higher feature -> lower survival_target
vessels_H_original_firstorder_Median_std,vessels,H,firstorder,Median,std,0.001181,0.000326,0.001161,0.001202,0.276,400,374.5,156.0,459.0,0.0,0.2,-0.0881,0.026219,higher feature -> lower survival_target
tumor_H_original_firstorder_Kurtosis_mean,tumor,H,firstorder,Kurtosis,mean,0.001176,0.000243,0.001161,0.001191,0.206,401,365.0,187.0,457.0,0.0,0.0,-0.0446,0.260938,higher feature -> lower survival_target
vessels_H_original_firstorder_Skewness_mean,vessels,H,firstorder,Skewness,mean,0.001173,0.00023,0.001158,0.001187,0.196,402,364.0,191.9,456.0,0.0,0.0,-0.0461,0.245713,higher feature -> lower survival_target
tdlu_H_original_firstorder_90Percentile_mean,tdlu,H,firstorder,90Percentile,mean,0.001171,0.000255,0.001155,0.001187,0.217,403,366.5,183.9,460.0,0.0,0.0,-0.0027,0.946634,higher feature -> lower survival_target
vessels_H_original_firstorder_Median_mean,vessels,H,firstorder,Median,mean,0.001166,0.000257,0.00115,0.001182,0.22,404,371.0,188.0,459.0,0.0,0.0,0.0419,0.291096,higher feature -> higher survival_target
vessels_E_original_firstorder_Variance_mean,vessels,E,firstorder,Variance,mean,0.001163,0.000262,0.001147,0.001179,0.225,405,373.0,178.0,458.0,0.0,0.0,-0.0634,0.110093,higher feature -> lower survival_target
tdlu_E_original_firstorder_RootMeanSquared_mean,tdlu,E,firstorder,RootMeanSquared,mean,0.001163,0.000252,0.001147,0.001178,0.217,406,372.0,187.0,458.0,0.0,0.0,-0.0204,0.608438,higher feature -> lower survival_target
dcis_H_original_firstorder_10Percentile_std,dcis,H,firstorder,10Percentile,std,0.001159,0.000346,0.001137,0.00118,0.299,407,388.0,139.9,462.0,0.0,0.0,-0.0719,0.069908,higher feature -> lower survival_target
dcis_H_original_firstorder_Entropy_std,dcis,H,firstorder,Entropy,std,0.001159,0.000367,0.001136,0.001181,0.317,408,392.0,130.9,462.0,0.0,0.0,-0.1213,0.002173,higher feature -> lower survival_target
tumor_H_original_firstorder_InterquartileRange_mean,tumor,H,firstorder,InterquartileRange,mean,0.001158,0.000262,0.001141,0.001174,0.226,409,373.0,180.0,462.0,0.0,0.0,-0.0383,0.334531,higher feature -> lower survival_target
stroma_E_original_firstorder_Skewness_mean,stroma,E,firstorder,Skewness,mean,0.001156,0.000216,0.001143,0.00117,0.187,410,369.0,211.0,457.0,0.0,0.0,-0.0027,0.945205,higher feature -> lower survival_target
muscle_E_original_firstorder_RobustMeanAbsoluteDeviation_mean,muscle,E,firstorder,RobustMeanAbsoluteDeviation,mean,0.001156,0.000249,0.001141,0.001171,0.216,411,374.0,194.0,459.0,0.0,0.0,-0.0832,0.036029,higher feature -> lower survival_target
tdlu_H_original_firstorder_RootMeanSquared_mean,tdlu,H,firstorder,RootMeanSquared,mean,0.001154,0.000248,0.001139,0.00117,0.215,412,372.0,186.9,460.0,0.0,0.0,0.0032,0.935277,higher feature -> higher survival_target
tumor_E_original_firstorder_Mean_std,tumor,E,firstorder,Mean,std,0.001152,0.000281,0.001134,0.001169,0.244,413,381.0,169.9,459.0,0.0,0.0,-0.121,0.002241,higher feature -> lower survival_target
dcis_E_original_firstorder_90Percentile_std,dcis,E,firstorder,90Percentile,std,0.00115,0.000251,0.001135,0.001166,0.218,414,375.5,192.0,460.0,0.0,0.0,-0.1025,0.009688,higher feature -> lower survival_target
muscle_E_original_firstorder_InterquartileRange_mean,muscle,E,firstorder,InterquartileRange,mean,0.001146,0.000244,0.00113,0.001161,0.213,415,380.0,192.0,458.0,0.0,0.0,-0.0775,0.050635,higher feature -> lower survival_target
muscle_H_original_firstorder_Entropy_mean,muscle,H,firstorder,Entropy,mean,0.001145,0.000224,0.001131,0.001159,0.196,416,377.0,206.0,456.0,0.0,0.0,0.1067,0.007073,higher feature -> higher survival_target
tdlu_H_original_firstorder_InterquartileRange_mean,tdlu,H,firstorder,InterquartileRange,mean,0.001144,0.000276,0.001127,0.001161,0.241,417,382.0,170.0,461.0,0.0,0.0,0.0059,0.882665,higher feature -> higher survival_target
tdlu_H_original_firstorder_10Percentile_mean,tdlu,H,firstorder,10Percentile,mean,0.001141,0.000257,0.001125,0.001157,0.225,418,381.0,187.0,459.0,0.0,0.0,0.0136,0.731722,higher feature -> higher survival_target
vessels_H_original_firstorder_RootMeanSquared_mean,vessels,H,firstorder,RootMeanSquared,mean,0.00114,0.000273,0.001123,0.001157,0.24,419,383.5,178.9,461.0,0.0,0.0,-0.0331,0.404288,higher feature -> lower survival_target
tumor_E_original_firstorder_InterquartileRange_mean,tumor,E,firstorder,InterquartileRange,mean,0.001136,0.000249,0.001121,0.001151,0.219,420,381.5,195.0,460.0,0.0,0.0,-0.0108,0.786232,higher feature -> lower survival_target
vessels_H_original_firstorder_90Percentile_mean,vessels,H,firstorder,90Percentile,mean,0.001132,0.000247,0.001117,0.001147,0.218,421,382.5,198.0,461.0,0.0,0.0,-0.0178,0.653872,higher feature -> lower survival_target
vessels_H_original_firstorder_TotalEnergy_mean,vessels,H,firstorder,TotalEnergy,mean,0.001129,0.00028,0.001111,0.001146,0.248,422,386.0,177.0,462.0,0.0,0.0,-0.049,0.217413,higher feature -> lower survival_target
vessels_H_original_firstorder_Energy_mean,vessels,H,firstorder,Energy,mean,0.001125,0.000287,0.001107,0.001142,0.255,423,390.0,175.9,462.0,0.0,0.0,-0.049,0.217413,higher feature -> lower survival_target
tumor_E_original_firstorder_RobustMeanAbsoluteDeviation_mean,tumor,E,firstorder,RobustMeanAbsoluteDeviation,mean,0.001123,0.000243,0.001108,0.001138,0.216,424,388.0,200.9,462.0,0.0,0.0,-0.013,0.744209,higher feature -> lower survival_target
tdlu_H_original_firstorder_TotalEnergy_mean,tdlu,H,firstorder,TotalEnergy,mean,0.00112,0.000239,0.001105,0.001135,0.214,425,386.0,194.9,461.0,0.0,0.0,-0.0243,0.541284,higher feature -> lower survival_target
tumor_H_original_firstorder_Entropy_mean,tumor,H,firstorder,Entropy,mean,0.00112,0.000234,0.001105,0.001134,0.209,426,385.0,207.9,460.0,0.0,0.0,-0.0138,0.729026,higher feature -> lower survival_target
tdlu_H_original_firstorder_Energy_mean,tdlu,H,firstorder,Energy,mean,0.00112,0.000234,0.001105,0.001134,0.209,427,383.0,196.0,462.0,0.0,0.0,-0.0243,0.541284,higher feature -> lower survival_target
muscle_E_original_firstorder_RootMeanSquared_mean,muscle,E,firstorder,RootMeanSquared,mean,0.001119,0.000241,0.001105,0.001134,0.215,428,389.0,191.9,461.0,0.0,0.0,-0.0815,0.03985,higher feature -> lower survival_target
dcis_E_original_firstorder_InterquartileRange_mean,dcis,E,firstorder,InterquartileRange,mean,0.001118,0.000251,0.001103,0.001134,0.224,429,390.0,185.0,461.0,0.0,0.0,-0.0184,0.643664,higher feature -> lower survival_target
dcis_H_original_firstorder_RootMeanSquared_std,dcis,H,firstorder,RootMeanSquared,std,0.001117,0.000285,0.0011,0.001135,0.255,430,396.0,173.0,462.0,0.0,0.1,-0.0853,0.031458,higher feature -> lower survival_target
tdlu_E_original_firstorder_Median_mean,tdlu,E,firstorder,Median,mean,0.001116,0.000255,0.0011,0.001132,0.228,431,391.0,197.9,462.0,0.0,0.0,-0.034,0.391698,higher feature -> lower survival_target
vessels_H_original_firstorder_Uniformity_mean,vessels,H,firstorder,Uniformity,mean,0.001113,0.000232,0.001099,0.001128,0.208,432,390.0,206.0,460.0,0.0,0.0,-0.0485,0.222279,higher feature -> lower survival_target
tdlu_E_original_firstorder_TotalEnergy_mean,tdlu,E,firstorder,TotalEnergy,mean,0.001102,0.000224,0.001088,0.001116,0.203,433,394.0,210.0,462.0,0.0,0.0,-0.0474,0.232434,higher feature -> lower survival_target
tdlu_E_original_firstorder_Energy_mean,tdlu,E,firstorder,Energy,mean,0.001101,0.00022,0.001087,0.001114,0.2,434,396.0,214.0,461.0,0.0,0.0,-0.0474,0.232434,higher feature -> lower survival_target
tdlu_E_original_firstorder_10Percentile_mean,tdlu,E,firstorder,10Percentile,mean,0.0011,0.000198,0.001088,0.001113,0.18,435,390.0,233.0,460.0,0.0,0.0,-0.0759,0.055651,higher feature -> lower survival_target
muscle_H_original_firstorder_MeanAbsoluteDeviation_mean,muscle,H,firstorder,MeanAbsoluteDeviation,mean,0.001097,0.000203,0.001084,0.00111,0.185,436,392.5,234.0,460.0,0.0,0.0,0.0567,0.153029,higher feature -> higher survival_target
tils_H_original_firstorder_Uniformity_mean,tils,H,firstorder,Uniformity,mean,0.001097,0.000214,0.001083,0.00111,0.195,437,393.0,215.0,459.0,0.0,0.0,-0.0293,0.460386,higher feature -> lower survival_target
muscle_H_original_firstorder_90Percentile_mean,muscle,H,firstorder,90Percentile,mean,0.001091,0.000216,0.001078,0.001105,0.198,438,395.0,218.0,461.0,0.0,0.0,0.0791,0.046187,higher feature -> higher survival_target
vessels_H_original_firstorder_Entropy_mean,vessels,H,firstorder,Entropy,mean,0.00109,0.000242,0.001075,0.001105,0.222,439,396.0,210.9,463.0,0.0,0.0,0.0219,0.580754,higher feature -> higher survival_target
tumor_H_original_firstorder_Skewness_mean,tumor,H,firstorder,Skewness,mean,0.001085,0.000197,0.001073,0.001097,0.181,440,392.0,233.0,460.0,0.0,0.0,-0.0345,0.384455,higher feature -> lower survival_target
dcis_H_original_firstorder_Kurtosis_std,dcis,H,firstorder,Kurtosis,std,0.001085,0.000206,0.001072,0.001098,0.19,441,399.0,232.9,461.0,0.0,0.0,-0.0336,0.39698,higher feature -> lower survival_target
tdlu_E_original_firstorder_Mean_mean,tdlu,E,firstorder,Mean,mean,0.001085,0.000235,0.001071,0.0011,0.216,442,400.0,207.0,463.0,0.0,0.0,-0.0283,0.47655,higher feature -> lower survival_target
tumor_H_original_firstorder_Energy_mean,tumor,H,firstorder,Energy,mean,0.001074,0.000232,0.00106,0.001089,0.216,443,405.0,213.0,463.0,0.0,0.0,-0.0502,0.206048,higher feature -> lower survival_target
tumor_H_original_firstorder_TotalEnergy_mean,tumor,H,firstorder,TotalEnergy,mean,0.001074,0.000233,0.00106,0.001088,0.217,444,404.0,219.9,464.0,0.0,0.0,-0.0502,0.206048,higher feature -> lower survival_target
vessels_E_original_firstorder_MeanAbsoluteDeviation_mean,vessels,E,firstorder,MeanAbsoluteDeviation,mean,0.001067,0.000266,0.001051,0.001084,0.249,445,413.0,194.0,464.0,0.0,0.0,-0.0335,0.398739,higher feature -> lower survival_target
muscle_E_original_firstorder_10Percentile_mean,muscle,E,firstorder,10Percentile,mean,0.001066,0.000225,0.001053,0.00108,0.211,446,405.0,219.0,463.0,0.0,0.0,-0.0701,0.077269,higher feature -> lower survival_target
dcis_H_original_firstorder_Mean_mean,dcis,H,firstorder,Mean,mean,0.001063,0.000267,0.001046,0.001079,0.251,447,412.0,194.0,464.0,0.0,0.0,-0.0514,0.195446,higher feature -> lower survival_target
vessels_E_original_firstorder_InterquartileRange_mean,vessels,E,firstorder,InterquartileRange,mean,0.001052,0.000269,0.001035,0.001069,0.256,448,419.0,200.0,464.0,0.0,0.0,-0.0362,0.361919,higher feature -> lower survival_target
dcis_H_original_firstorder_10Percentile_mean,dcis,H,firstorder,10Percentile,mean,0.001049,0.000348,0.001027,0.00107,0.332,449,423.0,175.0,465.0,0.1,0.3,-0.0364,0.358804,higher feature -> lower survival_target
muscle_H_original_firstorder_RootMeanSquared_mean,muscle,H,firstorder,RootMeanSquared,mean,0.001038,0.000194,0.001026,0.00105,0.187,450,411.0,252.0,461.0,0.0,0.0,0.0578,0.145046,higher feature -> higher survival_target
muscle_H_original_firstorder_Mean_std,muscle,H,firstorder,Mean,std,0.001038,0.000227,0.001024,0.001052,0.219,451,417.5,214.0,463.0,0.0,0.0,-0.081,0.04122,higher feature -> lower survival_target
muscle_H_original_firstorder_Energy_mean,muscle,H,firstorder,Energy,mean,0.00103,0.000196,0.001018,0.001042,0.19,452,414.0,250.0,464.0,0.0,0.0,0.022,0.580311,higher feature -> higher survival_target
muscle_H_original_firstorder_TotalEnergy_mean,muscle,H,firstorder,TotalEnergy,mean,0.001029,0.000199,0.001017,0.001041,0.193,453,417.5,249.9,463.0,0.0,0.0,0.022,0.580311,higher feature -> higher survival_target
tumor_H_original_firstorder_Median_mean,tumor,H,firstorder,Median,mean,0.001028,0.000192,0.001016,0.00104,0.187,454,415.5,257.9,462.0,0.0,0.0,0.0192,0.628855,higher feature -> higher survival_target
vessels_E_original_firstorder_RobustMeanAbsoluteDeviation_mean,vessels,E,firstorder,RobustMeanAbsoluteDeviation,mean,0.001027,0.000247,0.001012,0.001043,0.24,455,425.0,212.0,465.0,0.0,0.0,-0.0394,0.321653,higher feature -> lower survival_target
muscle_H_original_firstorder_Variance_mean,muscle,H,firstorder,Variance,mean,0.001023,0.000198,0.001011,0.001035,0.193,456,419.0,249.0,464.0,0.0,0.0,-0.0,0.999912,higher feature -> lower survival_target
muscle_E_original_firstorder_Mean_mean,muscle,E,firstorder,Mean,mean,0.00102,0.000208,0.001007,0.001033,0.204,457,420.0,243.0,466.0,0.0,0.0,-0.073,0.065686,higher feature -> lower survival_target
tumor_H_original_firstorder_Uniformity_mean,tumor,H,firstorder,Uniformity,mean,0.001018,0.00018,0.001007,0.001029,0.177,458,417.0,272.9,464.0,0.0,0.0,-0.0146,0.714026,higher feature -> lower survival_target
vessels_H_original_firstorder_Mean_mean,vessels,H,firstorder,Mean,mean,0.001014,0.000199,0.001001,0.001026,0.197,459,424.0,255.9,464.0,0.0,0.0,0.0092,0.817714,higher feature -> higher survival_target
tumor_H_original_firstorder_Mean_mean,tumor,H,firstorder,Mean,mean,0.001,0.000201,0.000987,0.001012,0.201,460,427.0,272.9,464.0,0.0,0.1,-0.0122,0.757883,higher feature -> lower survival_target
muscle_E_original_firstorder_Median_mean,muscle,E,firstorder,Median,mean,0.000977,0.000186,0.000965,0.000988,0.19,461,433.0,272.0,466.0,0.0,0.0,-0.07,0.077649,higher feature -> lower survival_target
dcis_H_original_firstorder_Median_mean,dcis,H,firstorder,Median,mean,0.000972,0.000177,0.000961,0.000983,0.183,462,431.0,285.9,466.0,0.0,0.0,-0.0188,0.635513,higher feature -> lower survival_target
dcis_E_original_firstorder_Range_mean,dcis,E,firstorder,Range,mean,0.000682,0.000318,0.000662,0.000701,0.466,463,465.0,258.9,473.0,0.0,0.0,0.1027,0.009569,higher feature -> higher survival_target
dcis_E_original_firstorder_Maximum_mean,dcis,E,firstorder,Maximum,mean,0.00068,0.000314,0.00066,0.000699,0.463,464,465.0,269.9,473.0,0.0,0.0,0.1027,0.009569,higher feature -> higher survival_target
dcis_E_original_firstorder_Maximum_std,dcis,E,firstorder,Maximum,std,0.000678,0.000318,0.000658,0.000697,0.469,465,465.0,274.9,472.0,0.0,0.1,-0.1029,0.009431,higher feature -> lower survival_target
dcis_E_original_firstorder_Range_std,dcis,E,firstorder,Range,std,0.000675,0.000316,0.000655,0.000694,0.468,466,465.0,281.8,472.0,0.0,0.1,-0.1029,0.009431,higher feature -> lower survival_target
tumor_E_original_firstorder_Range_std,tumor,E,firstorder,Range,std,0.00053,0.000344,0.000508,0.000551,0.65,467,468.0,250.9,477.0,0.0,0.0,0.0664,0.094448,higher feature -> higher survival_target
tumor_E_original_firstorder_Maximum_std,tumor,E,firstorder,Maximum,std,0.000529,0.000344,0.000508,0.000551,0.65,468,468.0,259.9,477.0,0.0,0.0,0.0664,0.094448,higher feature -> higher survival_target
tumor_E_original_firstorder_Maximum_mean,tumor,E,firstorder,Maximum,mean,0.000529,0.000342,0.000508,0.00055,0.646,469,468.0,280.9,477.0,0.0,0.0,-0.0664,0.094459,higher feature -> lower survival_target
tumor_E_original_firstorder_Range_mean,tumor,E,firstorder,Range,mean,0.000529,0.000341,0.000508,0.00055,0.646,470,468.0,264.8,477.0,0.0,0.0,-0.0664,0.094459,higher feature -> lower survival_target
muscle_E_original_firstorder_Range_std,muscle,E,firstorder,Range,std,0.000274,0.000133,0.000266,0.000283,0.483,471,472.0,467.0,479.0,0.0,0.0,-0.0146,0.712652,higher feature -> lower survival_target
muscle_E_original_firstorder_Maximum_std,muscle,E,firstorder,Maximum,std,0.000274,0.000132,0.000266,0.000282,0.481,472,472.0,467.0,479.0,0.0,0.0,-0.0146,0.712652,higher feature -> lower survival_target
muscle_E_original_firstorder_Maximum_mean,muscle,E,firstorder,Maximum,mean,0.000272,0.000132,0.000264,0.00028,0.486,473,473.0,467.0,480.0,0.0,0.0,0.0146,0.714017,higher feature -> higher survival_target
muscle_E_original_firstorder_Range_mean,muscle,E,firstorder,Range,mean,0.000271,0.000127,0.000263,0.000279,0.469,474,473.0,467.0,481.0,0.0,0.0,0.0146,0.714017,higher feature -> higher survival_target
tils_E_original_firstorder_Range_std,tils,E,firstorder,Range,std,9.1e-05,0.000196,7.9e-05,0.000103,2.158,475,487.0,468.0,513.0,0.0,0.0,-0.0901,0.023097,higher feature -> lower survival_target
tils_E_original_firstorder_Maximum_std,tils,E,firstorder,Maximum,std,9.1e-05,0.000193,7.9e-05,0.000103,2.129,476,487.0,468.0,511.0,0.0,0.0,-0.0901,0.023097,higher feature -> lower survival_target
tils_E_original_firstorder_Maximum_mean,tils,E,firstorder,Maximum,mean,9e-05,0.000198,7.8e-05,0.000103,2.193,477,487.0,468.0,512.0,0.0,0.0,0.0901,0.023097,higher feature -> higher survival_target
tils_E_original_firstorder_Range_mean,tils,E,firstorder,Range,mean,9e-05,0.000188,7.8e-05,0.000101,2.093,478,487.0,469.0,514.0,0.0,0.0,0.0901,0.023097,higher feature -> higher survival_target
adipose_E_original_firstorder_Range_std,adipose,E,firstorder,Range,std,8.7e-05,0.000177,7.6e-05,9.8e-05,2.037,479,487.0,467.0,513.0,0.0,0.0,-0.1454,0.000233,higher feature -> lower survival_target
adipose_E_original_firstorder_Maximum_std,adipose,E,firstorder,Maximum,std,8.6e-05,0.000174,7.5e-05,9.7e-05,2.023,480,487.0,467.0,514.0,0.0,0.0,-0.1454,0.000233,higher feature -> lower survival_target
adipose_E_original_firstorder_Maximum_mean,adipose,E,firstorder,Maximum,mean,8.4e-05,0.000172,7.4e-05,9.5e-05,2.043,481,487.0,469.0,514.0,0.0,0.0,0.1454,0.000233,higher feature -> higher survival_target
adipose_E_original_firstorder_Range_mean,adipose,E,firstorder,Range,mean,8.4e-05,0.000169,7.4e-05,9.5e-05,2.004,482,487.0,467.0,513.0,0.0,0.0,0.1454,0.000233,higher feature -> higher survival_target
tdlu_H_original_firstorder_Maximum_std,tdlu,H,firstorder,Maximum,std,7.9e-05,8.2e-05,7.4e-05,8.4e-05,1.044,483,481.0,471.0,497.0,0.0,0.0,0.048,0.226442,higher feature -> higher survival_target
tdlu_H_original_firstorder_Range_std,tdlu,H,firstorder,Range,std,7.8e-05,8.2e-05,7.3e-05,8.3e-05,1.053,484,482.0,471.0,498.0,0.0,0.0,0.048,0.226442,higher feature -> higher survival_target
tdlu_H_original_firstorder_Range_mean,tdlu,H,firstorder,Range,mean,7.8e-05,8.2e-05,7.3e-05,8.3e-05,1.053,485,482.0,472.0,497.0,0.0,0.0,-0.048,0.226887,higher feature -> lower survival_target
tdlu_H_original_firstorder_Maximum_mean,tdlu,H,firstorder,Maximum,mean,7.8e-05,8.1e-05,7.3e-05,8.3e-05,1.047,486,482.0,472.0,497.0,0.0,0.0,-0.048,0.226887,higher feature -> lower survival_target
vessels_E_original_firstorder_Maximum_std,vessels,E,firstorder,Maximum,std,7.2e-05,4.4e-05,6.9e-05,7.4e-05,0.622,487,481.0,475.0,491.0,0.0,0.0,-0.0814,0.040113,higher feature -> lower survival_target
vessels_E_original_firstorder_Range_std,vessels,E,firstorder,Range,std,7.1e-05,4.4e-05,6.8e-05,7.4e-05,0.615,488,481.0,475.0,490.0,0.0,0.0,-0.0814,0.040113,higher feature -> lower survival_target
vessels_E_original_firstorder_Range_mean,vessels,E,firstorder,Range,mean,7.1e-05,4.4e-05,6.8e-05,7.4e-05,0.616,489,481.0,475.0,490.0,0.0,0.0,0.0814,0.040113,higher feature -> higher survival_target
vessels_E_original_firstorder_Maximum_mean,vessels,E,firstorder,Maximum,mean,7.1e-05,4.4e-05,6.8e-05,7.4e-05,0.623,490,481.0,475.0,490.0,0.0,0.0,0.0814,0.040113,higher feature -> higher survival_target
dcis_H_original_firstorder_Range_mean,dcis,H,firstorder,Range,mean,1.9e-05,2.4e-05,1.7e-05,2e-05,1.265,491,493.0,480.0,506.0,0.0,0.0,-0.0198,0.617529,higher feature -> lower survival_target
dcis_H_original_firstorder_Maximum_std,dcis,H,firstorder,Maximum,std,1.9e-05,2.4e-05,1.7e-05,2e-05,1.306,492,493.0,479.0,506.0,0.0,0.0,0.0198,0.617529,higher feature -> higher survival_target
dcis_H_original_firstorder_Range_std,dcis,H,firstorder,Range,std,1.9e-05,2.4e-05,1.7e-05,2e-05,1.309,493,493.0,479.0,506.0,0.0,0.0,0.0198,0.617529,higher feature -> higher survival_target
dcis_H_original_firstorder_Maximum_mean,dcis,H,firstorder,Maximum,mean,1.8e-05,2.4e-05,1.7e-05,2e-05,1.314,494,493.0,479.0,507.0,0.0,0.0,-0.0198,0.617529,higher feature -> lower survival_target
tdlu_E_original_firstorder_Range_std,tdlu,E,firstorder,Range,std,1.8e-05,3.5e-05,1.6e-05,2e-05,1.943,495,495.0,482.0,511.0,0.0,0.0,-0.1067,0.007102,higher feature -> lower survival_target
tdlu_E_original_firstorder_Range_mean,tdlu,E,firstorder,Range,mean,1.7e-05,3.5e-05,1.5e-05,2e-05,2.0,496,495.0,482.0,511.0,0.0,0.0,0.1067,0.007076,higher feature -> higher survival_target
tdlu_E_original_firstorder_Maximum_std,tdlu,E,firstorder,Maximum,std,1.7e-05,3.4e-05,1.5e-05,2e-05,1.934,497,495.0,483.0,511.0,0.0,0.0,-0.1067,0.007102,higher feature -> lower survival_target
tdlu_E_original_firstorder_Maximum_mean,tdlu,E,firstorder,Maximum,mean,1.7e-05,3.2e-05,1.5e-05,1.9e-05,1.888,498,495.0,483.0,512.0,0.0,0.0,0.1067,0.007076,higher feature -> higher survival_target
muscle_H_original_firstorder_Maximum_mean,muscle,H,firstorder,Maximum,mean,1.2e-05,1.4e-05,1.1e-05,1.3e-05,1.146,499,495.0,482.0,506.0,0.0,0.0,0.0371,0.349838,higher feature -> higher survival_target
muscle_H_original_firstorder_Range_mean,muscle,H,firstorder,Range,mean,1.2e-05,1.3e-05,1.1e-05,1.3e-05,1.076,500,495.0,481.0,506.0,0.0,0.0,0.0371,0.349838,higher feature -> higher survival_target
muscle_H_original_firstorder_Maximum_std,muscle,H,firstorder,Maximum,std,1.2e-05,1.4e-05,1.1e-05,1.3e-05,1.15,501,495.0,481.0,506.0,0.0,0.0,-0.0371,0.349838,higher feature -> lower survival_target
muscle_H_original_firstorder_Range_std,muscle,H,firstorder,Range,std,1.2e-05,1.3e-05,1.1e-05,1.2e-05,1.098,502,495.0,482.0,506.0,0.0,0.0,-0.0371,0.349838,higher feature -> lower survival_target
vessels_H_original_firstorder_Maximum_mean,vessels,H,firstorder,Maximum,mean,4e-06,5e-06,4e-06,4e-06,1.294,503,502.0,488.0,514.0,0.0,0.0,0.022,0.579882,higher feature -> higher survival_target
vessels_H_original_firstorder_Maximum_std,vessels,H,firstorder,Maximum,std,4e-06,5e-06,4e-06,4e-06,1.365,504,502.0,488.0,514.0,0.0,0.0,-0.022,0.579882,higher feature -> lower survival_target
vessels_H_original_firstorder_Range_mean,vessels,H,firstorder,Range,mean,4e-06,5e-06,4e-06,4e-06,1.288,505,502.0,489.0,514.0,0.0,0.0,0.022,0.579882,higher feature -> higher survival_target
vessels_H_original_firstorder_Range_std,vessels,H,firstorder,Range,std,4e-06,5e-06,3e-06,4e-06,1.269,506,502.0,489.0,514.0,0.0,0.0,-0.022,0.579882,higher feature -> lower survival_target
stroma_E_original_firstorder_Maximum_mean,stroma,E,firstorder,Maximum,mean,0.0,2e-06,0.0,0.0,4.096,507,509.0,497.0,514.0,0.0,0.0,0.0902,0.022872,higher feature -> higher survival_target
stroma_E_original_firstorder_Maximum_std,stroma,E,firstorder,Maximum,std,0.0,2e-06,0.0,0.0,3.922,508,509.0,498.0,514.0,0.0,0.0,-0.0902,0.022872,higher feature -> lower survival_target
stroma_E_original_firstorder_Range_std,stroma,E,firstorder,Range,std,0.0,2e-06,0.0,0.0,4.456,509,509.0,498.0,514.0,0.0,0.0,-0.0902,0.022872,higher feature -> lower survival_target
stroma_E_original_firstorder_Range_mean,stroma,E,firstorder,Range,mean,0.0,2e-06,0.0,0.0,4.412,510,509.0,497.0,514.0,0.0,0.0,0.0902,0.022872,higher feature -> higher survival_target
adipose_H_original_firstorder_Range_std,adipose,H,firstorder,Range,std,0.0,0.0,-0.0,0.0,31.623,511,509.0,501.0,514.0,0.0,0.0,-0.0364,0.359148,higher feature -> lower survival_target
tumor_H_original_firstorder_Range_std,tumor,H,firstorder,Range,std,0.0,0.0,-0.0,0.0,31.623,512,510.0,501.0,514.0,0.0,0.0,-0.0578,0.145257,higher feature -> lower survival_target
adipose_H_original_firstorder_Maximum_std,adipose,H,firstorder,Maximum,std,0.0,0.0,-0.0,0.0,31.623,513,509.0,501.0,514.0,0.0,0.0,-0.0364,0.359148,higher feature -> lower survival_target
tumor_H_original_firstorder_Maximum_std,tumor,H,firstorder,Maximum,std,0.0,0.0,-0.0,0.0,31.623,514,510.0,501.0,514.0,0.0,0.0,-0.0578,0.145257,higher feature -> lower survival_target
