feature,region,channel,feature_class,metric,stat,mean_importance,std_importance,ci_lo,ci_hi,cv,rank,median_rank,rank_q025,rank_q975,top20_pct,top50_pct,spearman_rho,spearman_p_value,direction
adipose_E_original_firstorder_InterquartileRange_std,adipose,E,firstorder,InterquartileRange,std,0.02144,0.003324,0.021234,0.021646,0.155,1,1.0,1.0,3.0,100.0,100.0,-0.364,0.0,higher feature -> lower survival_target
adipose_E_original_firstorder_RobustMeanAbsoluteDeviation_std,adipose,E,firstorder,RobustMeanAbsoluteDeviation,std,0.02093,0.003108,0.020737,0.021123,0.149,2,2.0,1.0,3.0,100.0,100.0,-0.3674,0.0,higher feature -> lower survival_target
adipose_E_original_firstorder_MeanAbsoluteDeviation_std,adipose,E,firstorder,MeanAbsoluteDeviation,std,0.015997,0.003154,0.015801,0.016192,0.197,3,3.0,2.0,6.0,100.0,100.0,-0.3422,0.0,higher feature -> lower survival_target
adipose_E_original_firstorder_Variance_std,adipose,E,firstorder,Variance,std,0.015493,0.003193,0.015295,0.015691,0.206,4,4.0,2.0,8.0,100.0,100.0,-0.3324,0.0,higher feature -> lower survival_target
adipose_E_original_firstorder_RootMeanSquared_std,adipose,E,firstorder,RootMeanSquared,std,0.009705,0.002833,0.00953,0.009881,0.292,5,6.0,4.0,29.0,94.8,99.5,-0.282,0.0,higher feature -> lower survival_target
tils_H_original_firstorder_Variance_std,tils,H,firstorder,Variance,std,0.007487,0.002733,0.007318,0.007656,0.365,6,11.0,4.0,61.0,76.8,95.7,-0.2768,0.0,higher feature -> lower survival_target
tils_H_original_firstorder_MeanAbsoluteDeviation_std,tils,H,firstorder,MeanAbsoluteDeviation,std,0.006745,0.002667,0.00658,0.00691,0.395,7,14.0,5.0,82.0,65.2,91.6,-0.2613,0.0,higher feature -> lower survival_target
adipose_E_original_firstorder_90Percentile_std,adipose,E,firstorder,90Percentile,std,0.006689,0.00233,0.006544,0.006833,0.348,8,15.0,6.0,75.0,67.2,94.0,-0.2705,0.0,higher feature -> lower survival_target
tils_H_original_firstorder_RobustMeanAbsoluteDeviation_std,tils,H,firstorder,RobustMeanAbsoluteDeviation,std,0.006557,0.002645,0.006393,0.006721,0.403,9,16.0,5.0,84.0,62.0,91.4,-0.2699,0.0,higher feature -> lower survival_target
tdlu_H_original_firstorder_Entropy_std,tdlu,H,firstorder,Entropy,std,0.00655,0.002735,0.00638,0.006719,0.418,10,15.0,5.0,116.1,62.5,88.8,-0.2567,0.0,higher feature -> lower survival_target
tils_H_original_firstorder_InterquartileRange_std,tils,H,firstorder,InterquartileRange,std,0.00654,0.002714,0.006371,0.006708,0.415,11,15.5,5.0,98.0,61.0,90.2,-0.2635,0.0,higher feature -> lower survival_target
tils_H_original_firstorder_90Percentile_std,tils,H,firstorder,90Percentile,std,0.006351,0.002476,0.006198,0.006505,0.39,12,16.5,5.0,84.0,60.5,90.5,-0.272,0.0,higher feature -> lower survival_target
adipose_E_original_firstorder_Entropy_std,adipose,E,firstorder,Entropy,std,0.006292,0.00257,0.006133,0.006451,0.408,13,17.0,5.0,82.0,58.1,90.9,-0.174,1e-05,higher feature -> lower survival_target
adipose_E_original_firstorder_Median_std,adipose,E,firstorder,Median,std,0.005928,0.001946,0.005808,0.006049,0.328,14,18.0,6.0,79.0,57.2,93.1,-0.2442,0.0,higher feature -> lower survival_target
tdlu_H_original_firstorder_90Percentile_std,tdlu,H,firstorder,90Percentile,std,0.00586,0.002443,0.005708,0.006011,0.417,15,20.0,5.0,136.0,51.6,84.6,-0.2626,0.0,higher feature -> lower survival_target
tils_H_original_firstorder_Energy_std,tils,H,firstorder,Energy,std,0.005652,0.002406,0.005503,0.005801,0.426,16,21.0,6.0,126.1,49.4,82.4,-0.2456,0.0,higher feature -> lower survival_target
tils_H_original_firstorder_TotalEnergy_std,tils,H,firstorder,TotalEnergy,std,0.005646,0.002399,0.005497,0.005795,0.425,17,21.5,6.0,122.0,48.1,82.6,-0.2456,0.0,higher feature -> lower survival_target
adipose_E_original_firstorder_Mean_std,adipose,E,firstorder,Mean,std,0.005304,0.001993,0.005181,0.005428,0.376,18,23.0,7.0,130.0,43.1,83.3,-0.2437,0.0,higher feature -> lower survival_target
dcis_E_original_firstorder_10Percentile_mean,dcis,E,firstorder,10Percentile,mean,0.005036,0.00225,0.004896,0.005175,0.447,19,28.0,5.0,131.0,37.1,76.8,0.1211,0.002211,higher feature -> higher survival_target
tdlu_H_original_firstorder_MeanAbsoluteDeviation_std,tdlu,H,firstorder,MeanAbsoluteDeviation,std,0.004867,0.002194,0.004731,0.005003,0.451,20,28.0,7.0,188.0,35.6,70.9,-0.2435,0.0,higher feature -> lower survival_target
vessels_E_original_firstorder_MeanAbsoluteDeviation_std,vessels,E,firstorder,MeanAbsoluteDeviation,std,0.004742,0.002073,0.004613,0.00487,0.437,21,31.0,6.0,144.0,31.5,70.5,-0.2003,0.0,higher feature -> lower survival_target
tils_H_original_firstorder_RootMeanSquared_std,tils,H,firstorder,RootMeanSquared,std,0.0047,0.002079,0.004571,0.004828,0.442,22,31.5,8.0,173.1,30.8,70.4,-0.2452,0.0,higher feature -> lower survival_target
muscle_E_original_firstorder_Median_std,muscle,E,firstorder,Median,std,0.00456,0.001874,0.004444,0.004676,0.411,23,31.5,7.0,193.0,28.7,71.8,-0.2336,0.0,higher feature -> lower survival_target
stroma_H_original_firstorder_MeanAbsoluteDeviation_std,stroma,H,firstorder,MeanAbsoluteDeviation,std,0.004324,0.002069,0.004196,0.004452,0.479,24,40.0,6.0,231.0,27.0,61.0,-0.2206,0.0,higher feature -> lower survival_target
adipose_E_original_firstorder_Uniformity_mean,adipose,E,firstorder,Uniformity,mean,0.004323,0.001585,0.004224,0.004421,0.367,25,34.0,9.0,149.0,23.2,70.3,-0.0498,0.210058,higher feature -> lower survival_target
dcis_H_original_firstorder_MeanAbsoluteDeviation_mean,dcis,H,firstorder,MeanAbsoluteDeviation,mean,0.00424,0.001815,0.004127,0.004352,0.428,26,38.0,7.0,163.0,22.1,63.1,-0.1594,5.4e-05,higher feature -> lower survival_target
tils_H_original_firstorder_Mean_std,tils,H,firstorder,Mean,std,0.004202,0.00189,0.004085,0.004319,0.45,27,40.0,9.0,213.0,21.7,60.4,-0.2313,0.0,higher feature -> lower survival_target
adipose_E_original_firstorder_TotalEnergy_std,adipose,E,firstorder,TotalEnergy,std,0.004177,0.001517,0.004083,0.004272,0.363,28,37.0,10.0,167.1,19.7,67.1,-0.2301,0.0,higher feature -> lower survival_target
adipose_E_original_firstorder_Energy_std,adipose,E,firstorder,Energy,std,0.004173,0.001502,0.00408,0.004266,0.36,29,36.5,10.0,158.0,19.2,66.6,-0.2301,0.0,higher feature -> lower survival_target
tdlu_H_original_firstorder_InterquartileRange_std,tdlu,H,firstorder,InterquartileRange,std,0.004153,0.001771,0.004043,0.004262,0.426,30,40.0,7.0,200.0,21.0,63.7,-0.2407,0.0,higher feature -> lower survival_target
dcis_H_original_firstorder_Variance_mean,dcis,H,firstorder,Variance,mean,0.004061,0.001741,0.003953,0.004169,0.429,31,43.0,8.0,181.1,19.6,57.5,-0.1554,8.3e-05,higher feature -> lower survival_target
stroma_H_original_firstorder_90Percentile_std,stroma,H,firstorder,90Percentile,std,0.003977,0.001774,0.003868,0.004087,0.446,32,44.0,8.0,218.0,20.2,55.9,-0.227,0.0,higher feature -> lower survival_target
tdlu_H_original_firstorder_RobustMeanAbsoluteDeviation_std,tdlu,H,firstorder,RobustMeanAbsoluteDeviation,std,0.003915,0.001656,0.003812,0.004017,0.423,33,45.0,10.0,222.2,16.4,54.4,-0.2434,0.0,higher feature -> lower survival_target
stroma_H_original_firstorder_Mean_std,stroma,H,firstorder,Mean,std,0.003713,0.001602,0.003613,0.003812,0.431,34,50.0,10.0,228.0,13.8,50.7,-0.2191,0.0,higher feature -> lower survival_target
stroma_H_original_firstorder_RootMeanSquared_std,stroma,H,firstorder,RootMeanSquared,std,0.003646,0.001567,0.003549,0.003744,0.43,35,52.0,11.0,228.0,13.6,48.2,-0.2249,0.0,higher feature -> lower survival_target
tils_H_original_firstorder_Entropy_std,tils,H,firstorder,Entropy,std,0.003631,0.001757,0.003522,0.00374,0.484,36,56.5,11.0,251.0,13.3,45.6,-0.2188,0.0,higher feature -> lower survival_target
muscle_E_original_firstorder_Mean_std,muscle,E,firstorder,Mean,std,0.003599,0.001514,0.003505,0.003693,0.421,37,52.0,12.0,251.0,12.6,48.2,-0.2237,0.0,higher feature -> lower survival_target
dcis_H_original_firstorder_InterquartileRange_std,dcis,H,firstorder,InterquartileRange,std,0.003556,0.001767,0.003446,0.003665,0.497,38,57.5,9.0,292.0,13.4,44.7,-0.1323,0.000822,higher feature -> lower survival_target
stroma_H_original_firstorder_Variance_std,stroma,H,firstorder,Variance,std,0.003535,0.001543,0.003439,0.00363,0.437,39,58.0,11.0,224.0,12.0,44.0,-0.225,0.0,higher feature -> lower survival_target
adipose_E_original_firstorder_Skewness_std,adipose,E,firstorder,Skewness,std,0.003433,0.001788,0.003322,0.003544,0.521,40,63.0,10.0,283.1,10.7,41.7,-0.1336,0.000734,higher feature -> lower survival_target
adipose_H_original_firstorder_Skewness_mean,adipose,H,firstorder,Skewness,mean,0.003413,0.001284,0.003334,0.003493,0.376,41,57.5,12.0,210.0,8.0,43.5,-0.1869,2e-06,higher feature -> lower survival_target
stroma_H_original_firstorder_Energy_std,stroma,H,firstorder,Energy,std,0.003391,0.001374,0.003306,0.003476,0.405,42,59.0,12.0,232.1,8.4,41.5,-0.2106,0.0,higher feature -> lower survival_target
stroma_H_original_firstorder_TotalEnergy_std,stroma,H,firstorder,TotalEnergy,std,0.003385,0.001369,0.0033,0.00347,0.405,43,60.0,12.0,228.1,7.7,42.0,-0.2106,0.0,higher feature -> lower survival_target
tdlu_E_original_firstorder_RootMeanSquared_std,tdlu,E,firstorder,RootMeanSquared,std,0.003378,0.001474,0.003287,0.00347,0.436,44,58.0,12.0,260.0,10.6,42.4,-0.198,0.0,higher feature -> lower survival_target
adipose_E_original_firstorder_Median_mean,adipose,E,firstorder,Median,mean,0.003345,0.000915,0.003288,0.003401,0.274,45,53.0,19.0,159.1,3.0,46.1,-0.0081,0.837839,higher feature -> lower survival_target
muscle_E_original_firstorder_RootMeanSquared_std,muscle,E,firstorder,RootMeanSquared,std,0.003296,0.00133,0.003213,0.003378,0.403,46,62.0,14.0,248.0,6.8,39.5,-0.2133,0.0,higher feature -> lower survival_target
adipose_H_original_firstorder_Kurtosis_mean,adipose,H,firstorder,Kurtosis,mean,0.003257,0.001224,0.003181,0.003333,0.376,47,62.5,12.0,216.0,7.7,37.8,-0.1763,8e-06,higher feature -> lower survival_target
tdlu_E_original_firstorder_Mean_std,tdlu,E,firstorder,Mean,std,0.003256,0.001446,0.003166,0.003345,0.444,48,65.0,12.0,292.0,7.7,38.0,-0.1928,1e-06,higher feature -> lower survival_target
tdlu_H_original_firstorder_Skewness_std,tdlu,H,firstorder,Skewness,std,0.00325,0.00132,0.003168,0.003332,0.406,49,65.5,13.0,232.1,7.9,35.6,-0.1663,2.5e-05,higher feature -> lower survival_target
stroma_H_original_firstorder_Median_std,stroma,H,firstorder,Median,std,0.003191,0.001331,0.003108,0.003273,0.417,50,67.0,14.0,277.0,7.4,35.0,-0.2024,0.0,higher feature -> lower survival_target
muscle_E_original_firstorder_Variance_std,muscle,E,firstorder,Variance,std,0.003154,0.001322,0.003072,0.003236,0.419,51,70.0,13.0,261.1,7.5,34.9,-0.2046,0.0,higher feature -> lower survival_target
dcis_E_original_firstorder_MeanAbsoluteDeviation_std,dcis,E,firstorder,MeanAbsoluteDeviation,std,0.003133,0.001376,0.003047,0.003218,0.439,52,69.0,13.0,311.0,7.5,34.0,-0.193,1e-06,higher feature -> lower survival_target
muscle_E_original_firstorder_RobustMeanAbsoluteDeviation_std,muscle,E,firstorder,RobustMeanAbsoluteDeviation,std,0.00304,0.001229,0.002964,0.003116,0.404,53,76.0,16.0,262.1,5.8,31.4,-0.2089,0.0,higher feature -> lower survival_target
stroma_H_original_firstorder_InterquartileRange_std,stroma,H,firstorder,InterquartileRange,std,0.003024,0.001378,0.002938,0.003109,0.456,54,77.0,13.0,321.0,6.4,30.7,-0.1986,0.0,higher feature -> lower survival_target
tdlu_E_original_firstorder_Median_std,tdlu,E,firstorder,Median,std,0.003023,0.001269,0.002945,0.003102,0.42,55,77.0,15.0,301.0,5.1,31.4,-0.1872,2e-06,higher feature -> lower survival_target
stroma_H_original_firstorder_RobustMeanAbsoluteDeviation_std,stroma,H,firstorder,RobustMeanAbsoluteDeviation,std,0.002993,0.001372,0.002908,0.003078,0.458,56,79.0,14.0,316.0,5.7,30.3,-0.2024,0.0,higher feature -> lower survival_target
dcis_E_original_firstorder_Median_mean,dcis,E,firstorder,Median,mean,0.002988,0.001245,0.00291,0.003065,0.417,57,79.0,16.0,290.0,5.0,31.1,0.1191,0.00263,higher feature -> higher survival_target
adipose_H_original_firstorder_Median_mean,adipose,H,firstorder,Median,mean,0.002983,0.00121,0.002908,0.003058,0.406,58,76.0,16.0,273.0,5.7,31.1,0.1153,0.003601,higher feature -> higher survival_target
muscle_E_original_firstorder_Energy_std,muscle,E,firstorder,Energy,std,0.002946,0.001177,0.002873,0.003019,0.4,59,78.5,17.0,300.0,4.9,28.9,-0.2084,0.0,higher feature -> lower survival_target
muscle_E_original_firstorder_TotalEnergy_std,muscle,E,firstorder,TotalEnergy,std,0.002946,0.001175,0.002873,0.003019,0.399,60,79.0,18.0,287.0,4.1,27.7,-0.2084,0.0,higher feature -> lower survival_target
muscle_E_original_firstorder_InterquartileRange_std,muscle,E,firstorder,InterquartileRange,std,0.002921,0.001253,0.002843,0.002998,0.429,61,86.0,15.0,296.0,5.0,27.7,-0.2052,0.0,higher feature -> lower survival_target
tils_H_original_firstorder_Variance_mean,tils,H,firstorder,Variance,mean,0.002913,0.001266,0.002834,0.002991,0.435,62,81.5,15.0,278.0,4.8,26.8,-0.1641,3.2e-05,higher feature -> lower survival_target
tils_E_original_firstorder_Median_mean,tils,E,firstorder,Median,mean,0.002905,0.00093,0.002847,0.002963,0.32,63,72.0,21.0,254.0,2.1,28.3,0.1087,0.006072,higher feature -> higher survival_target
vessels_E_original_firstorder_RobustMeanAbsoluteDeviation_std,vessels,E,firstorder,RobustMeanAbsoluteDeviation,std,0.002872,0.001156,0.002801,0.002944,0.403,64,85.0,16.0,261.0,4.4,25.6,-0.1878,2e-06,higher feature -> lower survival_target
stroma_E_original_firstorder_RootMeanSquared_std,stroma,E,firstorder,RootMeanSquared,std,0.002828,0.001253,0.00275,0.002905,0.443,65,89.0,15.0,330.0,4.5,25.9,-0.191,1e-06,higher feature -> lower survival_target
dcis_E_original_firstorder_Mean_mean,dcis,E,firstorder,Mean,mean,0.002827,0.001239,0.00275,0.002904,0.438,66,85.5,16.0,357.0,4.2,26.3,0.0981,0.013344,higher feature -> higher survival_target
dcis_E_original_firstorder_RobustMeanAbsoluteDeviation_std,dcis,E,firstorder,RobustMeanAbsoluteDeviation,std,0.002807,0.001173,0.002735,0.00288,0.418,67,87.5,18.0,330.1,3.4,24.3,-0.1722,1.3e-05,higher feature -> lower survival_target
vessels_H_original_firstorder_MeanAbsoluteDeviation_std,vessels,H,firstorder,MeanAbsoluteDeviation,std,0.002789,0.001438,0.0027,0.002878,0.516,68,95.0,15.0,395.0,6.2,27.8,-0.2062,0.0,higher feature -> lower survival_target
vessels_E_original_firstorder_Entropy_std,vessels,E,firstorder,Entropy,std,0.002753,0.001368,0.002668,0.002838,0.497,69,97.0,17.0,352.1,4.2,23.2,-0.1689,1.8e-05,higher feature -> lower survival_target
tdlu_E_original_firstorder_90Percentile_std,tdlu,E,firstorder,90Percentile,std,0.002729,0.00108,0.002662,0.002796,0.396,70,93.5,19.0,306.0,3.6,23.2,-0.1779,6e-06,higher feature -> lower survival_target
tdlu_H_original_firstorder_Variance_std,tdlu,H,firstorder,Variance,std,0.002728,0.001119,0.002658,0.002797,0.41,71,97.0,19.0,316.1,3.1,22.9,-0.2032,0.0,higher feature -> lower survival_target
dcis_H_original_firstorder_RobustMeanAbsoluteDeviation_std,dcis,H,firstorder,RobustMeanAbsoluteDeviation,std,0.002722,0.001257,0.002645,0.0028,0.462,72,94.5,16.0,338.0,3.9,22.0,-0.0941,0.017652,higher feature -> lower survival_target
muscle_E_original_firstorder_MeanAbsoluteDeviation_std,muscle,E,firstorder,MeanAbsoluteDeviation,std,0.002672,0.001022,0.002609,0.002736,0.383,73,97.5,21.0,291.0,2.5,21.3,-0.2023,0.0,higher feature -> lower survival_target
stroma_H_original_firstorder_Kurtosis_mean,stroma,H,firstorder,Kurtosis,mean,0.002672,0.000894,0.002616,0.002727,0.334,74,91.0,23.0,268.0,1.5,20.0,0.0968,0.014591,higher feature -> higher survival_target
tumor_H_original_firstorder_Variance_mean,tumor,H,firstorder,Variance,mean,0.002647,0.001054,0.002582,0.002713,0.398,75,99.0,20.0,294.1,2.7,17.8,-0.1468,0.000204,higher feature -> lower survival_target
stroma_H_original_firstorder_MeanAbsoluteDeviation_mean,stroma,H,firstorder,MeanAbsoluteDeviation,mean,0.002612,0.000965,0.002552,0.002672,0.369,76,100.0,21.0,295.0,2.5,18.1,-0.1516,0.000124,higher feature -> lower survival_target
stroma_H_original_firstorder_RobustMeanAbsoluteDeviation_mean,stroma,H,firstorder,RobustMeanAbsoluteDeviation,mean,0.002583,0.000847,0.002531,0.002636,0.328,77,96.0,25.0,278.0,0.8,15.4,-0.1352,0.000629,higher feature -> lower survival_target
dcis_H_original_firstorder_RobustMeanAbsoluteDeviation_mean,dcis,H,firstorder,RobustMeanAbsoluteDeviation,mean,0.002565,0.000912,0.002509,0.002622,0.355,78,101.0,25.0,288.0,1.4,16.3,-0.112,0.004694,higher feature -> lower survival_target
tils_E_original_firstorder_Mean_mean,tils,E,firstorder,Mean,mean,0.002553,0.000854,0.002501,0.002606,0.335,79,98.0,26.0,311.0,1.3,14.1,0.0963,0.01515,higher feature -> higher survival_target
stroma_H_original_firstorder_InterquartileRange_mean,stroma,H,firstorder,InterquartileRange,mean,0.00254,0.000785,0.002491,0.002588,0.309,80,98.0,28.0,279.1,0.7,14.5,-0.133,0.000775,higher feature -> lower survival_target
dcis_H_original_firstorder_InterquartileRange_mean,dcis,H,firstorder,InterquartileRange,mean,0.002537,0.00084,0.002485,0.002589,0.331,81,104.0,26.0,269.1,1.5,14.1,-0.0994,0.01212,higher feature -> lower survival_target
stroma_E_original_firstorder_MeanAbsoluteDeviation_mean,stroma,E,firstorder,MeanAbsoluteDeviation,mean,0.002509,0.000977,0.002449,0.00257,0.389,82,109.0,23.0,317.1,1.8,16.8,0.0725,0.067761,higher feature -> higher survival_target
tils_E_original_firstorder_10Percentile_mean,tils,E,firstorder,10Percentile,mean,0.002499,0.0009,0.002443,0.002555,0.36,83,105.0,24.0,314.0,1.5,13.9,0.0704,0.075937,higher feature -> higher survival_target
dcis_E_original_firstorder_10Percentile_std,dcis,E,firstorder,10Percentile,std,0.002498,0.000864,0.002445,0.002552,0.346,84,104.0,24.0,300.0,1.4,13.3,0.0632,0.111036,higher feature -> higher survival_target
stroma_E_original_firstorder_Mean_std,stroma,E,firstorder,Mean,std,0.002492,0.001228,0.002416,0.002569,0.493,85,120.5,19.0,398.0,3.3,18.8,-0.1835,3e-06,higher feature -> lower survival_target
dcis_E_original_firstorder_Variance_std,dcis,E,firstorder,Variance,std,0.002484,0.001001,0.002422,0.002546,0.403,86,110.0,22.0,350.0,2.1,15.1,-0.1769,7e-06,higher feature -> lower survival_target
stroma_H_original_firstorder_90Percentile_mean,stroma,H,firstorder,90Percentile,mean,0.002459,0.000816,0.002409,0.00251,0.332,87,107.0,29.0,307.0,0.5,12.7,-0.1475,0.000189,higher feature -> lower survival_target
stroma_H_original_firstorder_RootMeanSquared_mean,stroma,H,firstorder,RootMeanSquared,mean,0.002459,0.00076,0.002412,0.002506,0.309,88,108.0,31.0,294.0,0.2,11.3,-0.153,0.000107,higher feature -> lower survival_target
tumor_H_original_firstorder_MeanAbsoluteDeviation_mean,tumor,H,firstorder,MeanAbsoluteDeviation,mean,0.00244,0.000952,0.002381,0.002499,0.39,89,115.0,23.0,319.2,2.2,12.6,-0.1214,0.002158,higher feature -> lower survival_target
dcis_H_original_firstorder_Variance_std,dcis,H,firstorder,Variance,std,0.002437,0.001038,0.002373,0.002502,0.426,90,122.0,23.0,356.0,1.7,14.2,-0.0631,0.111817,higher feature -> lower survival_target
stroma_H_original_firstorder_Energy_mean,stroma,H,firstorder,Energy,mean,0.002434,0.000759,0.002387,0.002482,0.312,91,109.5,34.0,299.0,0.3,11.0,-0.1608,4.6e-05,higher feature -> lower survival_target
stroma_E_original_firstorder_RobustMeanAbsoluteDeviation_mean,stroma,E,firstorder,RobustMeanAbsoluteDeviation,mean,0.002432,0.000969,0.002372,0.002492,0.398,92,116.0,22.0,334.0,1.9,15.0,0.0682,0.08576,higher feature -> higher survival_target
stroma_H_original_firstorder_TotalEnergy_mean,stroma,H,firstorder,TotalEnergy,mean,0.00243,0.000759,0.002383,0.002477,0.313,93,108.0,33.0,300.2,0.2,10.6,-0.1608,4.6e-05,higher feature -> lower survival_target
stroma_E_original_firstorder_InterquartileRange_mean,stroma,E,firstorder,InterquartileRange,mean,0.002403,0.000936,0.002345,0.002461,0.39,94,120.5,26.0,337.0,1.7,13.7,0.0644,0.104857,higher feature -> higher survival_target
tils_E_original_firstorder_RobustMeanAbsoluteDeviation_std,tils,E,firstorder,RobustMeanAbsoluteDeviation,std,0.002393,0.000888,0.002338,0.002448,0.371,95,121.5,25.0,316.0,1.6,11.9,-0.1516,0.000124,higher feature -> lower survival_target
stroma_H_original_firstorder_Mean_mean,stroma,H,firstorder,Mean,mean,0.002391,0.000786,0.002343,0.00244,0.328,96,115.0,32.0,308.0,0.8,9.3,-0.131,0.00093,higher feature -> lower survival_target
stroma_H_original_firstorder_Variance_mean,stroma,H,firstorder,Variance,mean,0.002387,0.000944,0.002329,0.002446,0.395,97,121.0,26.0,360.0,1.8,12.5,-0.1719,1.3e-05,higher feature -> lower survival_target
tdlu_H_original_firstorder_Mean_std,tdlu,H,firstorder,Mean,std,0.002375,0.00119,0.002301,0.002448,0.501,98,140.5,16.0,384.0,3.9,15.4,-0.1915,1e-06,higher feature -> lower survival_target
tdlu_H_original_firstorder_RootMeanSquared_std,tdlu,H,firstorder,RootMeanSquared,std,0.002365,0.001119,0.002296,0.002434,0.473,99,137.5,20.0,399.1,2.7,15.1,-0.2031,0.0,higher feature -> lower survival_target
tumor_E_original_firstorder_10Percentile_mean,tumor,E,firstorder,10Percentile,mean,0.002356,0.000743,0.00231,0.002402,0.315,100,117.0,34.0,311.1,0.4,9.9,0.0309,0.436533,higher feature -> higher survival_target
tils_E_original_firstorder_Variance_std,tils,E,firstorder,Variance,std,0.00235,0.000957,0.002291,0.00241,0.407,101,128.0,23.0,367.1,2.0,11.3,-0.1205,0.002325,higher feature -> lower survival_target
adipose_E_original_firstorder_Variance_mean,adipose,E,firstorder,Variance,mean,0.002349,0.000874,0.002295,0.002404,0.372,102,124.5,26.0,330.2,1.3,12.3,-0.1822,4e-06,higher feature -> lower survival_target
tils_E_original_firstorder_InterquartileRange_std,tils,E,firstorder,InterquartileRange,std,0.002343,0.000923,0.002286,0.0024,0.394,103,127.5,26.0,334.0,1.7,10.9,-0.1468,0.000204,higher feature -> lower survival_target
stroma_E_original_firstorder_Variance_mean,stroma,E,firstorder,Variance,mean,0.002341,0.000816,0.00229,0.002391,0.349,104,124.0,30.0,322.0,0.8,10.4,0.0642,0.105544,higher feature -> higher survival_target
muscle_E_original_firstorder_90Percentile_std,muscle,E,firstorder,90Percentile,std,0.002335,0.000961,0.002275,0.002394,0.411,105,137.0,25.0,347.1,1.6,12.3,-0.1789,6e-06,higher feature -> lower survival_target
vessels_H_original_firstorder_RobustMeanAbsoluteDeviation_std,vessels,H,firstorder,RobustMeanAbsoluteDeviation,std,0.002325,0.00118,0.002252,0.002399,0.508,106,141.5,21.0,424.0,2.5,14.5,-0.1982,0.0,higher feature -> lower survival_target
adipose_E_original_firstorder_Skewness_mean,adipose,E,firstorder,Skewness,mean,0.00232,0.000747,0.002274,0.002367,0.322,107,118.0,33.0,345.0,0.3,9.7,-0.0472,0.23422,higher feature -> lower survival_target
dcis_E_original_firstorder_InterquartileRange_std,dcis,E,firstorder,InterquartileRange,std,0.002314,0.000868,0.00226,0.002368,0.375,108,129.0,30.0,356.0,0.9,11.2,-0.1627,3.7e-05,higher feature -> lower survival_target
vessels_E_original_firstorder_90Percentile_std,vessels,E,firstorder,90Percentile,std,0.002313,0.000909,0.002257,0.00237,0.393,109,131.5,30.0,336.0,0.9,9.4,-0.177,7e-06,higher feature -> lower survival_target
tumor_H_original_firstorder_10Percentile_std,tumor,H,firstorder,10Percentile,std,0.002291,0.000759,0.002244,0.002338,0.331,110,128.0,33.0,327.1,0.6,8.9,-0.0177,0.656317,higher feature -> lower survival_target
vessels_H_original_firstorder_InterquartileRange_std,vessels,H,firstorder,InterquartileRange,std,0.002283,0.001119,0.002214,0.002353,0.49,111,145.0,22.0,422.0,2.2,14.0,-0.1952,1e-06,higher feature -> lower survival_target
vessels_H_original_firstorder_Variance_std,vessels,H,firstorder,Variance,std,0.002276,0.001032,0.002212,0.00234,0.453,112,141.0,26.0,412.0,1.1,13.1,-0.196,1e-06,higher feature -> lower survival_target
adipose_E_original_firstorder_10Percentile_mean,adipose,E,firstorder,10Percentile,mean,0.00227,0.000667,0.002228,0.002311,0.294,113,119.0,39.0,325.0,0.3,6.6,-0.0036,0.926852,higher feature -> lower survival_target
tils_E_original_firstorder_RootMeanSquared_mean,tils,E,firstorder,RootMeanSquared,mean,0.002259,0.00076,0.002212,0.002306,0.337,114,129.0,32.0,353.0,0.7,7.7,0.0809,0.041352,higher feature -> higher survival_target
tdlu_H_original_firstorder_TotalEnergy_std,tdlu,H,firstorder,TotalEnergy,std,0.002257,0.001157,0.002185,0.002328,0.513,115,151.0,21.0,404.0,2.4,11.3,-0.1336,0.000733,higher feature -> lower survival_target
tdlu_H_original_firstorder_Energy_std,tdlu,H,firstorder,Energy,std,0.002256,0.001147,0.002185,0.002327,0.508,116,150.5,21.0,402.0,2.4,11.3,-0.1336,0.000733,higher feature -> lower survival_target
tumor_H_original_firstorder_RobustMeanAbsoluteDeviation_std,tumor,H,firstorder,RobustMeanAbsoluteDeviation,std,0.00225,0.001,0.002188,0.002312,0.445,117,145.5,25.0,398.0,1.4,12.5,-0.1311,0.000922,higher feature -> lower survival_target
stroma_H_original_firstorder_Entropy_mean,stroma,H,firstorder,Entropy,mean,0.002243,0.000656,0.002203,0.002284,0.293,118,124.0,42.0,322.0,0.3,4.3,-0.1266,0.001376,higher feature -> lower survival_target
tumor_H_original_firstorder_Variance_std,tumor,H,firstorder,Variance,std,0.00224,0.000914,0.002184,0.002297,0.408,119,142.5,28.0,363.1,1.4,9.8,-0.1423,0.000318,higher feature -> lower survival_target
dcis_H_original_firstorder_90Percentile_mean,dcis,H,firstorder,90Percentile,mean,0.002238,0.000909,0.002182,0.002295,0.406,120,140.5,29.0,383.0,0.5,9.9,-0.1408,0.000367,higher feature -> lower survival_target
muscle_E_original_firstorder_10Percentile_std,muscle,E,firstorder,10Percentile,std,0.002234,0.00087,0.002181,0.002288,0.389,121,141.0,29.0,368.0,1.0,9.5,-0.172,1.3e-05,higher feature -> lower survival_target
stroma_H_original_firstorder_Skewness_mean,stroma,H,firstorder,Skewness,mean,0.002217,0.000599,0.00218,0.002254,0.27,122,129.5,44.0,306.0,0.1,5.1,0.0953,0.016215,higher feature -> higher survival_target
adipose_H_original_firstorder_Skewness_std,adipose,H,firstorder,Skewness,std,0.002209,0.00076,0.002162,0.002256,0.344,123,139.0,35.0,350.0,0.5,8.2,-0.1643,3.1e-05,higher feature -> lower survival_target
tils_E_original_firstorder_Uniformity_mean,tils,E,firstorder,Uniformity,mean,0.002187,0.000708,0.002143,0.002231,0.324,124,136.0,38.0,376.0,0.0,7.7,-0.1145,0.003825,higher feature -> lower survival_target
vessels_E_original_firstorder_InterquartileRange_std,vessels,E,firstorder,InterquartileRange,std,0.002187,0.000712,0.002142,0.002231,0.326,125,141.0,36.0,331.0,0.6,6.8,-0.1775,7e-06,higher feature -> lower survival_target
tumor_H_original_firstorder_Median_std,tumor,H,firstorder,Median,std,0.002182,0.000673,0.00214,0.002224,0.308,126,136.0,38.0,330.0,0.2,6.0,-0.0265,0.504874,higher feature -> lower survival_target
tumor_H_original_firstorder_10Percentile_mean,tumor,H,firstorder,10Percentile,mean,0.002179,0.000866,0.002126,0.002233,0.397,127,152.0,30.0,388.0,0.8,9.8,-0.0196,0.622575,higher feature -> lower survival_target
stroma_H_original_firstorder_Uniformity_mean,stroma,H,firstorder,Uniformity,mean,0.002172,0.000583,0.002136,0.002208,0.268,128,128.0,47.0,325.0,0.0,4.5,0.1105,0.005256,higher feature -> higher survival_target
stroma_E_original_firstorder_90Percentile_std,stroma,E,firstorder,90Percentile,std,0.002161,0.000783,0.002113,0.00221,0.362,129,149.5,34.0,381.1,0.0,8.5,-0.1694,1.7e-05,higher feature -> lower survival_target
tils_E_original_firstorder_MeanAbsoluteDeviation_std,tils,E,firstorder,MeanAbsoluteDeviation,std,0.002161,0.000817,0.00211,0.002212,0.378,130,150.0,31.0,362.0,0.9,7.5,-0.1471,0.000197,higher feature -> lower survival_target
vessels_E_original_firstorder_RootMeanSquared_std,vessels,E,firstorder,RootMeanSquared,std,0.00216,0.000644,0.00212,0.002199,0.298,131,141.0,37.0,319.0,0.1,5.9,-0.1578,6.4e-05,higher feature -> lower survival_target
stroma_H_original_firstorder_Median_mean,stroma,H,firstorder,Median,mean,0.002156,0.000603,0.002118,0.002193,0.28,132,136.0,46.0,334.1,0.1,3.7,-0.1082,0.006317,higher feature -> lower survival_target
tumor_H_original_firstorder_InterquartileRange_std,tumor,H,firstorder,InterquartileRange,std,0.002145,0.001085,0.002077,0.002212,0.506,133,175.0,23.0,426.0,2.1,11.4,-0.1414,0.000347,higher feature -> lower survival_target
adipose_H_original_firstorder_InterquartileRange_mean,adipose,H,firstorder,InterquartileRange,mean,0.002139,0.000575,0.002103,0.002174,0.269,134,135.0,47.0,336.1,0.1,3.6,0.123,0.00188,higher feature -> higher survival_target
tils_E_original_firstorder_TotalEnergy_mean,tils,E,firstorder,TotalEnergy,mean,0.002131,0.000617,0.002092,0.002169,0.289,135,140.0,44.0,349.0,0.0,4.3,0.0694,0.080268,higher feature -> higher survival_target
tils_E_original_firstorder_Energy_mean,tils,E,firstorder,Energy,mean,0.002127,0.000618,0.002089,0.002166,0.291,136,142.0,44.0,364.0,0.0,4.6,0.0694,0.080268,higher feature -> higher survival_target
dcis_E_original_firstorder_Skewness_mean,dcis,E,firstorder,Skewness,mean,0.002102,0.00084,0.00205,0.002154,0.4,137,157.0,32.0,392.1,0.9,7.2,-0.0502,0.20624,higher feature -> lower survival_target
tils_H_original_firstorder_Skewness_std,tils,H,firstorder,Skewness,std,0.0021,0.00069,0.002057,0.002143,0.329,138,152.0,37.0,352.0,0.3,5.5,-0.1179,0.002908,higher feature -> lower survival_target
tumor_H_original_firstorder_Mean_std,tumor,H,firstorder,Mean,std,0.00209,0.000944,0.002031,0.002148,0.452,139,170.0,26.0,398.1,1.3,7.8,-0.0623,0.11636,higher feature -> lower survival_target
dcis_H_original_firstorder_MeanAbsoluteDeviation_std,dcis,H,firstorder,MeanAbsoluteDeviation,std,0.002083,0.000823,0.002032,0.002134,0.395,140,165.0,33.0,384.2,1.0,6.1,-0.0761,0.055136,higher feature -> lower survival_target
muscle_H_original_firstorder_Skewness_mean,muscle,H,firstorder,Skewness,mean,0.002079,0.000561,0.002044,0.002113,0.27,141,149.0,50.0,333.1,0.1,3.0,-0.1131,0.004304,higher feature -> lower survival_target
vessels_H_original_firstorder_10Percentile_std,vessels,H,firstorder,10Percentile,std,0.00206,0.000662,0.002019,0.002101,0.321,142,155.0,39.0,368.0,0.3,4.6,-0.0151,0.703281,higher feature -> lower survival_target
tils_H_original_firstorder_Median_std,tils,H,firstorder,Median,std,0.002051,0.000716,0.002007,0.002095,0.349,143,163.5,37.0,369.0,0.3,5.3,-0.165,2.9e-05,higher feature -> lower survival_target
tdlu_E_original_firstorder_TotalEnergy_std,tdlu,E,firstorder,TotalEnergy,std,0.002049,0.000697,0.002006,0.002092,0.34,144,162.0,39.0,373.1,0.2,5.6,-0.1597,5.2e-05,higher feature -> lower survival_target
tdlu_E_original_firstorder_Energy_std,tdlu,E,firstorder,Energy,std,0.002044,0.000698,0.002,0.002087,0.342,145,162.5,41.0,371.0,0.1,5.4,-0.1597,5.2e-05,higher feature -> lower survival_target
tils_E_original_firstorder_Entropy_std,tils,E,firstorder,Entropy,std,0.002037,0.000675,0.001996,0.002079,0.331,146,165.0,39.0,359.0,0.2,4.3,-0.1134,0.004182,higher feature -> lower survival_target
muscle_E_original_firstorder_Skewness_std,muscle,E,firstorder,Skewness,std,0.002037,0.000787,0.001988,0.002086,0.386,147,171.0,31.0,382.0,0.8,5.8,-0.0263,0.508624,higher feature -> lower survival_target
tumor_H_original_firstorder_RootMeanSquared_std,tumor,H,firstorder,RootMeanSquared,std,0.002012,0.000879,0.001958,0.002067,0.437,148,183.0,32.0,391.0,1.3,6.8,-0.0799,0.043933,higher feature -> lower survival_target
dcis_E_original_firstorder_TotalEnergy_mean,dcis,E,firstorder,TotalEnergy,mean,0.00201,0.00069,0.001967,0.002053,0.343,149,166.0,40.0,414.0,0.5,4.3,0.0537,0.17583,higher feature -> higher survival_target
dcis_E_original_firstorder_Energy_mean,dcis,E,firstorder,Energy,mean,0.002009,0.000683,0.001967,0.002051,0.34,150,164.5,41.0,407.0,0.1,4.6,0.0537,0.17583,higher feature -> higher survival_target
muscle_H_original_firstorder_10Percentile_mean,muscle,H,firstorder,10Percentile,mean,0.002004,0.000495,0.001973,0.002035,0.247,151,156.0,56.0,332.0,0.1,1.7,0.0435,0.273265,higher feature -> higher survival_target
adipose_E_original_firstorder_Entropy_mean,adipose,E,firstorder,Entropy,mean,0.002001,0.000578,0.001965,0.002036,0.289,152,155.0,50.0,388.0,0.0,2.7,-0.0109,0.784506,higher feature -> lower survival_target
adipose_H_original_firstorder_Uniformity_mean,adipose,H,firstorder,Uniformity,mean,0.001997,0.000608,0.00196,0.002035,0.305,153,161.5,46.0,381.1,0.2,3.1,-0.1409,0.000366,higher feature -> lower survival_target
tils_H_original_firstorder_10Percentile_std,tils,H,firstorder,10Percentile,std,0.001979,0.00064,0.00194,0.002019,0.323,154,169.0,42.0,372.0,0.2,4.2,-0.0675,0.089133,higher feature -> lower survival_target
tumor_H_original_firstorder_Entropy_std,tumor,H,firstorder,Entropy,std,0.001979,0.000727,0.001934,0.002024,0.367,155,181.0,37.0,384.0,0.3,5.8,-0.1459,0.000224,higher feature -> lower survival_target
tdlu_H_original_firstorder_Kurtosis_mean,tdlu,H,firstorder,Kurtosis,mean,0.001977,0.000504,0.001946,0.002008,0.255,156,157.0,56.0,339.0,0.1,1.6,-0.0504,0.204455,higher feature -> lower survival_target
tdlu_E_original_firstorder_MeanAbsoluteDeviation_std,tdlu,E,firstorder,MeanAbsoluteDeviation,std,0.001976,0.000576,0.00194,0.002011,0.291,157,169.0,50.0,367.0,0.1,2.9,-0.1381,0.000477,higher feature -> lower survival_target
dcis_H_original_firstorder_90Percentile_std,dcis,H,firstorder,90Percentile,std,0.001969,0.000792,0.00192,0.002018,0.403,158,183.0,37.0,419.0,0.6,4.7,-0.0973,0.014116,higher feature -> lower survival_target
tumor_H_original_firstorder_MeanAbsoluteDeviation_std,tumor,H,firstorder,MeanAbsoluteDeviation,std,0.001962,0.000809,0.001912,0.002012,0.413,159,191.0,37.0,425.0,0.5,6.3,-0.1551,8.6e-05,higher feature -> lower survival_target
dcis_E_original_firstorder_Entropy_std,dcis,E,firstorder,Entropy,std,0.001956,0.000949,0.001898,0.002015,0.485,160,196.0,30.0,415.0,2.0,6.5,-0.1168,0.003174,higher feature -> lower survival_target
vessels_E_original_firstorder_Variance_std,vessels,E,firstorder,Variance,std,0.001956,0.000693,0.001913,0.001999,0.354,161,186.0,40.0,372.1,0.3,4.0,-0.1639,3.3e-05,higher feature -> lower survival_target
muscle_H_original_firstorder_10Percentile_std,muscle,H,firstorder,10Percentile,std,0.001955,0.000604,0.001917,0.001992,0.309,162,171.0,44.0,348.1,0.1,3.2,-0.0049,0.901618,higher feature -> lower survival_target
dcis_E_original_firstorder_RootMeanSquared_mean,dcis,E,firstorder,RootMeanSquared,mean,0.00195,0.000733,0.001905,0.001996,0.376,163,184.0,39.0,436.0,0.4,4.7,0.0702,0.076773,higher feature -> higher survival_target
adipose_H_original_firstorder_Mean_mean,adipose,H,firstorder,Mean,mean,0.001947,0.000503,0.001916,0.001978,0.258,164,164.0,56.0,374.0,0.0,1.3,0.1071,0.006843,higher feature -> higher survival_target
adipose_H_original_firstorder_10Percentile_mean,adipose,H,firstorder,10Percentile,mean,0.00194,0.000568,0.001905,0.001975,0.293,165,173.0,50.0,365.0,0.1,2.6,0.0153,0.700818,higher feature -> higher survival_target
tils_H_original_firstorder_MeanAbsoluteDeviation_mean,tils,H,firstorder,MeanAbsoluteDeviation,mean,0.001936,0.000716,0.001891,0.00198,0.37,166,182.5,41.0,405.0,0.6,4.0,-0.1114,0.004918,higher feature -> lower survival_target
adipose_E_original_firstorder_RobustMeanAbsoluteDeviation_mean,adipose,E,firstorder,RobustMeanAbsoluteDeviation,mean,0.001915,0.000605,0.001877,0.001952,0.316,167,179.0,46.0,381.1,0.2,3.0,-0.1538,9.8e-05,higher feature -> lower survival_target
dcis_H_original_firstorder_Entropy_mean,dcis,H,firstorder,Entropy,mean,0.001912,0.000639,0.001873,0.001952,0.334,168,189.0,45.0,398.0,0.1,3.4,-0.0607,0.126346,higher feature -> lower survival_target
tils_H_original_firstorder_Skewness_mean,tils,H,firstorder,Skewness,mean,0.001907,0.000558,0.001872,0.001942,0.293,169,180.0,53.0,380.0,0.1,2.0,-0.0398,0.316401,higher feature -> lower survival_target
tils_E_original_firstorder_Skewness_mean,tils,E,firstorder,Skewness,mean,0.001905,0.000636,0.001866,0.001945,0.334,170,181.0,47.0,419.0,0.1,3.6,-0.076,0.055465,higher feature -> lower survival_target
tils_H_original_firstorder_Kurtosis_mean,tils,H,firstorder,Kurtosis,mean,0.001901,0.000552,0.001866,0.001935,0.291,171,180.0,56.0,376.1,0.0,1.8,-0.0313,0.430148,higher feature -> lower survival_target
dcis_E_original_firstorder_90Percentile_std,dcis,E,firstorder,90Percentile,std,0.001894,0.000724,0.001849,0.001939,0.382,172,197.5,43.0,418.0,0.4,4.0,-0.1633,3.5e-05,higher feature -> lower survival_target
vessels_E_original_firstorder_Uniformity_mean,vessels,E,firstorder,Uniformity,mean,0.001893,0.00064,0.001853,0.001933,0.338,173,188.0,47.0,410.0,0.1,3.0,-0.0678,0.087782,higher feature -> lower survival_target
muscle_H_original_firstorder_InterquartileRange_std,muscle,H,firstorder,InterquartileRange,std,0.001883,0.000735,0.001838,0.001929,0.39,174,200.0,42.0,403.1,0.7,4.0,-0.1234,0.001823,higher feature -> lower survival_target
dcis_E_original_firstorder_Uniformity_mean,dcis,E,firstorder,Uniformity,mean,0.001883,0.000749,0.001836,0.001929,0.398,175,195.5,40.0,449.0,0.1,4.3,-0.1118,0.004765,higher feature -> lower survival_target
tumor_E_original_firstorder_Median_mean,tumor,E,firstorder,Median,mean,0.001882,0.000534,0.001849,0.001915,0.284,176,180.0,55.0,395.0,0.0,1.5,0.0414,0.296652,higher feature -> higher survival_target
stroma_H_original_firstorder_10Percentile_std,stroma,H,firstorder,10Percentile,std,0.001878,0.000635,0.001838,0.001917,0.338,177,193.0,45.0,403.1,0.0,3.6,-0.1382,0.000475,higher feature -> lower survival_target
tdlu_H_original_firstorder_10Percentile_std,tdlu,H,firstorder,10Percentile,std,0.001875,0.00056,0.00184,0.00191,0.299,178,188.0,55.0,388.0,0.1,2.2,-0.0534,0.17848,higher feature -> lower survival_target
dcis_H_original_firstorder_Uniformity_mean,dcis,H,firstorder,Uniformity,mean,0.001874,0.000628,0.001835,0.001913,0.335,179,195.0,46.0,396.0,0.2,3.4,-0.0165,0.677504,higher feature -> lower survival_target
tils_E_original_firstorder_Median_std,tils,E,firstorder,Median,std,0.001847,0.000532,0.001814,0.00188,0.288,180,191.0,57.0,388.0,0.0,1.2,-0.037,0.351131,higher feature -> lower survival_target
vessels_H_original_firstorder_10Percentile_mean,vessels,H,firstorder,10Percentile,mean,0.001847,0.000666,0.001806,0.001888,0.361,181,201.5,48.0,409.0,0.3,3.3,-0.0022,0.954861,higher feature -> lower survival_target
muscle_E_original_firstorder_Entropy_std,muscle,E,firstorder,Entropy,std,0.001846,0.000598,0.001809,0.001883,0.324,182,199.0,52.0,400.1,0.1,2.5,-0.1162,0.003352,higher feature -> lower survival_target
adipose_H_original_firstorder_RobustMeanAbsoluteDeviation_mean,adipose,H,firstorder,RobustMeanAbsoluteDeviation,mean,0.001845,0.000469,0.001816,0.001874,0.254,183,177.0,66.0,390.1,0.0,0.8,0.1116,0.004839,higher feature -> higher survival_target
tumor_H_original_firstorder_TotalEnergy_std,tumor,H,firstorder,TotalEnergy,std,0.001844,0.000562,0.001809,0.001879,0.305,184,193.5,56.0,387.0,0.2,1.4,-0.0412,0.300025,higher feature -> lower survival_target
tumor_H_original_firstorder_Energy_std,tumor,H,firstorder,Energy,std,0.001843,0.000554,0.001809,0.001878,0.301,185,194.0,57.0,385.0,0.1,1.9,-0.0412,0.300025,higher feature -> lower survival_target
adipose_H_original_firstorder_Mean_std,adipose,H,firstorder,Mean,std,0.001841,0.000482,0.001811,0.00187,0.262,186,189.0,61.0,377.0,0.0,0.9,-0.0559,0.158925,higher feature -> lower survival_target
adipose_H_original_firstorder_Entropy_mean,adipose,H,firstorder,Entropy,mean,0.001831,0.000478,0.001801,0.001861,0.261,187,187.0,71.0,392.0,0.0,0.6,0.1317,0.000868,higher feature -> higher survival_target
tdlu_E_original_firstorder_Entropy_std,tdlu,E,firstorder,Entropy,std,0.001814,0.000603,0.001776,0.001851,0.333,188,209.0,46.0,403.0,0.0,3.2,-0.133,0.000774,higher feature -> lower survival_target
dcis_E_original_firstorder_Entropy_mean,dcis,E,firstorder,Entropy,mean,0.001813,0.000686,0.00177,0.001855,0.378,189,204.5,44.0,450.0,0.0,3.9,0.0892,0.024443,higher feature -> higher survival_target
dcis_H_original_firstorder_RootMeanSquared_mean,dcis,H,firstorder,RootMeanSquared,mean,0.001807,0.000652,0.001767,0.001848,0.361,190,218.0,47.0,431.0,0.1,3.3,-0.1201,0.002406,higher feature -> lower survival_target
adipose_E_original_firstorder_MeanAbsoluteDeviation_mean,adipose,E,firstorder,MeanAbsoluteDeviation,mean,0.001798,0.000616,0.00176,0.001837,0.342,191,207.5,43.0,405.0,0.1,3.1,-0.1558,7.9e-05,higher feature -> lower survival_target
tils_E_original_firstorder_Energy_std,tils,E,firstorder,Energy,std,0.001794,0.000529,0.001762,0.001827,0.295,192,197.0,64.0,416.0,0.1,1.5,-0.0248,0.532135,higher feature -> lower survival_target
vessels_E_original_firstorder_Mean_std,vessels,E,firstorder,Mean,std,0.00179,0.000451,0.001763,0.001818,0.252,193,199.0,69.0,369.0,0.0,1.0,-0.1252,0.001551,higher feature -> lower survival_target
tils_E_original_firstorder_TotalEnergy_std,tils,E,firstorder,TotalEnergy,std,0.001789,0.000528,0.001756,0.001822,0.295,194,199.0,62.0,422.0,0.0,1.6,-0.0248,0.532135,higher feature -> lower survival_target
adipose_E_original_firstorder_InterquartileRange_mean,adipose,E,firstorder,InterquartileRange,mean,0.001787,0.000494,0.001756,0.001817,0.276,195,202.0,65.0,397.0,0.0,1.2,-0.139,0.000438,higher feature -> lower survival_target
tumor_H_original_firstorder_Skewness_std,tumor,H,firstorder,Skewness,std,0.001784,0.000497,0.001753,0.001815,0.279,196,207.0,60.0,391.1,0.0,1.1,-0.097,0.014374,higher feature -> lower survival_target
tdlu_E_original_firstorder_Variance_std,tdlu,E,firstorder,Variance,std,0.001781,0.000501,0.00175,0.001812,0.281,197,206.0,57.0,397.1,0.0,1.6,-0.1062,0.007358,higher feature -> lower survival_target
stroma_H_original_firstorder_Skewness_std,stroma,H,firstorder,Skewness,std,0.00178,0.000429,0.001754,0.001807,0.241,198,199.0,71.0,369.0,0.0,0.8,-0.0209,0.598986,higher feature -> lower survival_target
tdlu_H_original_firstorder_Skewness_mean,tdlu,H,firstorder,Skewness,mean,0.001778,0.000484,0.001748,0.001808,0.272,199,198.0,67.0,410.0,0.0,1.2,-0.0395,0.320119,higher feature -> lower survival_target
adipose_E_original_firstorder_Mean_mean,adipose,E,firstorder,Mean,mean,0.001773,0.000444,0.001746,0.001801,0.25,200,193.0,70.0,406.1,0.0,0.4,-0.0583,0.141652,higher feature -> lower survival_target
tils_E_original_firstorder_Entropy_mean,tils,E,firstorder,Entropy,mean,0.001772,0.000515,0.001741,0.001804,0.29,201,202.0,61.0,421.0,0.0,1.1,0.1,0.01161,higher feature -> higher survival_target
tdlu_H_original_firstorder_RobustMeanAbsoluteDeviation_mean,tdlu,H,firstorder,RobustMeanAbsoluteDeviation,mean,0.001765,0.000561,0.00173,0.0018,0.318,202,214.0,54.0,433.0,0.0,1.9,-0.0666,0.093089,higher feature -> lower survival_target
tils_H_original_firstorder_10Percentile_mean,tils,H,firstorder,10Percentile,mean,0.001762,0.000574,0.001727,0.001798,0.326,203,224.0,56.0,416.0,0.0,2.0,-0.0324,0.414672,higher feature -> lower survival_target
tdlu_E_original_firstorder_RobustMeanAbsoluteDeviation_std,tdlu,E,firstorder,RobustMeanAbsoluteDeviation,std,0.001759,0.000439,0.001731,0.001786,0.25,204,205.0,71.0,390.0,0.0,0.4,-0.1268,0.001356,higher feature -> lower survival_target
tdlu_E_original_firstorder_InterquartileRange_std,tdlu,E,firstorder,InterquartileRange,std,0.001758,0.000451,0.00173,0.001786,0.257,205,203.0,68.0,396.0,0.0,0.8,-0.1192,0.002602,higher feature -> lower survival_target
tdlu_H_original_firstorder_Variance_mean,tdlu,H,firstorder,Variance,mean,0.001757,0.000484,0.001727,0.001787,0.275,206,207.0,62.0,403.0,0.0,1.1,-0.11,0.005502,higher feature -> lower survival_target
tils_E_original_firstorder_90Percentile_std,tils,E,firstorder,90Percentile,std,0.001756,0.00052,0.001724,0.001789,0.296,207,214.0,64.0,400.0,0.2,1.2,-0.1333,0.000752,higher feature -> lower survival_target
adipose_H_original_firstorder_90Percentile_mean,adipose,H,firstorder,90Percentile,mean,0.001751,0.000446,0.001723,0.001779,0.255,208,202.0,75.0,412.0,0.0,0.4,0.1127,0.004437,higher feature -> higher survival_target
tdlu_H_original_firstorder_Kurtosis_std,tdlu,H,firstorder,Kurtosis,std,0.00175,0.000517,0.001718,0.001782,0.296,209,215.0,57.0,415.0,0.0,1.8,-0.1086,0.006116,higher feature -> lower survival_target
adipose_H_original_firstorder_MeanAbsoluteDeviation_mean,adipose,H,firstorder,MeanAbsoluteDeviation,mean,0.00175,0.000437,0.001722,0.001777,0.25,210,203.0,73.0,407.0,0.0,0.2,0.0963,0.01512,higher feature -> higher survival_target
tdlu_E_original_firstorder_InterquartileRange_mean,tdlu,E,firstorder,InterquartileRange,mean,0.001737,0.000554,0.001702,0.001771,0.319,211,219.0,56.0,422.0,0.1,1.8,0.0366,0.357378,higher feature -> higher survival_target
adipose_H_original_firstorder_RootMeanSquared_std,adipose,H,firstorder,RootMeanSquared,std,0.001732,0.000473,0.001703,0.001762,0.273,212,213.0,70.0,398.0,0.1,0.7,-0.0967,0.014726,higher feature -> lower survival_target
tdlu_E_original_firstorder_RobustMeanAbsoluteDeviation_mean,tdlu,E,firstorder,RobustMeanAbsoluteDeviation,mean,0.001728,0.000562,0.001693,0.001763,0.325,213,223.0,57.0,424.0,0.1,1.8,0.0369,0.352332,higher feature -> higher survival_target
tdlu_E_original_firstorder_MeanAbsoluteDeviation_mean,tdlu,E,firstorder,MeanAbsoluteDeviation,mean,0.00172,0.000489,0.00169,0.00175,0.284,214,216.0,66.0,414.0,0.0,1.0,0.0434,0.274835,higher feature -> higher survival_target
stroma_E_original_firstorder_InterquartileRange_std,stroma,E,firstorder,InterquartileRange,std,0.001719,0.000451,0.001691,0.001747,0.262,215,214.5,66.0,412.0,0.0,0.6,-0.0659,0.096807,higher feature -> lower survival_target
tdlu_H_original_firstorder_InterquartileRange_mean,tdlu,H,firstorder,InterquartileRange,mean,0.001704,0.000542,0.00167,0.001738,0.318,216,232.0,59.0,432.0,0.0,1.4,-0.0578,0.145146,higher feature -> lower survival_target
dcis_H_original_firstorder_Mean_std,dcis,H,firstorder,Mean,std,0.001702,0.000595,0.001665,0.001739,0.35,217,233.0,55.0,436.0,0.1,2.0,-0.1125,0.004499,higher feature -> lower survival_target
adipose_H_original_firstorder_Variance_std,adipose,H,firstorder,Variance,std,0.001685,0.000562,0.00165,0.00172,0.334,218,237.0,55.0,425.0,0.2,2.0,-0.1286,0.001154,higher feature -> lower survival_target
stroma_E_original_firstorder_RobustMeanAbsoluteDeviation_std,stroma,E,firstorder,RobustMeanAbsoluteDeviation,std,0.001682,0.000419,0.001656,0.001708,0.249,219,220.0,76.0,406.0,0.0,0.4,-0.073,0.065867,higher feature -> lower survival_target
tdlu_H_original_firstorder_Median_mean,tdlu,H,firstorder,Median,mean,0.001679,0.000479,0.00165,0.001709,0.285,220,230.0,68.0,426.0,0.0,0.8,-0.0052,0.895546,higher feature -> lower survival_target
tils_E_original_firstorder_10Percentile_std,tils,E,firstorder,10Percentile,std,0.001677,0.000461,0.001648,0.001705,0.275,221,229.0,69.0,418.0,0.0,0.5,0.022,0.580042,higher feature -> higher survival_target
tumor_E_original_firstorder_Kurtosis_std,tumor,E,firstorder,Kurtosis,std,0.001675,0.000451,0.001647,0.001703,0.269,222,229.0,77.0,403.0,0.0,0.7,0.0247,0.534283,higher feature -> higher survival_target
dcis_H_original_firstorder_Energy_std,dcis,H,firstorder,Energy,std,0.001671,0.000513,0.001639,0.001702,0.307,223,235.0,62.0,426.0,0.1,1.1,-0.0914,0.021199,higher feature -> lower survival_target
dcis_H_original_firstorder_Energy_mean,dcis,H,firstorder,Energy,mean,0.00167,0.000521,0.001638,0.001702,0.312,224,237.0,65.0,423.1,0.1,0.7,-0.1172,0.003073,higher feature -> lower survival_target
dcis_H_original_firstorder_TotalEnergy_mean,dcis,H,firstorder,TotalEnergy,mean,0.001669,0.00052,0.001637,0.001702,0.312,225,232.0,65.0,433.0,0.1,0.7,-0.1172,0.003073,higher feature -> lower survival_target
tdlu_H_original_firstorder_90Percentile_mean,tdlu,H,firstorder,90Percentile,mean,0.001669,0.00044,0.001641,0.001696,0.264,226,228.0,79.0,423.0,0.0,0.1,-0.0695,0.079917,higher feature -> lower survival_target
dcis_H_original_firstorder_TotalEnergy_std,dcis,H,firstorder,TotalEnergy,std,0.001668,0.00051,0.001636,0.0017,0.306,227,235.0,63.0,426.0,0.0,1.4,-0.0914,0.021199,higher feature -> lower survival_target
vessels_E_original_firstorder_Kurtosis_std,vessels,E,firstorder,Kurtosis,std,0.001665,0.000556,0.001631,0.0017,0.334,228,245.0,54.0,423.0,0.0,2.1,-0.0954,0.01613,higher feature -> lower survival_target
tumor_E_original_firstorder_Mean_mean,tumor,E,firstorder,Mean,mean,0.001663,0.000449,0.001635,0.001691,0.27,229,226.0,75.0,436.0,0.0,0.4,0.0411,0.300457,higher feature -> higher survival_target
tumor_E_original_firstorder_90Percentile_std,tumor,E,firstorder,90Percentile,std,0.001663,0.000463,0.001634,0.001692,0.278,230,236.5,67.0,395.0,0.0,1.2,-0.1084,0.006233,higher feature -> lower survival_target
adipose_H_original_firstorder_Median_std,adipose,H,firstorder,Median,std,0.001648,0.000446,0.00162,0.001675,0.271,231,237.0,77.0,424.0,0.0,0.4,-0.0441,0.266786,higher feature -> lower survival_target
muscle_H_original_firstorder_RobustMeanAbsoluteDeviation_std,muscle,H,firstorder,RobustMeanAbsoluteDeviation,std,0.001648,0.000583,0.001611,0.001684,0.354,232,252.0,56.0,431.0,0.1,1.8,-0.1263,0.00141,higher feature -> lower survival_target
muscle_H_original_firstorder_MeanAbsoluteDeviation_std,muscle,H,firstorder,MeanAbsoluteDeviation,std,0.001647,0.000727,0.001602,0.001692,0.441,233,280.0,40.0,453.0,0.5,3.6,-0.1548,8.9e-05,higher feature -> lower survival_target
tumor_H_original_firstorder_Kurtosis_mean,tumor,H,firstorder,Kurtosis,mean,0.001631,0.000405,0.001606,0.001656,0.248,234,233.5,86.9,412.0,0.0,0.4,0.007,0.860155,higher feature -> higher survival_target
dcis_H_original_firstorder_Median_std,dcis,H,firstorder,Median,std,0.001619,0.000499,0.001588,0.00165,0.308,235,251.0,70.0,436.0,0.0,1.0,-0.1121,0.004634,higher feature -> lower survival_target
dcis_E_original_firstorder_Skewness_std,dcis,E,firstorder,Skewness,std,0.001618,0.000513,0.001586,0.001649,0.317,236,252.5,61.0,439.0,0.1,1.3,-0.0307,0.439362,higher feature -> lower survival_target
adipose_H_original_firstorder_10Percentile_std,adipose,H,firstorder,10Percentile,std,0.001614,0.000423,0.001588,0.00164,0.262,237,243.0,86.0,418.0,0.0,0.5,-0.0655,0.098613,higher feature -> lower survival_target
adipose_H_original_firstorder_RootMeanSquared_mean,adipose,H,firstorder,RootMeanSquared,mean,0.001613,0.000364,0.001591,0.001636,0.225,238,233.0,95.0,419.0,0.0,0.0,0.0813,0.040347,higher feature -> higher survival_target
adipose_H_original_firstorder_TotalEnergy_std,adipose,H,firstorder,TotalEnergy,std,0.00161,0.000526,0.001578,0.001643,0.327,239,256.0,67.0,434.0,0.2,1.3,-0.0879,0.02665,higher feature -> lower survival_target
tdlu_H_original_firstorder_Median_std,tdlu,H,firstorder,Median,std,0.00161,0.000489,0.00158,0.00164,0.304,240,257.0,69.0,428.0,0.0,0.9,-0.1504,0.00014,higher feature -> lower survival_target
stroma_E_original_firstorder_Variance_std,stroma,E,firstorder,Variance,std,0.00161,0.000447,0.001582,0.001637,0.278,241,252.0,75.0,425.0,0.0,0.2,-0.0702,0.076692,higher feature -> lower survival_target
adipose_H_original_firstorder_Energy_std,adipose,H,firstorder,Energy,std,0.001609,0.00052,0.001576,0.001641,0.323,242,256.5,71.0,423.0,0.1,1.4,-0.0879,0.02665,higher feature -> lower survival_target
vessels_E_original_firstorder_10Percentile_mean,vessels,E,firstorder,10Percentile,mean,0.001608,0.000404,0.001583,0.001633,0.251,243,242.0,81.0,418.0,0.0,0.1,-0.0015,0.970107,higher feature -> lower survival_target
tils_E_original_firstorder_90Percentile_mean,tils,E,firstorder,90Percentile,mean,0.001602,0.000432,0.001575,0.001629,0.27,244,244.0,81.0,435.0,0.0,0.4,0.0726,0.067418,higher feature -> higher survival_target
vessels_E_original_firstorder_10Percentile_std,vessels,E,firstorder,10Percentile,std,0.001599,0.000338,0.001578,0.00162,0.211,245,236.0,98.0,407.0,0.0,0.1,-0.0413,0.29814,higher feature -> lower survival_target
adipose_E_original_firstorder_10Percentile_std,adipose,E,firstorder,10Percentile,std,0.001599,0.000439,0.001571,0.001626,0.275,246,253.0,74.0,426.0,0.0,0.2,-0.0971,0.014323,higher feature -> lower survival_target
vessels_H_original_firstorder_Entropy_std,vessels,H,firstorder,Entropy,std,0.001593,0.000459,0.001564,0.001621,0.288,247,263.0,71.9,417.0,0.0,1.0,-0.1456,0.00023,higher feature -> lower survival_target
tumor_H_original_firstorder_RobustMeanAbsoluteDeviation_mean,tumor,H,firstorder,RobustMeanAbsoluteDeviation,mean,0.00159,0.000439,0.001563,0.001618,0.276,248,254.0,80.0,431.0,0.0,0.4,-0.0898,0.023528,higher feature -> lower survival_target
muscle_H_original_firstorder_Median_mean,muscle,H,firstorder,Median,mean,0.001588,0.000351,0.001566,0.00161,0.221,249,240.0,104.0,411.0,0.0,0.1,0.0607,0.126157,higher feature -> higher survival_target
tils_E_original_firstorder_RootMeanSquared_std,tils,E,firstorder,RootMeanSquared,std,0.001587,0.000364,0.001565,0.00161,0.229,250,246.0,93.0,411.0,0.0,0.0,-0.0882,0.026193,higher feature -> lower survival_target
tdlu_E_original_firstorder_Variance_mean,tdlu,E,firstorder,Variance,mean,0.001581,0.000442,0.001554,0.001609,0.279,251,252.0,77.0,433.0,0.0,0.7,0.033,0.405695,higher feature -> higher survival_target
tdlu_H_original_firstorder_Mean_mean,tdlu,H,firstorder,Mean,mean,0.001577,0.000386,0.001553,0.001601,0.244,252,249.0,88.0,432.0,0.0,0.4,-0.0356,0.370347,higher feature -> lower survival_target
stroma_H_original_firstorder_10Percentile_mean,stroma,H,firstorder,10Percentile,mean,0.001569,0.000376,0.001546,0.001593,0.24,253,254.5,98.0,418.0,0.0,0.3,-0.0806,0.042214,higher feature -> lower survival_target
tumor_E_original_firstorder_Variance_std,tumor,E,firstorder,Variance,std,0.001567,0.000466,0.001538,0.001596,0.297,254,263.0,74.9,436.0,0.1,0.7,-0.1324,0.000813,higher feature -> lower survival_target
tils_E_original_firstorder_Mean_std,tils,E,firstorder,Mean,std,0.001563,0.000386,0.00154,0.001587,0.247,255,259.5,89.0,413.0,0.0,0.3,-0.0597,0.132469,higher feature -> lower survival_target
tdlu_H_original_firstorder_TotalEnergy_mean,tdlu,H,firstorder,TotalEnergy,mean,0.001563,0.000414,0.001538,0.001589,0.265,256,251.5,93.0,437.0,0.0,0.1,-0.0831,0.036173,higher feature -> lower survival_target
tdlu_H_original_firstorder_Energy_mean,tdlu,H,firstorder,Energy,mean,0.001563,0.000409,0.001538,0.001589,0.262,257,252.5,94.0,441.0,0.0,0.2,-0.0831,0.036173,higher feature -> lower survival_target
tils_H_original_firstorder_90Percentile_mean,tils,H,firstorder,90Percentile,mean,0.001561,0.000423,0.001535,0.001587,0.271,258,259.0,83.0,435.0,0.0,0.3,-0.0907,0.022155,higher feature -> lower survival_target
tdlu_H_original_firstorder_MeanAbsoluteDeviation_mean,tdlu,H,firstorder,MeanAbsoluteDeviation,mean,0.00156,0.000393,0.001536,0.001584,0.252,259,255.0,91.0,432.0,0.0,0.2,-0.0821,0.038413,higher feature -> lower survival_target
tumor_H_original_firstorder_90Percentile_std,tumor,H,firstorder,90Percentile,std,0.001557,0.000595,0.00152,0.001594,0.382,260,285.0,65.0,450.0,0.2,1.6,-0.1268,0.001348,higher feature -> lower survival_target
dcis_E_original_firstorder_Kurtosis_std,dcis,E,firstorder,Kurtosis,std,0.001555,0.000428,0.001528,0.001581,0.275,261,268.0,83.0,427.0,0.1,0.4,-0.0211,0.595033,higher feature -> lower survival_target
tumor_E_original_firstorder_Skewness_std,tumor,E,firstorder,Skewness,std,0.001548,0.000483,0.001518,0.001578,0.312,262,271.5,79.0,421.0,0.2,0.8,0.0066,0.868108,higher feature -> higher survival_target
stroma_E_original_firstorder_Entropy_mean,stroma,E,firstorder,Entropy,mean,0.001546,0.000415,0.001521,0.001572,0.268,263,265.0,83.0,431.0,0.0,0.7,0.0464,0.242481,higher feature -> higher survival_target
tdlu_H_original_firstorder_10Percentile_mean,tdlu,H,firstorder,10Percentile,mean,0.00154,0.000446,0.001513,0.001568,0.29,264,271.0,87.0,438.0,0.0,0.4,-0.0288,0.468911,higher feature -> lower survival_target
vessels_H_original_firstorder_90Percentile_std,vessels,H,firstorder,90Percentile,std,0.00154,0.000596,0.001503,0.001577,0.387,265,293.5,59.0,448.0,0.1,2.2,-0.1784,6e-06,higher feature -> lower survival_target
dcis_H_original_firstorder_Skewness_std,dcis,H,firstorder,Skewness,std,0.001537,0.000442,0.001509,0.001564,0.288,266,270.5,80.0,442.0,0.0,0.4,-0.0791,0.046113,higher feature -> lower survival_target
stroma_E_original_firstorder_Median_std,stroma,E,firstorder,Median,std,0.001536,0.000535,0.001503,0.001569,0.348,267,286.5,68.0,443.0,0.2,1.5,-0.1486,0.000169,higher feature -> lower survival_target
stroma_E_original_firstorder_90Percentile_mean,stroma,E,firstorder,90Percentile,mean,0.001536,0.000389,0.001512,0.00156,0.253,268,261.0,91.0,428.0,0.0,0.2,0.0235,0.554775,higher feature -> higher survival_target
dcis_H_original_firstorder_Entropy_std,dcis,H,firstorder,Entropy,std,0.001531,0.000558,0.001496,0.001565,0.365,269,284.5,64.0,452.0,0.1,1.5,-0.1353,0.000624,higher feature -> lower survival_target
muscle_H_original_firstorder_Variance_std,muscle,H,firstorder,Variance,std,0.001525,0.000519,0.001493,0.001557,0.34,270,290.0,68.0,444.0,0.0,1.2,-0.1495,0.000154,higher feature -> lower survival_target
tumor_E_original_firstorder_RobustMeanAbsoluteDeviation_std,tumor,E,firstorder,RobustMeanAbsoluteDeviation,std,0.001517,0.000449,0.001489,0.001545,0.296,271,282.0,78.0,440.0,0.0,0.5,-0.1318,0.000865,higher feature -> lower survival_target
muscle_H_original_firstorder_RobustMeanAbsoluteDeviation_mean,muscle,H,firstorder,RobustMeanAbsoluteDeviation,mean,0.001513,0.000361,0.001491,0.001535,0.239,272,267.0,105.0,435.0,0.0,0.2,0.0374,0.346203,higher feature -> higher survival_target
tumor_H_original_firstorder_Kurtosis_std,tumor,H,firstorder,Kurtosis,std,0.001512,0.000413,0.001486,0.001538,0.273,273,276.0,98.0,424.0,0.1,0.5,-0.0833,0.035783,higher feature -> lower survival_target
vessels_E_original_firstorder_TotalEnergy_std,vessels,E,firstorder,TotalEnergy,std,0.001509,0.000374,0.001486,0.001532,0.248,274,279.0,101.0,435.0,0.0,0.1,-0.1089,0.00596,higher feature -> lower survival_target
vessels_E_original_firstorder_Energy_std,vessels,E,firstorder,Energy,std,0.001509,0.000375,0.001486,0.001532,0.248,275,277.0,100.0,438.0,0.0,0.0,-0.1089,0.00596,higher feature -> lower survival_target
vessels_E_original_firstorder_Skewness_std,vessels,E,firstorder,Skewness,std,0.001507,0.000507,0.001476,0.001539,0.336,276,291.0,67.9,448.0,0.0,0.9,-0.1085,0.006186,higher feature -> lower survival_target
stroma_E_original_firstorder_Entropy_std,stroma,E,firstorder,Entropy,std,0.001507,0.000447,0.001479,0.001534,0.296,277,287.0,78.0,438.0,0.0,1.0,-0.1126,0.004454,higher feature -> lower survival_target
stroma_E_original_firstorder_10Percentile_std,stroma,E,firstorder,10Percentile,std,0.001505,0.000399,0.00148,0.00153,0.265,278,278.0,91.0,430.0,0.0,0.4,-0.1031,0.009238,higher feature -> lower survival_target
muscle_H_original_firstorder_Kurtosis_mean,muscle,H,firstorder,Kurtosis,mean,0.001503,0.000439,0.001476,0.001531,0.292,279,285.0,84.0,446.0,0.0,0.5,-0.0958,0.015659,higher feature -> lower survival_target
tumor_E_original_firstorder_InterquartileRange_std,tumor,E,firstorder,InterquartileRange,std,0.001503,0.000383,0.00148,0.001527,0.255,280,281.0,94.0,429.0,0.0,0.3,-0.1294,0.001077,higher feature -> lower survival_target
dcis_H_original_firstorder_Kurtosis_mean,dcis,H,firstorder,Kurtosis,mean,0.0015,0.000353,0.001478,0.001521,0.236,281,273.5,107.0,429.0,0.1,0.2,0.0316,0.425836,higher feature -> higher survival_target
tumor_H_original_firstorder_InterquartileRange_mean,tumor,H,firstorder,InterquartileRange,mean,0.001499,0.000381,0.001475,0.001523,0.254,282,275.5,100.0,436.0,0.0,0.2,-0.0774,0.051041,higher feature -> lower survival_target
tdlu_H_original_firstorder_Uniformity_mean,tdlu,H,firstorder,Uniformity,mean,0.001491,0.000416,0.001465,0.001517,0.279,283,285.0,96.0,453.0,0.0,0.2,-0.018,0.650836,higher feature -> lower survival_target
vessels_E_original_firstorder_Median_mean,vessels,E,firstorder,Median,mean,0.00148,0.000383,0.001457,0.001504,0.259,284,276.0,100.0,448.0,0.0,0.2,-0.0079,0.841949,higher feature -> lower survival_target
tdlu_E_original_firstorder_10Percentile_std,tdlu,E,firstorder,10Percentile,std,0.001479,0.000437,0.001452,0.001506,0.296,285,296.0,89.0,440.0,0.1,0.3,-0.131,0.000928,higher feature -> lower survival_target
adipose_H_original_firstorder_RobustMeanAbsoluteDeviation_std,adipose,H,firstorder,RobustMeanAbsoluteDeviation,std,0.001477,0.000342,0.001456,0.001498,0.232,286,279.0,112.0,433.0,0.0,0.1,-0.0814,0.04024,higher feature -> lower survival_target
adipose_H_original_firstorder_TotalEnergy_mean,adipose,H,firstorder,TotalEnergy,mean,0.001476,0.000333,0.001456,0.001497,0.225,287,274.0,115.0,441.0,0.0,0.0,0.0525,0.186452,higher feature -> higher survival_target
adipose_H_original_firstorder_Energy_mean,adipose,H,firstorder,Energy,mean,0.001476,0.00034,0.001455,0.001497,0.23,288,274.0,112.0,443.0,0.0,0.0,0.0525,0.186452,higher feature -> higher survival_target
dcis_H_original_firstorder_10Percentile_std,dcis,H,firstorder,10Percentile,std,0.001474,0.000398,0.001449,0.001499,0.27,289,289.0,98.0,447.0,0.0,0.1,-0.0656,0.098365,higher feature -> lower survival_target
muscle_H_original_firstorder_InterquartileRange_mean,muscle,H,firstorder,InterquartileRange,mean,0.001474,0.00033,0.001453,0.001494,0.224,290,279.0,117.0,439.0,0.0,0.1,0.0448,0.259074,higher feature -> higher survival_target
muscle_E_original_firstorder_10Percentile_mean,muscle,E,firstorder,10Percentile,mean,0.001473,0.000351,0.001451,0.001494,0.239,291,284.0,109.0,440.0,0.0,0.1,-0.0706,0.075095,higher feature -> lower survival_target
dcis_E_original_firstorder_Kurtosis_mean,dcis,E,firstorder,Kurtosis,mean,0.001472,0.000395,0.001448,0.001497,0.268,292,289.0,95.0,446.0,0.0,0.3,-0.0269,0.497631,higher feature -> lower survival_target
dcis_E_original_firstorder_RootMeanSquared_std,dcis,E,firstorder,RootMeanSquared,std,0.001468,0.000449,0.00144,0.001495,0.306,293,296.5,84.0,444.0,0.1,0.6,-0.1085,0.006185,higher feature -> lower survival_target
tumor_E_original_firstorder_10Percentile_std,tumor,E,firstorder,10Percentile,std,0.00146,0.000357,0.001438,0.001483,0.244,294,291.0,104.0,441.0,0.0,0.2,-0.0513,0.196118,higher feature -> lower survival_target
tdlu_H_original_firstorder_Entropy_mean,tdlu,H,firstorder,Entropy,mean,0.001457,0.000353,0.001435,0.001479,0.242,295,288.0,113.0,447.0,0.0,0.0,-0.0166,0.67657,higher feature -> lower survival_target
dcis_H_original_firstorder_RootMeanSquared_std,dcis,H,firstorder,RootMeanSquared,std,0.001457,0.000463,0.001428,0.001486,0.318,296,303.0,86.0,456.0,0.0,0.7,-0.0859,0.030322,higher feature -> lower survival_target
stroma_E_original_firstorder_MeanAbsoluteDeviation_std,stroma,E,firstorder,MeanAbsoluteDeviation,std,0.001454,0.000353,0.001433,0.001476,0.243,297,292.0,118.0,442.0,0.0,0.4,-0.107,0.006894,higher feature -> lower survival_target
adipose_H_original_firstorder_InterquartileRange_std,adipose,H,firstorder,InterquartileRange,std,0.001454,0.000327,0.001433,0.001474,0.225,298,287.5,110.0,438.0,0.0,0.1,-0.0761,0.055212,higher feature -> lower survival_target
stroma_E_original_firstorder_Uniformity_mean,stroma,E,firstorder,Uniformity,mean,0.001451,0.000394,0.001426,0.001475,0.271,299,294.0,93.0,445.0,0.0,0.2,-0.0454,0.252636,higher feature -> lower survival_target
muscle_H_original_firstorder_Median_std,muscle,H,firstorder,Median,std,0.00145,0.000281,0.001433,0.001468,0.194,300,282.5,128.0,431.0,0.0,0.0,-0.0441,0.266326,higher feature -> lower survival_target
vessels_E_original_firstorder_Skewness_mean,vessels,E,firstorder,Skewness,mean,0.001446,0.000388,0.001422,0.00147,0.268,301,298.0,94.0,443.0,0.0,0.2,-0.0582,0.142572,higher feature -> lower survival_target
muscle_H_original_firstorder_Skewness_std,muscle,H,firstorder,Skewness,std,0.001442,0.000426,0.001416,0.001468,0.296,302,306.0,83.0,447.0,0.0,0.5,-0.1082,0.006311,higher feature -> lower survival_target
tumor_E_original_firstorder_Entropy_std,tumor,E,firstorder,Entropy,std,0.001428,0.000375,0.001405,0.001452,0.263,303,301.5,95.0,446.0,0.0,0.2,-0.0869,0.028422,higher feature -> lower survival_target
dcis_H_original_firstorder_10Percentile_mean,dcis,H,firstorder,10Percentile,mean,0.001427,0.00045,0.001399,0.001455,0.316,304,313.0,95.0,459.0,0.0,0.3,-0.0421,0.289557,higher feature -> lower survival_target
tumor_H_original_firstorder_Entropy_mean,tumor,H,firstorder,Entropy,mean,0.001425,0.000329,0.001405,0.001445,0.231,305,301.0,114.9,438.0,0.0,0.0,-0.0601,0.130118,higher feature -> lower survival_target
tumor_H_original_firstorder_90Percentile_mean,tumor,H,firstorder,90Percentile,mean,0.001423,0.000395,0.001398,0.001447,0.277,306,307.0,99.0,451.0,0.0,0.3,-0.0987,0.012807,higher feature -> lower survival_target
tdlu_H_original_firstorder_RootMeanSquared_mean,tdlu,H,firstorder,RootMeanSquared,mean,0.001421,0.000338,0.0014,0.001442,0.238,307,298.0,123.0,449.0,0.0,0.0,-0.0607,0.126178,higher feature -> lower survival_target
tils_H_original_firstorder_RobustMeanAbsoluteDeviation_mean,tils,H,firstorder,RobustMeanAbsoluteDeviation,mean,0.00142,0.000411,0.001394,0.001445,0.289,308,308.0,99.9,450.0,0.0,0.5,-0.0717,0.070728,higher feature -> lower survival_target
tils_H_original_firstorder_TotalEnergy_mean,tils,H,firstorder,TotalEnergy,mean,0.001419,0.000388,0.001395,0.001443,0.273,309,307.5,104.0,450.0,0.0,0.4,-0.1094,0.005765,higher feature -> lower survival_target
tils_H_original_firstorder_Energy_mean,tils,H,firstorder,Energy,mean,0.001418,0.00039,0.001394,0.001442,0.275,310,308.5,97.0,449.0,0.0,0.3,-0.1094,0.005765,higher feature -> lower survival_target
dcis_H_original_firstorder_Kurtosis_std,dcis,H,firstorder,Kurtosis,std,0.001416,0.000305,0.001397,0.001435,0.216,311,298.0,128.0,442.0,0.0,0.0,-0.0089,0.821933,higher feature -> lower survival_target
stroma_E_original_firstorder_10Percentile_mean,stroma,E,firstorder,10Percentile,mean,0.001414,0.000285,0.001397,0.001432,0.201,312,296.0,135.0,434.0,0.0,0.0,-0.0623,0.116354,higher feature -> lower survival_target
tumor_E_original_firstorder_MeanAbsoluteDeviation_std,tumor,E,firstorder,MeanAbsoluteDeviation,std,0.001413,0.00035,0.001392,0.001435,0.247,313,307.0,113.0,443.0,0.0,0.2,-0.1306,0.000964,higher feature -> lower survival_target
adipose_E_original_firstorder_Kurtosis_mean,adipose,E,firstorder,Kurtosis,mean,0.001412,0.000344,0.001391,0.001433,0.243,314,307.5,111.0,445.0,0.0,0.0,-0.0732,0.065004,higher feature -> lower survival_target
vessels_H_original_firstorder_Variance_mean,vessels,H,firstorder,Variance,mean,0.001411,0.000459,0.001383,0.00144,0.325,315,322.0,83.0,453.0,0.0,0.7,-0.1308,0.000947,higher feature -> lower survival_target
adipose_H_original_firstorder_Variance_mean,adipose,H,firstorder,Variance,mean,0.001409,0.000304,0.00139,0.001428,0.216,316,301.0,129.0,442.0,0.0,0.0,0.0363,0.360126,higher feature -> higher survival_target
tumor_E_original_firstorder_RootMeanSquared_std,tumor,E,firstorder,RootMeanSquared,std,0.001407,0.000312,0.001388,0.001427,0.222,317,304.0,122.0,439.0,0.0,0.0,-0.1089,0.005969,higher feature -> lower survival_target
vessels_E_original_firstorder_Entropy_mean,vessels,E,firstorder,Entropy,mean,0.001406,0.000379,0.001382,0.001429,0.27,318,310.0,108.0,455.0,0.0,0.0,0.0445,0.262516,higher feature -> higher survival_target
vessels_E_original_firstorder_Mean_mean,vessels,E,firstorder,Mean,mean,0.001403,0.000365,0.00138,0.001425,0.26,319,305.5,106.0,453.0,0.0,0.0,-0.0042,0.916148,higher feature -> lower survival_target
dcis_E_original_firstorder_90Percentile_mean,dcis,E,firstorder,90Percentile,mean,0.0014,0.000422,0.001374,0.001427,0.302,320,321.0,95.0,459.0,0.0,0.2,0.0532,0.180236,higher feature -> higher survival_target
stroma_E_original_firstorder_TotalEnergy_std,stroma,E,firstorder,TotalEnergy,std,0.001399,0.000407,0.001374,0.001424,0.291,321,318.0,95.0,448.0,0.1,0.5,-0.1464,0.000212,higher feature -> lower survival_target
dcis_H_original_firstorder_Skewness_mean,dcis,H,firstorder,Skewness,mean,0.001396,0.000285,0.001378,0.001413,0.204,322,303.5,130.0,434.0,0.0,0.0,0.0131,0.741472,higher feature -> higher survival_target
vessels_E_original_firstorder_Kurtosis_mean,vessels,E,firstorder,Kurtosis,mean,0.001395,0.000444,0.001368,0.001423,0.318,323,327.0,83.0,455.0,0.0,0.5,-0.1033,0.009106,higher feature -> lower survival_target
stroma_E_original_firstorder_Energy_std,stroma,E,firstorder,Energy,std,0.001395,0.000404,0.00137,0.00142,0.29,324,320.5,96.0,450.0,0.0,0.6,-0.1464,0.000212,higher feature -> lower survival_target
tumor_H_original_firstorder_Skewness_mean,tumor,H,firstorder,Skewness,mean,0.001391,0.000282,0.001374,0.001409,0.202,325,300.5,136.0,439.0,0.0,0.0,-0.0026,0.948306,higher feature -> lower survival_target
vessels_H_original_firstorder_RootMeanSquared_std,vessels,H,firstorder,RootMeanSquared,std,0.00139,0.000425,0.001364,0.001417,0.306,326,320.0,92.9,456.0,0.1,0.6,-0.1275,0.001276,higher feature -> lower survival_target
tumor_H_original_firstorder_Uniformity_mean,tumor,H,firstorder,Uniformity,mean,0.001385,0.000289,0.001367,0.001403,0.208,327,308.0,135.0,439.0,0.0,0.0,0.0304,0.443334,higher feature -> higher survival_target
muscle_H_original_firstorder_Mean_mean,muscle,H,firstorder,Mean,mean,0.001381,0.000269,0.001364,0.001398,0.195,328,307.0,146.9,436.0,0.0,0.0,0.044,0.26765,higher feature -> higher survival_target
tumor_E_original_firstorder_Skewness_mean,tumor,E,firstorder,Skewness,mean,0.001379,0.000392,0.001354,0.001403,0.285,329,325.0,104.0,453.0,0.0,0.4,-0.0158,0.690832,higher feature -> lower survival_target
adipose_H_original_firstorder_Kurtosis_std,adipose,H,firstorder,Kurtosis,std,0.001375,0.00033,0.001355,0.001396,0.24,330,323.5,113.0,443.0,0.0,0.1,-0.1072,0.006821,higher feature -> lower survival_target
muscle_H_original_firstorder_Uniformity_mean,muscle,H,firstorder,Uniformity,mean,0.001371,0.0003,0.001352,0.001389,0.219,331,313.0,135.0,448.0,0.0,0.0,-0.0683,0.085021,higher feature -> lower survival_target
adipose_E_original_firstorder_Kurtosis_std,adipose,E,firstorder,Kurtosis,std,0.00137,0.000315,0.001351,0.00139,0.23,332,317.5,130.9,443.0,0.0,0.1,-0.0854,0.031262,higher feature -> lower survival_target
muscle_E_original_firstorder_Kurtosis_mean,muscle,E,firstorder,Kurtosis,mean,0.001369,0.000296,0.001351,0.001388,0.216,333,316.0,132.0,445.0,0.0,0.2,-0.0195,0.623645,higher feature -> lower survival_target
tumor_E_original_firstorder_TotalEnergy_mean,tumor,E,firstorder,TotalEnergy,mean,0.001369,0.000349,0.001348,0.001391,0.255,334,317.0,115.9,454.0,0.0,0.0,0.022,0.580354,higher feature -> higher survival_target
tumor_E_original_firstorder_Energy_mean,tumor,E,firstorder,Energy,mean,0.001364,0.000352,0.001343,0.001386,0.258,335,320.0,117.0,456.0,0.0,0.1,0.022,0.580354,higher feature -> higher survival_target
tumor_E_original_firstorder_RootMeanSquared_mean,tumor,E,firstorder,RootMeanSquared,mean,0.001362,0.000357,0.00134,0.001384,0.262,336,317.0,119.0,459.0,0.0,0.2,0.0359,0.36602,higher feature -> higher survival_target
adipose_H_original_firstorder_MeanAbsoluteDeviation_std,adipose,H,firstorder,MeanAbsoluteDeviation,std,0.001361,0.000281,0.001344,0.001378,0.206,337,317.0,137.0,441.0,0.0,0.0,-0.1229,0.0019,higher feature -> lower survival_target
muscle_H_original_firstorder_Entropy_std,muscle,H,firstorder,Entropy,std,0.001361,0.000376,0.001337,0.001384,0.277,338,336.0,104.0,448.0,0.0,0.2,-0.1226,0.001949,higher feature -> lower survival_target
tumor_E_original_firstorder_TotalEnergy_std,tumor,E,firstorder,TotalEnergy,std,0.00136,0.00037,0.001337,0.001383,0.272,339,327.0,112.0,455.0,0.0,0.3,-0.0963,0.015158,higher feature -> lower survival_target
tumor_E_original_firstorder_Energy_std,tumor,E,firstorder,Energy,std,0.00136,0.000369,0.001337,0.001383,0.271,340,327.0,114.0,455.0,0.0,0.2,-0.0963,0.015158,higher feature -> lower survival_target
tils_H_original_firstorder_InterquartileRange_mean,tils,H,firstorder,InterquartileRange,mean,0.001359,0.000334,0.001339,0.00138,0.246,341,325.0,116.9,447.0,0.0,0.2,-0.0421,0.288602,higher feature -> lower survival_target
tdlu_E_original_firstorder_RootMeanSquared_mean,tdlu,E,firstorder,RootMeanSquared,mean,0.001359,0.000317,0.00134,0.001379,0.233,342,324.0,127.0,452.0,0.0,0.0,0.0112,0.778071,higher feature -> higher survival_target
stroma_E_original_firstorder_TotalEnergy_mean,stroma,E,firstorder,TotalEnergy,mean,0.001358,0.000292,0.00134,0.001376,0.215,343,321.0,134.0,447.0,0.0,0.0,-0.0088,0.824989,higher feature -> lower survival_target
adipose_H_original_firstorder_90Percentile_std,adipose,H,firstorder,90Percentile,std,0.001357,0.000324,0.001336,0.001377,0.239,344,326.5,128.0,448.0,0.0,0.2,-0.0943,0.017339,higher feature -> lower survival_target
tdlu_E_original_firstorder_10Percentile_mean,tdlu,E,firstorder,10Percentile,mean,0.001353,0.000326,0.001333,0.001373,0.241,345,326.0,131.0,450.0,0.0,0.2,-0.0397,0.317579,higher feature -> lower survival_target
tdlu_E_original_firstorder_Uniformity_mean,tdlu,E,firstorder,Uniformity,mean,0.001351,0.000337,0.00133,0.001372,0.249,346,329.5,123.0,452.0,0.0,0.1,-0.0611,0.123551,higher feature -> lower survival_target
stroma_E_original_firstorder_Energy_mean,stroma,E,firstorder,Energy,mean,0.00135,0.000293,0.001332,0.001368,0.217,347,324.0,137.0,448.0,0.0,0.0,-0.0088,0.824989,higher feature -> lower survival_target
dcis_E_original_firstorder_Mean_std,dcis,E,firstorder,Mean,std,0.001348,0.000385,0.001324,0.001372,0.286,348,334.0,115.0,453.0,0.0,0.5,-0.0506,0.20219,higher feature -> lower survival_target
tils_H_original_firstorder_Mean_mean,tils,H,firstorder,Mean,mean,0.001344,0.000285,0.001326,0.001361,0.212,349,325.0,133.9,446.0,0.0,0.0,-0.0383,0.334392,higher feature -> lower survival_target
tdlu_E_original_firstorder_Kurtosis_std,tdlu,E,firstorder,Kurtosis,std,0.001343,0.000274,0.001326,0.00136,0.204,350,326.0,139.0,442.0,0.0,0.0,-0.0701,0.077264,higher feature -> lower survival_target
tumor_H_original_firstorder_Median_mean,tumor,H,firstorder,Median,mean,0.001342,0.000285,0.001324,0.00136,0.212,351,327.0,140.0,446.0,0.0,0.0,-0.0194,0.626089,higher feature -> lower survival_target
tdlu_E_original_firstorder_90Percentile_mean,tdlu,E,firstorder,90Percentile,mean,0.00134,0.000318,0.00132,0.00136,0.238,352,324.0,137.0,456.0,0.0,0.1,0.0156,0.694317,higher feature -> higher survival_target
stroma_E_original_firstorder_RootMeanSquared_mean,stroma,E,firstorder,RootMeanSquared,mean,0.001336,0.000307,0.001317,0.001355,0.23,353,326.0,135.0,454.0,0.0,0.0,0.0092,0.8162,higher feature -> higher survival_target
dcis_E_original_firstorder_Energy_std,dcis,E,firstorder,Energy,std,0.001334,0.000417,0.001308,0.001359,0.313,354,346.0,105.0,457.0,0.1,0.5,-0.051,0.198954,higher feature -> lower survival_target
muscle_E_original_firstorder_Uniformity_mean,muscle,E,firstorder,Uniformity,mean,0.001333,0.000364,0.00131,0.001355,0.273,355,344.5,108.0,460.0,0.0,0.1,-0.0379,0.340079,higher feature -> lower survival_target
muscle_E_original_firstorder_Kurtosis_std,muscle,E,firstorder,Kurtosis,std,0.001332,0.000269,0.001315,0.001349,0.202,356,328.5,150.0,448.0,0.0,0.0,-0.0022,0.956112,higher feature -> lower survival_target
dcis_E_original_firstorder_TotalEnergy_std,dcis,E,firstorder,TotalEnergy,std,0.001328,0.000409,0.001303,0.001354,0.308,357,348.5,106.9,459.0,0.0,0.3,-0.051,0.198954,higher feature -> lower survival_target
vessels_E_original_firstorder_Median_std,vessels,E,firstorder,Median,std,0.001325,0.000285,0.001307,0.001343,0.215,358,333.0,148.9,446.0,0.0,0.1,-0.1215,0.002147,higher feature -> lower survival_target
tumor_E_original_firstorder_Kurtosis_mean,tumor,E,firstorder,Kurtosis,mean,0.001324,0.000279,0.001307,0.001342,0.211,359,334.0,147.9,445.0,0.0,0.0,-0.0165,0.678553,higher feature -> lower survival_target
dcis_H_original_firstorder_Mean_mean,dcis,H,firstorder,Mean,mean,0.001322,0.00036,0.0013,0.001345,0.272,360,340.5,129.0,459.0,0.0,0.2,-0.0855,0.031012,higher feature -> lower survival_target
muscle_H_original_firstorder_90Percentile_std,muscle,H,firstorder,90Percentile,std,0.001322,0.000435,0.001295,0.001349,0.329,361,358.0,94.0,459.0,0.0,0.6,-0.128,0.001212,higher feature -> lower survival_target
tdlu_E_original_firstorder_Energy_mean,tdlu,E,firstorder,Energy,mean,0.001316,0.000311,0.001296,0.001335,0.236,362,339.0,140.0,454.0,0.0,0.0,-0.0135,0.7334,higher feature -> lower survival_target
tils_H_original_firstorder_Median_mean,tils,H,firstorder,Median,mean,0.001315,0.000271,0.001298,0.001332,0.206,363,338.0,141.9,444.0,0.0,0.0,0.0024,0.950934,higher feature -> higher survival_target
tdlu_E_original_firstorder_TotalEnergy_mean,tdlu,E,firstorder,TotalEnergy,mean,0.001313,0.000314,0.001293,0.001332,0.239,364,342.0,138.9,456.0,0.0,0.0,-0.0135,0.7334,higher feature -> lower survival_target
tumor_E_original_firstorder_Uniformity_mean,tumor,E,firstorder,Uniformity,mean,0.001309,0.000339,0.001288,0.00133,0.259,365,341.5,129.0,461.0,0.0,0.1,-0.0527,0.184474,higher feature -> lower survival_target
adipose_E_original_firstorder_TotalEnergy_mean,adipose,E,firstorder,TotalEnergy,mean,0.001309,0.000293,0.00129,0.001327,0.224,366,333.0,146.0,457.0,0.0,0.0,-0.1218,0.002089,higher feature -> lower survival_target
muscle_H_original_firstorder_90Percentile_mean,muscle,H,firstorder,90Percentile,mean,0.001308,0.000265,0.001292,0.001325,0.202,367,332.0,168.0,449.0,0.0,0.1,0.0316,0.426671,higher feature -> higher survival_target
tils_H_original_firstorder_RootMeanSquared_mean,tils,H,firstorder,RootMeanSquared,mean,0.001307,0.000303,0.001289,0.001326,0.232,368,343.0,137.9,454.0,0.0,0.0,-0.0833,0.035755,higher feature -> lower survival_target
adipose_E_original_firstorder_Energy_mean,adipose,E,firstorder,Energy,mean,0.001307,0.000289,0.001289,0.001325,0.221,369,336.0,149.9,457.0,0.0,0.0,-0.1218,0.002089,higher feature -> lower survival_target
tumor_E_original_firstorder_Mean_std,tumor,E,firstorder,Mean,std,0.001303,0.000308,0.001284,0.001322,0.236,370,345.0,132.0,454.0,0.0,0.0,-0.1062,0.007342,higher feature -> lower survival_target
muscle_E_original_firstorder_Skewness_mean,muscle,E,firstorder,Skewness,mean,0.0013,0.000249,0.001284,0.001315,0.192,371,333.5,161.0,450.0,0.0,0.0,0.0402,0.311866,higher feature -> higher survival_target
stroma_E_original_firstorder_Kurtosis_mean,stroma,E,firstorder,Kurtosis,mean,0.001294,0.000298,0.001276,0.001313,0.23,372,346.0,136.9,456.0,0.0,0.0,-0.0687,0.083491,higher feature -> lower survival_target
tils_E_original_firstorder_Kurtosis_mean,tils,E,firstorder,Kurtosis,mean,0.001291,0.000291,0.001273,0.001309,0.225,373,344.5,137.9,455.0,0.0,0.0,-0.0279,0.483188,higher feature -> lower survival_target
vessels_H_original_firstorder_Mean_std,vessels,H,firstorder,Mean,std,0.001289,0.000294,0.001271,0.001308,0.228,374,347.0,142.0,452.0,0.0,0.1,-0.0992,0.012354,higher feature -> lower survival_target
muscle_E_original_firstorder_90Percentile_mean,muscle,E,firstorder,90Percentile,mean,0.001289,0.000343,0.001268,0.00131,0.266,375,352.0,125.0,461.0,0.0,0.0,-0.0634,0.110225,higher feature -> lower survival_target
vessels_H_original_firstorder_Median_std,vessels,H,firstorder,Median,std,0.001288,0.000262,0.001271,0.001304,0.203,376,342.0,156.0,451.0,0.0,0.0,-0.0856,0.030963,higher feature -> lower survival_target
tils_E_original_firstorder_InterquartileRange_mean,tils,E,firstorder,InterquartileRange,mean,0.001283,0.000331,0.001263,0.001304,0.258,377,360.0,124.0,458.0,0.0,0.0,0.0584,0.140949,higher feature -> higher survival_target
muscle_H_original_firstorder_Mean_std,muscle,H,firstorder,Mean,std,0.00128,0.000235,0.001266,0.001295,0.183,378,345.0,177.0,447.0,0.0,0.0,-0.0614,0.12194,higher feature -> lower survival_target
muscle_H_original_firstorder_Entropy_mean,muscle,H,firstorder,Entropy,mean,0.001277,0.000274,0.00126,0.001294,0.215,379,351.0,164.0,453.0,0.0,0.0,0.0512,0.197017,higher feature -> higher survival_target
tdlu_E_original_firstorder_Skewness_mean,tdlu,E,firstorder,Skewness,mean,0.001276,0.000339,0.001256,0.001297,0.265,380,352.0,129.9,462.0,0.0,0.2,-0.0449,0.258226,higher feature -> lower survival_target
tdlu_E_original_firstorder_Skewness_std,tdlu,E,firstorder,Skewness,std,0.001276,0.000294,0.001258,0.001294,0.231,381,352.0,149.0,454.0,0.0,0.0,-0.0899,0.023342,higher feature -> lower survival_target
muscle_H_original_firstorder_MeanAbsoluteDeviation_mean,muscle,H,firstorder,MeanAbsoluteDeviation,mean,0.001275,0.000273,0.001259,0.001292,0.214,382,349.0,153.0,456.0,0.0,0.0,0.0092,0.816091,higher feature -> higher survival_target
muscle_H_original_firstorder_Kurtosis_std,muscle,H,firstorder,Kurtosis,std,0.001275,0.000261,0.001259,0.001291,0.205,383,346.0,155.8,457.0,0.0,0.0,-0.0609,0.125075,higher feature -> lower survival_target
stroma_H_original_firstorder_Kurtosis_std,stroma,H,firstorder,Kurtosis,std,0.001271,0.000241,0.001256,0.001285,0.19,384,351.0,170.0,452.0,0.0,0.0,0.0237,0.551106,higher feature -> higher survival_target
tils_E_original_firstorder_Kurtosis_std,tils,E,firstorder,Kurtosis,std,0.00127,0.000277,0.001253,0.001288,0.218,385,351.0,159.0,456.0,0.0,0.0,0.0109,0.784057,higher feature -> higher survival_target
tdlu_E_original_firstorder_Mean_mean,tdlu,E,firstorder,Mean,mean,0.001265,0.000292,0.001247,0.001283,0.231,386,354.5,157.0,458.0,0.0,0.0,0.0028,0.943232,higher feature -> higher survival_target
muscle_E_original_firstorder_Entropy_mean,muscle,E,firstorder,Entropy,mean,0.001263,0.000332,0.001242,0.001283,0.263,387,364.0,140.0,462.0,0.0,0.0,0.0106,0.789014,higher feature -> higher survival_target
tdlu_E_original_firstorder_Entropy_mean,tdlu,E,firstorder,Entropy,mean,0.001262,0.000301,0.001243,0.001281,0.239,388,363.0,149.9,458.0,0.0,0.0,0.0548,0.167199,higher feature -> higher survival_target
muscle_H_original_firstorder_Variance_mean,muscle,H,firstorder,Variance,mean,0.001261,0.000247,0.001245,0.001276,0.196,389,353.5,172.0,452.0,0.0,0.0,-0.0395,0.320289,higher feature -> lower survival_target
tumor_H_original_firstorder_RootMeanSquared_mean,tumor,H,firstorder,RootMeanSquared,mean,0.00126,0.000289,0.001243,0.001278,0.229,390,362.0,140.0,456.0,0.0,0.0,-0.0819,0.038849,higher feature -> lower survival_target
vessels_H_original_firstorder_Skewness_std,vessels,H,firstorder,Skewness,std,0.001256,0.000312,0.001236,0.001275,0.248,391,359.5,142.0,456.0,0.0,0.2,-0.0779,0.049696,higher feature -> lower survival_target
muscle_H_original_firstorder_TotalEnergy_std,muscle,H,firstorder,TotalEnergy,std,0.001255,0.00025,0.00124,0.001271,0.199,392,355.0,179.0,455.0,0.0,0.0,-0.0502,0.205888,higher feature -> lower survival_target
muscle_H_original_firstorder_Energy_std,muscle,H,firstorder,Energy,std,0.001253,0.000251,0.001238,0.001269,0.2,393,358.0,175.9,455.0,0.0,0.0,-0.0502,0.205888,higher feature -> lower survival_target
tils_E_original_firstorder_Skewness_std,tils,E,firstorder,Skewness,std,0.001253,0.000321,0.001233,0.001273,0.256,394,368.5,148.0,460.0,0.0,0.2,-0.0311,0.434362,higher feature -> lower survival_target
adipose_E_original_firstorder_90Percentile_mean,adipose,E,firstorder,90Percentile,mean,0.001253,0.000293,0.001234,0.001271,0.234,395,359.5,139.0,459.0,0.0,0.0,-0.1178,0.002918,higher feature -> lower survival_target
stroma_E_original_firstorder_Kurtosis_std,stroma,E,firstorder,Kurtosis,std,0.001251,0.000267,0.001235,0.001268,0.214,396,362.0,158.9,454.0,0.0,0.0,-0.0359,0.365817,higher feature -> lower survival_target
muscle_E_original_firstorder_Median_mean,muscle,E,firstorder,Median,mean,0.001245,0.000294,0.001227,0.001264,0.236,397,364.5,147.0,459.0,0.0,0.0,-0.0717,0.07077,higher feature -> lower survival_target
tdlu_E_original_firstorder_Kurtosis_mean,tdlu,E,firstorder,Kurtosis,mean,0.001242,0.000307,0.001223,0.001261,0.248,398,369.5,141.9,459.0,0.0,0.0,-0.0951,0.016429,higher feature -> lower survival_target
tils_E_original_firstorder_RobustMeanAbsoluteDeviation_mean,tils,E,firstorder,RobustMeanAbsoluteDeviation,mean,0.00124,0.000306,0.001221,0.001259,0.246,399,372.0,139.9,459.0,0.0,0.0,0.0537,0.175933,higher feature -> higher survival_target
tumor_E_original_firstorder_Median_std,tumor,E,firstorder,Median,std,0.001239,0.000326,0.001219,0.001259,0.263,400,373.0,138.0,460.0,0.0,0.2,-0.114,0.004007,higher feature -> lower survival_target
muscle_E_original_firstorder_Energy_mean,muscle,E,firstorder,Energy,mean,0.001239,0.000287,0.001221,0.001256,0.232,401,365.0,163.0,461.0,0.0,0.0,-0.1006,0.011172,higher feature -> lower survival_target
muscle_H_original_firstorder_TotalEnergy_mean,muscle,H,firstorder,TotalEnergy,mean,0.001236,0.000242,0.001221,0.001251,0.196,402,363.0,176.0,454.0,0.0,0.0,-0.0059,0.882056,higher feature -> lower survival_target
vessels_H_original_firstorder_Kurtosis_std,vessels,H,firstorder,Kurtosis,std,0.001236,0.000287,0.001218,0.001254,0.232,403,370.0,156.0,459.0,0.0,0.0,-0.0108,0.785391,higher feature -> lower survival_target
tdlu_E_original_firstorder_Median_mean,tdlu,E,firstorder,Median,mean,0.001236,0.000296,0.001218,0.001255,0.24,404,369.0,149.9,461.0,0.0,0.0,-0.0046,0.908322,higher feature -> lower survival_target
vessels_E_original_firstorder_RootMeanSquared_mean,vessels,E,firstorder,RootMeanSquared,mean,0.001235,0.000319,0.001216,0.001255,0.258,405,369.0,135.0,462.0,0.0,0.0,-0.0073,0.853819,higher feature -> lower survival_target
tils_H_original_firstorder_Uniformity_mean,tils,H,firstorder,Uniformity,mean,0.001235,0.000241,0.00122,0.00125,0.195,406,364.0,181.0,455.0,0.0,0.0,-0.0266,0.503263,higher feature -> lower survival_target
muscle_H_original_firstorder_Energy_mean,muscle,H,firstorder,Energy,mean,0.001234,0.000241,0.001219,0.001249,0.195,407,364.0,179.0,457.0,0.0,0.0,-0.0059,0.882056,higher feature -> lower survival_target
tumor_E_original_firstorder_90Percentile_mean,tumor,E,firstorder,90Percentile,mean,0.001234,0.000325,0.001213,0.001254,0.263,408,370.0,141.0,463.0,0.0,0.1,0.0277,0.485667,higher feature -> higher survival_target
muscle_E_original_firstorder_TotalEnergy_mean,muscle,E,firstorder,TotalEnergy,mean,0.001232,0.000278,0.001215,0.001249,0.225,409,367.0,162.0,461.0,0.0,0.0,-0.1006,0.011172,higher feature -> lower survival_target
dcis_H_original_firstorder_Median_mean,dcis,H,firstorder,Median,mean,0.001229,0.000268,0.001212,0.001246,0.218,410,364.0,170.0,462.0,0.0,0.0,-0.0416,0.294416,higher feature -> lower survival_target
tils_H_original_firstorder_Entropy_mean,tils,H,firstorder,Entropy,mean,0.00122,0.000217,0.001207,0.001234,0.178,411,371.0,186.9,452.0,0.0,0.0,-0.0089,0.82193,higher feature -> lower survival_target
tumor_H_original_firstorder_Mean_mean,tumor,H,firstorder,Mean,mean,0.001217,0.000244,0.001202,0.001233,0.201,412,374.5,171.9,459.0,0.0,0.0,-0.053,0.181691,higher feature -> lower survival_target
stroma_E_original_firstorder_Mean_mean,stroma,E,firstorder,Mean,mean,0.001217,0.000256,0.001201,0.001233,0.21,413,373.0,180.9,459.0,0.0,0.0,-0.0077,0.84679,higher feature -> lower survival_target
tumor_E_original_firstorder_Entropy_mean,tumor,E,firstorder,Entropy,mean,0.001208,0.000304,0.001189,0.001227,0.252,414,382.0,153.9,463.0,0.0,0.0,0.0431,0.277778,higher feature -> higher survival_target
vessels_H_original_firstorder_MeanAbsoluteDeviation_mean,vessels,H,firstorder,MeanAbsoluteDeviation,mean,0.001208,0.000327,0.001187,0.001228,0.271,415,384.0,132.9,461.0,0.0,0.1,-0.0888,0.025058,higher feature -> lower survival_target
adipose_E_original_firstorder_RootMeanSquared_mean,adipose,E,firstorder,RootMeanSquared,mean,0.001206,0.000275,0.001189,0.001223,0.228,416,373.5,171.9,462.0,0.0,0.0,-0.096,0.015484,higher feature -> lower survival_target
vessels_H_original_firstorder_InterquartileRange_mean,vessels,H,firstorder,InterquartileRange,mean,0.001203,0.000305,0.001184,0.001221,0.254,417,383.5,146.0,462.0,0.0,0.0,-0.0483,0.223711,higher feature -> lower survival_target
vessels_H_original_firstorder_Skewness_mean,vessels,H,firstorder,Skewness,mean,0.0012,0.000294,0.001181,0.001218,0.245,418,383.0,160.9,460.0,0.1,0.1,-0.0078,0.844834,higher feature -> lower survival_target
vessels_H_original_firstorder_TotalEnergy_std,vessels,H,firstorder,TotalEnergy,std,0.001196,0.000252,0.00118,0.001212,0.211,419,379.5,170.9,459.0,0.0,0.0,-0.1026,0.00965,higher feature -> lower survival_target
vessels_H_original_firstorder_Energy_std,vessels,H,firstorder,Energy,std,0.00119,0.00025,0.001174,0.001206,0.21,420,384.0,170.0,459.0,0.0,0.0,-0.1026,0.00965,higher feature -> lower survival_target
vessels_E_original_firstorder_TotalEnergy_mean,vessels,E,firstorder,TotalEnergy,mean,0.00119,0.000287,0.001172,0.001207,0.241,421,382.0,158.9,464.0,0.0,0.0,-0.0322,0.417752,higher feature -> lower survival_target
vessels_E_original_firstorder_90Percentile_mean,vessels,E,firstorder,90Percentile,mean,0.001189,0.000288,0.001171,0.001207,0.243,422,381.5,171.0,463.0,0.0,0.0,-0.0072,0.856936,higher feature -> lower survival_target
dcis_E_original_firstorder_Median_std,dcis,E,firstorder,Median,std,0.001187,0.000265,0.001171,0.001203,0.223,423,388.0,177.9,460.0,0.0,0.0,-0.0456,0.251089,higher feature -> lower survival_target
vessels_E_original_firstorder_Energy_mean,vessels,E,firstorder,Energy,mean,0.001184,0.000284,0.001167,0.001202,0.24,424,387.0,167.0,463.0,0.0,0.0,-0.0322,0.417752,higher feature -> lower survival_target
tils_E_original_firstorder_MeanAbsoluteDeviation_mean,tils,E,firstorder,MeanAbsoluteDeviation,mean,0.001184,0.000282,0.001167,0.001201,0.238,425,390.5,156.0,462.0,0.0,0.1,0.0452,0.254692,higher feature -> higher survival_target
vessels_H_original_firstorder_RobustMeanAbsoluteDeviation_mean,vessels,H,firstorder,RobustMeanAbsoluteDeviation,mean,0.001184,0.000302,0.001165,0.001203,0.255,426,391.0,151.0,463.0,0.0,0.0,-0.058,0.144117,higher feature -> lower survival_target
muscle_E_original_firstorder_Mean_mean,muscle,E,firstorder,Mean,mean,0.001179,0.000269,0.001162,0.001195,0.229,427,388.0,178.0,464.0,0.0,0.0,-0.0694,0.080419,higher feature -> lower survival_target
muscle_E_original_firstorder_RootMeanSquared_mean,muscle,E,firstorder,RootMeanSquared,mean,0.001178,0.000254,0.001162,0.001194,0.216,428,386.5,178.0,462.0,0.0,0.0,-0.0738,0.062838,higher feature -> lower survival_target
vessels_H_original_firstorder_Median_mean,vessels,H,firstorder,Median,mean,0.001174,0.000236,0.001159,0.001189,0.201,429,389.0,192.9,458.0,0.0,0.0,-0.0053,0.893605,higher feature -> lower survival_target
muscle_H_original_firstorder_RootMeanSquared_mean,muscle,H,firstorder,RootMeanSquared,mean,0.001173,0.000214,0.001159,0.001186,0.183,430,386.0,213.0,457.0,0.0,0.0,0.0125,0.753812,higher feature -> higher survival_target
vessels_H_original_firstorder_Kurtosis_mean,vessels,H,firstorder,Kurtosis,mean,0.001164,0.000246,0.001148,0.001179,0.212,431,393.0,194.0,460.0,0.0,0.0,0.0092,0.816382,higher feature -> higher survival_target
tumor_H_original_firstorder_Energy_mean,tumor,H,firstorder,Energy,mean,0.001157,0.000241,0.001142,0.001172,0.208,432,391.5,182.9,462.0,0.0,0.0,-0.0854,0.031267,higher feature -> lower survival_target
tumor_H_original_firstorder_TotalEnergy_mean,tumor,H,firstorder,TotalEnergy,mean,0.001157,0.000246,0.001141,0.001172,0.213,433,397.5,181.9,463.0,0.0,0.0,-0.0854,0.031267,higher feature -> lower survival_target
muscle_E_original_firstorder_Variance_mean,muscle,E,firstorder,Variance,mean,0.001155,0.000249,0.00114,0.001171,0.215,434,393.0,192.0,463.0,0.0,0.0,-0.0691,0.081467,higher feature -> lower survival_target
stroma_E_original_firstorder_Median_mean,stroma,E,firstorder,Median,mean,0.001151,0.000213,0.001138,0.001164,0.185,435,392.5,217.9,461.0,0.0,0.0,-0.024,0.545268,higher feature -> lower survival_target
dcis_E_original_firstorder_Variance_mean,dcis,E,firstorder,Variance,mean,0.001146,0.000265,0.001129,0.001162,0.231,436,402.0,178.0,462.0,0.0,0.0,-0.0534,0.178928,higher feature -> lower survival_target
muscle_H_original_firstorder_RootMeanSquared_std,muscle,H,firstorder,RootMeanSquared,std,0.001144,0.000232,0.001129,0.001158,0.203,437,397.0,193.9,461.0,0.0,0.0,-0.086,0.030089,higher feature -> lower survival_target
tils_H_original_firstorder_Kurtosis_std,tils,H,firstorder,Kurtosis,std,0.001141,0.000186,0.001129,0.001152,0.163,438,394.5,237.9,457.0,0.0,0.0,-0.0387,0.33032,higher feature -> lower survival_target
stroma_E_original_firstorder_Skewness_std,stroma,E,firstorder,Skewness,std,0.001133,0.000207,0.00112,0.001146,0.183,439,399.5,229.9,461.0,0.0,0.0,-0.0439,0.269196,higher feature -> lower survival_target
vessels_H_original_firstorder_Mean_mean,vessels,H,firstorder,Mean,mean,0.00113,0.000235,0.001115,0.001145,0.208,440,406.0,196.0,461.0,0.0,0.0,-0.0328,0.409269,higher feature -> lower survival_target
vessels_E_original_firstorder_Variance_mean,vessels,E,firstorder,Variance,mean,0.001112,0.000242,0.001097,0.001127,0.217,441,412.0,200.9,463.0,0.0,0.0,-0.0392,0.324164,higher feature -> lower survival_target
stroma_E_original_firstorder_Skewness_mean,stroma,E,firstorder,Skewness,mean,0.001111,0.000237,0.001096,0.001125,0.214,442,409.0,203.9,463.0,0.0,0.1,-0.0073,0.85331,higher feature -> lower survival_target
tils_E_original_firstorder_Variance_mean,tils,E,firstorder,Variance,mean,0.001104,0.000226,0.00109,0.001118,0.205,443,408.0,215.0,464.0,0.0,0.0,0.0177,0.655382,higher feature -> higher survival_target
vessels_H_original_firstorder_90Percentile_mean,vessels,H,firstorder,90Percentile,mean,0.001104,0.000264,0.001088,0.00112,0.239,444,416.0,187.9,465.0,0.0,0.0,-0.0578,0.145712,higher feature -> lower survival_target
tumor_E_original_firstorder_Variance_mean,tumor,E,firstorder,Variance,mean,0.001095,0.000233,0.001081,0.00111,0.213,445,415.0,218.9,463.0,0.0,0.0,-0.0004,0.991076,higher feature -> lower survival_target
muscle_E_original_firstorder_MeanAbsoluteDeviation_mean,muscle,E,firstorder,MeanAbsoluteDeviation,mean,0.001084,0.000228,0.00107,0.001099,0.21,446,417.0,218.0,465.0,0.0,0.0,-0.0434,0.274035,higher feature -> lower survival_target
vessels_E_original_firstorder_MeanAbsoluteDeviation_mean,vessels,E,firstorder,MeanAbsoluteDeviation,mean,0.001079,0.000246,0.001064,0.001095,0.228,447,419.0,205.9,466.0,0.0,0.0,-0.0129,0.744708,higher feature -> lower survival_target
muscle_E_original_firstorder_RobustMeanAbsoluteDeviation_mean,muscle,E,firstorder,RobustMeanAbsoluteDeviation,mean,0.001078,0.000221,0.001064,0.001092,0.205,448,420.0,227.9,464.0,0.0,0.0,-0.0461,0.246155,higher feature -> lower survival_target
dcis_E_original_firstorder_MeanAbsoluteDeviation_mean,dcis,E,firstorder,MeanAbsoluteDeviation,mean,0.001072,0.000249,0.001056,0.001087,0.232,449,424.0,197.0,465.0,0.0,0.0,-0.0094,0.812051,higher feature -> lower survival_target
tumor_E_original_firstorder_MeanAbsoluteDeviation_mean,tumor,E,firstorder,MeanAbsoluteDeviation,mean,0.001058,0.000225,0.001044,0.001072,0.213,450,428.0,228.9,465.0,0.0,0.0,0.0074,0.852304,higher feature -> higher survival_target
vessels_H_original_firstorder_RootMeanSquared_mean,vessels,H,firstorder,RootMeanSquared,mean,0.001057,0.000208,0.001044,0.00107,0.197,451,422.5,233.0,465.0,0.0,0.0,-0.0714,0.071987,higher feature -> lower survival_target
muscle_E_original_firstorder_InterquartileRange_mean,muscle,E,firstorder,InterquartileRange,mean,0.001051,0.000212,0.001038,0.001064,0.201,452,427.0,239.0,465.0,0.0,0.0,-0.043,0.278428,higher feature -> lower survival_target
vessels_H_original_firstorder_Entropy_mean,vessels,H,firstorder,Entropy,mean,0.001046,0.000234,0.001032,0.001061,0.223,453,431.0,219.0,465.0,0.0,0.0,-0.0226,0.569239,higher feature -> lower survival_target
vessels_H_original_firstorder_TotalEnergy_mean,vessels,H,firstorder,TotalEnergy,mean,0.001045,0.000226,0.001031,0.001059,0.216,454,429.0,230.9,466.0,0.0,0.0,-0.0813,0.040363,higher feature -> lower survival_target
tumor_E_original_firstorder_InterquartileRange_mean,tumor,E,firstorder,InterquartileRange,mean,0.001041,0.00021,0.001028,0.001054,0.201,455,429.0,245.9,465.0,0.0,0.0,-0.005,0.900152,higher feature -> lower survival_target
vessels_H_original_firstorder_Energy_mean,vessels,H,firstorder,Energy,mean,0.001041,0.000225,0.001027,0.001055,0.216,456,431.0,241.0,466.0,0.0,0.0,-0.0813,0.040363,higher feature -> lower survival_target
vessels_H_original_firstorder_Uniformity_mean,vessels,H,firstorder,Uniformity,mean,0.001038,0.000199,0.001026,0.00105,0.192,457,428.0,263.0,465.0,0.0,0.0,-0.0031,0.937439,higher feature -> lower survival_target
dcis_E_original_firstorder_RobustMeanAbsoluteDeviation_mean,dcis,E,firstorder,RobustMeanAbsoluteDeviation,mean,0.001021,0.000227,0.001007,0.001035,0.222,458,437.0,247.9,466.0,0.0,0.0,-0.0088,0.825157,higher feature -> lower survival_target
tumor_E_original_firstorder_RobustMeanAbsoluteDeviation_mean,tumor,E,firstorder,RobustMeanAbsoluteDeviation,mean,0.001018,0.000196,0.001006,0.00103,0.193,459,435.0,271.9,466.0,0.0,0.0,-0.0057,0.884977,higher feature -> lower survival_target
vessels_E_original_firstorder_InterquartileRange_mean,vessels,E,firstorder,InterquartileRange,mean,0.001012,0.000227,0.000998,0.001026,0.224,460,439.0,231.9,466.0,0.0,0.0,-0.0203,0.609258,higher feature -> lower survival_target
vessels_E_original_firstorder_RobustMeanAbsoluteDeviation_mean,vessels,E,firstorder,RobustMeanAbsoluteDeviation,mean,0.001011,0.000226,0.000997,0.001025,0.223,461,439.0,237.0,466.0,0.0,0.0,-0.0231,0.560993,higher feature -> lower survival_target
dcis_E_original_firstorder_InterquartileRange_mean,dcis,E,firstorder,InterquartileRange,mean,0.000996,0.000189,0.000984,0.001008,0.19,462,439.5,272.9,466.0,0.0,0.0,0.0082,0.836895,higher feature -> higher survival_target
tumor_E_original_firstorder_Range_std,tumor,E,firstorder,Range,std,0.000877,0.000548,0.000843,0.000911,0.624,463,464.0,110.0,476.0,0.0,0.6,0.0981,0.013324,higher feature -> higher survival_target
tumor_E_original_firstorder_Range_mean,tumor,E,firstorder,Range,mean,0.000875,0.000557,0.00084,0.00091,0.637,464,463.0,109.9,476.0,0.0,0.9,-0.0981,0.013321,higher feature -> lower survival_target
tumor_E_original_firstorder_Maximum_std,tumor,E,firstorder,Maximum,std,0.000873,0.000547,0.000839,0.000907,0.626,465,464.0,112.0,476.0,0.0,0.6,0.0981,0.013324,higher feature -> higher survival_target
tumor_E_original_firstorder_Maximum_mean,tumor,E,firstorder,Maximum,mean,0.000871,0.000549,0.000837,0.000905,0.631,466,464.0,112.9,476.0,0.0,0.6,-0.0981,0.013321,higher feature -> lower survival_target
dcis_E_original_firstorder_Range_std,dcis,E,firstorder,Range,std,0.000633,0.000246,0.000617,0.000648,0.389,467,467.0,360.9,474.0,0.0,0.0,-0.0987,0.012737,higher feature -> lower survival_target
dcis_E_original_firstorder_Maximum_std,dcis,E,firstorder,Maximum,std,0.00063,0.000242,0.000615,0.000645,0.384,468,467.0,357.9,474.0,0.0,0.0,-0.0987,0.012737,higher feature -> lower survival_target
dcis_E_original_firstorder_Range_mean,dcis,E,firstorder,Range,mean,0.000569,0.000214,0.000555,0.000582,0.377,469,469.0,413.9,476.0,0.0,0.0,0.1012,0.010625,higher feature -> higher survival_target
dcis_E_original_firstorder_Maximum_mean,dcis,E,firstorder,Maximum,mean,0.000568,0.000208,0.000556,0.000581,0.366,470,469.0,407.0,476.0,0.0,0.0,0.1012,0.010625,higher feature -> higher survival_target
muscle_E_original_firstorder_Maximum_std,muscle,E,firstorder,Maximum,std,0.000312,0.000159,0.000303,0.000322,0.508,471,474.0,466.0,483.0,0.0,0.0,0.0028,0.94375,higher feature -> higher survival_target
muscle_E_original_firstorder_Range_mean,muscle,E,firstorder,Range,mean,0.000311,0.000159,0.000301,0.000321,0.512,472,474.0,466.0,483.0,0.0,0.0,-0.0029,0.942363,higher feature -> lower survival_target
muscle_E_original_firstorder_Maximum_mean,muscle,E,firstorder,Maximum,mean,0.000311,0.00016,0.000301,0.000321,0.515,473,474.0,467.0,483.0,0.0,0.0,-0.0029,0.942363,higher feature -> lower survival_target
muscle_E_original_firstorder_Range_std,muscle,E,firstorder,Range,std,0.000309,0.000158,0.000299,0.000319,0.511,474,474.0,467.0,482.0,0.0,0.0,0.0028,0.94375,higher feature -> higher survival_target
adipose_E_original_firstorder_Maximum_std,adipose,E,firstorder,Maximum,std,0.000225,0.000381,0.000202,0.000249,1.691,475,482.0,410.8,513.0,0.1,0.3,-0.1524,0.000114,higher feature -> lower survival_target
adipose_E_original_firstorder_Range_std,adipose,E,firstorder,Range,std,0.000224,0.000384,0.000201,0.000248,1.712,476,482.0,411.3,512.0,0.1,0.2,-0.1524,0.000114,higher feature -> lower survival_target
adipose_E_original_firstorder_Maximum_mean,adipose,E,firstorder,Maximum,mean,0.000221,0.000374,0.000198,0.000245,1.687,477,482.0,405.9,513.0,0.1,0.2,0.1524,0.000114,higher feature -> higher survival_target
adipose_E_original_firstorder_Range_mean,adipose,E,firstorder,Range,mean,0.00022,0.000369,0.000198,0.000243,1.674,478,482.0,413.0,510.0,0.0,0.1,0.1524,0.000114,higher feature -> higher survival_target
tdlu_H_original_firstorder_Maximum_mean,tdlu,H,firstorder,Maximum,mean,0.000172,0.000156,0.000163,0.000182,0.906,479,480.0,468.0,494.0,0.0,0.0,-0.078,0.04928,higher feature -> lower survival_target
tdlu_H_original_firstorder_Range_mean,tdlu,H,firstorder,Range,mean,0.000172,0.000156,0.000163,0.000182,0.908,480,480.0,467.0,494.0,0.0,0.0,-0.078,0.04928,higher feature -> lower survival_target
tdlu_H_original_firstorder_Range_std,tdlu,H,firstorder,Range,std,0.000171,0.000159,0.000161,0.000181,0.93,481,480.0,467.0,494.0,0.0,0.0,0.0779,0.049679,higher feature -> higher survival_target
tdlu_H_original_firstorder_Maximum_std,tdlu,H,firstorder,Maximum,std,0.000169,0.000156,0.000159,0.000178,0.925,482,480.0,467.0,494.0,0.0,0.0,0.0779,0.049679,higher feature -> higher survival_target
tils_E_original_firstorder_Range_std,tils,E,firstorder,Range,std,0.000109,0.000201,9.6e-05,0.000121,1.853,483,489.0,468.0,508.0,0.0,0.0,-0.0836,0.034994,higher feature -> lower survival_target
tils_E_original_firstorder_Maximum_std,tils,E,firstorder,Maximum,std,0.000107,0.000194,9.5e-05,0.000119,1.804,484,489.0,470.0,506.0,0.0,0.0,-0.0836,0.034994,higher feature -> lower survival_target
tils_E_original_firstorder_Range_mean,tils,E,firstorder,Range,mean,0.000107,0.000194,9.5e-05,0.000119,1.806,485,488.0,468.0,507.0,0.0,0.0,0.0836,0.034994,higher feature -> higher survival_target
tils_E_original_firstorder_Maximum_mean,tils,E,firstorder,Maximum,mean,0.000107,0.000198,9.5e-05,0.000119,1.853,486,489.0,469.0,508.0,0.0,0.0,0.0836,0.034994,higher feature -> higher survival_target
vessels_E_original_firstorder_Range_std,vessels,E,firstorder,Range,std,0.000104,7.3e-05,0.0001,0.000109,0.703,487,483.0,475.0,493.0,0.0,0.0,-0.0764,0.05429,higher feature -> lower survival_target
vessels_E_original_firstorder_Maximum_mean,vessels,E,firstorder,Maximum,mean,0.000104,7.3e-05,9.9e-05,0.000108,0.704,488,483.0,475.0,493.0,0.0,0.0,0.0764,0.054205,higher feature -> higher survival_target
vessels_E_original_firstorder_Maximum_std,vessels,E,firstorder,Maximum,std,0.000104,7.3e-05,9.9e-05,0.000108,0.704,489,483.0,475.0,493.0,0.0,0.0,-0.0764,0.05429,higher feature -> lower survival_target
vessels_E_original_firstorder_Range_mean,vessels,E,firstorder,Range,mean,0.000103,7.3e-05,9.8e-05,0.000108,0.712,490,484.0,475.0,493.0,0.0,0.0,0.0764,0.054205,higher feature -> higher survival_target
dcis_H_original_firstorder_Maximum_mean,dcis,H,firstorder,Maximum,mean,5.2e-05,7.2e-05,4.7e-05,5.6e-05,1.401,491,490.0,476.0,503.0,0.0,0.0,-0.042,0.290677,higher feature -> lower survival_target
dcis_H_original_firstorder_Range_mean,dcis,H,firstorder,Range,mean,5e-05,7e-05,4.6e-05,5.4e-05,1.396,492,491.0,476.0,503.0,0.0,0.0,-0.042,0.290677,higher feature -> lower survival_target
dcis_H_original_firstorder_Range_std,dcis,H,firstorder,Range,std,4.9e-05,6.8e-05,4.5e-05,5.4e-05,1.383,493,491.0,477.0,502.0,0.0,0.0,0.042,0.290677,higher feature -> higher survival_target
dcis_H_original_firstorder_Maximum_std,dcis,H,firstorder,Maximum,std,4.9e-05,6.6e-05,4.5e-05,5.3e-05,1.339,494,491.0,477.0,503.0,0.0,0.0,0.042,0.290677,higher feature -> higher survival_target
tdlu_E_original_firstorder_Maximum_std,tdlu,E,firstorder,Maximum,std,3.2e-05,7.1e-05,2.7e-05,3.6e-05,2.265,495,495.0,481.0,506.0,0.0,0.0,-0.0925,0.019593,higher feature -> lower survival_target
tdlu_E_original_firstorder_Range_std,tdlu,E,firstorder,Range,std,3.2e-05,6.9e-05,2.7e-05,3.6e-05,2.179,496,495.0,481.0,508.0,0.0,0.0,-0.0925,0.019593,higher feature -> lower survival_target
tdlu_E_original_firstorder_Range_mean,tdlu,E,firstorder,Range,mean,3.1e-05,7.2e-05,2.7e-05,3.6e-05,2.301,497,495.0,481.0,509.0,0.0,0.0,0.0925,0.019593,higher feature -> higher survival_target
tdlu_E_original_firstorder_Maximum_mean,tdlu,E,firstorder,Maximum,mean,3.1e-05,6.6e-05,2.7e-05,3.5e-05,2.114,498,495.0,481.0,508.0,0.0,0.0,0.0925,0.019593,higher feature -> higher survival_target
vessels_H_original_firstorder_Maximum_mean,vessels,H,firstorder,Maximum,mean,1.1e-05,1.7e-05,1e-05,1.2e-05,1.516,499,500.0,487.0,512.0,0.0,0.0,-0.0174,0.660624,higher feature -> lower survival_target
vessels_H_original_firstorder_Range_mean,vessels,H,firstorder,Range,mean,1.1e-05,1.8e-05,1e-05,1.2e-05,1.611,500,500.0,487.0,513.0,0.0,0.0,-0.0174,0.660624,higher feature -> lower survival_target
vessels_H_original_firstorder_Maximum_std,vessels,H,firstorder,Maximum,std,1.1e-05,1.7e-05,1e-05,1.2e-05,1.617,501,500.0,487.0,512.0,0.0,0.0,0.0174,0.660624,higher feature -> higher survival_target
vessels_H_original_firstorder_Range_std,vessels,H,firstorder,Range,std,1e-05,1.7e-05,9e-06,1.1e-05,1.617,502,500.0,488.0,513.0,0.0,0.0,0.0174,0.660624,higher feature -> higher survival_target
muscle_H_original_firstorder_Maximum_std,muscle,H,firstorder,Maximum,std,8e-06,8e-06,7e-06,8e-06,0.994,503,501.0,489.0,508.0,0.0,0.0,-0.0151,0.704524,higher feature -> lower survival_target
muscle_H_original_firstorder_Maximum_mean,muscle,H,firstorder,Maximum,mean,8e-06,7e-06,7e-06,8e-06,0.994,504,501.0,488.0,508.0,0.0,0.0,0.0151,0.704524,higher feature -> higher survival_target
muscle_H_original_firstorder_Range_mean,muscle,H,firstorder,Range,mean,7e-06,8e-06,7e-06,8e-06,1.033,505,501.0,489.0,508.0,0.0,0.0,0.0151,0.704524,higher feature -> higher survival_target
muscle_H_original_firstorder_Range_std,muscle,H,firstorder,Range,std,7e-06,7e-06,7e-06,8e-06,0.978,506,501.0,489.0,508.0,0.0,0.0,-0.0151,0.704524,higher feature -> lower survival_target
stroma_E_original_firstorder_Range_mean,stroma,E,firstorder,Range,mean,0.0,3e-06,0.0,0.0,14.887,507,511.0,504.0,514.0,0.0,0.0,0.035,0.377666,higher feature -> higher survival_target
stroma_E_original_firstorder_Maximum_std,stroma,E,firstorder,Maximum,std,0.0,2e-06,0.0,0.0,11.515,508,511.0,503.0,514.0,0.0,0.0,-0.035,0.377666,higher feature -> lower survival_target
stroma_E_original_firstorder_Maximum_mean,stroma,E,firstorder,Maximum,mean,0.0,2e-06,0.0,0.0,11.392,509,511.0,503.0,514.0,0.0,0.0,0.035,0.377666,higher feature -> higher survival_target
stroma_E_original_firstorder_Range_std,stroma,E,firstorder,Range,std,0.0,3e-06,0.0,0.0,13.815,510,511.0,504.0,514.0,0.0,0.0,-0.035,0.377666,higher feature -> lower survival_target
adipose_H_original_firstorder_Range_std,adipose,H,firstorder,Range,std,0.0,0.0,0.0,0.0,13.512,511,508.0,504.0,514.0,0.0,0.0,-0.0223,0.575258,higher feature -> lower survival_target
adipose_H_original_firstorder_Maximum_std,adipose,H,firstorder,Maximum,std,0.0,0.0,0.0,0.0,12.022,512,509.0,504.0,514.0,0.0,0.0,-0.0223,0.575258,higher feature -> lower survival_target
tumor_H_original_firstorder_Range_std,tumor,H,firstorder,Range,std,0.0,0.0,-0.0,0.0,23.503,513,510.0,505.0,514.0,0.0,0.0,-0.0595,0.133582,higher feature -> lower survival_target
tumor_H_original_firstorder_Maximum_std,tumor,H,firstorder,Maximum,std,0.0,0.0,-0.0,0.0,31.623,514,510.0,505.0,514.0,0.0,0.0,-0.0595,0.133582,higher feature -> lower survival_target
